# All user editable compound information in the PCDL Manager compounds tab can be imported
# A minimum of formula or mass plus one identifier must be populated for compound import (recommended is formula and at least one other identifier, see examples)
# Multiple synonyms can be entered into the Synonyms column when separated by ';' (e.g. L-Isoleucine; 2-Amino-3-methylvaleric acid)
# All compounds will be assumed to be of a neutral ion type, unless a 1 is entered in the Cation or Anion column
Name,Formula
F6790-0057,C10H10F4N2O
F6760-2154,C10H13N3O3S
F6616-2661,C13H13N3OS
F6482-2036,C14H18N2O3
F6512-0911,C15H14N4O
F3331-0647,C15H14N2O3
F6724-3571,C13H15N5O2
F6374-0011,C15H20N2OS
F6127-0117,C15H21NO4
F2889-0035,C12H10ClNOS2
F6660-6552,C15H19N5O
F6722-3280,C16H21N3O2
F0777-1325,C15H11ClO4
F6360-9157,C15H20N2O2S
F6445-6537,C16H13N3OS
F6808-5828,C17H16ClN3
F5060-0122,C14H13N5O3
F6279-0327,C17H19NO2S
F6681-3314,C15H17N3O4
F0095-0063,C15H12Cl2N2O
F6031-0348,C16H21ClN2O2
F6395-0099,C19H22N2O2
F6244-0985,C19H24N2O2
F6515-3357,C17H22N4O2
F6497-0643,C15H20N6O2
F6125-0301,C17H22N2O2S
F2224-0167,C18H16N4O2
F6685-9046,C15H16ClFN4O
F3200-0011,C19H33NO3
F6445-7206,C18H19N3O3
F6476-2879,C14H12F3N3O3
F6796-3735,C16H20N6S
F6064-8360,C15H14N4O3S
F6600-0971,C16H21N5O3
F3097-5891,C18H20ClNO3
F6556-0113,C18H26N2O4
F5828-0174,C18H16N4OS
F5854-4038,C17H18F3N3O
F6755-7442,C16H26N4O2S
F6360-9634,C15H14F2N2O3S
F6125-2594,C14H19N3O5S
F6619-6783,C15H18N8S
F6438-1534,C17H21N5OS
F6516-0669,C16H12BrNO3
F6724-0486,C16H18N4OS2
F6510-1059,C17H21N3O3S
F6353-6296,C17H24N4O2S
F0156-0021,C13H13F3N2O2S2
F6617-3385,C20H21N3O3
F5823-0738,C16H20ClN3O2S
F6549-7708,C18H22N6O2
F6439-5549,C21H16N4O2
F5857-3767,C16H14ClF3N2O2
F5264-0581,C20H23F2N3O
F6682-6546,C20H19N5O2
F6743-7733,C15H20F3N3O2S
F6520-0648,C18H14F3NO2S
F6203-0488,C19H21F3N2O2
F1105-0500,C20H17ClN2O3
F6549-2370,C20H23N3O4
F6472-0665,C17H25NO4S2
F6209-0146,C17H16BrN3O2
F6495-5477,C19H18N8O
F2040-0374,C22H20N2O2S
F6783-5550,C20H23N7O
F6675-8444,C19H17N5O2S
F6472-7600,C23H28N2OS
F0653-0336,C20H19FN4OS
F2271-0523,C22H26FN3O2
F6125-0265,C20H23N3O3S
F6435-8790,C17H22ClNO3S2
F6573-8949,C22H20N4O3
F6609-1846,C17H15BrN2O4
F6561-5462,C20H22FNO4S
F2880-0994,C24H25FN2O2
F6560-1300,C19H18N6O2S
F6411-5033,C19H29N3O4S
F6524-6712,C19H19N5O5
F6525-7830,C17H16F3N3O3S
F6356-1245,C18H18F3NO4S
F6469-0192,C23H21N3O2S
F6523-4654,C20H22F3N5O
F6443-5941,C19H15F3N2O3S
F6523-3161,C21H19FN4O4
F3386-4961,C13H8BrClF3NO2S
F0922-0068,C24H21N3O4
F2232-0145,C20H17F3N4OS
F6257-3917,C23H28N6O2
F3083-0007,C23H25N3O3S
F2495-1725,C22H26N4O3S
F2303-0096,C22H24FN3O5
F6548-0393,C24H24N4O2S
F3328-0119,C23H25N5O2S
F3226-1804,C24H26N2O6
F2215-0051,C22H27N5O5
F6658-2556,C24H28N8O
F5266-0310,C25H29N5O3
F0630-0909,C19H19ClFN3O3S2
F0558-0110,C19H22BrN3O2S2
F3395-1049,C18H21ClF3N5O3S
