# All user editable compound information in the PCDL Manager compounds tab can be imported
# A minimum of formula or mass plus one identifier must be populated for compound import (recommended is formula and at least one other identifier, see examples)
# Multiple synonyms can be entered into the Synonyms column when separated by ';' (e.g. L-Isoleucine; 2-Amino-3-methylvaleric acid)
# All compounds will be assumed to be of a neutral ion type, unless a 1 is entered in the Cation or Anion column
Name,Formula
F6608-0360,C9H9F3N2OS
F6108-0056,C14H26N2O2
F2496-1406,C13H9NO5
F5657-0074,C15H18O4
F6755-3325,C13H15FN2OS
F1115-0117,C15H14N2OS
F5668-1024,C14H15N3O3
F6190-1053,C14H16N2O4
F2316-0508,C15H21NO2S
F6565-4975,C15H18N6
F6660-6405,C16H19N3O2
F5857-0045,C17H21NO3
F6448-1299,C16H23N3O2
F6549-6560,C14H14F2N4O
F6440-3902,C13H14ClN3OS
F6562-7528,C15H17ClFNO2
F6791-6829,C15H14ClN5
F5053-0049,C15H15N3O4
F6680-3423,C14H14FN5O2
F6656-2639,C17H27N3O2
F6715-6422,C15H15F3N4
F6514-6744,C16H18N6O
F6496-1627,C17H20N4O2
F6782-7671,C18H22N2O3
F6485-1729,C16H20N4O3
F5791-3403,C15H18N4O4
F6159-0085,C16H20N2O3S
F5498-0011,C14H18N4OS2
F6808-5462,C17H26ClN3O
F6747-5299,C17H19N5S
F6562-8188,C18H14FNO2S
F6708-8427,C19H18F2N2O
F6515-1135,C17H12ClFN2O2
F6359-2075,C17H21N3O4
F1755-0067,C17H19NO4S
F6443-7848,C20H22N4O
F2392-0597,C16H20N2O2S2
F6809-6747,C18H16FN5O
F6808-6070,C19H22N4O2
F1853-0127,C16H12N4OS2
F6455-1382,C15H14F3N3O3
F6495-2513,C17H18N4O4
F6451-0112,C19H21NO5
F6523-1541,C17H24N6O2
F5860-2895,C17H18N2O2S2
F6200-4202,C18H21NO4S
F6518-4937,C20H20N4O2
F1911-8433,C19H31N3O3
F6752-3824,C16H19F2N5O2
F6171-0804,C17H20ClNO3S
F6448-0297,C16H26N4O3S
F3374-0682,C19H20N2O3S
F6560-3021,C16H11FN4OS2
F6448-0255,C19H25N3O2S
F5871-1045,C18H23N3O3S
F6672-1038,C18H19ClFN3O2
F1143-0420,C16H13F2N3OS2
F6514-3930,C18H18N6O3
F6520-5257,C18H16N4OS2
F6753-2161,C18H25F2N3OS
F6561-7615,C19H21N3OS2
F6471-6225,C16H12BrN3OS
F2359-0288,C20H18N6O2
F6064-1363,C18H15F3N4O2
F6786-6007,C21H23N5O2
F6436-1081,C17H21N3O3S2
F9994-0542,C21H24N4O3
F6507-8720,C18H17F3N2O4
F6549-8793,C21H25N3O4
F5122-0311,C18H19N5O5
F3237-0037,C16H22BrNO3S
F6475-7137,C20H24N2O4S
F5630-0002,C23H27N5O
F6439-3586,C19H16F3N3O3
F6573-7316,C22H24N4O3
F3386-2652,C19H23ClN2O3S
F6526-1466,C21H25N5OS
F6514-2844,C20H19F4NO3
F6518-4458,C18H16F3NO4S
F3407-0322,C19H13F2N3O3S
F2212-0246,C24H18FNO4
F6473-8437,C21H27NO5S
F2539-1273,C17H17BrN2O5
F2725-0513,C21H19FN4O2S
F5313-0627,C24H24N6O
F5252-0125,C19H19ClFN7O
F6523-0351,C17H15F5N4OS
F5088-0564,C24H25FN4O2
F6525-6055,C22H22FN5OS
F6247-1156,C22H23FN4O2S
F5047-0324,C22H21F2N3O4
F5098-0119,C25H24N2O3S
F2595-0047,C24H22FN3O4
F3139-1072,C25H26O7
F5911-0038,C23H22F3N5O
F6658-3411,C23H24N8O2
F6523-0473,C22H24F3N5O2
F5033-5279,C25H27ClN2O4
F5017-2726,C22H21F3N2O4S
F0669-0566,C25H27ClN6O2
