# All user editable compound information in the PCDL Manager compounds tab can be imported
# A minimum of formula or mass plus one identifier must be populated for compound import (recommended is formula and at least one other identifier, see examples)
# Multiple synonyms can be entered into the Synonyms column when separated by ';' (e.g. L-Isoleucine; 2-Amino-3-methylvaleric acid)
# All compounds will be assumed to be of a neutral ion type, unless a 1 is entered in the Cation or Anion column
Name,Formula
F6656-0909,C13H16ClNO2
F6808-8372,C13H15N5O
F0827-0160,C14H15NO4
F6554-8482,C13H15NOS2
F3099-6152,C12H12ClNO4
F3228-0127,C16H16O4
F6560-8515,C14H17N3OS
F0582-0196,C14H18N2O2S
F3386-1677,C15H23NO2S
F6782-7766,C17H20N2O2
F6516-4155,C14H13N3O2S
F6515-0299,C14H15N3O2S
F6454-0537,C12H16F3N3O2
F6215-0232,C14H15FN2O2S
F5097-0824,C16H16N4O2
F1216-0099,C17H18N2O3
F5854-3811,C17H20N2OS
F5854-3813,C17H19FN2O2
F6724-5389,C13H12ClN5S
F2182-0088,C15H21N3O2S
F5857-8670,C14H15ClN2O2S
F2713-0923,C16H13ClN4O
F2554-0033,C16H14N2OS2
F6244-1043,C19H29N3O
F6560-4448,C16H23N5O2
F6482-2383,C18H22FNO3
F6799-8682,C14H19N5O2S
F3203-0009,C18H17N3OS
F5857-1610,C15H16FNO2S2
F6559-1822,C17H18N4O3
F3374-0392,C17H13ClN2O3
F2740-0552,C18H17F2N3O
F6287-0412,C16H17N3OS2
F6284-0372,C20H20N4O
F6562-9390,C18H14N4O3
F6518-5636,C20H21N3O2
F6672-1007,C14H16ClN5OS
F6562-8660,C18H18N4OS
F6192-0116,C20H21NO4
F6619-8033,C16H20N8O
F6471-3701,C17H14N2O2S2
F6685-8723,C15H16F3N3OS
F6249-1036,C17H17FN4O3
F3098-7309,C19H23NO5
F6677-3801,C13H14BrN7
F6678-8425,C19H16N4OS
F6443-4306,C18H23NO4S
F3394-0114,C17H18ClNO3S
F6514-1949,C19H20N4O3
F6782-4484,C19H18N2O3S
F6761-7849,C20H22FN3O2
F6725-0001,C17H19N5O2S
F6734-1248,C16H18BrN5
F3088-3254,C17H16BrNO3
F6573-6286,C20H24F2N2O2
F1018-1585,C18H24N2O4S
F6473-0762,C15H15BrN2O2S
F6670-5047,C19H18FN5O2
F0748-0461,C19H19N3OS2
F5310-0087,C21H26N2O2S
F5825-0136,C18H20N4O3S
F6502-5310,C17H9F3N4O3
F6617-5585,C22H21N3O3
F0696-4706,C16H19N5O4S
F2811-0131,C19H26N2O6
F6671-3496,C18H22Cl2N4O
F6445-0323,C21H23N3O4
F5857-3525,C19H20F3NO2S
F6228-0611,C22H32N4O2
F6789-7951,C19H22N4O3S
F6374-0269,C15H17ClN2O2S3
F6412-2099,C22H19N3O4
F6796-7750,C20H22N8O
F5190-0087,C19H21ClN2O3S
F5239-0076,C20H20FN7O
F6658-5689,C18H22ClN3O3S
F6497-7745,C22H25FN4O2
F6007-0165,C20H22N4O3S
F6441-4378,C17H24N2O5S2
F5871-1497,C19H25F3N2O2S
F2880-1280,C25H28N2O3
F6349-1075,C19H16F3N3O2S
F6443-9574,C20H22F3N3OS
F2947-1102,C24H33N3O3
F3385-3437,C25H22N2O4
F5854-2462,C21H23NO4S2
F6594-1347,C22H25N7O2
F6454-0456,C20H21F3N4O3
F2200-0493,C22H23N3O4S
F5686-0844,C20H21FN6O2S
F5031-0098,C25H21NO6
F6245-7088,C22H22N6O2S
F2660-0162,C24H24ClN3O3
F5496-2191,C23H25FN4O2S
F6451-0986,C23H29N3O4S
F6497-1187,C25H26N4O2S
F2972-0267,C24H26N4O3S
F1873-1363,C20H19ClN4O5S
F3385-4427,C28H27FN2O4
F2746-0068,C26H26N6O4
