# All user editable compound information in the PCDL Manager compounds tab can be imported
# A minimum of formula or mass plus one identifier must be populated for compound import (recommended is formula and at least one other identifier, see examples)
# Multiple synonyms can be entered into the Synonyms column when separated by ';' (e.g. L-Isoleucine; 2-Amino-3-methylvaleric acid)
# All compounds will be assumed to be of a neutral ion type, unless a 1 is entered in the Cation or Anion column
Name,Formula
F2146-0112,C10H11N3O3S
F6363-0183,C14H15N3O2
F6660-4328,C13H12FN3O2
F2879-0184,C15H24N2O2
F6672-1481,C16H20N4
F6516-0722,C14H12N2O4
F6494-0934,C14H14FN3O2
F5580-2949,C13H14N2O5
F6559-1729,C10H20FN3O3S
F6743-9733,C12H20N4O2S
F6477-5298,C14H13N3S2
F5831-7530,C15H15NO3S
F6512-1488,C14H17N3O2S
F6469-2943,C13H14N2O2S2
F6507-8837,C14H20N2O3S
F6472-0850,C14H19FN2O2S
F6549-3196,C15H16N4O3
F6440-3274,C15H18N4O3
F0174-0327,C11H6Cl3NOS
F5823-0612,C16H19ClFN3
F6806-7258,C16H27N3O3
F6502-5337,C12H7F3N4OS
F3275-0033,C20H27NO2
F6708-8503,C21H21N3
F6805-3184,C19H19N5
F6559-1409,C17H19F2N3O
F6571-6467,C17H20FNO2S
F5857-7006,C16H18FNO3S
F6357-0571,C15H16ClNOS2
F6675-8728,C16H18N6S
F0060-0041,C13H10Cl2N2O2S
F6514-2793,C16H18F3NO3
F6517-0058,C17H14ClNO4
F5857-4135,C18H21FN2O3
F6444-1582,C16H15FN2O5
F6441-5524,C18H25NO3S
F6420-0831,C13H17F2NO3S2
F5319-0747,C18H15FN4O2
F1243-0091,C22H17N3O
F6481-0251,C20H24N2OS
F6507-5895,C13H15BrN2O2S
F6363-0134,C16H14ClN5O2
F5017-1917,C15H21FN2O4S
F5860-0180,C18H23N3O2S
F1018-1908,C13H18BrNO3S
F6276-0336,C17H20N2O2S2
F6356-1021,C19H18F3NO2
F6192-0262,C16H14ClNO4S
F6802-7858,C17H24N2O4S
F6465-0312,C16H16F2N2O3S
F5954-0038,C20H17N7
F5854-1753,C18H19N3O3S
F6247-0402,C18H18BrNO2
F6818-0687,C18H25FN6O
F6796-6774,C17H20F2N6O
F6549-2883,C20H20N4OS
F3342-0034,C22H27N3O2
F6475-7879,C20H21N3O2S
F6445-6186,C17H15ClF3N3O
F6489-1947,C19H22N4O4
F6482-8276,C19H15F3N4O
F0013-1165,C17H15BrN2O3
F6239-0180,C19H17N7O2
F6793-7483,C15H18F3N3O3S
F6480-3203,C21H22N4O3
F6559-6832,C16H15F3N6S
F6670-6100,C20H23N5OS
F6512-6157,C15H21N5O3S2
F6454-0694,C20H27F3N2O2
F6529-0958,C15H17F3N6O3
F5754-0296,C23H25N5O
F6374-1729,C21H24ClNO2S
F6783-7163,C19H21F3N6
F6471-5648,C17H21BrN4O2
F6549-1927,C21H23N5OS
F2738-2126,C20H17N3O4S
F6485-1964,C21H24N4O4
F6155-0666,C19H19FN6OS
F3371-0233,C19H17FN4O3S
F6513-5052,C20H23ClN4O3
F5033-3138,C23H24N4O3
F6436-1792,C19H22BrNO2S
F6200-2382,C19H18F3N3O4
F5834-1709,C26H25N3O2
F6476-0970,C21H23ClN4O3
F2238-0168,C19H17ClFN5OS
F5517-0033,C24H25N3O4
F6454-1390,C19H23FN4O4S
F6277-0221,C18H18F3N5O2S
F5599-0512,C21H21ClN4O4
F6617-3068,C23H18FN5OS
F5689-0378,C21H18F4N4O2
F6561-5713,C21H27NO5S2
F6559-0212,C22H24N4O4S
F6713-1738,C21H25N5O4S
F6526-1534,C22H24F2N4O2S
F3411-3216,C21H18ClF3N4O2
F6374-1749,C24H31NO4S2
F2383-0159,C23H23FN2O4S2
F3222-0511,C24H26N2O5S2
