# All user editable compound information in the PCDL Manager compounds tab can be imported
# A minimum of formula or mass plus one identifier must be populated for compound import (recommended is formula and at least one other identifier, see examples)
# Multiple synonyms can be entered into the Synonyms column when separated by ';' (e.g. L-Isoleucine; 2-Amino-3-methylvaleric acid)
# All compounds will be assumed to be of a neutral ion type, unless a 1 is entered in the Cation or Anion column
Name,Formula
F6550-1796,C12H15FN2OS
F6356-0079,C15H18N2O2
F5854-4347,C13H14N2O2S
F6559-1711,C14H20FN3O
F6716-3205,C16H19N3O
F6522-0204,C14H11NO3S
F6725-1705,C11H9FN6S
F5285-0004,C12H8F3N5
F5283-0194,C15H14N4O2
F6412-1509,C16H15NO4
F6730-1259,C15H17N3O3
F2147-0008,C16H19NO4
F6363-0467,C13H13ClN4O2
F6752-7636,C16H23ClN2O
F6755-2658,C18H24N4
F5105-0166,C13H14FNO2S2
F6734-4392,C12H16ClN3O2S
F2135-0690,C14H13N3O3S
F6678-8689,C16H17F2N3O
F6809-1076,C15H17ClN2OS
F6244-1327,C16H17F3N2O
F6782-4469,C18H20N2OS
F6788-9238,C13H19FN4O2S
F6357-1472,C17H20N2O2S
F1905-9003,C16H18N2O3S
F6550-6735,C15H14ClFN4O
F0209-0055,C18H31N3O2
F6811-3630,C16H17N7O
F6482-2107,C16H20FNO3S
F6782-6290,C20H26N2O2
F6713-4810,C13H12F4N6
F6753-2707,C17H23N5O2
F6523-3248,C17H18FN3O3
F6412-2016,C14H14F3NO3S
F5860-0748,C19H18N4O2
F6435-0989,C15H16N2O3S2
F6560-8981,C17H20FNO3S
F6432-0132,C17H18N6O2
F6803-0102,C17H21N7O
F0412-0186,C18H15NO4S
F6519-4359,C17H18N4O2S
F6561-6183,C17H15F2N5O
F6488-2587,C18H21FN4O2
F6802-6360,C20H31N3O2
F5228-1657,C17H18ClN3O3
F6564-5759,C15H20N6O2S
F6812-1548,C18H19N7O
F6436-0915,C16H21N3O4S
F3386-2976,C15H16BrNO2S
F6713-6960,C15H17F3N6O
F6523-0430,C15H15F3N4OS
F6436-2493,C15H27N5O3S
F6502-0202,C20H17N5O2
F6539-2303,C14H23N3O4S2
F6556-0629,C18H18FNO2S2
F0654-0523,C18H28N4O2S
F2929-0096,C19H18N4O2S
F6670-5626,C20H25N5O2
F6194-1173,C21H23NO3S
F6475-7848,C18H17N3O2S2
F6514-6690,C21H20N6O
F2783-1415,C19H22N2O4S
F6514-3199,C15H15F3N2O4S
F6057-0538,C17H23N5O3S
F5796-1613,C16H17N3O4S2
F0147-0158,C22H24N2O2S
F2493-1702,C20H15ClN2O4
F6286-0807,C17H20F3N5O2
F6685-8663,C17H18F3N3O2S
F6658-4710,C20H26N4O4
F6561-5735,C16H24N2O5S2
F6482-6413,C23H23N3O3
F6252-6537,C17H18ClN5O2S
F6225-0293,C18H24N4O4S
F6469-1133,C21H15FN2OS2
F2416-1085,C18H25N3O5S
F2199-0419,C20H16FN3O3S
F6514-4621,C20H26N6O3
F2455-0541,C24H24N4O2
F6680-3327,C18H18BrN3O3
F6178-2585,C19H23N3O3S2
F0696-5105,C22H25N5OS
F6438-3656,C15H19BrN6OS
F3407-4402,C20H21ClN6O2
F6442-2225,C21H18ClNO4S
F6529-2114,C23H23N5O3
F6512-5495,C19H24N4O5S
F3040-3409,C18H16F3N5O2S
F2508-0682,C23H15ClN6O
F2223-0142,C21H20ClN3O3S
F0843-0023,C22H16N4O2S2
F2564-0228,C22H18ClN5OS
F6442-2431,C19H22N2O6S2
F6411-1051,C22H20ClN3O5
F2743-1215,C23H19F3N2O4
F6474-3609,C25H22ClN3O3
F2710-0539,C23H20ClN3O3S
F6548-1302,C24H28N6O2S
F6782-6765,C25H20FN3O4S
F3382-7477,C27H27N3O6
