# All user editable compound information in the PCDL Manager compounds tab can be imported
# A minimum of formula or mass plus one identifier must be populated for compound import (recommended is formula and at least one other identifier, see examples)
# Multiple synonyms can be entered into the Synonyms column when separated by ';' (e.g. L-Isoleucine; 2-Amino-3-methylvaleric acid)
# All compounds will be assumed to be of a neutral ion type, unless a 1 is entered in the Cation or Anion column
Name,Formula
F6675-7111,C14H14N4O
F6789-0153,C14H18N4O
F6666-7641,C14H12F2N2O
F5067-0043,C12H11ClN2O3
F5002-0612,C11H8Cl2N2O2
F6435-1872,C14H12FN3O2
F6801-8017,C14H16N2O2S
F6482-5776,C16H13N3O2
F6475-2601,C13H18N2O5
F6553-0035,C17H19NOS
F6725-2768,C14H17N5O2
F6507-5883,C15H19N3O3
F6793-6978,C11H15F3N4S
F3379-0904,C18H22N4
F6571-3716,C13H15NO3S2
F6524-1935,C15H13N3O2S
F6525-6882,C15H15N3O2S
F1636-0022,C19H13NO3
F5323-0076,C19H19N3O
F6194-0471,C15H17ClN2O3
F6788-3820,C13H16F2N6O
F6476-0302,C18H20N2O3
F5871-2030,C16H18N4O3
F6668-2806,C16H17FN4O2
F5832-2526,C15H18N4O2S
F0317-0138,C19H16N2OS
F6549-7385,C14H15ClN4OS
F6805-9098,C19H21N3O2
F6559-1339,C18H19N3OS
F6194-0146,C13H14BrNO4
F2373-0332,C18H17FN2O3
F0840-0062,C20H27NO3
F6480-3058,C17H21N3O2S
F6471-8886,C12H19N3O4S2
F5791-2317,C18H18N6O
F6442-0541,C15H16N2O5S
F6764-3230,C19H16FN3O2
F6753-1096,C15H22N4O5
F6381-7484,C20H25N3O2
F6064-4736,C17H15N3O3S
F6481-3336,C16H20F2N2O2S
F6473-4350,C18H18FN3O3
F6451-2590,C19H24N2O4
F6521-8230,C14H13ClF2N2O2S
F2372-0449,C17H18FN3O2S
F5250-0172,C16H21ClN6O
F6514-2400,C21H23N3O2
F6525-1359,C18H17N5O3
F5526-0510,C17H17Cl2NO3
F6359-0675,C18H21F3N2O2
F5095-0854,C18H17ClN4O2
F6791-5037,C19H27N5S
F6573-0167,C19H17N7O
F2347-0194,C21H19N3OS
F6238-0572,C16H12F3N5O2
F5097-0102,C23H28N2O2
F6359-3498,C17H17F3N4O2
F5075-4843,C14H10Cl2N4O2S
F6562-1821,C20H23N3O2S
F3167-0910,C18H17N3O4S
F6381-4284,C21H25FN2O3
F6761-7710,C19H17F3N4O
F6482-7657,C20H16N4O2S
F5857-3986,C20H27NO4S
F6445-6862,C20H17N3OS2
F5614-0171,C21H24N4OS
F0816-0377,C23H14N2O4
F6178-3278,C21H25N3O2S
F6015-0126,C18H19N5O3S
F6473-8366,C22H30N2O4
F1154-0204,C23H20N2O2S
F1717-0007,C22H23N5O2
F2407-0205,C21H17N3O3S
F6792-1015,C18H22F2N6S
F6726-0703,C17H19ClN4O3S
F5631-0021,C17H25N5O4S
F6556-4401,C20H19N3O4S
F3225-6081,C20H11Cl2NO4
F6561-9544,C20H28N6O3
F6439-3255,C19H22BrN3O2
F6793-7063,C17H22F3N3O3S
F6497-2907,C22H25N5O3
F6218-0361,C17H14ClF3N6O
F5042-0008,C21H24N4O3S
F5857-2864,C22H22ClNO3S
F5234-0073,C23H27N7O
F2471-1001,C24H24N2O5
F3407-3656,C21H18FN5O2S
F3406-7971,C22H20ClFN4O2
F6561-5539,C21H23N3O3S2
F3371-0809,C23H22ClFO5
F6570-2925,C21H20F3N3O2S
F2383-0534,C20H26N2O5S2
F6474-3997,C22H23N3O5S
F2758-3111,C22H25FN4O3S
F5871-0182,C25H25N3O3S
F2790-0211,C23H27N5O3S
F3411-0699,C24H23N3O3S2
F2333-0420,C25H27N5O3S
