# All user editable compound information in the PCDL Manager compounds tab can be imported
# A minimum of formula or mass plus one identifier must be populated for compound import (recommended is formula and at least one other identifier, see examples)
# Multiple synonyms can be entered into the Synonyms column when separated by ';' (e.g. L-Isoleucine; 2-Amino-3-methylvaleric acid)
# All compounds will be assumed to be of a neutral ion type, unless a 1 is entered in the Cation or Anion column
Name,Formula
F6544-0724,C12H16ClN3O
F6539-3085,C16H19NO2
F6559-6029,C12H15N5S
F5868-0051,C12H9F2N3O2
F2004-0102,C14H11N3OS
F6755-5336,C13H15F3N2O
F5857-6491,C15H17NO4
F6573-2906,C13H15FN4O2
F6672-1729,C17H19N3O
F1591-1574,C14H24N2O2S
F6478-1663,C11H14FN3O3S
F6725-2745,C14H15N3O2S
F2622-0016,C14H17N3O4
F0318-0024,C16H14N4S
F6215-0033,C16H16N4O2
F6521-3466,C14H22N2O3S
F5868-0009,C14H16N6O2
F6725-2778,C14H18N6O2
F0550-0029,C14H12FN3O2S
F5303-0146,C15H21N3O2S
F5857-7857,C11H13F3N2O3S
F5854-1718,C17H16N2O2S
F6760-5121,C15H11FN4OS
F1610-0279,C14H9BrN2O2
F6031-1250,C18H27N3O2
F6525-0264,C15H21N5O3
F3385-4848,C20H19NO3
F6755-7447,C15H18FN3O2S
F6452-1087,C14H16ClN3O2S
F6108-0102,C16H23ClN2O3
F6471-3966,C12H16N4O3S2
F6660-0494,C17H19N3O4
F6418-0533,C17H17NO4S
F6789-2550,C20H20N4O
F6559-0767,C15H18N4O3S
F6359-3590,C17H25N3O2S
F6240-7172,C14H10F3N5O2
F6245-5742,C12H17F3N4O4
F5064-0039,C13H21N7O2S
F6473-7030,C20H24N2O3
F6445-6899,C18H15ClN2OS
F6444-2264,C16H19ClFNO4
F6676-1010,C19H21ClN2O2
F6559-1122,C20H19N5O
F5679-0060,C16H14ClN3O2S
F6573-8378,C16H17FN4O2S
F5319-0594,C20H19N3O3
F6516-0358,C15H17N3O3S2
F6809-1230,C18H25ClN2O3
F5791-1048,C19H18N2O3S
F0630-1662,C20H25N3OS
F6363-0586,C17H19N5O2S
F6233-0068,C16H14ClN5O3
F6806-6971,C14H17Cl2N3O2S
F6785-7087,C20H22N6O
F6760-3586,C18H19F3N4O
F6679-2522,C13H14BrF3N2O2
F6502-3001,C19H21N5OS
F5854-2677,C20H19NO4S
F2206-0138,C23H22N4O
F6709-3904,C18H20N4O3S
F6471-6172,C19H16ClFN2OS
F6743-6245,C19H25N3O3S
F6436-3100,C21H19N3O2S
F6240-2244,C20H22N6O2
F0275-0129,C21H20N2O3S
F2781-0033,C18H27N3O4S
F6557-1006,C21H21NO4S
F6286-0258,C12H11ClF3N3O2S2
F5589-0166,C19H22N4O3S
F2416-1076,C18H17BrN2O3
F2991-0348,C19H23N3O4S
F6524-5598,C18H26N6O4
F2434-0464,C19H15F3N2O4
F6438-3788,C17H21F2N7O2
F6520-1750,C21H18FN3O2S
F6143-0247,C19H24N8O2
F6246-3368,C20H22N4O3S
F3398-3336,C21H21ClN2O4
F5327-0087,C21H26N2O4S
F6619-7879,C20H24N10
F5940-0463,C21H23Cl2NO3
F5013-0916,C22H23N3O3S
F6523-3362,C16H14BrClN2O4
F6436-1186,C22H26N2O4S
F2752-1290,C23H16FN3O4
F6525-4871,C25H29N3O3
F5286-0537,C22H22N4O5
F6372-1836,C24H19N5O3
F0922-0745,C24H20N4O4
F2564-0085,C23H21N5O2S
F6178-0201,C21H21F3N4O3
F6519-4330,C22H23N5O3S
F6148-0328,C22H25ClN6O2
F3406-1774,C25H25N5O3
F1673-2259,C23H30N2O5S
F2095-0433,C26H30N2O5
F3194-0079,C24H22N4O2S2
F2636-0099,C27H34N6O2
F0612-0353,C23H22ClN3O3S2
