# All user editable compound information in the PCDL Manager compounds tab can be imported
# A minimum of formula or mass plus one identifier must be populated for compound import (recommended is formula and at least one other identifier, see examples)
# Multiple synonyms can be entered into the Synonyms column when separated by ';' (e.g. L-Isoleucine; 2-Amino-3-methylvaleric acid)
# All compounds will be assumed to be of a neutral ion type, unless a 1 is entered in the Cation or Anion column
Name,Formula
F1913-9860,C13H10F3NO
F6389-0267,C14H15N3O2
F1165-0024,C13H15N3OS
F2889-0166,C12H11NO4S
F5094-0569,C11H9Cl2N3O
F6782-7494,C15H13FN2O2
F6543-1580,C14H17N3OS
F2580-2107,C17H14N2O2
F6675-7494,C14H15N7
F6403-1386,C14H16N6O
F6571-3210,C12H17NO3S2
F3097-4767,C16H16ClNO2
F6709-0343,C13H17N5OS
F6356-0489,C14H15ClN2O3
F3316-0177,C14H20N2O3S
F6725-2276,C16H15FN4O
F2795-0605,C17H17FN2O2
F6515-3288,C15H18N4O3
F1641-0033,C15H12ClNO2S
F5834-1559,C18H17N3O2
F6571-6135,C13H15BrN2O2
F0876-0034,C13H16N2O3S2
F3386-4736,C11H11BrN2O2S
F6200-3416,C18H25N3O2
F5860-0313,C17H23N3O3
F6514-1823,C16H21N3O4
F6685-9109,C16H20ClN3O2
F6524-4779,C16H13N5O3
F3386-3109,C15H16ClNO3S
F6562-2574,C17H18N4O3
F6760-0983,C11H7F3N6OS
F6809-1005,C18H20ClN3O
F6451-0756,C17H17NO2S2
F6782-7218,C18H24N2O2S
F6550-4492,C16H16ClFN4O
F5860-1831,C20H21N3O2
F6507-5489,C12H19NO6S2
F6296-1208,C18H18N4OS
F3406-3527,C19H21N3OS
F6524-1201,C17H20N6O2
F0469-0023,C17H15BrN2O
F6525-4439,C18H15ClFN3O
F6764-3274,C20H16N4O2
F5787-1783,C18H23N3O2S
F6503-2380,C14H14BrN5O
F6480-1435,C18H18ClFN2O2
F3407-0148,C19H16FN5O
F6481-0754,C17H18ClNOS2
F6793-7175,C17H19F3N4O
F6452-1540,C17H17ClF2N2O2
F5596-0244,C18H21N5O3
F6523-3644,C20H15N5O2
F6443-7821,C17H18BrN3O
F3222-5344,C15H12BrN3OS
F6559-0012,C21H22N4O2
F6524-1666,C16H21ClN6O2
F3314-0260,C21H35NO4
F6359-1758,C20H21N3O2S
F1897-0053,C22H15N3OS
F6178-6650,C21H23FN2O3
F1318-0110,C20H21ClN2O3
F6679-2760,C15H15BrN6O
F5277-0369,C20H23ClFN3O
F6502-1181,C17H14F3N5O2
F6178-4355,C21H22N4O3
F6752-4445,C17H21ClN4O2S
F6474-0247,C21H23N3O4
F6481-4086,C20H21N3OS2
F6258-1950,C21H28N4O3
F6523-2727,C22H18N4O3
F6785-7006,C20H29N5O3
F6435-2648,C20H23NO5S
F6523-4455,C21H22N6O2
F3375-2009,C22H17ClN2O3
F5864-0038,C22H23N3O4
F6557-1534,C19H22FNO3S2
F5857-2653,C26H24N2O2
F6444-1920,C20H19FN4O4
F6514-2641,C18H19F3N2O3S
F6513-1276,C20H23FN4O2S
F6675-8540,C22H24N6O2
F6471-8689,C18H18FN3O3S2
F6436-0455,C23H23NO4S
F5532-0087,C23H29N3O4
F0507-2993,C21H23FN4O2S
F3379-0208,C20H15ClF3N5
F6605-0180,C23H25N5O3
F5017-2773,C21H27FN2O2S2
F5037-0551,C21H17F2N5O3
F3229-0041,C25H20N2O5
F1414-0583,C24H21N3O3S
F6510-2226,C20H23FN4O4S
F5452-0043,C23H23N3O4S
F6727-8747,C24H20N6O3
F6512-7810,C20H25N7O3S
F6411-0201,C23H22N6O4
F2321-0038,C22H22N6O3S
F3406-4547,C22H31N5O4S
F1606-0039,C23H26N2O7S
F6252-1399,C27H23FN4O4
