# All user editable compound information in the PCDL Manager compounds tab can be imported
# A minimum of formula or mass plus one identifier must be populated for compound import (recommended is formula and at least one other identifier, see examples)
# Multiple synonyms can be entered into the Synonyms column when separated by ';' (e.g. L-Isoleucine; 2-Amino-3-methylvaleric acid)
# All compounds will be assumed to be of a neutral ion type, unless a 1 is entered in the Cation or Anion column
Name,Formula
F6521-3311,C13H19NO2S
F6660-0892,C15H19N3O
F8890-6246,C13H15N3O3
F6194-1003,C13H15NO3S
F2547-0027,C9H19NO4S2
F6360-9366,C15H16N2O3
F6359-2187,C14H17N3O3
F6559-1493,C15H16F2N2O
F6808-6093,C16H19N5
F6755-5332,C16H20N4O
F6246-1562,C12H12F3N3O2
F6438-6414,C13H14F3NO3
F6561-2590,C16H21NO2S
F6517-3564,C14H18N2O3S
F6515-2182,C16H16N4O2
F6564-3388,C16H18N4O2
F5022-0048,C17H20N2O3
F6438-1239,C16H19FN4O
F6445-6272,C15H13ClFN3O
F6514-8900,C17H17N5O
F6443-5491,C17H14N2O2S
F6515-0558,C17H16N2O2S
F2266-0176,C17H15ClN2O2
F8890-1062,C15H12N2O4S
F6782-7659,C14H11BrN2O2
F5806-0506,C17H22FN3O2
F6554-8513,C17H23NO3S
F6201-0306,C16H21NO4S
F5854-4147,C18H15NO3S
F6472-8323,C19H22N2OS
F0916-6877,C16H13ClN4O2
F6356-1102,C19H20FNO3
F0624-0064,C19H13N3O3
F2135-1584,C17H24N4OS
F1855-0062,C20H18N2OS
F6656-3190,C19H21N5O
F6451-2843,C17H17ClFNO3
F6435-3481,C19H18N2O4
F6723-0914,C18H21N5S
F6549-2469,C19H24N4O2
F6404-4858,C18H15ClN2O3
F6381-0345,C17H17N3O3S
F6680-3467,C17H20N4O2S
F5788-1115,C17H20FN5O2
F6807-7238,C16H18BrN3O
F6472-0883,C15H19F3N2O2S
F5051-0162,C20H19N3O3
F3382-6748,C18H13N3O5
F6619-7242,C16H19F3N6
F2666-0084,C20H19ClN2O2
F3318-0537,C18H29NO4S
F6685-9090,C18H20ClN5O
F2707-0187,C18H15F2N3OS
F6515-2885,C15H16BrN5O
F6556-5066,C20H30N2O2S
F5228-1346,C20H20N4O3
F6556-8786,C19H14N2O2S2
F5631-0005,C16H22FN5O2S
F6277-0228,C17H18F3N3OS
F6515-2776,C20H26N4OS
F6473-0597,C20H24N2OS2
F6481-4268,C18H18N2O3S2
F6573-2354,C21H21N5O2
F1036-0027,C18H23N3O2S2
F6619-6247,C19H22N8O
F3296-0190,C21H20N2O3S
F6472-7380,C20H23N5O3
F6443-9532,C18H17F4N3O2
F3375-2796,C19H16BrNO3
F0582-0202,C24H22N2OS
F3130-0003,C18H17ClN4S2
F6089-5534,C19H23N3O4S
F6523-0741,C22H26N6O
F3296-0563,C19H16N6O2S
F6523-2819,C21H23N5O3
F6438-2585,C17H22ClN5O2S
F6503-4566,C22H28N4O3
F5755-0049,C21H23ClN4O2
F5097-1172,C24H20N2O2S
F5772-8386,C23H22N4O3
F6451-0348,C14H16BrNO4S2
F6481-3135,C21H23F2NOS2
F6412-2057,C23H23NO6
F0594-0205,C19H13FN4O2S2
F2724-1605,C24H22N4O3
F0808-0117,C21H23NO6S
F5939-0499,C18H17BrN2O3S
F3407-4207,C23H26N4O2S
F6726-4586,C22H24FN5OS
F0590-0237,C23H25FN2O3S
F6471-1333,C21H25N3O5S
F6761-2753,C22H22N6O4
F6250-0278,C20H27N3O6S
F6196-1932,C21H24N6O5
F6761-2740,C24H25N7O2
F5528-0785,C25H26N4O4
F3411-5000,C21H17N5O5S
F2319-0028,C23H22N6O3S
F2756-3816,C23H20F3N3O3S
F3382-4701,C24H26FN3O3S2
