# All user editable compound information in the PCDL Manager compounds tab can be imported
# A minimum of formula or mass plus one identifier must be populated for compound import (recommended is formula and at least one other identifier, see examples)
# Multiple synonyms can be entered into the Synonyms column when separated by ';' (e.g. L-Isoleucine; 2-Amino-3-methylvaleric acid)
# All compounds will be assumed to be of a neutral ion type, unless a 1 is entered in the Cation or Anion column
Name,Formula
F6608-1117,C13H16F2N2O
F6541-1478,C16H22N2O
F6677-0390,C13H15ClN4
F3386-4127,C12H14N2O3S
F6665-9640,C12H9F3N2O2
F6356-0108,C15H15NO4
F6513-5483,C13H16N4OS
F5330-0648,C13H17N3O2S
F5857-5273,C14H22N2O2S
F6818-0275,C14H15N5O2
F6257-1988,C14H17N5O2
F6619-8094,C14H19N5O2
F6764-4754,C13H16N4O2S
F6031-0317,C17H30N2O2
F5868-0046,C13H10F3N3O2
F2740-0201,C16H14ClN3O
F2135-1579,C15H15N3O2S
F0674-0076,C15H17N3O2S
F6561-1993,C17H23NO4
F3348-0871,C13H11F3N6
F2227-1084,C17H18N4O2
F3342-0400,C15H24N2O3S
F5882-0368,C18H22N2OS
F6201-0392,C17H20N2O4
F6561-9355,C17H14N6O
F2776-0045,C15H17FN4OS
F3022-0025,C15H15FN2O3S
F6672-0079,C16H25N3O2S
F6495-5381,C15H15N7O2
F6445-6755,C18H14ClNOS
F6186-1362,C15H21FN2O3S
F3385-3894,C16H11BrO3
F6438-0755,C16H21N5OS
F5263-0556,C18H17ClFNO2
F6753-2064,C17H20F2N4O
F6465-0129,C16H17ClN2O4
F0694-0368,C19H19N3OS
F6539-4071,C20H22N2O3
F6257-1280,C19H25N5O
F6480-0117,C18H16ClN3O2
F6218-0243,C16H18N6OS
F6562-2437,C18H21N3O2S
F6814-2920,C19H22F2N4
F6261-4003,C16H15ClN4OS
F2093-0287,C17H21N3OS2
F3318-0326,C18H24N2O3S
F6764-2003,C20H23N5O
F0545-1365,C20H21N3OS
F6412-1814,C17H14F3NO2S
F6571-3174,C17H26N2O4S
F6561-5824,C18H17FN4OS
F6199-0421,C19H27N5O2
F6125-1046,C22H21N3O2
F0915-2860,C19H23NO4S
F3398-1081,C20H17N3O2S
F6724-4938,C14H12BrN3O2S
F6521-6684,C19H18N4O4
F6724-0067,C14H17BrN4OS
F6506-4881,C21H23NO5
F6683-1290,C17H17ClF3N3O
F6454-1148,C20H25FN4O2
F3277-0208,C18H22N4O3S
F6279-0291,C19H15F3N2O3
F6571-0705,C22H23N3O3
F6442-2199,C18H21NO4S2
F6190-2459,C22H24N2O4
F5854-2433,C17H22N2O4S2
F6257-2513,C20H22FN5O2
F6519-3734,C20H23N3OS2
F1835-0213,C17H11Cl2N5S
F6727-8364,C22H17FN4O2
F5911-0382,C21H23N7O
F6517-3811,C20H16F3NO4
F6480-3915,C22H21FN4O2
F6734-1318,C17H23BrN4O2
F6559-1384,C22H25N3O2S
F2670-0349,C21H20ClN3O3
F6510-3148,C16H15ClFN3O4S
F6517-4792,C19H16BrNO2S
F5939-3837,C19H21N3O3S2
F5016-0810,C20H24ClN3O4
F2582-0088,C23H29N5O2
F6573-0494,C18H17F3N4O2S
F5607-0074,C20H24N6O2S
F6412-1692,C21H16F3N3O3
F0579-0576,C19H15FN2O4S2
F5599-0458,C23H24N4O4
F6565-2842,C17H16F3N7O3
F6761-2537,C21H22N4O4S
F6441-4009,C21H23N3O5S
F6519-7407,C20H24N4O3S2
F5253-0610,C21H26ClN3O3S
F6549-9428,C24H23FN2O3S
F5496-1559,C23H24FN3O3S
F3406-6816,C23H23F3N4O2
F2323-1567,C24H25N5O2S
F0373-0982,C22H19ClN4O3S
F3111-1555,C25H27N3O4S
F3247-0093,C22H23ClN2O4S2
