# All user editable compound information in the PCDL Manager compounds tab can be imported
# A minimum of formula or mass plus one identifier must be populated for compound import (recommended is formula and at least one other identifier, see examples)
# Multiple synonyms can be entered into the Synonyms column when separated by ';' (e.g. L-Isoleucine; 2-Amino-3-methylvaleric acid)
# All compounds will be assumed to be of a neutral ion type, unless a 1 is entered in the Cation or Anion column
Name,Formula
F6807-6999,C12H19N3O3
F6555-6340,C14H11ClN2O
F6544-1139,C13H16FN5
F1902-0079,C17H15NO2
F5965-0025,C13H19NO3S
F6438-0042,C13H16N6O
F5827-0004,C13H17N5O2
F6549-6822,C15H22N2O3
F0918-3161,C12H14N2O2S2
F5735-0074,C16H12ClNO2
F2879-2093,C15H14FN3O2
F1443-5985,C14H15N3O4
F6708-8522,C17H17N5
F6554-4836,C15H16F2N2O2
F6619-5834,C15H16N6O
F6662-5379,C17H19FN4
F6549-4214,C16H20N4O2
F6713-4743,C15H22N6O
F1707-0006,C19H15NO3
F1916-3126,C16H22FN3O2
F6286-0021,C14H13F3N4O
F2257-0232,C17H16N2O4
F6436-2211,C13H13F3N4O2
F6192-0461,C16H16N2O3S
F2493-3161,C14H14N4O3S
F3139-0634,C16H10Cl2O3
F6550-5092,C18H19N5O
F6801-7972,C18H17N3O3
F6441-5403,C16H20ClNO2S
F1863-0041,C19H22N2O3
F2493-0736,C17H16N2O3S
F6523-0921,C18H20FN3O2
F6709-4757,C17H18ClN3O2
F6438-3545,C15H24N8O
F6808-5946,C19H18N4S
F6619-5098,C18H21N7
F6487-1146,C14H18F3NO3S
F6438-0019,C16H17F3N4O
F6573-2741,C19H21N3O3
F5822-2164,C20H28N4O
F6438-2083,C14H13F3N4O3
F5882-0150,C15H19ClFN3O3
F6556-3386,C13H23F3N2O3S
F6089-9780,C15H27N3O4S
F6743-6330,C14H19ClFN3O2S
F5832-5077,C18H21ClN2O3
F6246-0590,C17H23N3O3S
F6415-0886,C19H17N3O2S
F6241-0316,C21H24N2O3
F6190-2406,C17H17F3N2O3
F6619-3882,C19H29N7
F6658-6214,C19H23N3O2S
F3290-0057,C21H17N3OS
F5854-2480,C18H19NO3S2
F6556-8785,C17H14ClNO2S2
F6555-0203,C19H20N6O2
F5001-1969,C20H15ClN2O3
F6814-6662,C17H20F3N5O
F6680-2799,C16H15F4N5O
F1911-9761,C21H30N4O2
F6753-3466,C18H23F3N2OS
F6245-5858,C15H17F3N4O2S
F0662-1439,C23H25N3O2
F1011-0809,C21H19N3O4
F5604-0027,C23H30N4O
F6412-1680,C19H19F3N2O3
F3386-3144,C22H27N3O3
F6356-1255,C20H21N3O3S
F3167-1176,C18H13ClFN5O2
F6783-6106,C17H22N8OS
F6200-2358,C17H13F5N2O3
F6478-4186,C20H24ClN3O3
F0187-0303,C18H15Cl2N3OS
F6761-3077,C18H21ClN4O4
F3348-0827,C20H23N7O2
F6514-9247,C21H21N3O3S
F6478-2072,C16H14BrF2N3O2
F5033-5431,C22H26N2O3S
F6559-0516,C23H20N4O3
F6729-7259,C21H22N8O
F6415-1505,C19H19NO5S2
F6471-8597,C19H25N3O3S2
F6436-2746,C23H24FN3O3
F2407-0786,C21H17FN2O4S
F5860-0627,C23H27FN2O4
F2947-0618,C21H24ClN3O4
F5689-1365,C19H21ClN4O3S
F6798-4808,C21H26N8O2
F6608-3945,C23H28ClN5O
F6089-9052,C24H29FN2O2S
F6441-6462,C23H29NO5S
F3406-6224,C23H26N6O3
F1654-0083,C25H28FN3OS
F6510-1659,C16H16BrN3O3S2
F3101-0010,C19H16ClF3N2O3S
F2536-1503,C21H15Cl2NO4S
F5939-2156,C18H17BrN2O3S2
F2774-2840,C22H20F3N3O5
F3167-1495,C22H16ClF3N4O3
F0921-5564,C22H22BrFN4O3
