# All user editable compound information in the PCDL Manager compounds tab can be imported
# A minimum of formula or mass plus one identifier must be populated for compound import (recommended is formula and at least one other identifier, see examples)
# Multiple synonyms can be entered into the Synonyms column when separated by ';' (e.g. L-Isoleucine; 2-Amino-3-methylvaleric acid)
# All compounds will be assumed to be of a neutral ion type, unless a 1 is entered in the Cation or Anion column
Name,Formula
F6559-1457,C13H16F2N2O
F6661-0377,C16H22N2O
F6680-0991,C11H14N6S
F5857-7565,C12H14N2O3S
F1913-9716,C12H9F3N2O2
F1967-0613,C13H12FN5O
F6436-3548,C13H16N4OS
F6436-1965,C13H17N3O2S
F6451-0998,C14H22N2O2S
F6546-0688,C16H19N3S
F6495-2207,C14H17N5O2
F6178-7951,C14H19N5O2
F6560-3214,C13H16N4O2S
F6471-6814,C17H30N2O2
F1374-2131,C13H10F3N3O2
F2491-0085,C16H14ClN3O
F5002-0382,C15H15N3O2S
F6200-3502,C15H17N3O2S
F6708-8501,C18H19N5
F3375-1213,C14H17ClN4O2
F6389-1888,C17H18N4O2
F6561-4693,C15H24N2O3S
F6357-0955,C18H22N2OS
F6506-4820,C17H20N2O4
F6469-1774,C17H14N6O
F6454-1063,C15H17FN4OS
F5852-0313,C15H15FN2O3S
F6744-6612,C16H25N3O2S
F6573-1703,C15H15N7O2
F6445-6814,C18H14ClNOS
F6031-2076,C15H21FN2O3S
F1792-0085,C12H11ClN2O3S2
F6454-2110,C16H21N5OS
F6562-8179,C18H17ClFNO2
F6802-7668,C17H20F2N4O
F2674-0184,C16H17ClN2O4
F6764-3253,C19H19N3OS
F6792-3961,C18H19FN6
F6808-5392,C16H29N5OS
F6482-1828,C15H19NO6S
F6363-0540,C16H18N6OS
F6571-0976,C18H21N3O2S
F6808-5242,C16H23F3N4O
F6773-2940,C16H15ClN4OS
F6446-0609,C17H21N3OS2
F6473-4253,C18H24N2O3S
F6656-2552,C20H23N5O
F2135-1753,C20H21N3OS
F6401-0070,C17H14F3NO2S
F6713-5711,C18H22N6S
F6760-5775,C18H17FN4OS
F2091-0003,C19H27N5O2
F6548-0613,C22H21N3O2
F6204-0921,C19H23NO4S
F0706-0078,C20H17N3O2S
F6573-6994,C14H12BrN3O2S
F6293-0167,C16H22N4O4S
F6679-2843,C16H15BrF2N2O
F6764-4739,C22H19N5O
F6809-1013,C17H17ClF3N3O
F2711-2530,C20H25FN4O2
F5299-0481,C18H22N4O3S
F6524-6628,C16H17ClN6O3
F6656-3102,C22H23N3O3
F6525-2320,C16H15F2N5O2S
F6353-3135,C22H24N2O4
F6415-0950,C17H22N2O4S2
F6564-4158,C20H25N5OS
F6125-3714,C19H20ClN5O2
F6416-8760,C15H18BrNO4S
F1609-0854,C22H17FN4O2
F5910-0508,C21H23N7O
F6412-1855,C20H16F3NO4
F6670-6550,C22H21FN4O2
F6681-8949,C17H23BrN4O2
F5265-0020,C22H25N3O2S
F3406-4375,C21H20ClN3O3
F3244-0054,C20H18BrNO3
F6517-4278,C19H16BrNO2S
F6225-1024,C19H21N3O3S2
F5010-0114,C18H23N5O4S
F6368-0041,C23H29N5O2
F6561-6285,C18H17F3N4O2S
F5596-1076,C19H23F3N4O3
F6608-2476,C18H20F3N3O3S
F3407-0343,C18H15ClN4O4S
F6245-3263,C23H24N4O4
F5140-0338,C19H25N3O4S2
F5232-0038,C21H20ClFN6O
F2749-0050,C21H23N3O5S
F6562-0685,C24H21ClN4O2
F5110-0234,C19H25N5O3S2
F6529-0712,C19H18F4N6O2
F2068-0323,C23H24FN3O3S
F6443-8156,C23H23F3N4O2
F5620-0139,C24H25N5O2S
F2496-0893,C23H19ClN2O6
F1478-0284,C22H31N3O4S2
F3247-0092,C22H23ClN2O4S2
