# All user editable compound information in the PCDL Manager compounds tab can be imported
# A minimum of formula or mass plus one identifier must be populated for compound import (recommended is formula and at least one other identifier, see examples)
# Multiple synonyms can be entered into the Synonyms column when separated by ';' (e.g. L-Isoleucine; 2-Amino-3-methylvaleric acid)
# All compounds will be assumed to be of a neutral ion type, unless a 1 is entered in the Cation or Anion column
Name,Formula
F2211-0002,C16H13NO2
F6787-8254,C7H8N6OS2
F6818-2270,C14H21N5
F5860-3687,C13H17N3OS
F2716-0315,C12H17N3O2S
F6230-0178,C14H13N3OS
F2145-0486,C14H14N2O2S
F1155-0433,C15H16ClNO2
F0758-0056,C18H16O3
F6573-4671,C16H17N3O2
F5788-0243,C14H14N4O3
F6555-0559,C14H16N4OS
F3230-0272,C15H18N2O4
F0326-0486,C14H15NO4S
F1443-3949,C15H21NO5
F6372-0235,C17H19N3O2
F6573-4984,C17H18FN3O
F5016-1754,C13H23N3O5
F3406-8473,C13H12N4O3S
F6381-0973,C18H18N4O
F5303-0193,C13H15N3O4S
F6559-3609,C14H15F2N3O3
F6472-0561,C15H20ClNO2S
F0452-6141,C19H13N3O2
F6204-0478,C17H19NOS2
F3290-0101,C15H14ClN3OS
F0537-0529,C21H24N2O
F6796-3636,C17H18N6O
F6560-4789,C15H18ClFN4O
F2880-0130,C13H15BrN2O3
F3230-0341,C14H21N3O4S
F5033-0346,C21H32N2O
F0679-0662,C16H18N4O4
F6439-5316,C15H16N4OS2
F6660-4585,C17H20FN3O3
F6469-1026,C17H13N5OS
F6773-4163,C16H16N8O
F1647-0010,C20H23N3O2
F5521-0204,C15H15ClFN3O3
F6523-0581,C15H15F3N4O2
F6709-0345,C17H19N5OS
F6381-7991,C18H22N4O3
F6756-0377,C18H25N5O2
F6502-7596,C17H16FN3O2S
F3316-0355,C21H18N2O3
F6796-7492,C17H17N9
F6381-6710,C15H15N3O3S2
F6753-1268,C13H17F3N4O4
F6521-7836,C15H13ClN2O2S2
F6562-2365,C19H19N3O4
F3230-0010,C16H19Cl2N3O2
F5857-5683,C20H24N2O4
F6681-3428,C19H22N2O3S
F6574-1728,C20H16N4OS
F6515-0625,C20H14N2O3S
F6514-4518,C17H25N5O2S
F6571-2823,C18H23NO5S
F6522-0211,C14H10BrNO2S2
F5250-0115,C18H20N6OS
F3222-4230,C18H15ClN4O3
F6752-6310,C16H23F2N5O3
F6539-2860,C16H24ClN3O3S
F3406-4070,C18H15Cl2N3O2
F1903-0957,C19H22F2N4O2
F1907-2498,C17H23BrN4O
F2805-0475,C18H25N3O4S
F6403-3172,C16H14F3N5OS
F6559-0060,C20H22N4O4
F2265-0128,C23H16N2O4
F6414-1182,C26H27NO2
F6353-6209,C19H21N3O4S
F0532-0186,C23H24N4O2
F6469-0952,C21H18N4O2S
F6471-0808,C21H21N5O3
F3222-1109,C21H16ClN3O3
F6609-1662,C21H22N4O4
F6195-6477,C16H20N4O4S2
F6798-4427,C19H23N7O3
F6525-6429,C21H25N3OS2
F6670-4874,C22H22F3N3O
F6608-3825,C21H33N5O3
F6064-5319,C21H18N4O3S
F6559-0670,C22H24N4O2S
F6472-8265,C28H30N2O
F5013-0967,C21H23N3O4S
F6474-3929,C21H21ClN2O3S
F6656-3726,C24H26N4O3
F5265-0438,C20H24FN3O4S
F1713-0002,C22H20N2O5S
F6162-0231,C22H22FN3O3S
F6609-9480,C21H17F3N4O3
F6727-8090,C22H19N5O3S
F6250-0601,C21H25FN2O5S
F6441-3946,C24H25NO5S
F2490-0413,C21H23ClN6O3
F5033-3735,C22H27N3O5S
F6278-0031,C24H24N4O5
F2099-0188,C26H23N3O3S
F2091-0209,C23H27N5O4S
F3216-0690,C29H27N3O4
