# All user editable compound information in the PCDL Manager compounds tab can be imported
# A minimum of formula or mass plus one identifier must be populated for compound import (recommended is formula and at least one other identifier, see examples)
# Multiple synonyms can be entered into the Synonyms column when separated by ';' (e.g. L-Isoleucine; 2-Amino-3-methylvaleric acid)
# All compounds will be assumed to be of a neutral ion type, unless a 1 is entered in the Cation or Anion column
Name,Formula
F2135-0214,C9H6N4OS2
F6558-0399,C13H22N2O3
F2147-8893,C11H14ClNO2S
F6555-6338,C14H18N2OS
F1607-0682,C16H14N2S
F9995-0036,C15H14N2OS
F6524-1866,C14H15N3O3
F6554-2181,C14H16N2O4
F6543-4958,C15H18FNO3
F6507-1263,C14H22N2O4
F3406-6780,C16H19N3O2
F5831-1904,C17H21NO3
F6561-2620,C17H23NO3
F5600-0067,C14H14F2N4O
F6442-2105,C13H13NO5S
F6561-1502,C16H12FN3O2
F2493-3425,C15H13N3O4
F6562-5236,C15H15N3O4
F6416-8047,C16H17NO5
F5264-0401,C17H27N3O2
F3237-0447,C15H20N2O3S
F6696-0113,C16H18N6O
F6738-2307,C17H20N4O2
F6244-2089,C18H22N2O3
F3406-9731,C16H20N4O3
F6473-3806,C15H18N4O4
F6390-3448,C16H20N2O3S
F6760-5964,C14H15FN4O2S
F6786-5670,C18H21N5O
F6557-0842,C16H23NO4S
F2929-0032,C16H13N3O3S
F6550-6128,C17H20N4OS
F1301-0466,C16H14N2O2S2
F6801-8011,C17H21N3O4
F5526-0137,C17H16FNO5
F6454-2831,C15H30N2O2S2
F6390-3500,C16H20N2O2S2
F3385-3192,C20H19NO4
F6448-0006,C19H22N4O2
F6471-8210,C13H13ClN4O3S
F5627-0014,C13H19N5O2S2
F6036-1352,C17H18N4O4
F6539-2093,C15H22FN3O3S
F6756-0375,C17H24N6O2
F6808-9633,C16H19BrN4
F2590-1510,C18H21NO4S
F5596-0670,C20H20N4O2
F6400-0303,C19H31N3OS
F6734-1480,C19H18FN5O
F6556-4147,C18H15N3O3S
F3292-0417,C19H22N4O3
F6522-1537,C19H20N2O3S
F6515-3113,C13H15ClN4O2S2
F6708-8396,C19H25N3O2S
F2202-1299,C18H23N3O3S
F3318-0283,C18H21NO5S
F0326-0272,C19H12ClN3OS
F6734-0919,C16H17F3N6O
F6753-1247,C16H21BrN2O3
F6458-0306,C16H19N9O2
F5382-0604,C19H18FN3O2S
F3386-4287,C14H13BrClNO2S
F6791-7020,C18H17F3N6
F3126-0547,C18H15F3N4O2
F6560-8211,C21H23N5O2
F6481-3610,C19H22ClNO3S
F3351-0395,C21H24N4O3
F6530-0383,C18H17F3N2O4
F6658-5519,C21H25N3O4
F6529-0707,C16H18F3N5O3
F6556-7608,C19H18BrNO3
F3111-1546,C20H24N2O4S
F3398-0394,C23H27N5O
F3382-4407,C19H22ClN3O2S
F6810-4573,C20H23F3N4O
F6444-6730,C17H19FN4O4S
F6726-4254,C21H22FN5O2
F6617-2554,C21H20FN3O2S
F6441-4017,C18H19ClFNO4S
F6481-3769,C17H17F2NO4S2
F5452-0096,C19H21N3O5S
F6573-8619,C22H20FN5O2
F5072-3414,C17H14Cl2N4O2S
F2493-3199,C21H16F2N4O3
F2862-0192,C23H28N2O5
F5027-0344,C21H22ClN3O4
F5004-0081,C19H19ClN4O3S
F6175-0692,C22H24N6O3
F5009-0308,C19H20F3N5O3
F6246-0185,C19H21F3N4O4
F6680-3322,C20H23N5O4S
F6660-0067,C23H21ClN6O
F5110-0277,C19H25N5O5S
F5286-0428,C24H23FN2O5
F5330-0157,C23H27N3O4S
F9994-0322,C26H28N4OS
F5796-1574,C22H29N3O5S
F1866-0329,C24H24F2N4OS
F2814-1556,C24H22N2O4S2
F1757-0083,C25H26N4O4S
