# All user editable compound information in the PCDL Manager compounds tab can be imported
# A minimum of formula or mass plus one identifier must be populated for compound import (recommended is formula and at least one other identifier, see examples)
# Multiple synonyms can be entered into the Synonyms column when separated by ';' (e.g. L-Isoleucine; 2-Amino-3-methylvaleric acid)
# All compounds will be assumed to be of a neutral ion type, unless a 1 is entered in the Cation or Anion column
Name,Formula
F2167-9592,C12H15BrO
F6547-0739,C13H14N4S
F6540-5397,C15H20FN3
F6662-9427,C13H16FN3O2
F6782-2999,C17H16FNO
F6806-8088,C15H20N4O
F6212-0114,C15H21N3O2
F5095-0154,C15H26N4O
F6549-3649,C10H14N6O2S
F1915-8702,C13H16ClNO4
F3088-1677,C16H17NO4
F6494-0700,C13H15N5O3
F6507-1078,C17H25NO3
F6210-0215,C18H18N2O2
F5033-0988,C15H24N2O2S
F6755-0657,C17H22N4O
F0696-3977,C17H24N4O
F0196-0694,C14H9NO5S
F5521-0004,C15H16FN3O3
F2147-1831,C13H13BrN2O2
F6395-4278,C15H19ClN2O3
F0916-6822,C16H16N4O3
F1358-0727,C17H18N2O2S
F8890-0681,C15H16N4O2S
F6573-4827,C17H16ClFN2O
F6524-5814,C11H11F3N4O2S
F2721-0735,C16H23N3O4
F6430-0084,C17H17N5O2
F2135-1301,C16H15N5OS
F6554-8395,C16H26N2O3S
F0916-6823,C16H16N4O2S
F5823-0081,C18H23N3OS
F6516-1677,C21H17NO3
F1839-0033,C14H12BrN3O2
F6562-6927,C17H19FN2O4
F2487-0218,C13H9BrN2O2S
F6809-1208,C18H18ClF2NO
F6513-3562,C18H18N4O3
F6791-7933,C18H21N5O2
F6562-5410,C14H13Cl2N3O3
F6378-0154,C18H18N2O3S
F6240-7660,C16H17N5O2S
F5599-0187,C17H20N4O4
F5490-0226,C19H24FN3O2
F6473-4391,C16H17N3O4S
F6796-6747,C14H14F2N8O
F6573-9559,C19H19N5O2
F6660-2205,C18H14FN5O2
F6792-3580,C20H24N4O2
F5596-0076,C18H18N4O4
F6806-8311,C13H17BrN4O3
F1909-1899,C17H22F3N3O2
F2871-0088,C21H17N3O3
F6487-0473,C18H19NO5S
F6415-1275,C18H15ClFNO2S
F1808-0022,C22H24N2O3
F6471-6722,C17H23BrN2O2
F6786-7697,C18H21N7O2
F3406-6092,C18H19N5O2S
F3375-2673,C16H14BrN5O
F6796-8632,C20H19F3N4
F6692-6006,C18H23BrN4
F6812-1934,C21H25N7
F6484-0554,C18H23N3O4S
F5854-4487,C17H18BrNO2S
F6559-3816,C18H24N2O5S
F6619-5997,C21H31N7
F2078-0210,C19H21N5O2S
F6155-0593,C19H16FN3O3S
F2704-0483,C18H22N6O4
F6619-7540,C18H18Cl2N6
F6761-7696,C18H18F3N7
F5327-0587,C19H19BrFNO2
F6200-3876,C20H19F3N2O3
F6515-2784,C22H27N5O2
F5854-0537,C22H22ClN3O2
F6478-6290,C16H16ClN3O5S
F0560-0866,C23H24F2N2O2
F3407-0225,C22H20N6O2
F6573-7545,C21H30N4O4
F3273-0694,C22H16ClN3O3
F6154-0004,C22H21N3O5
F5860-4117,C23H27N3O4
F2724-0701,C21H18ClFN4O2
F2201-0047,C24H26N6O
F3406-8909,C23H20FN5O2
F6359-1390,C24H21ClN2O3
F3284-8488,C19H13ClF3N3OS
F6515-4445,C19H15BrN4OS
F6619-6983,C24H28N8
F6439-0933,C21H29N5O3S
F6367-0965,C18H15BrFN3O2S
F3366-5625,C25H31N3O4
F0913-1614,C22H17Cl2N3O3
F0841-0008,C22H21ClN2O4S
F6517-4497,C21H21NO6S2
F2270-0139,C24H24N2O5S
F2865-1348,C27H25N7O
F2378-0602,C25H24N4O4S
F2319-0137,C26H28N6O2S
