# All user editable compound information in the PCDL Manager compounds tab can be imported
# A minimum of formula or mass plus one identifier must be populated for compound import (recommended is formula and at least one other identifier, see examples)
# Multiple synonyms can be entered into the Synonyms column when separated by ';' (e.g. L-Isoleucine; 2-Amino-3-methylvaleric acid)
# All compounds will be assumed to be of a neutral ion type, unless a 1 is entered in the Cation or Anion column
Name,Formula
F6247-0204,C13H14ClNO2
F6441-5325,C14H25NOS
F6200-3466,C16H21NO2
F6725-1415,C11H13N5O3
F6677-3286,C11H14ClN5O
F3308-2451,C14H10ClN3O
F1301-0238,C13H10N2O5
F6516-1259,C14H15NO3S
F6747-5546,C13H14ClFN4
F6464-1254,C14H21NO3S
F3342-0455,C12H18N2O4S
F6550-3344,C15H16N2O2S
F6440-2627,C14H18N4OS
F6186-0241,C11H16FNO3S2
F3095-0178,C16H22ClNO2
F6739-7721,C17H19N3O2
F6438-0825,C15H17N5O2
F6786-5846,C15H19N5O2
F0674-0111,C15H10ClFN2S
F2167-1126,C19H18N2O2
F6455-1474,C14H13ClFN3O2
F6445-6546,C18H17NO2S
F6215-0007,C16H15N3O2S
F6516-0606,C17H14FNO4
F6523-3461,C15H15N3O3S
F5526-0072,C15H14BrNO2
F2795-0731,C17H24N2O4
F0404-0009,C15H22N4O2S
F6514-2887,C16H15F3N2O2
F6619-7281,C17H23N7
F2161-0054,C17H17N3O4
F5600-0045,C18H24N4O2
F6525-0681,C17H19ClN4O
F6675-8181,C15H17BrN4
F5127-0518,C20H19N3O2
F6435-1542,C14H16F3NO3S
F6363-0745,C14H20N6O2S
F6471-1937,C18H27NO3S
F3386-4347,C16H18ClNO3S
F6672-1008,C18H17ClN4O
F6435-1558,C16H23NO5S
F6479-4053,C18H22N4O3
F6743-8047,C17H24F3N3O
F6525-7707,C17H16ClN3O3
F6443-7844,C19H20ClFN2O
F6438-3668,C15H21N7OS
F6512-0861,C16H13Cl2N3O2
F6685-9076,C16H19ClN4O3
F6818-3035,C19H25N7
F6439-7020,C18H19N5OS
F6573-7360,C18H14FN3O2S
F6507-5886,C19H21FN4O2
F6812-6649,C18H19FN4OS
F3394-1034,C15H21ClN2O4S
F6553-7132,C14H19ClN2O3S2
F5060-0142,C15H21N7O4
F6608-2548,C15H14F3N7O
F6761-7418,C21H26N4O2
F6089-7583,C21H21FN2OS
F5001-2051,C19H15ClN2O4
F6480-5432,C20H25N3O2S
F6617-3747,C18H17ClFN5O
F0748-0231,C17H14ClN3OS2
F6443-6345,C20H20N6O2
F6475-2978,C18H19ClN2O5
F6064-8400,C21H21N3O4
F5772-8575,C20H13F2N3OS
F6438-3654,C19H22N6OS
F6523-3809,C19H17ClN4O3
F6798-4988,C20H24FN5O2
F6351-0431,C17H18ClN7O2
F5017-0398,C21H28N2O3S
F6442-0206,C19H19FN2O4S
F6713-6292,C20H21N7S
F2342-0057,C18H14F3N3O2S
F6811-1725,C20H22N6OS
F5652-2550,C20H14ClFN4O2
F6438-0132,C17H27N5O4S
F6561-6422,C19H21N5O3S
F6786-5800,C19H23N5O3S
F5527-0736,C23H25N5O2
F6438-2252,C15H17F3N4O4S
F6791-7745,C18H19F3N6O2
F6764-1688,C26H26N4O
F6237-3552,C17H18F3N5O4
F6481-2887,C21H18F2N2OS2
F6411-1167,C19H26N6O3S
F1243-0161,C21H25Cl2N3O2
F6517-0454,C19H15F3N2O6
F3398-0099,C21H21N3O5S
F5652-2673,C20H19FN4O4S
F6726-0702,C19H20ClN5O3S
F1264-3927,C23H21ClN4O3
F6564-5442,C22H22ClN5OS
F6803-0215,C20H22ClF3N4O2
F5527-2188,C24H23N5O2S
F6564-3887,C23H21FN6O3
F3406-5222,C21H17ClFN5O2S
F3258-0070,C23H23N3O4S2
F3411-1666,C24H24ClN5O2S
