# All user editable compound information in the PCDL Manager compounds tab can be imported
# A minimum of formula or mass plus one identifier must be populated for compound import (recommended is formula and at least one other identifier, see examples)
# Multiple synonyms can be entered into the Synonyms column when separated by ';' (e.g. L-Isoleucine; 2-Amino-3-methylvaleric acid)
# All compounds will be assumed to be of a neutral ion type, unless a 1 is entered in the Cation or Anion column
Name,Formula
F6608-0326,C12H16ClN3O
F6546-0994,C16H19NO2
F6540-9098,C11H14F3N3O
F6471-2564,C14H13ClFNO
F2135-1525,C16H12FNS
F0440-0430,C15H16N2O3
F6516-0743,C15H17NO4
F6806-8200,C15H19ClN2O
F5490-1297,C17H19N3O
F6751-4255,C16H20N4O
F5735-0097,C16H11F2NO2
F6480-5428,C14H15N3O2S
F6573-4133,C14H17N3O4
F1736-0735,C17H14N2O3
F6512-8855,C16H16N4O2
F6036-1465,C16H18N4O2
F0696-3793,C16H17FN4O
F6806-6846,C14H18N6O2
F6512-1046,C14H12FN3O2S
F3285-0314,C15H21N3O2S
F6561-4997,C15H16Cl2N2O
F0192-0013,C17H16N2O2S
F6246-3096,C9H13F3N4O3S
F6502-5696,C13H9BrN4O
F6556-6175,C18H27N3O2
F6559-1865,C15H21N5O3
F6521-9352,C20H19NO3
F6031-1812,C15H21N3OS2
F6574-0871,C12H15N5O2S2
F6743-7852,C14H22N4O3S
F6471-4000,C12H16N4O3S2
F6473-8514,C17H19N3O4
F6517-1580,C17H17NO4S
F6222-0069,C20H20N4O
F6557-0831,C15H18N4O3S
F6381-3988,C19H26FNOS
F6806-7218,C15H20BrN3O
F6753-3458,C17H23ClN2OS
F6560-6121,C18H18FN5O
F6487-1009,C20H24N2O3
F2446-0124,C16H14N4OS2
F5652-2114,C17H17N3O3S
F5831-9401,C19H21ClN2O2
F6670-4745,C20H19N5O
F6451-1729,C17H18BrNO2
F6446-1274,C16H20N4OS2
F6562-9302,C20H19N3O3
F3238-0130,C12H18FN3O4S2
F6786-5951,C16H24N4O3S
F6507-8428,C19H18N2O3S
F6440-4304,C20H25N3OS
F3083-0198,C16H24ClN3O2S
F6571-3826,C16H16F3NO3S
F6496-1436,C16H16BrN3O2
F6549-7586,C20H22N6O
F6786-5949,C18H19F3N4O
F1813-1353,C16H9F3N2O3S
F6656-3237,C19H21N5OS
F3394-0055,C20H19NO4S
F5016-1336,C20H23FN4O2
F3385-2770,C23H17FN2O2
F5854-1782,C19H16ClFN2OS
F6559-3801,C19H25N3O3S
F6445-5198,C21H19N3O2S
F6565-4875,C20H22N6O2
F6436-3900,C21H20N2O3S
F6089-9682,C18H27N3O4S
F6506-1229,C21H21NO4S
F5836-0036,C17H12BrN3O3
F6681-3540,C19H22N4O3S
F6556-1144,C15H21BrN2O3S
F6529-0192,C19H23N3O4S
F6806-4759,C19H22N10
F6469-1286,C22H17FN2O2S
F6792-0469,C20H23N7S
F6443-6202,C21H18FN3O2S
F6111-0044,C23H28N2O4
F5655-0156,C20H22N4O3S
F5523-0047,C19H20N4O4S
F6514-2292,C21H26N2O4S
F3366-5213,C24H28N4O2
F5120-0043,C19H22ClN3O3S
F3411-8444,C22H23N3O3S
F2541-0151,C16H14BrFN2O3S
F1821-0847,C22H26N2O4S
F5243-1162,C23H19N3O3S
F6564-5138,C24H29N5O2
F2640-0364,C19H26N4O5S
F8890-3190,C23H24ClN3O3
F6523-0462,C19H23F3N4O2S
F2758-0981,C22H20F3N3O3
F2606-0760,C24H23FN4OS
F6726-5475,C19H24FN5O4S
F5250-0090,C22H25ClN6O2
F0696-5069,C22H29N5O3S
F2516-0201,C23H30N2O5S
F3385-4165,C25H30N4O4
F3398-2678,C23H19ClN6O3
F5653-0016,C17H13BrF3N3O3S
F5120-0057,C23H22ClN3O5S
