# All user editable compound information in the PCDL Manager compounds tab can be imported
# A minimum of formula or mass plus one identifier must be populated for compound import (recommended is formula and at least one other identifier, see examples)
# Multiple synonyms can be entered into the Synonyms column when separated by ';' (e.g. L-Isoleucine; 2-Amino-3-methylvaleric acid)
# All compounds will be assumed to be of a neutral ion type, unless a 1 is entered in the Cation or Anion column
Name,Formula
F0347-1535,C17H19NO
F1250-0183,C14H11ClN2O
F6436-0711,C12H23NO3S
F6793-7686,C14H16FNO3
F6571-2200,C13H19NO3S
F6515-2383,C13H16N6O
F5868-0083,C13H17N5O2
F6617-6576,C15H22N2O3
F2197-0021,C14H9F3O3
F2209-0012,C16H12ClNO2
F6523-4130,C15H14FN3O2
F2382-0099,C14H15N3O4
F6782-0666,C17H17N5
F2879-3193,C14H18N2O5
F6471-5244,C15H16N6O
F6734-1482,C17H19FN4
F6694-9905,C16H20N4O2
F6773-4870,C15H22N6O
F0521-0013,C17H12FN5
F5823-0001,C16H25N3OS
F6549-6349,C14H13F3N4O
F3371-0678,C17H16N2O4
F6246-1589,C13H13F3N4O2
F3179-0386,C13H17FN2O4S
F6660-3666,C14H14N4O3S
F1043-0609,C14H12N2OS3
F6786-6081,C18H19N5O
F6262-1119,C18H17N3O3
F2117-0088,C14H19N3O2S2
F5940-0335,C19H22N2O3
F5001-1328,C17H16N2O3S
F6571-6144,C18H20FN3O2
F6480-6452,C17H18ClN3O2
F6556-3260,C19H28N2O3
F6723-1032,C19H18N4S
F6792-2239,C18H21N7
F6808-5960,C19H16ClN3O
F6549-3938,C16H17F3N4O
F6760-1531,C19H21N3O3
F6805-9102,C20H28N4O
F6524-2688,C14H13F3N4O3
F6245-6440,C16H17N5O2S
F6239-0492,C19H16N6O
F5857-6955,C23H23NO2
F6560-4374,C15H17N5OS2
F6031-0674,C18H21ClN2O3
F6788-9443,C17H23N3O3S
F6436-3099,C19H17N3O2S
F3109-0059,C21H24N2O3
F2055-0243,C20H19FN2OS
F1300-0305,C14H10Cl2N2OS2
F6658-5710,C19H23N3O2S
F6471-6228,C21H17N3OS
F6797-3136,C16H13F2N5OS
F6452-0289,C14H15ClFNO3S2
F6573-1274,C19H20N6O2
F5857-0697,C17H16ClFN2O4
F6795-6486,C17H20F3N5O
F6523-0375,C16H15F4N5O
F5016-1338,C21H30N4O2
F2880-1002,C20H21FN2O4
F6529-0988,C15H17F3N4O2S
F3398-5897,C23H25N3O2
F5319-1433,C21H19N3O4
F5594-0215,C20H34N4OS
F6472-8189,C22H21FN2OS
F6606-1347,C22H27N3O3
F6349-0227,C20H21N3O3S
F6482-5379,C20H17Cl2N3O
F6798-4416,C17H22N8OS
F6178-4392,C19H18Cl2N4O
F6734-0790,C20H24ClN3O3
F2964-1156,C18H15Cl2N3OS
F6609-5832,C19H16F4N4O
F6456-0134,C20H23N7O2
F5033-3661,C21H21N3O3S
F0674-0058,C17H11ClF3N3OS
F2385-0147,C22H26N2O3S
F1081-0025,C23H20N4O3
F5033-3686,C25H26N2O3
F5581-0015,C20H15N5OS2
F6412-1805,C21H20F3NO4
F3320-0410,C23H24FN3O3
F6764-0853,C20H21BrN4O
F2880-3650,C23H30N2O3S
F3406-4561,C21H24ClN3O4
F6680-2525,C19H15F3N4O4
F6727-3615,C21H26N8O2
F5832-4742,C20H31N3O5S
F2373-1768,C23H28N2O6
F6670-5516,C21H23F2N5O3
F6257-4541,C23H26N6O3
F6529-2254,C24H27N3O5
F2696-0407,C18H11Cl2F2N3O2S
F3309-0073,C21H15Cl2FN4O2
F6510-2042,C17H16Cl2FN3O4S
F1790-0051,C18H17BrN2O5S
F2204-0106,C24H22ClN5O3
F2646-0550,C25H20N2O4S2
F0580-0689,C25H17FN4O4S
