# All user editable compound information in the PCDL Manager compounds tab can be imported
# A minimum of formula or mass plus one identifier must be populated for compound import (recommended is formula and at least one other identifier, see examples)
# Multiple synonyms can be entered into the Synonyms column when separated by ';' (e.g. L-Isoleucine; 2-Amino-3-methylvaleric acid)
# All compounds will be assumed to be of a neutral ion type, unless a 1 is entered in the Cation or Anion column
Name,Formula
F5103-0149,C12H13NOS2
F6616-3717,C15H17N3O
F6616-2799,C14H17N3O2
F6549-6579,C11H13N5OS
F3099-6436,C13H14ClNOS
F5852-0120,C14H26N2O3
F2147-9803,C16H23N3O
F5831-7518,C14H15NOS2
F3237-0004,C13H16N2O3S
F6816-2780,C14H13N5O2
F6773-2835,C14H14N4OS
F6524-5749,C11H11F3N4O2
F6609-5875,C14H15FN4O2
F6616-7884,C12H12BrN3O
F5937-0207,C17H17N3O2
F1757-0495,C18H19NO3
F5831-2721,C18H18FNO2
F0910-0684,C18H20FNO2
F6733-1649,C16H22FN5
F6451-1528,C16H16F2N2O2
F0020-1328,C13H16BrN3O
F6573-9566,C15H13N5OS
F2516-0126,C17H15NO3S
F3099-7587,C15H19Cl2NO2
F6559-3267,C14H12ClN5O2
F6619-4457,C16H26N6O
F6760-2331,C19H20N4O
F6443-8208,C18H18N4O2
F6445-1605,C17H16N4OS
F6438-1429,C18H23N5O
F6514-6813,C16H17N5OS
F6454-0226,C18H24N4O2
F2774-1743,C21H15FN2O
F6514-3023,C13H11F3N2O3S
F6441-4794,C18H23NO3S
F6482-6632,C18H13N3O2S
F1899-0705,C20H20N2OS
F6752-4376,C15H23N5O2S
F3393-0035,C17H13N3OS2
F5868-0521,C17H16N4O2S
F6507-8408,C19H19NO5
F6560-4842,C17H19FN6O
F6400-0005,C19H25N3OS
F6571-3316,C15H20ClNO4S
F5624-0435,C17H19ClN4O2
F6481-1515,C18H22FN3OS
F6677-3817,C13H12BrN5S
F2376-0737,C18H14N4O4
F2711-0397,C21H25N3O2
F6796-3310,C18H16FN5O2
F1589-0447,C19H14ClNO4
F6420-0994,C20H24N2O2S
F0630-1631,C19H19FN2O2S
F6799-8676,C16H16N4O2S2
F6516-1191,C15H11BrN2O2S
F5106-0033,C21H21N3O3
F5328-0040,C18H23NO3S2
F6597-0587,C22H26N2O3
F6439-1973,C19H20N4O2S
F6419-0068,C16H16Cl2N2O4
F3320-0741,C23H21N3O2
F5860-2805,C17H19N5OS2
F3222-0453,C12H10BrNO4S2
F6529-0494,C18H24N4O3S
F6516-0969,C18H13F3N2O4
F6549-1382,C20H21N5OS
F6764-0819,C18H16BrN5
F6617-2970,C22H18N6O
F6454-0830,C15H20ClF3N2O2S
F3406-4559,C21H24FN3O3
F6495-3963,C21H17N5OS
F2318-0468,C20H20N8O
F6438-0295,C15H17F3N4O3S
F6411-1014,C22H21N3O4
F3097-1445,C18H20BrNO4
F6473-1466,C18H26N4O2S2
F6252-7939,C17H12ClF3N4O2
F6438-3723,C19H23N7OS
F6673-9362,C20H22ClN5S
F6734-0214,C20H18F3N5O
F6605-0292,C21H21N7O2
F6556-0851,C18H18N2O5S2
F5490-0594,C21H20N4O5
F6506-4968,C20H30N2O5S
F2696-0778,C21H20FN3O3S
F5607-0170,C17H17BrN6O2
F5097-2322,C22H27ClN2O4
F6448-1163,C18H17F6N3O2
F1174-3190,C19H21ClN2O3S2
F0674-0090,C21H21N3O3S2
F3406-5642,C18H18ClF3N4OS
F5033-7783,C20H21BrFN3O2
F3382-7658,C23H20N2O5S
F3411-1062,C22H21N3O3S2
F5014-0149,C22H17F3N4O3
F2282-0126,C22H24FN3O4S
F3411-4060,C22H20F4N4O2
F2255-1188,C27H25FN4O2
F2697-0212,C27H28N6O2
F2815-0692,C21H21ClFN3O3S2
