# All user editable compound information in the PCDL Manager compounds tab can be imported
# A minimum of formula or mass plus one identifier must be populated for compound import (recommended is formula and at least one other identifier, see examples)
# Multiple synonyms can be entered into the Synonyms column when separated by ';' (e.g. L-Isoleucine; 2-Amino-3-methylvaleric acid)
# All compounds will be assumed to be of a neutral ion type, unless a 1 is entered in the Cation or Anion column
Name,Formula
F6279-0427,C15H25NO2
F6573-9021,C15H16N2O2
F6544-0542,C13H13FN4O
F6608-0744,C10H11F3N2OS
F6545-0132,C11H13BrN2O
F5490-1348,C15H17N3O2
F6523-1606,C14H18N4O2
F2147-1647,C15H19NO4
F5964-0253,C15H24N2O3
F0903-0279,C11H9BrO4
F6525-2943,C15H18N4O2
F6744-6577,C15H20N4S
F6808-6091,C20H22N2
F3230-0052,C14H19N3O2S
F0856-0180,C13H13ClN2O2S
F6356-0493,C13H12Cl2N2O2
F1018-0437,C14H9BrN2O
F6520-1568,C15H14N2O3S
F6760-6072,C16H17FN2O3
F6609-4514,C13H13N3O2S2
F6675-6999,C14H14F3N5
F6725-2064,C14H16F3N5
F6562-6135,C14H23N3OS2
F6279-0335,C18H21NO2S
F6480-6514,C16H19N3O2S
F2365-0795,C15H17N3O3S
F6660-6508,C14H15N3O4S
F6559-1517,C11H12BrF2NOS
F6412-1555,C19H20N2O3
F6502-0106,C17H15ClN4O
F6797-2808,C17H18FN5O
F6412-1343,C18H16ClNO3
F6454-0578,C16H21F3N2O2
F6481-3770,C17H20N2O3S
F5831-8027,C18H27N3O3
F6480-4970,C15H18ClN5O2
F6555-0752,C18H20N6O
F6525-0270,C15H16Cl2N4O
F6436-0966,C15H21N3O2S2
F6753-2787,C17H22ClFN2O2
F5834-4771,C19H20FN3O2
F0737-0355,C13H7Cl2NO2S2
F5854-0613,C18H14ClFN2O2
F6539-2818,C14H23N3O3S2
F6570-2967,C17H22N4O2S
F1907-8996,C22H25N3O
F3406-7276,C17H17ClFN3O2
F2032-0066,C21H22N2OS
F2651-0126,C18H16N4O2S
F6196-0287,C20H23N3O3
F6514-1910,C16H16F3N3O3
F6577-1921,C14H16ClN3O4S
F5078-0035,C18H22N4O4
F6619-5907,C17H15F3N6
F6353-3091,C19H20ClFN2O2
F6359-5053,C17H21BrN2O2
F6734-1412,C19H19F4N3
F6374-1322,C17H19ClFN3OS
F6440-4563,C20H24N4O3
F6517-5132,C20H19FN2O2S
F6244-2961,C18H17BrN2O2
F3406-8082,C21H19N5O2
F2562-0473,C21H17N3O2S
F6442-6389,C21H32N2O4
F6619-2990,C15H21F3N4O2S
F6429-0391,C21H25N5O2
F6439-4809,C17H15F4N5O
F6523-0786,C20H26N6O2
F6245-1872,C17H19F3N4O3
F6471-6102,C20H19ClN2O2S
F6559-3667,C19H19F2N5O2
F6524-2236,C18H16ClN3O3S
F2267-0400,C18H22N4O4S
F6252-3263,C22H25N5O2
F3398-4857,C22H19NO6
F6244-2948,C27H26N2O
F6562-1019,C21H21ClN4O2
F6443-8310,C19H15ClN4O2S
F5226-0084,C21H25N3O5
F0910-0920,C19H15ClN2O6
F5854-5961,C21H19F3N2OS
F2669-0134,C20H26N2O5S
F2605-0195,C16H13BrFN3O2S
F1174-0393,C21H21N3O2S2
F3406-7744,C22H28FN5O2
F5725-0015,C22H20N6O3
F1899-0864,C20H16F3N3O2S
F5591-0040,C23H27N5O3
F2811-0074,C23H24N2O6
F2302-0154,C26H25N3O3
F6497-7622,C22H27FN4O2S
F6548-1320,C23H23N5O4
F6795-1281,C23H28N6OS
F6441-7050,C17H21BrN4O3S
F6411-2066,C23H30N4O5
F6444-0760,C26H31N5O2
F3349-0010,C20H23N3O5S2
F0375-0351,C24H17N3O3S2
F0541-1152,C27H25N3O3S
F6548-4228,C24H25N3O6S
