# All user editable compound information in the PCDL Manager compounds tab can be imported
# A minimum of formula or mass plus one identifier must be populated for compound import (recommended is formula and at least one other identifier, see examples)
# Multiple synonyms can be entered into the Synonyms column when separated by ';' (e.g. L-Isoleucine; 2-Amino-3-methylvaleric acid)
# All compounds will be assumed to be of a neutral ion type, unless a 1 is entered in the Cation or Anion column
Name,Formula
F6194-0016,C12H14N2O4
F3386-2950,C12H17NO3S
F6363-0181,C13H13N3O3
F1913-1935,C15H22N2O2
F6127-0215,C13H18N2O4
F6553-8796,C11H18N4O2S
F6201-0089,C16H19NO3
F6543-4930,C15H20N2O3
F6482-2348,C14H21N3O3
F6616-3111,C13H18BrNO
F3316-0128,C17H23N3O
F6363-0515,C15H21N5O
F3162-0068,C16H10N4O2
F2416-0931,C15H20N2O4
F2491-0059,C16H13N3O3
F3250-0600,C16H15N3O3
F6559-1456,C15H19F2NOS
F0674-0069,C16H19N3OS
F6064-1532,C14H17N5O3
F2674-0187,C15H15ClN2O3
F2135-0860,C13H20N6OS
F6808-5403,C16H30N4O2
F6805-5237,C17H24N6
F6502-1266,C16H22N6O
F6814-6714,C17H24N4O2
F6709-0468,C16H22N4OS
F6374-1427,C15H20N4O2S
F3367-0117,C19H15FN2O2
F6752-3531,C13H17BrN4O
F6554-0634,C17H19N5O2
F6507-8482,C18H17NO3S
F6560-4110,C17H20N4O3
F2276-0417,C17H15FN2O4
F6502-9068,C18H25N3OS
F6491-1906,C16H19N3O3S
F6559-6101,C10H10BrNO3S2
F2493-0128,C19H16N2O4
F6312-0061,C19H19N3O3
F2266-0133,C21H26N2O2
F3329-0321,C16H13ClN6O
F6524-5566,C16H15N5O4
F6571-5710,C19H22N2O2S
F6125-0713,C18H21N3O4
F6562-8217,C17H16BrNO2
F6435-0870,C17H18N2O4S
F6481-3735,C17H21N3O3S
F6564-5208,C19H20N6O
F9995-2713,C15H15ClN4O2S
F6658-6064,C17H25N3O3S
F6809-4177,C15H14F3N5O2
F6454-0500,C20H26N4O2
F6561-8178,C17H19F3N2O3
F6089-9850,C16H20Cl2N2O3
F5860-2319,C23H25N3O
F6796-3687,C19H19N7O
F6356-1108,C22H21NO2S
F6519-7871,C17H14F3N3OS
F6752-3807,C16H20F2N6O2
F2393-0357,C17H21FN2O2S2
F5478-0011,C19H23N5O3
F6497-1933,C19H21N3O3S
F6471-9089,C17H15N3O5S
F5295-0112,C20H26N2O3S
F5791-0834,C19H16N6O3
F2086-0330,C20H31N3O4
F1602-0542,C20H18ClN5O
F6359-5432,C23H28N2O3
F6472-0743,C21H22N2O3S
F5016-0372,C23H33N3O2
F6524-3948,C22H19N5O2
F6471-9326,C16H16F3N3O3S
F6573-8371,C19H21FN4O4
F5097-1394,C18H19BrN2O3
F6560-5156,C17H21N5O4S
F2319-0164,C18H28N6O2S
F3225-6426,C25H18N2O3
F5782-0406,C23H26FN3O2
F6678-8487,C21H23N3O3S
F3283-0315,C20H18FN3O3S
F6481-0940,C19H20ClN5OS
F5016-0375,C21H23ClFN3O2
F6559-3639,C21H25F2N3O3
F3382-3857,C21H17ClN4O3
F2721-0220,C20H21F3N2O4
F6442-0454,C17H16FNO6S2
F6560-8196,C23H21N5O3
F3406-4930,C20H23ClN4O2S
F6672-0643,C19H21BrClN3O
F6424-0236,C23H25N3O5
F3129-0026,C24H30N2O3S
F2490-0372,C23H23N7O2
F6727-2365,C22H21FN8O
F0655-0725,C25H29N3O2S
F3365-8285,C27H26N4O2
F1249-0302,C18H20BrFN2O3S
F6359-5001,C17H24BrN3O4S
F5949-0192,C19H18Cl2N6OS
F3395-1053,C17H25ClF3N5O2S
F3216-0322,C27H21N3O5
F3382-6312,C25H26ClN5O3
