# All user editable compound information in the PCDL Manager compounds tab can be imported
# A minimum of formula or mass plus one identifier must be populated for compound import (recommended is formula and at least one other identifier, see examples)
# Multiple synonyms can be entered into the Synonyms column when separated by ';' (e.g. L-Isoleucine; 2-Amino-3-methylvaleric acid)
# All compounds will be assumed to be of a neutral ion type, unless a 1 is entered in the Cation or Anion column
Name,Formula
F6782-5878,C11H14N2O3S
F6360-9418,C13H14N4O2
F0870-0067,C13H8Cl2N2
F6561-3685,C18H19NO
F5857-5750,C17H19NO2
F6608-1735,C10H12BrNOS
F6540-9796,C11H9BrN4
F6416-8947,C14H14ClNO3
F1170-0142,C13H18N2O3S
F6435-1905,C15H15N3OS
F6524-4274,C15H17N3O3
F2145-0373,C15H19N3OS
F1360-0620,C12H12N4OS2
F6495-1814,C17H18N4O
F6031-1314,C16H22F2N2O
F6400-0476,C16H30N2OS
F5865-0193,C12H7ClF3N3O
F6506-0529,C15H13NO4S
F0521-0319,C17H15N5O
F6481-3481,C14H16N2O2S2
F6799-8557,C13H13F3N6
F2189-1028,C15H21ClN2O3
F1670-0114,C18H19ClN2O
F6773-2817,C14H16N6OS
F2829-0711,C16H18N2O3S
F5854-4612,C16H17ClN2OS
F1886-0293,C19H23N5
F6556-5759,C16H22ClN3O2
F6451-0368,C14H19N3O4S
F6619-3086,C18H22N4O2
F5791-1361,C16H16N4O2S
F6743-9184,C16H22F3N3O
F6808-5816,C18H16F3N3
F6036-1405,C15H16BrN3O
F6564-7740,C19H18N4O2
F8890-7380,C14H13ClN4O2S
F6442-1915,C15H19N3O4S
F6014-0016,C20H19FN2O2
F6600-2474,C15H25N5O2S
F6574-1601,C17H15N3OS2
F3385-0824,C19H18O6
F6695-9686,C17H18ClN5O
F6556-3243,C19H24N2O2S
F6558-0336,C19H27N3O3
F6374-1744,C18H21NO2S2
F6524-5464,C18H16N6O2
F6549-3089,C16H23N5O2S
F6359-3323,C17H16F3N3O2
F6108-0173,C22H28N2O2
F3230-0308,C12H26N4O4S2
F6560-4261,C15H18Cl2N4O2
F6814-3369,C19H21F2N5
F0327-0033,C18H21N3O3S
F2368-0889,C18H14F3N3O2
F6471-6324,C17H12F3N3OS
F6727-5084,C21H24N4O2
F2543-0504,C19H18N4O2S
F5860-4092,C21H25N3O3
F6783-8637,C17H16FN7O2
F6472-7725,C18H18BrN3O
F6349-0372,C19H24N4O2S
F3222-4825,C18H22N4OS2
F6515-1341,C18H14Cl2N2O3
F3129-0006,C20H19N5O3
F6448-1575,C16H18BrN3O3
F6681-9486,C20H20N4O4
F2794-0032,C17H16ClFN2O3S
F6761-2917,C20H21N3O5
F1374-1616,C20H17ClFN3O2
F6556-6545,C17H30N4O2S2
F6539-3517,C20H15F3N2O3
F6678-8474,C22H20FN5O
F2883-0579,C18H18ClN3O3S
F6524-6112,C19H24N2O5S
F6237-4234,C17H11BrN6O
F6685-8645,C19H20F3N3O3
F6446-1218,C18H21Cl2N3OS
F3395-0439,C19H25F3N4O2
F3394-0965,C22H28N2O3S
F6286-0514,C15H13BrF3N3O2
F0696-1640,C20H15N5O5
F3394-1373,C23H25N3O2S
F6476-1303,C17H16BrClN2O3
F3406-4478,C21H21ClN4O3
F6064-1586,C16H12F3N3O3S2
F6440-2969,C21H27N3O4S
F6474-0438,C20H24N2O6S
F5772-8653,C19H16F3N3O3S
F3406-2127,C19H23ClN2O3S2
F6294-0531,C20H20BrN3OS
F6444-0786,C27H33N3O2
F6411-5053,C21H19ClFNO4S
F2966-0344,C22H18N2O4S2
F6442-0211,C23H17F2NO4S
F5190-0909,C22H24N2O4S2
F2323-0267,C23H18ClN5O3
F3195-0035,C26H32N2O3S
F0818-0004,C25H24N2O5S
F2573-0467,C27H29FN4O3
F2692-0452,C24H22F3N3O3S
