# All user editable compound information in the PCDL Manager compounds tab can be imported
# A minimum of formula or mass plus one identifier must be populated for compound import (recommended is formula and at least one other identifier, see examples)
# Multiple synonyms can be entered into the Synonyms column when separated by ';' (e.g. L-Isoleucine; 2-Amino-3-methylvaleric acid)
# All compounds will be assumed to be of a neutral ion type, unless a 1 is entered in the Cation or Anion column
Name,Formula
F6804-8581,C10H13F3N2S
F2148-2729,C12H11F2NO3
F6616-7370,C13H13N3OS
F2416-0066,C14H18N2O3
F6709-4878,C15H14N4O
F6543-4794,C15H14N2O3
F6752-7866,C13H15N5O2
F0630-0014,C15H20N2OS
F6561-1747,C15H21NO4
F6210-0059,C10H10BrN3O2
F6604-7052,C15H19N5O
F6597-0808,C16H21N3O2
F1670-0171,C15H12Cl2N2
F6559-3359,C12H16N6O3
F3406-8599,C16H13N3OS
F6554-2281,C14H19NO4S
F6230-0164,C16H14FN3O2
F1065-0561,C17H19NO2S
F6709-4578,C15H17N3O4
F6755-7677,C13H11ClN4OS
F6464-0580,C16H21ClN2O2
F5831-6604,C16H26N2O2S
F6722-3302,C19H24N2O2
F6597-0689,C17H22N4O2
F6658-6199,C15H20N6O2
F6216-0255,C17H22N2O2S
F6562-8205,C18H16N4O2
F5954-0043,C16H14N6S
F1358-0275,C12H9BrN2O2S
F1916-0254,C18H19N3O3
F6514-3021,C14H12F3N3O3
F6802-7659,C15H19F3N4O
F6438-3027,C15H14N4O3S
F6564-7938,C16H21N5O3
F6473-7357,C16H19N3O3S
F6753-0982,C18H26N2O4
F6555-0976,C15H17FN4O2S
F6814-3171,C17H21F2N3S
F6472-8036,C21H23FN2O
F5857-7810,C15H14F2N2O3S
F1318-0172,C16H21Cl2N3O
F5855-0751,C19H19FN2O3
F6523-4410,C17H21N5OS
F6488-0486,C12H12ClN3O3S2
F6571-0035,C16H18N4OS2
F6677-1308,C17H21N3O3S
F6791-3957,C17H24N4O2S
F6515-4812,C13H13F3N2O2S2
F6178-5649,C20H21N3O3
F6476-2892,C16H14F3N3O3
F1403-0024,C22H26O4
F5596-0115,C18H17FN4O3
F6524-2693,C14H13F3N4O2S
F6753-2042,C20H23F2N3O
F6495-4200,C20H19N5O2
F5857-0516,C19H22ClNO4
F5854-2407,C18H14F3NO2S
F0196-1319,C21H22N2O4
F3385-5932,C20H17ClN2O3
F6812-1670,C21H19N7
F1806-0017,C18H21N5S2
F3406-0290,C14H16ClN3O5S
F2373-0261,C23H22N2O3
F6415-1163,C22H20N2O2S
F6471-2647,C24H27NO3
F6428-0224,C19H17N5O2S
F6597-5631,C18H23F3N6
F6473-0796,C20H19FN4OS
F6658-5526,C22H26FN3O2
F6573-4873,C20H23N3O3S
F6521-9105,C17H16F3NO4S
F6448-1844,C22H20N4O3
F5017-1986,C14H19BrN2O4S
F5689-1074,C18H16F3N5O2
F6474-3676,C24H25FN2O2
F6178-2182,C18H23ClN4O2S
F6539-2257,C19H29N3O4S
F6560-1446,C19H19N5O5
F6523-3746,C19H17N3O5S
F2881-0382,C20H17ClFN3O3
F6443-6218,C23H21N3O2S
F3411-6585,C22H23N5O3
F6539-2565,C15H22Cl2N4O3S
F6788-7422,C21H22N4O3S
F6556-0834,C16H16BrNO3S2
F6802-8109,C19H24F3N3O2S
F6454-1369,C17H18F4N4O2S
F6775-2499,C23H28N6O2
F3394-0032,C23H25N3O3S
F6294-0734,C22H26N4O3S
F5040-0654,C23H20FN7O
F3398-5452,C24H24N4O2S
F2271-0525,C22H24F3N3O3
F2074-0784,C24H27ClN4O2
F6496-2790,C27H27N3O3
F6608-3733,C26H32N6O
F5669-1513,C24H29N7O2
F0594-2581,C19H16F3N3O5S
F3222-1562,C21H18BrN5O3
F0641-0042,C24H21N3O6S
