# All user editable compound information in the PCDL Manager compounds tab can be imported
# A minimum of formula or mass plus one identifier must be populated for compound import (recommended is formula and at least one other identifier, see examples)
# Multiple synonyms can be entered into the Synonyms column when separated by ';' (e.g. L-Isoleucine; 2-Amino-3-methylvaleric acid)
# All compounds will be assumed to be of a neutral ion type, unless a 1 is entered in the Cation or Anion column
Name,Formula
F6540-0667,C14H22N2O2
F0472-0024,C16H17NO2
F5302-0163,C14H17N3O2
F2158-1754,C12H13N3O2S
F6617-2124,C10H10BrN3O
F6617-2391,C15H18N4O
F6451-1784,C17H23NO2
F6677-6730,C11H10F3NO2S
F5831-2652,C13H16N2OS2
F6437-0039,C12H17N3O3S
F2348-0230,C15H14N2O2S
F6530-6141,C13H12N4O2S
F6516-0474,C15H18N2O2S
F1907-0367,C15H24N4O2
F5882-5620,C18H17NO3
F8890-6497,C15H15N5O2
F2879-3059,C16H17N3O3
F6494-0837,C16H19N3O3
F6448-1239,C16H21N3O3
F6524-1135,C14H15FN4O3
F6809-2311,C19H24N4
F6743-9706,C13H17N3O2S2
F3316-0237,C13H16ClN3O2S
F5913-0271,C15H13N3O3S
F1224-0018,C13H20BrNO3
F6560-4164,C17H23FN4O
F6353-5750,C17H24N2O2S
F6806-7241,C16H22N2O3S
F6445-6638,C18H16N2O2S
F6554-0009,C19H23N3O2
F6805-9066,C18H18ClN3O
F6386-0367,C19H24N2O3
F6444-6315,C16H18N4O2S
F6660-0716,C13H8N4O3S2
F5831-8911,C17H20FN3OS
F6516-0786,C16H14FNO4S
F6525-4709,C15H20N4O3S
F6439-6978,C18H19N5O2
F6442-0026,C15H14FNO3S2
F6564-3093,C17H16N4O2S
F6403-0710,C18H19N3O2S
F5475-0124,C20H20F2N2O
F2880-0937,C19H22FN3O2
F6440-1942,C14H14F3N3O2S
F6472-7895,C18H19FN2O2S
F6755-7304,C16H21N5O2S
F6244-0577,C23H28N2O
F6574-1791,C17H14N6OS
F6787-1086,C18H21N7O
F6420-0684,C18H24ClNO2S
F5772-9277,C15H9F4N3OS
F1914-0820,C15H24N4O4S
F3294-0087,C19H19ClN2O3
F1899-0930,C18H14ClFN2OS
F6360-9447,C19H27N3O4
F5040-0133,C20H18FN5O
F6441-4070,C16H19N3O5S
F6524-1694,C19H22N6O2
F6523-3259,C19H17FN4O3
F2666-0029,C18H15BrN2O2
F2548-0075,C24H21NO3
F3244-0026,C20H14F3NO3
F6451-2087,C24H26N2O2
F6514-8849,C21H20N4O3
F6438-1651,C16H19BrN4O2
F3248-0691,C22H21NO5
F6436-3692,C14H14F3NO4S2
F3358-0045,C20H22N4O2S
F6184-1039,C17H21ClN2O2S2
F6525-7990,C17H22F3N5O2
F0685-0139,C19H21N3O2S2
F6504-1369,C18H24N6O2S
F5530-0948,C21H15ClN4O2
F5264-0251,C20H23ClFN3O2
F6539-2198,C13H20BrN3O4S
F5855-0798,C21H22N4O2S
F3309-3407,C17H17ClN2O3S2
F6478-4024,C17H24FN5O3S
F6597-2511,C18H20F3N3O2S
F6476-3890,C21H18F3N3O2
F3083-0144,C21H26ClN3O3
F5854-0981,C19H16Cl2N2O2S
F1016-0824,C18H24N4O3S2
F0577-0016,C22H26N4O2S
F6445-0757,C21H20ClN3O2S
F6442-8173,C26H29N3O2
F3318-0544,C21H26N2O5S
F2347-0847,C22H19N3O4S
F6436-2751,C18H18BrFN2O2S
F6523-2362,C20H18ClN5O2S
F0882-2245,C18H15ClN6O3S
F2696-0555,C20H17Cl2N3O2S
F6435-8853,C20H21ClN2O5S
F6510-1940,C19H19ClFN3O4S
F1821-0593,C23H23ClN2O3S
F6529-3458,C19H22F3N3O4S
F6372-1448,C24H21ClN4O3
F2393-0698,C24H28N2O3S2
F3406-6402,C25H26ClFN4O2
F5772-6166,C24H28N6O3S
