# All user editable compound information in the PCDL Manager compounds tab can be imported
# A minimum of formula or mass plus one identifier must be populated for compound import (recommended is formula and at least one other identifier, see examples)
# Multiple synonyms can be entered into the Synonyms column when separated by ';' (e.g. L-Isoleucine; 2-Amino-3-methylvaleric acid)
# All compounds will be assumed to be of a neutral ion type, unless a 1 is entered in the Cation or Anion column
Name,Formula
F1059-0002,C15H11NOS
F6573-5165,C14H15N3O2
F6512-1231,C13H15N3OS
F6514-6973,C14H24N4O
F2197-4590,C14H24N2O3
F5860-4766,C9H15F3N2O2S
F6724-2805,C14H14FN3O2
F1936-0008,C18H14O3
F6123-0071,C14H19NO5
F1143-0641,C14H18F2N2O2
F6502-5938,C13H10ClN5O
F6609-4004,C15H15NO3S
F1907-9090,C13H16F3NO3
F6512-0563,C15H10N4OS
F6672-1567,C14H20N2O3S
F6559-2488,C14H14N6O2
F5600-0047,C15H16N4O3
F6036-1374,C15H18N4O3
F1374-0952,C13H8ClN3O2S
F2740-0388,C18H17N3O2
F6559-1716,C17H28FN3O
F3222-2535,C15H9ClN4O2
F0719-0222,C20H27NO2
F6561-2414,C19H25NO3
F6808-5919,C19H19N5
F6660-0353,C17H19F2N3O
F6482-6041,C17H15N5O2
F6524-5769,C14H12F3N5O
F6478-1777,C13H16BrN3O2
F6793-7166,C15H17F3N4O
F0193-0206,C14H14Cl2N2OS
F6609-1763,C18H19NO5
F6445-7138,C15H13N3O4S
F6441-5520,C18H24N2O2S
F6554-2295,C16H18N2O4S
F6604-1309,C16H17N9
F6480-4944,C15H16ClN3O2S
F5228-0839,C18H15FN4O2
F6760-5542,C19H18FN3O2
F3084-0107,C20H24N2OS
F6560-4329,C12H15BrN4OS
F6517-4341,C16H16F3NO2S
F6753-2020,C15H19ClF2N4O
F6561-7884,C18H23N3O2S
F5882-1773,C16H11Cl2N3O2
F6495-2620,C16H17ClN4O3
F6521-9417,C19H18F3NO2
F6609-3628,C17H15Cl2NO3
F6806-6766,C15H18F2N6O2
F6469-0982,C19H18N2OS2
F5854-2136,C16H25N3O4S
F0613-0200,C18H19N3O3S
F6553-7320,C14H18ClN3O2S2
F6656-2809,C19H28N4O3
F3375-2915,C21H22N4O2
F3411-6918,C20H20N4OS
F3365-7373,C22H27N3O2
F6475-7139,C20H21N3O2S
F6773-4198,C15H14F3N5OS
F6671-3075,C19H23ClN6
F6439-1486,C16H19F3N4OS
F6571-2840,C14H19BrN2O3S
F6192-0185,C23H21NO4
F1560-0584,C17H19N3O5S
F6473-8744,C21H22N4O3
F6374-3559,C18H24N2OS3
F6469-2585,C17H19N9O2
F6524-4281,C20H18FN3O2S
F5831-9422,C22H28N2O4
F2043-0436,C17H26N2O4S2
F5040-0274,C23H25N5O
F6169-0263,C19H15N7O3
F5088-2885,C21H22N6O2
F6441-7831,C15H21FN2O5S2
F6708-9692,C20H22F3N3O2
F6524-2225,C20H17N3O4S
F5016-1370,C21H24N4O4
F2514-0380,C21H17F3N4O
F6481-0849,C21H21ClN2O2S
F6474-3296,C23H19FN4O2
F6713-7345,C21H21FN8
F3407-0316,C17H17N3O5S2
F6539-2261,C16H22F3N3O4S
F6178-3323,C23H29N3O2S
F5560-0131,C19H22N6O3S
F6517-2230,C21H23NO2S3
F6529-2842,C24H25N3O4
F5110-0086,C19H23FN4O4S
F6125-2094,C22H20FN3O3S
F6372-2298,C24H20N4O2S
F2572-0109,C21H22ClN3O5
F3406-9953,C23H22N4O3S
F5499-0101,C18H23N5O6S
F2874-0115,C22H24N4O4S
F3407-2740,C26H25N3O2S
F2725-0718,C21H26N4O5S
F2018-1300,C20H23FN4O3S2
F2204-0568,C25H24FN5O3
F3382-6387,C22H23ClN4O4S
F3228-0091,C28H22O8
