# All user editable compound information in the PCDL Manager compounds tab can be imported
# A minimum of formula or mass plus one identifier must be populated for compound import (recommended is formula and at least one other identifier, see examples)
# Multiple synonyms can be entered into the Synonyms column when separated by ';' (e.g. L-Isoleucine; 2-Amino-3-methylvaleric acid)
# All compounds will be assumed to be of a neutral ion type, unless a 1 is entered in the Cation or Anion column
Name,Formula
F6788-8808,C11H15ClN4O
F6515-1076,C15H18N2O2
F3098-3630,C13H14N2O2S
F6492-0091,C14H23N3O2
F6571-1868,C14H23NO4
F6516-0539,C14H11NO3S
F0915-3021,C14H13FN2OS
F1727-0257,C13H14ClN3O2
F6230-0268,C15H14N4O2
F6556-2781,C13H19NO4S
F5302-0168,C15H17N3O3
F6795-1532,C14H16FN5O
F0196-0932,C18H12O4
F6437-0156,C14H22N4OS
F6395-4304,C16H28N2O3
F6573-2618,C12H14ClN3O2S
F6760-5377,C15H12FN3OS
F5857-6277,C13H18ClNO3S
F1709-0009,C15H19N3O4
F6481-4298,C13H16N4OS2
F6451-2134,C18H18N2O3
F2554-0225,C18H20N2OS
F5857-6815,C15H17F3N2O2
F5854-2068,C17H20N2O2S
F3145-0765,C16H18N2O3S
F6439-5500,C15H11F3N4O
F6562-5351,C12H11BrN4O2
F6673-9394,C15H22ClN5O
F6471-5824,C14H14F3N5O
F5033-0851,C20H26N2O2
F6685-9079,C17H17ClN4O
F5626-0059,C17H23N5O2
F6489-0741,C17H18FN3O3
F2890-0188,C16H15NO5S
F6675-9222,C19H18N4O2
F1443-7165,C15H16N2O3S2
F6678-8877,C15H14F3N5O
F6502-1239,C17H18N6O2
F6617-4406,C21H25NO3
F6495-9331,C18H13ClFN3O
F6502-7733,C17H18N4O2S
F6525-5783,C17H15F2N5O
F6485-0439,C18H21FN4O2
F3395-0105,C19H31N5O
F6480-1506,C17H18ClN3O3
F6549-1797,C15H20N6O2S
F5865-0314,C18H19N7O
F6529-6543,C16H21N3O4S
F3406-7202,C14H13BrFN3O2
F6658-4663,C17H18N6O3
F1609-0872,C19H17ClN2O3
F6244-2778,C23H23N3O
F6617-6846,C17H18FN5O3
F6561-6589,C17H14F3N5O
F6064-4816,C18H13N5O2S
F6791-7961,C20H24N6O
F6475-6363,C18H17F3N2O3
F6257-6737,C20H25N5O2
F6416-5617,C21H23NO3S
F6708-8401,C18H17N3O2S2
F5559-0040,C21H20N6O
F5190-0173,C19H22N2O4S
F0838-0496,C19H18Cl2N2O2
F6787-1095,C17H23N5O3S
F6709-0100,C17H19BrFN3O
F5854-4932,C22H24N2O2S
F3290-0167,C18H14F4N2OS
F6573-1755,C19H21N5O4
F6412-1270,C21H20ClNO4
F6485-0430,C20H26N4O4
F6411-1648,C19H15F3N4O2
F5476-0575,C23H23N3O3
F6764-4146,C17H18ClN5O2S
F6573-2813,C18H24N4O4S
F6441-4258,C17H18N2O5S2
F6378-0306,C18H25N3O5S
F6478-3193,C17H17F2N3O4S
F6658-3415,C20H26N6O3
F6560-8050,C24H24N4O2
F6539-2215,C15H22BrN3O3S
F6374-1735,C21H24FNO2S2
F6687-5156,C21H24F3N3O2
F6476-1608,C16H19BrN4O4
F2617-1914,C22H21FN2O5
F6416-5788,C18H16F3NO5S
F5528-1604,C23H23N5O3
F6111-2231,C24H24N2O3S
F5913-0474,C20H17N5O4S
F5313-0882,C20H16ClFN6O2
F6478-3769,C18H18F3N3O4S
F6612-0031,C19H21BrN4O3
F5497-0106,C19H21N3O5S2
F6514-4246,C19H17F3N4O3S
F2639-0181,C25H19N3O3S
F5190-1865,C20H23F3N2O4S
F3398-3672,C23H21N5O3S
F3398-0630,C23H20ClN3O3S
F3395-0351,C22H27F3N6O2
F2737-0027,C25H23N3O3S2
F2323-1258,C27H28ClN5O2
