# All user editable compound information in the PCDL Manager compounds tab can be imported
# A minimum of formula or mass plus one identifier must be populated for compound import (recommended is formula and at least one other identifier, see examples)
# Multiple synonyms can be entered into the Synonyms column when separated by ';' (e.g. L-Isoleucine; 2-Amino-3-methylvaleric acid)
# All compounds will be assumed to be of a neutral ion type, unless a 1 is entered in the Cation or Anion column
Name,Formula
F3385-3911,C15H11NO3
F6609-7117,C14H15N3O2
F6755-2222,C13H15N3OS
F2890-0163,C12H11NO4S
F6541-5855,C10H12BrN3O
F6543-4824,C15H13FN2O2
F6540-3276,C14H17N3OS
F5847-0169,C17H14N2O2
F6816-3568,C14H15N7
F5791-2451,C14H16N6O
F6481-3967,C12H17NO3S2
F6200-1058,C16H16ClNO2
F6702-2060,C13H17N5OS
F6451-3629,C14H15ClN2O3
F5139-0409,C14H20N2O3S
F6723-2137,C16H15FN4O
F5860-4566,C17H17FN2O2
F6681-9444,C15H18N4O3
F6237-2299,C10H7ClF3N5O
F6258-0042,C18H17N3O2
F8890-0684,C12H8F2N4O2S
F6745-0552,C13H14ClFN4S
F0537-5322,C11H11BrN2O2S
F6748-6472,C18H25N3O2
F6808-7757,C17H23N3O3
F2199-0557,C17H17N7
F6685-9111,C16H20ClN3O2
F1827-0059,C15H18ClN3O3
F3386-1371,C15H16ClNO3S
F6252-9222,C17H18N4O3
F5857-9672,C14H14Cl2N2O3
F3305-0542,C18H20ClN3O
F6520-0032,C17H17NO2S2
F6808-6087,C18H24N2O2S
F6550-6677,C16H16ClFN4O
F6487-0592,C20H21N3O2
F6571-6157,C16H20BrNO2
F6443-7642,C18H18N4OS
F6793-5457,C16H22FN3O2S
F6564-5201,C17H20N6O2
F0651-0053,C17H15BrN2O
F6524-2617,C13H12F3N5O3
F2073-0613,C20H16N4O2
F6485-2064,C18H23N3O2S
F3394-0111,C17H14ClNO3S
F0650-0095,C19H16N4OS
F3386-2678,C18H23NO4S
F6522-1165,C17H12F3NO2S
F6619-5775,C17H19F3N4O
F2083-0257,C18H15FN4OS
F6125-0882,C18H21N5O3
F3371-0663,C20H15N5O2
F6436-3367,C15H15F2NO5S
F0326-1065,C14H13Cl2NO4S
F6560-6730,C21H22N4O2
F6473-3713,C21H20N2O4
F3200-0022,C21H35NO4
F3406-2091,C20H21N3O2S
F5777-0095,C19H16FN3O2S
F5860-2467,C21H23FN2O3
F6617-2611,C20H21ClN2O3
F6445-5037,C18H15ClN2O3S
F6503-5323,C20H23ClFN3O
F6436-3559,C19H23NO3S2
F6480-5987,C21H22N4O3
F6178-2290,C17H21ClN4O2S
F6525-7622,C21H23N3O4
F6473-1066,C20H21N3OS2
F6454-2579,C21H28N4O3
F5547-0021,C22H18N4O3
F6656-2781,C20H29N5O3
F6521-3922,C20H23NO5S
F6252-6456,C21H22N6O2
F6249-1067,C19H18ClFN2O4
F6473-8287,C22H23N3O4
F6188-0752,C19H22FNO3S2
F5854-0689,C26H24N2O2
F8890-3857,C20H19FN4O4
F6443-8043,C18H19F3N2O3S
F5248-0099,C20H23FN4O2S
F6178-8115,C22H24N6O2
F6441-5822,C20H22ClNO2S2
F2817-0312,C23H23NO4S
F2617-0113,C23H29N3O4
F5594-0100,C21H23FN4O2S
F3379-0209,C20H15ClF3N5
F6656-3850,C23H25N5O3
F2227-0837,C23H23ClN4O2
F3406-4773,C21H20FN5O2S
F3411-8185,C22H21FN2O6
F0306-0604,C24H21N3O3S
F5485-0677,C20H23FN4O4S
F5017-2888,C20H24FN3O5S
F2024-2255,C23H25ClN4O3
F6438-3687,C20H25N7O3S
F6523-0275,C18H25F3N6O2S
F2094-0658,C21H21F3N4O4
F5017-3778,C24H32FN3O3S
F2076-0394,C21H26N6O3S2
F2086-0584,C24H24F2N4O5
