# All user editable compound information in the PCDL Manager compounds tab can be imported
# A minimum of formula or mass plus one identifier must be populated for compound import (recommended is formula and at least one other identifier, see examples)
# Multiple synonyms can be entered into the Synonyms column when separated by ';' (e.g. L-Isoleucine; 2-Amino-3-methylvaleric acid)
# All compounds will be assumed to be of a neutral ion type, unless a 1 is entered in the Cation or Anion column
Name,Formula
F6619-2119,C14H24N2O2
F6782-7836,C14H12FN3O
F6664-0747,C13H12ClN3O
F1757-0256,C14H20N2O3
F6663-4431,C14H18F2N2O
F6666-8868,C12H14ClFN2O2
F6530-0020,C13H13N3O4
F1018-1803,C13H14N2O3S
F5323-0145,C16H15N3O2
F6036-0691,C15H16N4O2
F6754-5262,C10H8BrF2N3
F3076-0014,C15H12ClNO3
F6474-8020,C14H14FN3O3
F6244-0853,C17H31N3O
F2348-0261,C17H16N2O3
F6439-7356,C15H14N4O3
F6679-2173,C14H15F3N2O2
F6190-0488,C14H17F3N2O2
F6745-4815,C16H24N4O2
F6788-7925,C13H17N5O2S
F6619-7277,C16H19N7
F6672-2103,C20H25NO2
F6754-9209,C18H23N3O2
F6564-2607,C16H21N5O2
F6753-1002,C17H20FN3O2
F6560-0873,C16H21N3O2S
F5001-1231,C15H19N3O3S
F6573-6421,C15H15F2N3OS
F6712-3801,C18H24N6
F3374-0657,C18H18N2O4
F6111-1114,C21H26FNO
F6521-7703,C17H19N3O2S
F6192-1056,C17H14ClNO2S
F1827-0052,C16H20N4O4
F5125-0031,C18H14N4OS
F6559-1602,C14H23F2N3O2S
F6573-2800,C14H16BrN3O2
F6411-1995,C19H18N2O2S
F6723-0169,C15H16F3N5O
F6359-3224,C18H20N4O3
F2740-0734,C20H27N3O2
F6471-3695,C17H14FN3O2S
F6550-3352,C18H20N2O3S
F5228-0032,C21H19N3O2
F5226-2135,C18H26N4O3
F5735-0188,C20H16N2O2S
F2964-1506,C20H19N3OS
F6752-6426,C20H28F2N2O
F2811-0025,C20H20N2O4
F2640-0111,C16H13F3N2O2S
F6795-5605,C18H21N5OS
F0808-2660,C19H19NO4S
F3222-0002,C16H14BrN3O2
F6250-0521,C20H25FN2O3
F5860-3014,C22H22N2O3
F3296-0180,C21H20N2O2S
F6619-6149,C19H23N7O
F6549-2397,C15H21N5O4S
F5224-0081,C17H20ClNO2S2
F6795-5608,C18H22N6OS
F1044-0010,C19H20N2O4S
F6792-3788,C20H28FN5O
F6475-2569,C19H22ClN3O3
F2507-0625,C19H15N5O2S
F6555-0687,C19H21F3N4O
F6296-1185,C17H15F3N4OS
F5822-1995,C18H27N3O2S2
F3179-0507,C18H22ClNO4S
F6761-0799,C22H25FN2O3
F2209-0130,C23H18N2O4
F6478-3061,C24H25N3O2
F6539-2191,C16H24ClN3O4S
F6713-6031,C20H19FN8
F6560-6251,C17H17ClN4O3S
F5857-3537,C21H22F3NO3
F6656-1561,C18H19Cl2N3O3
F6798-4823,C20H21FN6O2
F6512-8121,C14H21F3N4O4S
F5857-3726,C18H16ClF3N2O3
F6529-0047,C19H22N4O4S
F6438-3701,C19H25ClN6O2
F6805-7464,C16H14BrN3O3S
F6478-3929,C18H20FN3O5S
F3382-4529,C21H25N5O2S
F5599-0341,C21H17F3N4O2
F6441-1022,C17H20FNO4S3
F6111-0902,C23H27ClFNO3
F5468-0075,C20H26N2O4S2
F0582-0188,C22H20ClN3O2S
F3406-2664,C21H21ClN4O2S
F6557-1133,C20H21N3O4S2
F6161-0245,C23H19ClN4O3
F6548-1492,C23H20FN3O3S
F5123-0429,C21H18F2N6O3
F6439-3649,C20H24F3N3O3S
F5499-0027,C21H26N4O3S2
F6089-7347,C26H31N3O4
F3167-1559,C25H20ClN3O4
F3406-3128,C26H27N5O4
F3382-0047,C29H28FN3O3
