# All user editable compound information in the PCDL Manager compounds tab can be imported
# A minimum of formula or mass plus one identifier must be populated for compound import (recommended is formula and at least one other identifier, see examples)
# Multiple synonyms can be entered into the Synonyms column when separated by ';' (e.g. L-Isoleucine; 2-Amino-3-methylvaleric acid)
# All compounds will be assumed to be of a neutral ion type, unless a 1 is entered in the Cation or Anion column
Name,Formula
F6672-1462,C15H16N4
F2496-2016,C14H11NO4
F6660-1251,C16H24N2O
F6244-0165,C14H17FN2O2
F6616-7388,C16H16N2O2
F6662-9444,C12H14Cl2N2O
F6480-3916,C10H14FN3O3S
F6660-0186,C13H11ClN2O3
F3375-2813,C16H15N3S
F6550-1823,C14H15F3N2O
F6676-2839,C16H22N4O
F5066-0060,C10H9Cl2N3OS
F6418-2485,C15H17NO3S
F6753-0935,C15H23N3O3
F6675-9276,C12H11F3N6
F6667-6207,C16H15ClN4
F2005-0154,C15H16N4OS
F6178-4820,C15H18N4OS
F6808-5795,C19H20N4
F6813-7778,C14H15ClFN5
F6722-1089,C17H19N5O
F6514-7172,C17H21N5O
F6789-6848,C18H20FN3O
F6549-7207,C17H21N3O3
F6482-3942,C15H19N5O3
F5066-0019,C19H17N3O2
F5125-0164,C18H15N3O3
F6356-0796,C15H17NO5S
F6573-4767,C20H24N2O2
F6549-3726,C17H18N4OS
F6452-0609,C20H25NO3
F6186-0295,C15H23NO3S2
F2792-0300,C18H30N6
F6573-0170,C18H16N6O
F2278-0112,C16H15FN2O3S
F6502-8983,C17H22ClN3O2
F5263-0605,C15H13BrFNO2
F5303-0246,C14H18N4O4S
F6471-1218,C15H21N3O4S
F6554-0820,C18H20N4O3
F6438-2588,C15H27N5O2S
F6481-4225,C18H17NO2S2
F6837-2758,C17H17FN4OS
F6507-8416,C19H23NO3S
F6482-3819,C21H22N4O
F6360-9629,C16H16N2O5S
F6809-1080,C17H20ClN3O3
F6787-0311,C19H22N6O
F5496-0354,C19H20N4OS
F6747-5467,C12H15BrN6O2
F6791-7856,C18H18FN5O2
F6523-3817,C17H16ClN5O2
F2527-0133,C11H10BrN3O4S
F6724-1981,C20H20N6O
F6562-2465,C19H18N6O2
F5230-0366,C19H16N4O4
F6526-1372,C20H23N5O2
F1249-0111,C21H21NO3S
F6609-3974,C16H16ClNO5S
F6473-7316,C20H22N2O5
F6246-1625,C15H15F3N4O4
F6479-2687,C20H27N3O4
F6363-0635,C18H16F3N5O
F6681-8886,C16H20BrN5O
F6454-0815,C17H25F3N2O2S
F5854-2596,C18H15F3N2O2S
F1765-0077,C21H20FN3O3
F6506-1172,C20H17NO5S
F6240-2410,C20H24N4O4
F6608-2457,C16H17F3N4O4
F6235-0177,C21H21N7O
F6510-0818,C18H19N3O5S
F6562-1021,C22H22N4O3
F6561-7590,C18H21BrN2OS
F5912-0538,C22H20FN3O3
F6565-2729,C16H12F3N5O2S
F6438-3396,C18H20N8O3
F6480-1208,C20H19ClN4O3
F6481-0900,C18H16ClF3N2OS
F2044-0031,C20H22N2O5S
F3144-0027,C21H20N6O3
F6726-4384,C23H27FN6
F0682-0447,C20H16FN5O2S
F6178-5467,C22H25N3O3S
F0616-0263,C22H23ClN2O2S
F0599-0225,C18H16BrN3O2S
F6411-5731,C23H21N3O5
F1016-0719,C22H19FN4O2S
F6808-9119,C16H19ClF3N3O3S
F6608-2697,C20H21BrN4O2
F6523-3405,C20H18ClN3O4S
F2706-0607,C20H22N2O5S2
F2840-0190,C23H20FN3OS2
F6539-2248,C19H25ClN4O4S
F3406-6538,C22H22FN3O4S
F3227-1970,C25H22N2O4S
F6259-0607,C24H27N5O2S
F5763-0216,C24H24N6O4
F3411-7899,C25H23N5O3S
F3411-4192,C23H24ClN5O5
