# All user editable compound information in the PCDL Manager compounds tab can be imported
# A minimum of formula or mass plus one identifier must be populated for compound import (recommended is formula and at least one other identifier, see examples)
# Multiple synonyms can be entered into the Synonyms column when separated by ';' (e.g. L-Isoleucine; 2-Amino-3-methylvaleric acid)
# All compounds will be assumed to be of a neutral ion type, unless a 1 is entered in the Cation or Anion column
Name,Formula
F6796-1570,C14H15N5
F6754-5256,C11H9ClF2N2O
F1963-0006,C15H19NO3
F5119-0534,C13H13F2N3O
F6556-7440,C16H15NO3
F6471-5889,C11H20N4O2S
F6541-4884,C13H17N5O2
F6200-0576,C15H22N2O3
F1575-0062,C9H9F3N2O3S
F5103-0027,C13H10F3NOS
F6436-3249,C13H18FNO3S
F5490-1319,C15H13F2N3O
F6521-8996,C16H21NO4
F6752-4272,C15H19ClN2O2
F6560-8086,C15H16N6O
F6751-4276,C18H19FN2O
F6739-7862,C16H20N4O2
F6709-0391,C16H22N4O2
F6512-1277,C15H16FN3OS
F1836-0194,C19H21N3O
F6451-0590,C14H18N2O4S
F6724-1254,C16H16N4OS
F5061-0086,C14H14N6OS
F6516-1241,C16H16N2O3S
F6246-1121,C15H12ClFN4O
F6808-5447,C18H29N3O2
F5477-0388,C16H23N3O2S
F5051-0678,C18H17N3O3
F2879-6308,C17H15N3O2S
F6747-9537,C15H23ClN4O2
F6443-5320,C17H16N2O3S
F6491-2094,C16H19N5O3
F6445-6811,C18H21NOS2
F3407-2750,C22H24N2O
F6677-0268,C16H19ClN4O2
F6475-6408,C17H25N3O4
F6445-1696,C15H19N3O2S2
F6420-0894,C16H22N2O4S
F6445-0190,C19H21N3O3
F5237-0001,C18H24N6O
F6481-4250,C18H18N2OS2
F6562-1785,C18H18ClN3O2
F6473-8218,C18H20N2O5
F6436-3444,C18H23N3O4
F6037-0317,C16H17N3O2S2
F6037-0210,C19H16N4O3
F5087-0332,C17H23N3O3S
F6359-1029,C16H18ClN3O4
F6783-5045,C17H20N8O
F6675-6255,C18H18N4O2S
F6619-7428,C18H25N7O
F5496-0302,C19H23N3O2S
F5857-0912,C18H18ClN3O3
F6539-3365,C18H16FNO4S
F6412-1416,C16H14BrNO4
F6444-6567,C19H20N6O2
F3139-2710,C20H14O7
F6556-6129,C17H25N3O4S
F6658-2352,C17H16FN7S
F6438-0371,C19H26N6O2
F6785-6895,C18H21ClN6O
F8890-6304,C18H16ClFN4O2
F6788-4001,C19H23F2N5O
F6519-5291,C19H18F3N3O2
F6619-7793,C20H26N8
F6524-3984,C20H20N4O2S
F0585-0478,C22H27N3O3
F3411-3041,C20H21N3O3S
F5777-0319,C19H16ClN3O2S
F6796-0502,C19H23ClN6O
F6680-9259,C19H21BrN2O2
F6559-0433,C21H19N5O3
F6523-3971,C16H11BrFN3O3
F5190-0037,C19H21FN2O4S
F6561-7186,C20H23N7O2
F6064-1631,C21H21N3O3S
F6451-2806,C17H17BrClNO3
F0818-0045,C25H22N2O3
F3145-2761,C21H24N2O4S
F6252-0862,C24H23FN4O
F2202-2560,C18H16FN3O3S2
F3398-4481,C22H21N3O3S
F6513-1280,C21H23N5O4
F6439-4527,C17H15F3N4O3S
F5763-0005,C21H26N4O5
F5230-1323,C20H18F3N5O2
F3309-3169,C20H21ClN2O4S
F6245-4488,C22H26N6O3
F6475-2301,C23H27N3O5
F5912-0965,C25H24N4O3
F3408-0028,C20H31Cl2N3O3
F3314-0273,C23H31ClN2O4
F6497-7760,C23H24FN5O3
F5833-7640,C28H28N2O3
F1596-0669,C20H14BrClN2O3
F3406-9009,C26H34N6O
F3228-0123,C26H29NO6
F6609-0665,C24H21N3O3S2
F3406-3244,C27H30FN5O2
F1790-0049,C21H17BrN2O5S
