# All user editable compound information in the PCDL Manager compounds tab can be imported
# A minimum of formula or mass plus one identifier must be populated for compound import (recommended is formula and at least one other identifier, see examples)
# Multiple synonyms can be entered into the Synonyms column when separated by ';' (e.g. L-Isoleucine; 2-Amino-3-methylvaleric acid)
# All compounds will be assumed to be of a neutral ion type, unless a 1 is entered in the Cation or Anion column
Name,Formula
F1558-0070,C15H14N2S
F1967-0469,C14H15FN4
F1423-2480,C13H14N2O2S
F3257-0154,C17H19N3
F6544-0617,C16H19N3O
F6477-5193,C13H11N3S2
F5086-0026,C12H9FN4OS
F5526-0123,C14H14FNO2S
F6525-5681,C15H14N4O2
F6556-4244,C16H15NO4
F6484-0282,C15H17N3O3
F6521-3829,C16H19NO4
F6482-3178,C13H13ClN4O2
F6801-8048,C17H18N4O
F6672-2205,C19H24N2O
F2553-0122,C16H13NOS2
F3382-1442,C15H12ClN3O2
F6617-4249,C14H13N3O3S
F6773-3001,C14H19N5OS
F6725-2292,C16H12N4OS
F6808-5939,C17H18N4S
F6395-4279,C15H18F2N2O3
F6403-1421,C16H18N4OS
F6515-1843,C17H20N2O2S
F5857-0439,C16H18N2O3S
F1292-0090,C15H16N2O4S
F6571-2285,C19H31NO3
F6604-7384,C16H17N7O
F6190-2021,C19H19NO2S
F3379-0713,C19H23FN4
F6507-3851,C15H15F3N2O3
F6573-3392,C18H23N3O3
F3367-0130,C20H17N3O2
F5854-2347,C17H13F2NO2S
F6478-2309,C19H18N4O2
F6435-9095,C15H16N2O3S2
F5857-4338,C17H20FNO3S
F6495-2657,C17H18N6O2
F6438-3561,C17H21N7O
F6192-1071,C18H15NO4S
F3394-0507,C17H18N4O2S
F2070-1157,C17H15F2N5O
F3379-0230,C21H20N4O
F6805-9168,C20H31N3O2
F6476-6167,C17H18ClN3O3
F6482-3732,C17H21ClN4O2
F6472-2712,C18H19N7O
F6481-3913,C16H21N3O4S
F6478-1972,C13H12BrN3O2S
F6523-0367,C15H17F3N6O
F6549-1619,C15H15F3N4OS
F6489-2073,C18H23N5O3
F5791-0758,C20H17N5O2
F3382-1915,C17H19N3O4S
F6507-3942,C15H16F3NO4S
F6539-2969,C18H25FN4O3
F6559-1390,C19H18N4O2S
F2644-0439,C20H25N5O2
F6524-5413,C17H19N7OS
F0561-0710,C18H17N3O2S2
F6727-5054,C21H20N6O
F2320-0029,C20H15FN6O
F6482-7023,C21H16N2OS2
F6439-3997,C17H23N5O3S
F6748-6050,C15H18BrN5O2
F6357-0488,C22H24N2O2S
F6276-1314,C16H13F3N4O2S
F6708-8351,C22H25NO3S
F6451-2851,C19H19ClF3NO2
F6258-1933,C20H26N4O4
F6249-0377,C19H20N2O5S
F6514-9199,C23H23N3O3
F6562-1855,C19H19Cl2N3O2
F5839-0090,C21H20N4O4
F0594-3042,C18H13F3N2O3S
F6609-6116,C21H22ClN5O
F3374-0667,C20H16FN3O3S
F6184-0946,C23H30N2O2S
F6502-6178,C24H24N4O2
F6178-5759,C18H18BrN3O3
F1673-4355,C21H24ClNO3S
F6734-1510,C22H22FN5O2
F1424-0124,C18H16Cl2N2O5
F6713-7330,C20H21ClN6O2
F5147-0308,C19H18BrN3O3
F6529-2316,C23H23N5O3
F3406-8307,C22H20N4O5
F6523-0520,C18H16F3N5O2S
F6513-4788,C19H18N6O2S2
F3040-3254,C20H14F3N5OS
F3406-4214,C20H18Cl2N4OS
F6521-1761,C21H26BrNO2S
F1878-0114,C22H19ClN4O2S
F6441-6583,C23H23NO4S2
F5142-0276,C21H24N4O3S2
F5672-0228,C21H25N3O4S2
F0325-0077,C22H19N3O4S2
F3382-0411,C25H28N4O3S
F1264-5847,C24H20ClN5O2S
F3385-5829,C28H27NO7
