# All user editable compound information in the PCDL Manager compounds tab can be imported
# A minimum of formula or mass plus one identifier must be populated for compound import (recommended is formula and at least one other identifier, see examples)
# Multiple synonyms can be entered into the Synonyms column when separated by ';' (e.g. L-Isoleucine; 2-Amino-3-methylvaleric acid)
# All compounds will be assumed to be of a neutral ion type, unless a 1 is entered in the Cation or Anion column
Name,Formula
F2704-0148,C11H20N6O
F6660-8254,C15H15NOS
F6559-6035,C10H10F3N3S
F6472-8507,C14H20N2O3
F6559-1652,C12H17FN4O2
F6555-6189,C15H13ClN2O
F6550-6303,C12H13N5OS
F6549-6821,C13H14N2O3S
F6512-1246,C16H15N3O2
F6089-9818,C13H20N2O3S
F6559-6007,C10H10BrNO2S
F2146-0380,C14H12ClN3S
F5735-0015,C17H13N3O2
F0840-0004,C17H27NO3
F6735-2034,C16H16N4S
F6435-7410,C10H22N2O4S2
F6571-6173,C14H15F3N2O2
F6573-1292,C15H18N4OS
F1068-1025,C14H28N2O3S
F2880-0089,C15H18ClN3O2
F1907-2483,C15H23N3O4
F3098-4373,C20H25NO2
F3386-0971,C16H27NO3S
F6560-6183,C16H21N5O2
F6554-0751,C17H20FN3O2
F6802-6075,C16H21N3O2S
F6487-0571,C15H19N3O3S
F2879-8083,C15H12F3N3O2
F6222-0109,C19H24N4O
F6412-1248,C18H18N2O4
F6464-1191,C19H25N3O2
F6564-3591,C17H19N3O2S
F2005-0305,C16H11ClFN3S
F6529-1643,C16H20N4O4
F5097-0511,C17H16ClFN2O2
F6668-2744,C17H19F2N3O2
F6724-3750,C14H16BrN3O2
F6562-8189,C19H18N2O2S
F6520-1617,C20H21NO2S
F6359-1862,C18H20N4O3
F3386-5223,C18H31NO3S
F3097-6265,C15H22BrNO3
F2496-3116,C18H17FN2O4
F6438-3182,C16H19N5O4
F6454-1272,C17H23FN6O
F6517-0494,C17H14F2N2O4
F5837-0005,C20H16FN3O2
F6791-3883,C21H26N4O
F6793-7110,C18H19F3N2O2
F2730-0595,C17H14N4OS2
F6805-9146,C18H21N5OS
F6481-3478,C19H19NO4S
F0306-0016,C12H13ClF3NO4S
F6200-1484,C23H24N2O2
F6713-6148,C18H18N8O
F6515-4398,C21H20N2O2S
F6785-6156,C20H23N5O2
F6286-0432,C18H17F4N3O
F1284-0561,C18H15N3O2S2
F6811-1593,C18H22N6OS
F6658-2211,C17H17ClN6O2
F6608-5230,C21H28FN3O2
F6564-2325,C19H22ClN3O3
F6481-4287,C19H23NOS3
F6656-2145,C19H21F3N4O
F1595-0008,C18H16N6S2
F5854-1123,C21H23N3O2S
F5126-0221,C19H17N3O4S
F5033-7966,C22H25FN2O3
F5607-0043,C18H19ClN6O2
F5782-0415,C24H25N3O2
F2947-0600,C19H20ClN3O4
F6660-4639,C19H23FN4O4
F6521-7397,C19H18Cl2N2O3
F6810-2191,C17H18F3N7O
F6539-3412,C19H16F3NO3S
F6783-8456,C20H21FN6O2
F2094-0419,C19H18N4O6
F5599-0706,C19H17ClN4O2S
F6571-6702,C17H21F3N4O2S
F6260-0164,C20H20N8O2
F6237-4187,C15H11BrClN5O2
F2617-2054,C23H20ClNO4
F6245-0043,C21H22FN5O3
F6472-0611,C18H26N2O5S2
F6436-1851,C20H20BrNO2S
F5095-0118,C19H25N5O4S
F3165-1030,C23H22N2O4S
F6435-3591,C20H18F3NO4S
F6560-0569,C19H19F3N2O4S
F5860-3721,C20H19Cl2N5O2
F6471-0675,C21H18ClF3N4O
F6480-4857,C20H24ClN3O4S
F2050-0118,C23H24N2O5S
F5030-0129,C24H21N5O2S
F6496-4096,C21H23FN4O4S
F3382-6985,C26H31N3O2S
F2217-0022,C21H23N3O5S2
F6617-2671,C27H27N3O5
F0920-6598,C27H27N5O2S
