# All user editable compound information in the PCDL Manager compounds tab can be imported
# A minimum of formula or mass plus one identifier must be populated for compound import (recommended is formula and at least one other identifier, see examples)
# Multiple synonyms can be entered into the Synonyms column when separated by ';' (e.g. L-Isoleucine; 2-Amino-3-methylvaleric acid)
# All compounds will be assumed to be of a neutral ion type, unless a 1 is entered in the Cation or Anion column
Name,Formula
F6554-0672,C13H21N3O2
F6671-3939,C11H12N8
F6660-2319,C14H16N2OS
F2135-1829,C12H9ClN2OS
F6561-2623,C14H25N3O2
F2368-1958,C15H17N3O2
F5033-2783,C12H22N2O3S
F5806-0543,C14H19N3OS
F0853-0209,C18H20N2O
F0900-2509,C19H25NO
F6793-6936,C13H17F3N4
F6549-5572,C15H17FN4O
F6036-1367,C15H22N4O2
F2774-0996,C17H15N3O2
F6142-0204,C11H10BrFN4
F6667-1144,C11H8BrFN2O2
F6556-5327,C15H29N3OS
F6720-5154,C13H13F3N2OS
F6793-6808,C12H15F3N4O2
F6782-7056,C14H14BrNO2
F3349-0149,C14H19N3O3S
F6752-4494,C14H21N3O3S
F6107-0001,C17H16FN3O2
F6734-0438,C16H18ClN5
F6493-1268,C16H19N3O2S
F5857-0443,C17H18ClNO3
F6660-0960,C14H12FN3O5
F6753-0201,C21H26N2O
F6192-0083,C19H20N2O3
F0630-0160,C15H19ClN2O2S
F0915-2916,C19H21NO4
F3411-4586,C17H15NO4S
F6515-2238,C17H22N4OS
F6125-1880,C17H17FN2O4
F6796-0895,C20H23N5
F2258-0442,C16H18FN3O2S
F6482-2418,C17H24N2O5
F3406-3481,C14H15ClN4O2S
F1897-1208,C18H17N3O2S
F6502-0613,C18H17FN4O2
F2721-0307,C16H24ClN3O3
F6471-5652,C19H26N4O2
F2976-0646,C17H16N2O2S2
F6574-0847,C17H19N3O3S
F6752-1997,C17H22N4O2S
F0808-1609,C20H29NO2S
F6571-3320,C15H18F3NO3S
F6788-8472,C16H22N4O3S
F3382-4738,C18H13FN4O3
F6435-7004,C18H27NO4S
F6514-4117,C17H17N5O2S
F5494-0045,C14H16ClN3O2S2
F6683-1332,C19H23ClN4O
F6549-7796,C17H20N4O3S
F6560-2737,C16H13F3N6O
F6125-0566,C16H16N2O4S2
F6559-0506,C19H19N5O3
F6520-1688,C20H17NO4S
F5860-4112,C21H24N2O4
F5791-2586,C18H18N4O3S
F6752-8001,C13H17BrN4O2S
F6727-5119,C19H23N3O3S
F6253-2807,C21H17N3O2S
F6363-0621,C21H24N6O
F5773-0168,C18H23ClN4OS
F6812-2079,C20H22FN7
F6435-9134,C19H24ClNO3S
F6485-0360,C21H26N4O3
F6497-5856,C18H20N6O2S
F6276-1513,C19H18N2O3S2
F6200-4139,C24H21NO4
F3328-0124,C15H14F3N3O2S2
F2477-0103,C18H22N4O4S
F6464-1362,C20H29N3O3S
F2279-0598,C18H23N3O3S2
F6483-0388,C22H26N4O3
F6125-2335,C21H20N2O6
F3222-4608,C16H16ClFN4OS2
F6562-1140,C20H25N5O2S
F6523-3119,C19H19BrN2O3
F6559-3555,C19H18F2N4O2S
F5033-3692,C21H21F3N2O3
F5788-4933,C22H28N6O2
F3394-1152,C24H17N3O2S
F5527-1287,C21H27N5O4
F6785-6431,C20H24N4O4S
F6473-8150,C20H22BrNO4
F6617-6322,C24H27N3O4
F3406-7601,C22H24N4O3S
F5040-0671,C23H21N7O2
F5286-0538,C22H26N2O7
F6245-4962,C23H23N5O4
F3168-0028,C24H28N4O2S
F6764-1773,C27H29N5O
F6245-4800,C25H26N6O2
F6247-0797,C24H27N7O2
F5583-0314,C20H23N3O3S3
F2685-0226,C23H30N4O4S
F5112-0034,C23H25N3O4S2
F1874-0827,C23H22ClN5O3S
