# All user editable compound information in the PCDL Manager compounds tab can be imported
# A minimum of formula or mass plus one identifier must be populated for compound import (recommended is formula and at least one other identifier, see examples)
# Multiple synonyms can be entered into the Synonyms column when separated by ';' (e.g. L-Isoleucine; 2-Amino-3-methylvaleric acid)
# All compounds will be assumed to be of a neutral ion type, unless a 1 is entered in the Cation or Anion column
Name,Formula
F5847-0172,C11H8Cl2N2O
F2145-0483,C14H14N2OS
F6478-3164,C14H19N3O2
F6512-0701,C16H15N3O
F6471-7272,C15H15N3O2
F6454-2593,C13H24N2O2S
F6609-8248,C16H21NO3
F8890-0773,C19H22N2
F5656-0041,C16H14N2OS
F6661-6471,C14H17Cl2NO
F6733-1672,C12H18FN3O2S
F6451-1606,C16H19NO2S
F6752-7909,C14H21N5O2
F5319-0021,C13H18N4O4
F6279-0290,C18H20N2O2
F5823-0668,C17H22N4O
F6549-9485,C18H24N2O2
F3290-0074,C14H10BrNO2
F6793-7626,C13H15F4N3O
F6808-5320,C15H25N5O2
F6439-5469,C16H14N4O3
F2277-0050,C14H20N2O4S
F2493-3324,C17H15FN2O3
F6403-1458,C15H16N4O2S
F6036-1446,C15H15ClN4O2
F6512-9291,C12H11F3N2O3S
F6549-2247,C18H19N5O
F6440-3164,C17H17N5O2
F3090-1899,C16H15N5OS
F6133-0582,C16H23FN2O4
F3366-5725,C18H17ClN2O2
F6722-1157,C18H23N3OS
F6516-0752,C16H17N3O5
F5857-5934,C12H16BrNO3S
F6609-1927,C20H18N2O3
F6015-0470,C18H29N3O3
F6760-1499,C16H14F3N3O2
F6549-6976,C18H18N4O3
F1016-0112,C21H25NOS
F3229-0183,C14H16BrNO4
F3386-4554,C18H18N2O3S
F2007-0239,C16H17N5O2S
F6809-6728,C18H18F2N4O
F6678-8697,C22H23N3O
F6510-1604,C16H17N3O4S
F6438-2976,C16H20N4O3S
F6514-4048,C19H19N5O2
F6743-9924,C16H21N3O2S2
F6675-7745,C20H24N4O2
F6559-2216,C16H17F3N4O2
F6353-6134,C15H17ClN2O2S2
F6454-0232,C20H24ClN3O
F6683-1432,C19H19ClFN3O
F6724-0655,C16H20BrN5
F6390-2624,C17H18BrNO3
F6725-1197,C21H24N4S
F0696-0862,C16H16ClFN4O3
F6734-1450,C21H22FN3O2
F6559-0656,C18H19N5O2S
F6435-2749,C15H17NO4S3
F6178-8440,C18H18F2N6O
F2646-0117,C22H18N2O2S
F6564-4314,C22H25N5O
F5854-0671,C18H23N3O4S
F6747-5466,C15H15BrClN5
F5033-6961,C18H24N2O5S
F2504-0129,C23H31N3O2
F6513-1887,C21H22ClN3O2
F0694-1295,C22H15N3O2S
F3386-4176,C21H26N2O3S
F0684-0305,C19H20N2O3S2
F5477-0401,C20H24FN3O2S
F6359-4836,C17H18BrN3O3
F6523-3940,C18H21FN4O3S
F6400-1531,C20H31N3O3S
F1860-0848,C22H21NO6
F6677-0770,C16H20BrN3O2S
F6444-6394,C21H26N4O2S
F6478-3681,C17H25FN4O4S
F1562-0247,C23H31ClN2O2
F6676-2714,C19H21BrFN3O
F6680-2516,C20H20F3N3O3
F6617-6488,C22H24FN5O2
F6472-7951,C19H19F3N2O3S
F6454-1220,C22H27FN4O3
F6495-5597,C18H23N7O3S
F6438-3499,C15H19F3N6O3S
F3367-0009,C20H14BrN3O3
F2490-0355,C22H31N7O2
F5528-0197,C26H28N4O2
F6525-8021,C22H24F3N5O
F3395-2057,C23H30N8O
F2249-0199,C25H31N3O2S
F2211-0404,C22H16ClNO5S
F6476-1539,C20H21BrN4O3
F6113-0433,C20H19Cl2N5OS
F2259-0983,C22H18ClFN6O2
F3395-1020,C19H28F3N5O3S
F3406-0648,C25H24N4O2S2
F5601-0576,C21H25FN8O3S
