# All user editable compound information in the PCDL Manager compounds tab can be imported
# A minimum of formula or mass plus one identifier must be populated for compound import (recommended is formula and at least one other identifier, see examples)
# Multiple synonyms can be entered into the Synonyms column when separated by ';' (e.g. L-Isoleucine; 2-Amino-3-methylvaleric acid)
# All compounds will be assumed to be of a neutral ion type, unless a 1 is entered in the Cation or Anion column
Name,Formula
F3358-0386,C12H11ClN2S
F6672-2321,C17H22N2
F6559-6040,C9H13N3O2S2
F6244-1454,C14H18N2OS
F1912-0124,C16H14N2S
F3358-0145,C15H14N2OS
F1967-0930,C14H15N3O3
F6412-2366,C14H16N2O4
F6561-3914,C15H21NO2S
F6089-9814,C14H22N2O4
F6525-7624,C16H19N3O2
F6200-4170,C17H21NO3
F3365-6136,C16H23N3O2
F6663-4572,C14H14F2N4O
F6262-1337,C13H11ClFN3O2
F3367-0093,C16H12FN3O2
F5083-0044,C15H13N3O4
F6516-1606,C15H15N3O4
F0578-0021,C17H13N5O
F6687-6968,C17H27N3O2
F6507-9169,C15H20N2O3S
F6514-7019,C16H18N6O
F6573-2760,C17H20N4O2
F6390-2809,C18H22N2O3
F6560-8255,C16H20N4O3
F6488-1432,C15H18N4O4
F6125-2985,C16H20N2O3S
F6680-0925,C14H18N4OS2
F5264-0464,C17H26ClN3O
F6561-2787,C16H23NO4S
F1736-0846,C18H14FNO2S
F6472-7741,C19H18F2N2O
F3385-0658,C17H14O5S
F6064-5484,C17H21N3O4
F6801-7998,C17H19NO4S
F6469-3397,C20H22N4O
F6353-5760,C16H20N2O2S2
F3375-2728,C20H19NO4
F6448-1068,C19H22N4O2
F6445-2376,C18H13ClN2OS
F6474-8088,C15H14F3N3O3
F6473-4289,C17H18N4O4
F6381-4190,C20H22FNOS
F6497-1626,C17H24N6O2
F6755-0621,C16H19BrN4
F6451-1857,C18H21NO4S
F6514-8944,C20H20N4O2
F6671-3190,C21H27N5
F6561-5479,C18H25NO4S
F3386-4282,C17H20ClNO3S
F6604-2399,C17H19FN8
F1109-0111,C19H20N2O3S
F6556-5578,C14H19BrN2O2S
F5596-0330,C19H25N3O2S
F5882-5199,C18H23N3O3S
F6681-9497,C18H19ClFN3O2
F5074-0433,C15H13Cl2N5O2
F2773-0474,C18H18N6O3
F6225-0230,C18H16N4OS2
F6685-8766,C18H22F3N3O2
F6525-5971,C19H21N3OS2
F0326-0229,C16H12BrN3OS
F6512-1831,C20H26N2OS2
F6560-8177,C18H15F3N4O2
F6491-2632,C21H23N5O2
F2093-0321,C17H21N3O3S2
F6523-1004,C21H24N4O3
F6473-8324,C18H17F3N2O4
F6521-7734,C21H25N3O4
F1874-0471,C19H20FN5OS
F6442-1736,C16H22BrNO3S
F6556-1142,C20H24N2O4S
F6796-3372,C23H27N5O
F6539-2268,C16H23ClFN3O3S
F6525-5021,C22H24N4O3
F1639-0339,C19H23ClN2O3S
F6811-1765,C21H25N5OS
F6294-0464,C21H23N3OS2
F6539-3929,C18H16F3NO4S
F6752-2876,C16H20ClN3O3S2
F6231-0585,C19H19ClFN5O2
F5328-0112,C21H27NO5S
F6445-3325,C16H17BrN4O2S
F6178-7125,C19H27BrN2O3
F6222-0428,C24H24N6O
F6658-4399,C19H21N5O4S
F6734-1193,C19H19ClN4O3S
F9994-0541,C24H25FN4O2
F6436-2482,C20H30BrN3O2
F5495-0138,C22H23FN4O2S
F3167-0592,C25H20FN3O3
F3411-8578,C25H21FN2O4
F5855-0771,C24H22FN3O4
F6411-4553,C24H26N2O4S
F2571-0119,C20H28FN3O5S
F5788-4279,C22H28N4O6
F6523-0416,C22H24F3N5O2
F3395-0976,C21H25F3N4O2S
F2706-0398,C22H21F3N2O4S
F3398-4741,C26H27ClN4O3
