# All user editable compound information in the PCDL Manager compounds tab can be imported
# A minimum of formula or mass plus one identifier must be populated for compound import (recommended is formula and at least one other identifier, see examples)
# Multiple synonyms can be entered into the Synonyms column when separated by ';' (e.g. L-Isoleucine; 2-Amino-3-methylvaleric acid)
# All compounds will be assumed to be of a neutral ion type, unless a 1 is entered in the Cation or Anion column
Name,Formula
F6546-0847,C15H26N2O
F1903-9902,C15H17N3O
F2158-1073,C14H17N3O2
F2135-0582,C13H13NO5
F0013-1253,C11H10ClN3OS
F6713-5384,C14H18N6
F6730-4520,C16H23N3O
F3179-0293,C11H16ClNO3S
F2135-1550,C15H12N4S
F5860-3928,C14H13N5O2
F6210-0800,C12H15FN2O3S
F3375-3072,C14H13ClN4O
F5882-3947,C17H14N4O
F3314-0234,C17H28N2O2
F5857-6619,C15H21NO3S
F6708-8543,C17H19N3S
F6564-8700,C13H21N3O3S
F6801-8084,C16H19N3O3
F6773-4826,C15H21N5O2
F5496-0004,C14H18N4O2S
F2382-0064,C12H12BrN3O2
F3308-2656,C17H14ClN3O
F1316-0126,C16H12FN3OS
F6436-2004,C12H17N3O3S2
F5679-0082,C15H15N3OS2
F6787-0294,C17H26N4O2
F6454-0046,C19H20N4O
F6448-0516,C18H18N4O2
F5012-0250,C15H17FN2O3S
F2189-0333,C19H23N3O2
F6561-5954,C16H17N5OS
F3156-0024,C19H24N2O3
F5581-0542,C16H18N4O2S
F6754-8050,C11H17BrN4OS
F6747-9473,C16H20ClN5O
F2982-0551,C16H17NO3S2
F6454-0591,C15H17F5N2O
F6774-4015,C18H19N5O2
F6561-1944,C15H18BrNO3
F6469-0683,C17H16N4O2S
F6178-7681,C15H23N3O2S2
F6476-5351,C19H22N2O4
F6512-1953,C19H25N3OS
F6276-1644,C16H15N3O4S
F6524-0976,C18H14N6O2
F6796-3629,C16H21N5O2S
F1201-0020,C14H8BrNO5
F6502-5255,C16H13F3N4O2
F6788-3862,C17H23F2N5O
F5658-0142,C20H19NO5
F6184-0671,C16H18ClNO2S2
F5268-0481,C20H21FN2O3
F6791-7026,C17H16ClFN6
F5001-0643,C18H14ClFN2O3
F2880-1128,C20H31N3O3
F5264-0290,C19H20F3N3O
F6441-2719,C18H20FNO4S
F6798-4674,C18H22N8O
F6488-0831,C19H20N4O2S
F6560-5401,C17H15BrN4O
F6726-5628,C19H19F2N5O
F6556-7762,C19H19NO5S
F6454-0511,C23H26N4O
F5016-2649,C18H24N4O3S
F6573-8740,C16H15FN4O4S
F6464-0603,C22H22ClN3O
F6247-0342,C17H16ClNO5S
F6685-8481,C19H21F3N2O3
F3406-4463,C19H17ClN4OS
F6438-0862,C16H27N5O4S
F5854-2438,C20H21NO5S
F3406-9756,C19H24N4O5
F6752-0381,C17H24Cl2N2O2S
F6670-6091,C21H21N5OS
F5869-0193,C18H11ClF3N3O2
F6727-5035,C21H22N4O2S
F1201-0017,C20H13ClN2O5
F6474-0093,C21H23N3O5
F6523-2161,C20H21N3O4S
F6525-6814,C20H23N3O4S
F6497-0007,C21H26FN3O2S
F2696-0312,C19H16ClFN2O3S
F6007-0180,C20H20N6O2S
F5978-0010,C19H22N8O3
F3386-3009,C19H24ClNO5S
F6359-1190,C16H17ClN2O5S2
F6685-8749,C21H21F3N4O2
F6796-8719,C19H18F3N5OS
F3382-6891,C20H17BrN4O2
F3407-2909,C21H18FN3O4S
F6619-6419,C16H18BrF3N6
F6441-2638,C18H18F3NO4S2
F6478-5945,C19H21ClN4O4S
F6175-0784,C20H18ClN7OS
F3406-3287,C22H20ClFN4O3
F2752-1538,C25H20FN3O4
F1608-0352,C25H24N2O4S
F2255-1219,C26H24N4O4
F5016-3259,C24H28N4O6
F3407-3509,C29H32N6O
