# All user editable compound information in the PCDL Manager compounds tab can be imported
# A minimum of formula or mass plus one identifier must be populated for compound import (recommended is formula and at least one other identifier, see examples)
# Multiple synonyms can be entered into the Synonyms column when separated by ';' (e.g. L-Isoleucine; 2-Amino-3-methylvaleric acid)
# All compounds will be assumed to be of a neutral ion type, unless a 1 is entered in the Cation or Anion column
Name,Formula
F2199-0326,C14H12N4O
F5033-0218,C14H28N2O2
F2879-0202,C15H20N2O2
F5094-0201,C12H16N4OS
F5966-0034,C13H17ClN2O2
F6660-1143,C16H21N3O
F6031-1283,C17H26N2O
F6661-6475,C16H23NO3
F6665-7270,C13H10F3N3O
F6617-8393,C12H11F3N4O
F6550-6847,C14H18N6O
F5607-0037,C14H20N6O
F6724-3468,C14H14ClN3O2
F1907-2434,C13H19N5O3
F6482-3181,C13H11F3N4O
F6502-0171,C15H14N4OS
F6200-2992,C16H16N2O2S
F6755-0992,C11H18N4O4S
F6416-8418,C16H20N2O4
F6809-1104,C15H15ClFN3O
F6539-3300,C18H19N3O2
F6443-7686,C18H21N3O2
F6743-7929,C14H23N3O3S
F6678-8131,C19H17N5
F6573-2912,C16H19N3O4
F6200-1239,C17H21NO3S
F6539-3149,C19H15NO4
F6677-3520,C14H18BrN3O
F6808-6100,C20H21FN2O
F6125-2669,C15H19FN2O3S
F6503-2672,C17H21N5O2
F6685-9029,C16H16ClN5O
F5250-0696,C16H22N6O2
F6246-0568,C16H20N4O2S
F6521-7288,C16H15ClN2O2S
F5857-3831,C18H19F2NO3
F6567-8587,C20H24N4O
F6482-5597,C18H15ClN4O
F6514-2945,C16H16F3N3O2
F6482-3907,C17H17FN6O
F5624-0550,C18H23N5O2
F6349-1328,C17H14ClN3OS
F6276-1636,C16H16N4O3S
F6549-2149,C18H20FN3OS
F6480-3113,C17H22N4O4
F6722-1064,C15H17BrN4O
F6440-4147,C16H19N3O4S
F6514-2368,C20H22N4O2
F5854-0636,C20H20N2O2S
F1555-0052,C21H27N3O2
F6562-8142,C21H22ClNO2
F6523-0359,C14H14F3N5OS
F6788-2651,C18H26N6S
F6559-1117,C21H20N4O2
F6658-4706,C17H19FN4O4
F1406-0006,C18H21ClN2O2S
F2518-0171,C21H23N3O3
F6743-6385,C15H21N5O2S2
F6671-3541,C22H32N4O
F6436-2687,C17H23FN2O4S
F5001-1461,C19H14F2N2O4
F6812-1360,C19H19N9
F1757-0020,C20H22ClNO4
F6573-7339,C18H17Cl2N3O2
F6806-6780,C18H20F2N4O3
F0196-0633,C18H11F3O6
F6472-8968,C17H23N3O5S
F6617-2922,C19H14ClN3O2S
F6200-2354,C19H23F3N2O3
F6473-9189,C20H19FN2O3S
F6570-2754,C22H21N5O2
F3227-2975,C22H15NO6
F2704-0002,C18H23ClN6O2
F6515-0271,C18H14Cl2N2O2S
F6485-0472,C18H23N3O5S
F6574-0639,C16H18BrN3O2S
F6247-1802,C19H20N6O4
F6111-2129,C21H23BrN2O
F3406-7455,C17H10BrFN4O2
F3382-2610,C20H19FN2O4S
F6561-5448,C20H24N2O5S
F3222-1587,C23H26N4O3
F6512-4908,C18H14F3N3O3S
F6041-0035,C22H22FN3O2S
F6476-3384,C18H17F3N2O4S
F5824-0249,C23H24N6O2
F6559-0587,C23H21N3O3S
F6473-1156,C21H24Cl2N2OS
F6660-0139,C24H29FN4O2
F6609-4343,C19H14BrFN4O2
F3382-1942,C18H11BrFN3O2S
F2374-0188,C17H14ClF3N2O4S
F2966-0252,C22H19N3OS3
F5448-0314,C22H21ClN4O2S
F5485-1459,C22H22ClN3O3S
F6472-8679,C19H25BrF2N2O3
F6529-2106,C23H23N5O3S
F1607-0658,C23H17BrN4O2
F6089-5554,C25H32N2O5S
F6609-0155,C25H29ClN4O4
