# All user editable compound information in the PCDL Manager compounds tab can be imported
# A minimum of formula or mass plus one identifier must be populated for compound import (recommended is formula and at least one other identifier, see examples)
# Multiple synonyms can be entered into the Synonyms column when separated by ';' (e.g. L-Isoleucine; 2-Amino-3-methylvaleric acid)
# All compounds will be assumed to be of a neutral ion type, unless a 1 is entered in the Cation or Anion column
Name,Formula
F0111-0135,C16H15N2O+
F2299-0310,C14H12N2O3
F6541-1063,C11H11F3N2O2
F6454-2077,C14H21N3O2
F6541-5896,C16H17N3O
F0780-0293,C16H17NOS
F6617-4293,C11H18N2O4S
F1907-9093,C11H14F3N3O2
F6514-7749,C16H16N4O
F6609-8238,C14H19F2N3O
F6809-6069,C15H15FN4O
F6473-2075,C14H16N4O3
F6774-4261,C14H18N4O3
F5857-1114,C14H16ClN3O2
F2147-0166,C19H21NO2
F6808-5291,C13H23N5OS
F6562-6027,C14H25N3O2S
F6677-0858,C16H23N5O
F6574-0776,C14H16N4O2S
F6808-6096,C20H22N2O
F6764-3303,C18H16ClN3
F6609-8243,C15H21NO4S
F2795-0349,C16H15N3O4
F3316-0346,C17H17NO5
F3379-0788,C15H13F2N5O
F2106-0082,C19H13NO4
F6436-3478,C15H16BrNO2
F6556-6039,C17H26N2O2S
F0807-0432,C19H20N2OS
F6562-8342,C17H14N2O3S
F6471-5593,C16H17N5O3
F6516-0086,C17H15NO2S2
F6374-0154,C18H22N2O2S
F6788-9384,C12H20N4O3S2
F2795-0313,C17H23N3O4
F6507-8393,C17H18FNO3S
F6439-0398,C19H20N4O2
F6550-6306,C12H11BrN4OS
F6488-0848,C13H17N5O4S
F6436-3582,C19H20N2O2S
F6802-6567,C15H23N3O4S
F6658-4024,C19H23FN4O
F6395-2033,C13H17BrN2O2S
F2205-0164,C19H20ClNO3
F2334-0007,C20H18N4O2
F6786-6390,C20H21N5O
F6523-3316,C16H16ClN3O4
F6215-0249,C17H22N2O4S
F5001-1780,C16H11F3N2O4
F5689-0051,C18H19N5O3
F6808-7726,C18H17N3O3S
F5033-0805,C21H28N2O3
F2202-3116,C18H22N4O2S
F6795-2259,C16H17FN6OS
F6574-1712,C18H14N6OS
F6556-5356,C19H29N3O2S
F6764-1573,C20H20ClN5
F5791-0659,C16H12F3N3O2S
F5833-6882,C21H24N2O2S
F6442-2351,C19H18N2O4S
F3395-0198,C21H29N3OS
F6556-7739,C20H23NO4S
F6809-1111,C18H18ClN3O2S
F0696-4921,C22H24N4O2
F6787-0893,C17H19FN4O3S
F5627-0009,C17H25N5O3S
F6441-3922,C18H23NO4S2
F6785-6695,C19H22N6O3
F5319-1794,C19H20N4O3S
F6679-2796,C17H15BrN4O2
F6232-0008,C18H21N5O3S
F6413-0654,C17H12BrNO3S
F6514-2613,C19H22N2O5S
F6471-5183,C20H21N7O2
F6521-3926,C19H20FNO5S
F6783-5580,C20H22N6O3
F6752-3895,C18H19ClF2N4O2
F6435-6039,C24H31NO2S
F5939-0372,C21H25N3O3S
F2356-1085,C21H27N3O5
F2319-0044,C17H17ClN6O2S
F0623-0793,C18H22N4O5S
F6660-4629,C20H23F3N4O2
F6155-0713,C18H13F4N3O2S
F3385-5601,C26H23NO4
F3230-0117,C17H25ClN4O4S
F3367-0008,C16H11Br2N3O
F6795-1253,C21H23N7OS
F6502-3075,C19H22F2N4O3S
F6252-5665,C23H18FN7O
F2300-0020,C22H26N2O5S
F2644-0583,C23H20FN5O3
F6349-0525,C24H25ClN4O2
F6617-3474,C21H25N7O2S
F6363-0884,C22H21F3N6O
F5299-0478,C22H28ClN5O3
F6513-1270,C24H28N6O3
F3168-1644,C23H23ClN2O4S
F3395-1066,C22H26ClF3N4O2
F2572-0146,C25H26N2O6S
