# All user editable compound information in the PCDL Manager compounds tab can be imported
# A minimum of formula or mass plus one identifier must be populated for compound import (recommended is formula and at least one other identifier, see examples)
# Multiple synonyms can be entered into the Synonyms column when separated by ';' (e.g. L-Isoleucine; 2-Amino-3-methylvaleric acid)
# All compounds will be assumed to be of a neutral ion type, unless a 1 is entered in the Cation or Anion column
Name,Formula
F5094-1471,C11H14N4OS
F0001-2390,C15H13NO3
F1967-9047,C13H13N3O3
F6554-5651,C12H20F2N2O2
F6558-0352,C11H17F3N2O2
F6512-8849,C14H14N4O2
F6754-7850,C15H19N3S
F6476-0310,C15H20N2O3
F6681-9005,C14H21N3O3
F2382-0089,C12H11ClFN3O2
F6806-6307,C17H23N3O
F6574-1392,C15H21N5O
F5838-0056,C14H14N2O3S
F6556-5840,C16H21ClN2O
F6412-1607,C14H17NO4S
F6089-3094,C16H15N3O3
F6502-9155,C16H17N3OS
F1967-0920,C16H16FN3O2
F6201-0159,C17H21NO2S
F6512-0820,C14H9F3N4O
F6604-7373,C16H16N6O
F6497-4403,C15H26N4O3
F6617-6355,C18H24N4O
F6619-5627,C17H22N4O2
F6722-3271,C17H24N4O2
F2227-0620,C19H18N4O
F5598-0012,C15H20N4O2S
F6482-3552,C14H18N4O3S
F2590-0034,C15H11F3N2OS
F6452-0072,C17H24FNO2S
F6451-3371,C18H17NO3S
F6485-0060,C17H20N4O3
F6245-1801,C13H13F3N4O3
F5791-3493,C18H22FN3O2
F6725-0032,C16H19N3O3S
F3337-0023,C19H30N2O3
F6556-7524,C19H16N2O4
F5875-0018,C19H19N3O3
F5596-1099,C16H26N4O4
F6439-4701,C14H11F3N4O3
F6796-9086,C17H16FN5S
F6476-0742,C19H22N2O2S
F6730-4470,C18H21N3O4
F0793-0236,C18H13Cl2NO2
F6554-6152,C17H18N2O4S
F6474-8097,C17H21N3O3S
F0696-3982,C19H20N6O
F3406-3673,C18H11ClN4O2
F3083-0184,C17H25N3O3S
F0882-0800,C20H19NO3S
F3406-9677,C20H26N4O2
F6523-2741,C18H20N4O2S
F2816-0287,C18H18N2O2S2
F6440-3508,C18H25N5O3
F6750-6296,C19H19N7O
F6673-9347,C17H22ClN5S
F5496-0147,C17H17ClFN3OS
F6556-3310,C18H26N2O4S
F2553-0056,C20H20N2OS2
F6089-9546,C19H23N5O3
F6525-4635,C19H21N3O3S
F3328-0092,C15H14F3N3O3S
F6442-1297,C20H26N2O3S
F6559-2322,C17H15F3N6O
F6734-2714,C22H27N5O
F6424-0657,C20H17N3O5
F5882-6643,C18H28N4O5
F6557-0614,C21H22N2O3S
F6788-4311,C21H29N5O2
F6811-1572,C17H19F4N5O
F2331-0184,C19H18ClN3O2S
F6560-7597,C22H20N4O3
F6481-4052,C18H18N2O2S3
F6529-1428,C19H22ClN3O4
F6524-1652,C21H24N6O2
F6089-9194,C20H18F4N2O2
F6523-0896,C18H29N5O3S
F6444-1851,C21H20FN3O4
F6680-2734,C18H14F5N3O2
F3382-1552,C19H19N3O5S
F5286-0281,C21H22FNO6
F6471-5141,C19H27N5O3S
F3296-0107,C22H17FN2O3S
F6497-0189,C18H23FN4O4S
F2518-0125,C20H13Cl2N3O3
F6443-9797,C21H20F3N5O
F6411-2571,C23H19ClN4O2
F6111-1375,C20H21BrClNO2
F5832-4854,C21H24F3N3O3
F6458-0337,C23H22N8O
F3225-8244,C24H23N5O3
F2204-0483,C24H24N4O4
F6247-0787,C23H25N5O4
F6510-3868,C20H30N4O5S
F2898-0396,C18H16Cl2N2O3S2
F0779-0389,C21H17Cl2N3O4
F0603-0400,C19H21BrN4O2S
F6660-2002,C23H19F2N3O3S
F2068-0035,C21H26ClN3O5S
F3411-5462,C24H25N5O4S
