# All user editable compound information in the PCDL Manager compounds tab can be imported
# A minimum of formula or mass plus one identifier must be populated for compound import (recommended is formula and at least one other identifier, see examples)
# Multiple synonyms can be entered into the Synonyms column when separated by ';' (e.g. L-Isoleucine; 2-Amino-3-methylvaleric acid)
# All compounds will be assumed to be of a neutral ion type, unless a 1 is entered in the Cation or Anion column
Name,Formula
F6573-4122,C12H18N2O4
F6443-7573,C16H22N2O
F6512-0216,C12H14N4O3
F6451-3611,C12H14N2O3S
F6664-1722,C12H9F3N2O2
F6745-4788,C15H16ClN3
F6445-1531,C13H16N4OS
F2185-0088,C13H17N3O2S
F6521-5124,C14H22N2O2S
F6550-2946,C17H19NO3
F6502-2357,C14H17N5O2
F6494-0905,C14H19N5O2
F5689-1321,C13H16N4O2S
F3095-2065,C12H10BrNO3
F5787-0933,C16H12FN3S
F1836-0151,C16H14ClN3O
F6806-6501,C12H19N3O2S2
F6064-0220,C15H17N3O2S
F6713-5358,C18H19N5
F6211-0017,C12H16N6O2S
F6610-2872,C17H18N4O2
F6550-2978,C15H24N2O3S
F2271-0039,C18H22N2OS
F2795-0245,C17H20N2O4
F6469-2194,C17H14N6O
F6555-6270,C17H15F3N2O
F6709-3742,C15H15FN2O3S
F6127-0090,C17H25NO5
F6805-7952,C15H15N7O2
F5854-4704,C15H15ClFNO2S
F2371-0323,C15H21FN2O3S
F0777-0164,C15H11BrN2O2
F6773-4723,C16H21N5OS
F6014-0171,C19H15N3OS
F6212-0325,C16H22N4O4
F6562-7103,C16H17ClN2O4
F3116-0043,C19H19N3OS
F6796-0910,C18H19FN6
F6792-2400,C18H25N7
F3406-7046,C16H15N5O2S
F6524-5351,C16H18N6OS
F5496-0359,C18H21N3O2S
F2758-2924,C18H24N4O3
F6672-1843,C17H19BrN2O
F6374-0217,C17H21N3OS2
F5854-3977,C18H24N2O3S
F5729-0876,C20H23N5O
F3077-0809,C20H21N3OS
F6522-0140,C19H15NO4S
F6658-4199,C17H21F3N4O
F6685-3695,C18H17FN4OS
F5260-0366,C21H28FN3O
F5876-0032,C22H21N3O2
F5467-0067,C19H23NO4S
F6403-1473,C17H18FN3O3S
F2245-0791,C16H12ClNO3S2
F6519-5837,C16H22N4O4S
F6573-4345,C15H17BrN2O4
F6764-3987,C22H19N5O
F6522-1199,C20H21NO2S2
F6786-6160,C20H25FN4O2
F5871-3720,C18H22N4O3S
F5001-1897,C21H16N2O5
F6474-3372,C22H23N3O3
F6758-4662,C18H13F4N3O2
F6473-8223,C22H24N2O4
F5897-0136,C20H13F3N4O
F6795-0479,C20H25N5OS
F3375-2628,C19H20ClN5O2
F0699-0042,C18H11Cl2N3O3
F0508-1535,C22H20N4OS
F6670-6040,C21H23N7O
F6481-3078,C20H19F2NO3S
F6806-6789,C19H22F2N4O3
F6353-6415,C18H22N2O4S2
F6473-1309,C22H25N3O2S
F6411-1615,C21H20ClN3O3
F6441-4430,C17H22BrNO3S
F6553-7339,C16H16ClNO5S2
F6525-6259,C19H21N3O3S2
F6246-1506,C18H23N5O4S
F6619-3074,C20H33N5O2S
F5825-0140,C18H17F3N4O2S
F6245-0359,C19H23F3N4O3
F6658-6245,C18H20F3N3O3S
F2261-0276,C19H19BrN2O4
F2724-0674,C23H24N4O4
F6750-6448,C20H21N7S2
F6674-5399,C18H23FN4O5S
F2241-0289,C21H23N3O5S
F2267-0409,C21H24N2O6S
F5855-0675,C24H22FN3O2S
F6372-0884,C24H18N6O3
F6473-6299,C22H23N3O7
F2658-0154,C25H24N4O4
F6502-7228,C24H25N5O2S
F1608-0095,C23H19FN2O5S
F6548-4819,C27H23N5O3
F6548-3884,C24H19FN4O2S2
