# All user editable compound information in the PCDL Manager compounds tab can be imported
# A minimum of formula or mass plus one identifier must be populated for compound import (recommended is formula and at least one other identifier, see examples)
# Multiple synonyms can be entered into the Synonyms column when separated by ';' (e.g. L-Isoleucine; 2-Amino-3-methylvaleric acid)
# All compounds will be assumed to be of a neutral ion type, unless a 1 is entered in the Cation or Anion column
Name,Formula
F6616-5958,C11H15N3O2S
F6608-0737,C12H17F2N3O
F0266-0030,C14H15NO4
F5871-2039,C12H12ClN3O2
F6789-6308,C12H10ClF2N3
F6445-6361,C14H13FN4O
F3332-0017,C15H17NO4
F6617-6620,C16H14N4O
F0836-0061,C17H19N3O
F6471-2690,C17H20N2O2
F5679-0048,C14H13N3O2S
F6258-1323,C14H15N3O2S
F5871-2014,C14H17N3O4
F1601-0235,C16H11FN4O
F6562-3704,C16H16N4O2
F6726-4837,C15H15FN6
F6793-7628,C12H15F3N6
F6680-3470,C14H18N6O2
F2580-0680,C14H12ClN3O3
F6244-3116,C15H21N3O2S
F0596-0074,C17H11FN2OS
F2341-0004,C12H16N4O4S
F2011-0031,C13H15FN2O2S2
F3318-0039,C14H9BrN2S
F6791-7982,C15H23N7O
F6356-0954,C18H25NO2S
F6550-6164,C16H15N7O
F5835-0368,C18H17N3OS
F1096-0106,C17H12ClN3O2
F6178-5629,C17H18N4O3
F6216-0381,C14H17ClN2O3S
F6473-4234,C17H19N3O4
F1113-0345,C20H13NO4
F6312-0020,C20H20N4O
F6480-1369,C17H19ClN2O3
F6400-0467,C17H25N3O2S
F6557-1416,C16H16FNO4S
F5856-0006,C18H18N4OS
F1716-0363,C20H21NO4
F1278-0807,C20H24N2O3
F6445-0108,C18H12ClFN2O2
F6452-1118,C19H18ClNO3
F6443-1153,C19H21ClN2O2
F6773-4182,C20H19N5O
F6678-7960,C16H14ClN3O2S
F6482-7440,C19H16N4OS
F6525-0580,C18H18F3N3O
F5028-0064,C17H18ClNO3S
F6445-2925,C19H20N4O3
F6435-3363,C19H18N2O3S
F6294-0584,C20H25N3OS
F6481-3820,C17H19N5O2S
F6481-4066,C17H17N3O2S2
F3382-3858,C17H13Cl2N3O2
F2320-0089,C20H22N6O
F5857-0914,C18H24N2O4S
F6549-1774,C14H15BrN4OS
F6482-2176,C18H25NO5S
F6726-0696,C18H16ClN5O2
F2475-0441,C18H22N6O3
F6525-3123,C18H20N4O3S
F6573-8390,C17H12F2N4O2S
F5596-0141,C19H22FN3O4
F6089-2623,C21H19N3O2S
F6675-8569,C20H22N6O2
F1423-1203,C21H20N2O3S
F5562-0172,C19H20FN7O
F6374-5488,C21H21NO4S
F6204-0707,C15H16BrNO2S2
F6519-4641,C19H22N4O3S
F6764-0767,C17H17BrN4S
F5383-0023,C19H20FN3O5
F3216-0774,C24H26N2O3
F6435-8869,C19H21ClN2O3S
F6506-5157,C19H27N3O4S
F2496-2980,C21H15F2N3O3
F6438-3767,C19H24N8O2
F6656-2492,C20H22N4O3S
F6562-4560,C17H19F3N4O2S
F2041-0399,C21H26N2O4S
F1712-0209,C22H32N2O3S
F6442-2206,C20H22ClNO4S
F3406-6662,C22H23N3O3S
F6608-3866,C22H33N7O
F3371-0859,C22H23FN2O5
F6481-2908,C21H18F3N3OS
F6713-1915,C21H25N9O
F6241-0351,C22H22N4O5
F6557-1117,C19H27N3O4S2
F6495-4075,C22H19F3N4O2
F5016-3432,C22H23ClFN3O3
F6005-0213,C22H22N6O2S
F6471-0793,C22H23N5O3S
F5123-0804,C22H25ClN6O2
F6564-8975,C23H27ClFN5O
F6442-6899,C24H28F2N2O2S
F2070-0453,C23H26N6O4
F0682-0268,C20H14F4N6OS
F3395-0472,C25H29F3N4O2
F6175-1065,C26H30N8O2
