# All user editable compound information in the PCDL Manager compounds tab can be imported
# A minimum of formula or mass plus one identifier must be populated for compound import (recommended is formula and at least one other identifier, see examples)
# Multiple synonyms can be entered into the Synonyms column when separated by ';' (e.g. L-Isoleucine; 2-Amino-3-methylvaleric acid)
# All compounds will be assumed to be of a neutral ion type, unless a 1 is entered in the Cation or Anion column
Name,Formula
F6616-1858,C14H18ClNO
F6554-5455,C8H14F2N2O3S
F6360-9393,C13H12N2O2S
F1115-0207,C17H17N3
F5971-0223,C12H17N3O4
F6442-1581,C12H17NO4S
F6360-9497,C12H13F3N2O2
F6617-5729,C15H11N5O
F6435-5742,C14H20N2O2S
F5971-0122,C14H21NO5
F6544-0531,C16H18N2OS
F5857-0806,C15H16N2O4
F6525-6944,C14H18N4O3
F6554-5503,C13H12F5NO
F6672-0014,C15H19F2N3O
F6495-2165,C16H19N5O
F5264-0051,C17H21N3O2
F1443-1491,C17H23N3O2
F3152-3052,C15H16N2O3S
F1907-2286,C16H22N2O4
F6573-5431,C17H15N3OS
F6436-3481,C16H16F3NO2
F6713-4880,C15H15N5OS
F6125-0543,C16H17N3O2S
F1308-0017,C20H15NO3
F2879-7568,C15H14ClN3O3
F6496-1470,C13H12BrN3O2
F6708-8423,C20H22N2O2
F5033-3392,C16H21ClN2O3
F6515-2574,C13H15ClN4O2S
F6296-1197,C16H17N5O3
F5529-0137,C14H13ClFNO3S
F5857-7112,C18H19FN2O3
F1899-2169,C16H14F2N4S
F2077-0096,C19H19N5O
F6448-2505,C15H17N3O4S
F6111-2215,C17H24N2O3S
F6713-7233,C18H23N7
F5656-0124,C19H17NO3S
F2359-0592,C17H17ClN6
F6573-7285,C18H19N3O4
F6244-2780,C20H26N2OS
F6559-1649,C17H30FN3O3
F2564-0171,C19H15N5S
F6390-3135,C18H22N2O3S
F5832-5326,C18H22FN3O3
F6559-3350,C15H13ClFN5O2
F6473-6199,C20H18N2O4
F6442-2156,C15H16N2O4S2
F3083-0187,C16H23N3O4S
F3215-0192,C20H18ClNO3
F6178-4919,C19H24N4O3
F6524-4292,C21H18N4O2
F6515-1912,C19H15F3N2O2
F2539-0403,C18H16ClFN2O3
F6795-3608,C18H21N9
F6753-1974,C18H21F2N3OS
F6516-0296,C16H14FNO4S2
F6573-7460,C19H20N4O4
F6481-3891,C17H17F3N2O2S
F6619-6000,C18H25N7S
F6209-0256,C19H20FN3O2S
F6257-1417,C16H18BrN5O
F3342-0493,C20H28N2O3S
F6789-7343,C20H18N4O2S
F6727-8143,C20H21N5O3
F6518-4365,C16H19N3O6S
F5098-0230,C22H23FN2O3
F3406-2481,C20H18ClFN4O
F6549-7313,C14H15BrN2O4S
F6181-0118,C21H25NO2S2
F6443-8340,C20H28N4O4
F6412-1676,C20H17F3N2O3
F6057-0153,C18H25N5O3S
F6519-3878,C18H20FN3O2S2
F6734-0235,C18H21F3N6O
F6439-8553,C20H20N4OS2
F6244-3464,C22H27N3O4
F6529-0971,C17H20F3N5O3
F5382-0739,C21H27N3O3S
F6517-0353,C18H16N2O7S
F5598-0163,C19H17F3N4O3
F6257-6084,C21H21FN6O2
F6445-6190,C17H16BrF2N3O2
F3406-5232,C20H23N5O3S
F6438-0781,C17H19F3N4O3S
F6257-3633,C23H26N6O2
F6556-4493,C23H23N3O5
F3382-7226,C23H21FN2O3S
F6245-3208,C21H22FN5O2S
F6232-0278,C19H22N6O4S
F5461-0307,C24H23N3O3S
F6445-6717,C23H24N4O3S
F6442-4541,C25H21N5O3
F5967-0174,C24H27ClN2O4
F2459-0639,C24H23N5O4
F6788-4269,C20H23F3N8O
F3124-0534,C26H27N5O3
F3222-5643,C23H22N2O5S2
F1609-0126,C25H23ClN2O4S
