# All user editable compound information in the PCDL Manager compounds tab can be imported
# A minimum of formula or mass plus one identifier must be populated for compound import (recommended is formula and at least one other identifier, see examples)
# Multiple synonyms can be entered into the Synonyms column when separated by ';' (e.g. L-Isoleucine; 2-Amino-3-methylvaleric acid)
# All compounds will be assumed to be of a neutral ion type, unless a 1 is entered in the Cation or Anion column
Name,Formula
F6789-0408,C12H19N3OS
F3314-0089,C15H31NO2
F6663-2291,C14H16FN3O
F6471-7255,C12H15N3O2S
F6530-6092,C13H11N5O2
F6472-2807,C14H16N4O2
F6660-4256,C14H17N3O3
F6660-0843,C18H18N2O
F6031-1192,C15H27N3O2
F6668-1246,C11H9ClFN3OS
F6666-9305,C16H14FNO3
F6439-7614,C13H15N5OS
F6464-0337,C17H22ClNO
F6471-0807,C16H14N4O2
F2147-0237,C18H20N2S
F6512-1072,C16H18N4O2
F6672-0143,C16H20N4O2
F6752-3402,C14H26N2O3S
F5831-7535,C16H19NOS2
F6488-2596,C14H21N5O3
F6223-0052,C13H15FN4O2S
F6696-0159,C16H16N4OS
F2496-3134,C16H14N2O5
F6752-2028,C12H17ClN4O2S
F1626-0097,C16H15ClN2OS
F5033-2041,C17H25N3O3
F6483-0252,C19H19N3O2
F6490-0193,C18H17N3O3
F6024-0100,C17H15N3O2S
F6796-0368,C16H18N6O2
F6184-0492,C17H16N2O3S
F6288-0434,C16H19N5O3
F5658-0120,C18H15F2NO3
F6753-1012,C17H24N4O3
F6753-2587,C16H19ClN4O2
F6549-5005,C19H21N5O
F6574-0573,C15H16FN3O3S
F6495-4283,C17H15FN6O
F5860-0307,C19H21N3O3
F6478-4283,C19H24N4O2
F6471-6058,C18H15FN2O2S
F6473-6068,C18H17NO6
F5857-3674,C16H19F3N2O3
F6356-1124,C18H23N3O4
F6521-3699,C18H15ClFNO3
F6562-4084,C17H18ClFN4O
F6562-7270,C17H20FN3O4
F6565-2658,C15H12F3N5O2
F3407-4689,C20H21FN4O
F5042-0467,C18H18N4O2S
F6712-4043,C19H25N5O2
F6743-7842,C14H23N5O4S
F6672-0915,C18H22BrN3
F6452-1158,C17H16ClN3O2S
F3394-0118,C12H8BrClFNO2S
F5860-2554,C22H21FN2O2
F6125-3152,C14H14F4N2O3S
F2740-0835,C20H21N3O4
F2517-0864,C19H19N3O3S
F6786-6218,C20H26N4O3
F6439-1216,C16H19F3N4O3
F2706-0061,C19H16F2N2O2S
F6559-2425,C20H21N7O
F2440-0087,C20H19N5OS
F6564-5480,C22H26N4O2
F6549-2352,C20H20N4O2S
F6521-8449,C23H27NO4
F6246-4286,C20H21N3O3S
F6734-1215,C16H18BrF2N3O
F6513-5136,C20H23ClN4O2
F3165-0568,C18H14ClFN4O3
F6685-8756,C19H18F3N5O
F6549-5060,C21H34N4O3
F6571-0130,C20H19F3N2OS
F6479-4600,C18H27N5O3S
F3406-4319,C21H18FN3O4
F5478-0037,C23H32N4O2
F5614-0449,C21H23FN4OS
F2743-2007,C22H19F3N2O2
F6796-8696,C20H21F3N6
F6680-2578,C15H14F3N3O3S2
F6089-9489,C22H21N3O3S
F2236-0175,C22H23N3O5
F3406-3444,C20H14ClFN4O3
F5607-0019,C23H22N6O2
F3222-4463,C23H20ClN5O
F6445-2803,C20H15F3N2O3S
F5072-2014,C23H26N4O4
F6252-5803,C25H23N5O2
F0802-0076,C26H24N2O4
F5016-1703,C22H23F2N3O4
F6565-4774,C23H23FN6O2
F6570-2469,C24H27N3O3S
F5250-0443,C22H25FN6O3
F6257-3058,C25H29N7O
F3406-6001,C26H30N4O3
F3342-0143,C24H25N3O4S
F6609-1955,C22H18BrN5O2
F2865-1019,C24H25N7O4
F2297-0637,C25H33N3O5S
