# All user editable compound information in the PCDL Manager compounds tab can be imported
# A minimum of formula or mass plus one identifier must be populated for compound import (recommended is formula and at least one other identifier, see examples)
# Multiple synonyms can be entered into the Synonyms column when separated by ';' (e.g. L-Isoleucine; 2-Amino-3-methylvaleric acid)
# All compounds will be assumed to be of a neutral ion type, unless a 1 is entered in the Cation or Anion column
Name,Formula
F3072-0106,C12H14N2O2S
F6494-0176,C12H9N5O2
F2167-1116,C14H13NO4
F6540-9151,C11H17F3N4
F0854-0107,C15H14N4O
F6804-8537,C12H13F3N4
F6554-4701,C15H16FN3O
F6544-1381,C14H20N4S
F6793-6845,C12H20F3N3O
F6554-5715,C10H9F4NO2S
F6619-7237,C14H19N7
F6744-5921,C16H21N3O2
F6788-7836,C10H15ClN4O2S
F6496-0927,C17H16N4O
F6524-1863,C12H14ClN5O2
F6089-3095,C16H15N3O3
F1174-0744,C16H17N3OS
F5060-0118,C14H15N5O3
F6808-9127,C12H21N3O4S
F6360-9276,C15H12ClFN2O2
F6014-0245,C19H17FN2O
F1903-0407,C15H23FN4O2
F5095-0108,C18H24N4O
F6381-0320,C17H22N4O2
F6813-7831,C17H21FN4O
F3225-1034,C19H18N4O
F3406-9780,C15H17FN4O3
F3398-3515,C17H14N4O3
F6554-9030,C14H13ClN2O3S
F5033-2996,C15H23N3O3S
F5835-0285,C17H14FN3OS
F6484-0021,C17H20N4O3
F6521-5067,C14H19ClN2O3S
F6573-5555,C21H21N3O
F5871-0881,C16H19N3O3S
F6448-0058,C17H26N4O3
F6573-5403,C17H15F3N2O2
F3188-0091,C19H19N3O3
F6791-8329,C18H22N6O
F6363-0471,C17H13ClN4O2
F6390-3053,C19H19NO3S
F5835-0535,C19H19FN2O3
F6753-2600,C16H20F3N3O2
F2258-0768,C13H13Cl2N3O2S
F6482-6391,C18H13F3N2O2
F6802-9527,C17H21N3O3S
F1143-0378,C18H24N2O5
F2795-0453,C16H12ClFN2O4
F6000-0217,C20H21N3O3
F6523-2417,C16H15N7OS
F6783-6278,C17H22N8O
F6178-5846,C18H20N4O2S
F6442-0311,C18H15FN2O3S
F6619-7252,C20H21N7
F0840-0088,C19H24ClN3O2
F6440-2615,C17H21N3O4S
F1358-0824,C20H15NO4S
F3406-9826,C19H19FN6O
F2543-0542,C18H16N4O3S
F6414-1165,C22H27NO2S
F6360-9460,C22H17N3O3
F6521-5510,C13H18F3NO4S2
F6454-0680,C18H25F3N2OS
F6549-8824,C19H21FN2O3S
F6687-7047,C23H27N3O2
F6656-3861,C18H22ClN3O2S
F6525-1734,C20H24N6O2
F6436-2782,C19H18F4N2O2
F6440-2800,C22H29N3O3
F5967-0323,C20H23N3O3S
F6560-1108,C17H19F2NO3S2
F1888-0218,C22H20N4O3
F6374-0058,C18H19BrN2OS
F6441-3349,C20H25NO3S2
F6488-2328,C21H24N6O2
F6523-0350,C18H17F3N4O3
F6803-0168,C21H25N5O3
F6411-0536,C24H19N3O3
F6480-4935,C18H17ClF3N3O2
F5857-3548,C19H19ClF3NO3
F5016-0873,C20H25N3O2S2
F2491-0209,C22H23N5O3
F6515-1230,C20H16ClF3N2O2
F3281-0043,C21H22N4O3S
F6521-1755,C17H20BrNO2S2
F6606-1855,C21H25N3O4S
F5833-4237,C21H23ClN2O3S
F2518-0447,C15H9Br2N3O2
F6726-4279,C22H22FN5O3
F2024-0569,C23H27ClN4O2
F6295-1113,C22H22F3N5O
F6495-2813,C23H21FN6O2
F2375-0631,C24H25N3O5
F5234-0113,C22H26N6O2S
F6456-1284,C26H27N5O2
F1423-3931,C20H13Cl2N3O3S
F6523-0203,C16H16BrF3N4OS
F3222-0136,C21H18ClN5O5
F1874-0661,C22H18ClN5O3S
F2814-1364,C25H25N3O3S2
