# All user editable compound information in the PCDL Manager compounds tab can be imported
# A minimum of formula or mass plus one identifier must be populated for compound import (recommended is formula and at least one other identifier, see examples)
# Multiple synonyms can be entered into the Synonyms column when separated by ';' (e.g. L-Isoleucine; 2-Amino-3-methylvaleric acid)
# All compounds will be assumed to be of a neutral ion type, unless a 1 is entered in the Cation or Anion column
Name,Formula
F6482-4009,C11H19N5O2
F6616-7256,C12H10N4OS
F6540-9106,C12H18F3N3
F9995-0283,C14H16FNO3
F6414-2001,C13H19NO3S
F6616-8112,C15H17FN4
F2824-0017,C13H17N5O2
F6617-6586,C15H22N2O3
F3367-0120,C16H11ClN2O
F6562-8619,C14H11N3O2S
F3097-6279,C17H18ClNO
F1608-0484,C14H15N3O4
F1913-6001,C17H17N5
F6475-0601,C14H18N2O5
F6754-7591,C17H17FN4
F5033-0400,C18H22N2O2
F6490-0866,C16H20N4O2
F6681-9375,C15H22N6O
F3386-0198,C16H19NO3S
F6507-1265,C17H25NO4
F6284-0367,C14H13F3N4O
F6360-9456,C17H16N2O4
F6524-5778,C13H13F3N4O2
F6353-6305,C13H20N2O3S2
F6516-2046,C16H12F2N2O3
F3097-6155,C14H13BrN2O2
F6748-3374,C18H19N5O
F6471-2316,C18H17N3O3
F6525-6626,C14H19N3O2S2
F2493-1537,C19H22N2O3
F2265-0404,C17H16N2O3S
F6479-2743,C18H20FN3O2
F6445-6105,C17H18ClN3O2
F6031-0395,C19H28N2O3
F5496-1685,C16H19FN4OS
F6713-7034,C18H21N7
F6482-5831,C19H16ClN3O
F6748-6212,C16H17F3N4O
F6549-4270,C19H21N3O3
F6446-0380,C20H28N4O
F6367-0620,C17H15FN4OS
F6559-0958,C16H17N5O2S
F6037-0002,C19H16N6O
F5831-2816,C23H23NO2
F5882-5099,C17H12F3N3O2
F6451-3113,C18H21ClN2O3
F6440-2675,C17H23N3O3S
F2348-0321,C19H17N3O2S
F5775-0102,C21H24N2O3
F6516-0942,C19H18N2O5
F3244-0168,C16H9BrN2O3
F6596-4187,C19H23N3O2S
F6482-7051,C21H17N3OS
F2513-0050,C15H15N5O4S
F6559-0028,C15H14BrN3O3
F5082-0213,C19H20N6O2
F6709-5742,C18H14N4O3S
F6523-2773,C19H21N5O3
F6433-0130,C21H15N5O2
F6619-3889,C20H30N6O
F6436-1527,C20H21FN2O4
F6480-1350,C19H19ClN2O4
F6609-1321,C23H25N3O2
F6524-2748,C21H19N3O4
F6521-7947,C12H11BrClNO2S2
F6178-6575,C21H20N2O5
F6493-0970,C22H27N3O3
F3226-3058,C20H21N3O3S
F6481-4359,C18H18F3NOS2
F6454-2720,C19H25F3N2OS
F6441-7498,C16H21ClN2O5S
F5110-0438,C18H23N5O3S
F6520-1314,C18H17NO3S3
F5882-6436,C21H17FN4O3
F6240-0621,C22H24FN5O
F6436-2570,C21H21N3O3S
F6482-1610,C18H17Cl2NO3S
F6472-7665,C22H26N2O3S
F2024-1541,C20H21FN4O4
F6475-1142,C25H26N2O3
F6111-0868,C20H21BrFNO2
F6275-0232,C18H24F3NO4S
F1396-0173,C23H27N3O2S
F6805-3695,C20H21BrN4O
F5832-4737,C23H30N2O3S
F6567-9198,C19H23N5O4S
F6477-0438,C22H20N4OS2
F5033-3719,C25H30N2O4
F6374-1758,C25H31NO3S
F6713-1805,C24H24N6O2
F5826-0144,C24H25N5OS
F6565-4608,C23H26N6O3
F6787-0831,C22H24FN7O2
F6237-4255,C16H11BrF3N5O2
F0662-0806,C20H18BrFN4O2
F5496-0856,C19H18BrN3O3S
F5581-2118,C19H15ClF2N4OS2
F3385-5591,C26H25NO5S
F3222-0516,C22H21FN2O5S2
F0012-0646,C28H22Cl2N2O2
