# All user editable compound information in the PCDL Manager compounds tab can be imported
# A minimum of formula or mass plus one identifier must be populated for compound import (recommended is formula and at least one other identifier, see examples)
# Multiple synonyms can be entered into the Synonyms column when separated by ';' (e.g. L-Isoleucine; 2-Amino-3-methylvaleric acid)
# All compounds will be assumed to be of a neutral ion type, unless a 1 is entered in the Cation or Anion column
Name,Formula
F0852-0003,C15H14N2S
F6401-0119,C15H18N2S
F6660-2916,C14H14O3S
F3320-0303,C17H19N3
F6511-8657,C16H19N3O
F6477-5183,C13H11N3S2
F1174-1765,C13H12N2OS2
F1625-0024,C17H13NOS
F6525-2930,C15H14N4O2
F6554-2050,C14H14F3NO2
F6262-1153,C15H17N3O3
F5882-5596,C16H19NO4
F5871-3453,C14H16N2OS2
F1174-0318,C17H18N4O
F3095-1181,C19H24N2O
F6356-0286,C13H14ClNO3S
F6571-5646,C16H15NOS2
F0336-0211,C16H14ClNO3
F6755-0109,C16H20ClN3O
F6724-5070,C16H12N4OS
F6733-0243,C17H15FN4O
F5775-0048,C18H17FN2O2
F5828-0219,C16H18N4OS
F3321-0013,C20H16N2O2
F5882-4084,C16H18N2O3S
F2516-0248,C15H16N2O4S
F0373-0049,C16H27N5O2
F5016-1759,C15H21N3O5
F6522-0072,C19H19NO2S
F6795-3167,C17H22N6O
F6210-1086,C15H15F3N2O3
F6475-4880,C18H23N3O3
F5893-0006,C20H17N3O2
F6521-4182,C17H13F2NO2S
F6523-0925,C19H18N4O2
F6754-7348,C14H17BrN4O
F3368-0135,C20H19NO2S
F6515-2957,C17H18N6O2
F6619-7548,C17H21N7O
F6516-1137,C18H15NO4S
F6556-7823,C19H19ClN2O2
F6518-2261,C19H21NO3S
F6445-6372,C21H20N4O
F6689-3369,C17H27N7O
F6479-2901,C17H18ClN3O3
F6438-1864,C17H21ClN4O2
F3412-0072,C18H19N7O
F6194-0184,C18H22ClNO4
F6609-4016,C14H12BrNO3S
F6806-7039,C17H23FN2O3S
F6809-1023,C17H16ClF3N2O
F6485-1758,C18H23N5O3
F6560-5252,C20H17N5O2
F3374-0037,C17H19N3O4S
F6451-3487,C15H16F3NO4S
F6658-6188,C21H24N4O2
F0212-0022,C19H18N4O2S
F6594-0577,C20H25N5O2
F6791-8034,C17H19N7OS
F6416-9153,C20H18ClNO2S
F6472-7281,C21H20N6O
F6444-1610,C19H19FN2O5
F6481-1145,C15H21ClN2O3S2
F6502-0201,C17H23N5O3S
F6681-8835,C15H18BrN5O2
F2880-0314,C22H24N2O2S
F6561-7594,C18H20Cl2N2OS
F6619-4141,C18H21N7OS
F5836-0008,C20H14F3N3O2
F6687-5238,C18H25F3N4O2
F2863-0087,C19H20N2O5S
F2744-1057,C23H23N3O3
F3407-0300,C17H17N3O6S
F6178-5723,C21H20N4O4
F6524-6728,C16H15ClN4O4S
F3382-8158,C21H22ClN5O
F6471-8584,C17H20ClN3O4S
F6443-1436,C26H26N2O2
F5115-0160,C24H24N4O2
F6557-0135,C17H16F3NO3S2
F6681-8952,C18H24BrN5O
F2077-0697,C22H22FN5O2
F6515-1770,C19H15BrN4O2
F2334-0430,C20H20N4O6
F6520-1893,C18H16F3NO3S2
F6439-0915,C23H23N5O3
F6286-0895,C20H19F3N4O3
F6418-1668,C23H21NO3S2
F0653-0369,C21H19ClN4O2S
F6441-4995,C22H20FNO3S2
F6571-0181,C20H21BrN2O2S
F6111-0797,C21H23BrFNO3
F5033-8062,C21H21Cl2FN2O3
F6469-1297,C24H16FN5OS
F6734-1562,C21H21FN4O4S
F5855-0865,C21H25N3O4S2
F6166-0486,C21H20BrN5O2
F2699-0213,C24H24N4O6
F3398-2530,C22H21F2N3O3S2
F2749-0042,C27H27N3O4S
