# All user editable compound information in the PCDL Manager compounds tab can be imported
# A minimum of formula or mass plus one identifier must be populated for compound import (recommended is formula and at least one other identifier, see examples)
# Multiple synonyms can be entered into the Synonyms column when separated by ';' (e.g. L-Isoleucine; 2-Amino-3-methylvaleric acid)
# All compounds will be assumed to be of a neutral ion type, unless a 1 is entered in the Cation or Anion column
Name,Formula
F6755-5439,C12H14N2S2
F5835-0443,C11H13NO4S
F0722-2316,C15H14ClNO
F6200-1325,C14H18N2O3
F6608-0432,C13H18N2O2S
F6610-1195,C15H14N2O3
F6471-2342,C13H15N5O2
F6210-0979,C15H17FN2O2
F6752-3664,C14H21N3OS
F3412-0134,C15H26N2O3
F6805-3072,C15H19N5O
F6244-2677,C16H21N3O2
F6512-9173,C10H8Cl2N2O2S
F6571-5992,C15H20N2O2S
F6482-5785,C16H13N3OS
F6609-8213,C17H15NO4
F8890-1284,C14H13N5O3
F2830-0721,C17H19NO2S
F6438-2054,C15H17N3O4
F0238-0012,C15H11ClO3S
F6725-2765,C17H16N4O2
F3207-0046,C19H22N2O2
F5234-0001,C16H20N6O
F6438-0471,C17H22N4O2
F6573-1948,C15H20N6O2
F6452-0217,C17H19FN2O3
F6525-7579,C18H16N4O2
F6475-7996,C15H18N2O4S
F6677-1411,C20H25N3O
F3167-1326,C18H19N3O3
F5958-0060,C14H18ClN3O2S
F6186-0493,C15H24N2O4S
F5860-0191,C13H13F3N4OS
F6471-5881,C16H21N5O3
F3375-1977,C19H15N3O3
F6734-1501,C17H23FN4O2
F6312-0242,C18H16N4OS
F6549-4265,C17H18F3N3O
F6814-6646,C19H22N4O2
F5954-0149,C16H10ClFN6
F6502-0336,C17H16ClN5O
F2580-0064,C22H18N2O2
F6809-1110,C19H22ClN3O
F2960-0037,C15H8ClN3OS2
F6560-3166,C16H15FN4O2S
F5857-3854,C19H22ClNO3
F5645-0011,C20H20N4O2
F2487-0232,C16H12Cl2N2O3
F6574-0095,C20H21N3O3
F2880-1604,C16H17ClFN3O3
F2636-0645,C18H22N6O2
F6792-0994,C14H18F2N6OS
F6363-0474,C17H12ClFN4O2
F1031-0161,C20H26ClN3O
F6359-1608,C20H19N5O2
F3280-0016,C20H17N3O4
F6436-3659,C17H20BrNO3
F6559-7633,C15H17F3N8
F6171-0410,C16H20N2O4S2
F6480-6115,C20H23N3O4
F6156-0391,C20H21NO4S
F6559-5782,C13H14BrF2N5O
F6454-1164,C19H23FN4OS
F6554-1155,C17H20N4O4S
F5882-2899,C23H24FN3O
F5012-0165,C18H21NO6S
F6178-4141,C18H28N4O3S
F6793-7241,C17H17F3N4O3
F6529-2604,C20H25N5O3
F1222-0417,C20H20FN3O4
F6416-9256,C17H19ClFNO4S
F6514-6574,C20H19F3N4O
F3386-4729,C17H15BrN2O2S
F5016-1455,C18H19ClFN5O2
F6523-4407,C22H24N4O3
F6178-7441,C16H21F3N2O4S
F5329-0084,C22H25N3O4
F6506-0677,C22H23NO4S
F6510-2840,C17H16F3N3O3S
F6749-0853,C18H20BrN5O
F6514-4799,C18H21N5O4S
F6529-6468,C20H27N3O4S
F1590-0063,C22H17ClN2O2S
F3342-0232,C19H23FN2O5S
F3019-0033,C24H32N2O4
F1806-0149,C20H25N5OS2
F5149-0482,C20H17ClF2N4O2
F5754-0029,C24H28N4O3
F5854-0398,C23H25N3O3S
F6496-3925,C22H23FN4O4
F5832-6281,C25H23N3O4
F3406-8131,C22H20N6O4
F2880-3132,C25H26ClN3O2
F6526-1514,C23H26N4O3S
F5524-0180,C21H27N7O2S
F6258-1354,C25H28N6O2
F2758-0721,C26H29N3O4
F0634-0183,C23H30N6O4
F0688-0078,C25H30N4O3S
F6276-0591,C24H21N3O4S2
