# All user editable compound information in the PCDL Manager compounds tab can be imported
# A minimum of formula or mass plus one identifier must be populated for compound import (recommended is formula and at least one other identifier, see examples)
# Multiple synonyms can be entered into the Synonyms column when separated by ';' (e.g. L-Isoleucine; 2-Amino-3-methylvaleric acid)
# All compounds will be assumed to be of a neutral ion type, unless a 1 is entered in the Cation or Anion column
Name,Formula
F6782-7177,C16H19N3
F2493-1635,C13H10N2O4
F6619-2115,C14H19N3O2
F6804-7491,C14H19NO2S
F6709-4544,C15H15N3O2
F6015-0109,C16H20N2O2
F6733-2298,C15H18FN3O
F6359-3067,C14H22N4O2
F6451-3384,C12H14N2O4S
F3267-0062,C13H10F3NO3
F3120-0056,C15H17N3OS
F1799-0071,C16H16FNO3
F6479-6108,C15H21N3O3
F6432-0104,C15H14N6O
F2487-0085,C18H20N2O2
F6672-1938,C18H22N2O2
F6555-0318,C15H20N6O
F6753-2786,C18H26N2O2
F6226-0231,C16H19NO3S
F6744-6562,C18H21N5
F6561-1393,C16H14N4O3
F1702-0077,C17H16N2O4
F6514-7487,C10H17F3N4O2S
F2005-0174,C15H16N4O2S
F2370-0579,C16H15FN2O2S
F6679-2736,C13H13BrN4O
F5791-1357,C18H19N5O
F6786-6099,C15H21N3O3S
F6516-1653,C18H15NO5
F6414-0079,C19H22N2O3
F6471-1323,C14H20N2O3S2
F6752-3992,C15H21F2N3O3
F6523-2893,C15H17N5O2S
F6804-4834,C18H28N4O2
F6561-1504,C20H18N2O3
F6808-6099,C21H25N3O
F6560-3060,C17H15N5OS
F6515-3364,C16H17F3N4O
F5854-3878,C16H25N3O3S
F0550-0100,C13H9Cl2N3O2S
F6524-6320,C16H14N4O5
F6245-3157,C16H17N5O2S
F6683-1279,C18H21ClN4O
F6561-6664,C17H23N5O3
F5330-0982,C17H15F2N3OS
F6571-0846,C16H20N4O3S
F6562-2498,C19H19N5O2
F5597-0212,C16H18FN3O3S
F6805-5264,C19H21FN6
F5614-0140,C19H19ClN4O
F6549-6748,C12H13BrN4O2S
F5831-9143,C21H24FNOS
F5069-0330,C18H18FN3O2S
F6574-0157,C20H15N3O2S
F3386-5046,C15H13ClF3NO2S
F5863-0247,C19H20N6O2
F2199-0252,C15H18N4O3S2
F6443-8331,C19H21N5O3
F6359-0842,C20H20ClN3O2
F6442-0571,C15H14ClNO4S2
F6481-3816,C20H24N2O3S
F6276-1537,C17H18N4O4S
F3406-1422,C23H25N3O2
F6524-4277,C21H19N3O4
F6471-2449,C15H14BrN3O2S
F3411-0196,C21H20N2O5
F5614-0465,C21H27N5O2
F5857-3523,C19H20F3NO4
F6523-0968,C17H15ClF3N3O2
F5141-0402,C21H26N2O3S
F1876-0511,C17H11F3N6O2
F5315-0046,C18H23N5O3S
F6506-1568,C19H18ClNO2S2
F6473-7172,C20H22ClFN2O3
F6286-0486,C21H26F3N3O
F2135-1710,C21H21N3O3S
F6418-0137,C18H14F3NO2S2
F2880-4108,C22H26N2O3S
F2780-0639,C20H24N4O3S
F6438-3757,C19H26N6O4
F6608-2297,C16H15F4N3O3S
F6727-8823,C21H21N5O2S
F2318-0342,C20H23N7O3
F3382-1926,C17H21ClN4O4S
F6111-1825,C25H26N4O2
F6523-0476,C19H18F3N7O
F6564-3775,C20H22Cl2N4O2
F6513-1302,C24H30N4O3
F6514-4384,C22H27N5O4
F0528-1489,C23H29FN4OS
F6497-0923,C25H25N3O4
F3406-6020,C25H27FN4O2
F6240-2370,C23H27N5O4
F3407-2991,C19H16BrN5OS
F3386-2901,C19H22Cl2N2O4S
F6435-8963,C18H19ClFNO5S2
F3411-5861,C22H17FN4O2S2
F3258-0064,C25H25N3O4S
F3398-2497,C23H17ClN6O4
F1743-0032,C26H24N4O4S
