# All user editable compound information in the PCDL Manager compounds tab can be imported
# A minimum of formula or mass plus one identifier must be populated for compound import (recommended is formula and at least one other identifier, see examples)
# Multiple synonyms can be entered into the Synonyms column when separated by ';' (e.g. L-Isoleucine; 2-Amino-3-methylvaleric acid)
# All compounds will be assumed to be of a neutral ion type, unless a 1 is entered in the Cation or Anion column
Name,Formula
F3257-0130,C16H17N3
F6782-3812,C10H16N4O2S
F6262-1388,C12H12N4O3
F6190-0552,C16H25NO2
F6752-4296,C13H21N3O3
F6539-3295,C16H17NO3
F6471-5202,C12H14N6O2
F6478-0458,C12H15N5O3
F6619-5763,C15H16N6
F6312-0288,C17H21N3O
F6487-0816,C16H18N2O3
F6571-0004,C16H20N2OS
F2783-0631,C16H22N2O3
F6435-2529,C15H19NO3S
F6808-5491,C13H24F3N3O
F6687-7081,C18H23N3O
F6089-9774,C14H25N3O4
F6113-0218,C11H9F3N4OS
F6802-6970,C13H18F2N2O2S
F6806-6346,C16H26N4O2
F5876-0010,C17H15N3O3
F6539-3129,C17H17N3O3
F6474-7244,C15H15N5O3
F2487-0049,C16H17N3O4
F6561-7500,C16H19N3O2S
F2740-0162,C16H12F3N3O
F5686-0026,C14H15N3O2S2
F6133-0601,C17H26N2O4
F6525-2114,C16H16N6O2
F6515-0272,C16H14N4O2S
F6559-6884,C13H16F3N7
F2707-0527,C16H15N3OS2
F6111-1640,C19H23ClN2O
F1379-0006,C18H18ClFN2O
F6403-0828,C21H23N3O
F6438-3195,C14H17N5O3S
F6296-1275,C19H20N4O2
F2374-0015,C14H14N2O4S2
F6564-2536,C18H17N3O2S
F6448-2335,C16H16N6O3
F6444-6326,C17H19N5O3
F6658-5959,C19H26N4O2
F6709-4177,C13H11F3N4O2S
F6089-7233,C17H19N3O3S
F6104-0240,C17H19FN4O3
F6802-7400,C18H25N3O4
F6416-9056,C18H20ClNO2S
F6561-1507,C19H18N4O3
F6506-1698,C19H16N2O3S
F6761-7336,C20H23N3OS
F6571-5744,C20H21NOS2
F6574-0225,C16H12BrN3O2
F6100-0113,C20H20F2N2O2
F6178-6532,C19H21ClN2O3
F6445-6875,C21H18N2O2S
F0161-0377,C15H10BrFN2OS
F6464-1175,C22H23NO2S
F3321-0126,C16H18ClN3O3S
F6574-1929,C20H24N4OS
F3385-6058,C20H19ClN2O3
F1822-0249,C12H6BrClN2OS2
F6485-1507,C19H20FN3O4
F6677-0880,C18H22BrN3O
F6349-1369,C22H24N4O2
F3250-0554,C21H19ClN4O
F6605-5433,C21H22FN5O
F5323-0373,C20H19N3O3S
F6517-4022,C22H26N2O4
F6353-6424,C16H24N4O3S2
F6510-2762,C15H13F3N4O3S
F6812-1609,C18H16F3N7
F6806-6977,C14H17BrFN3O2S
F5689-0082,C21H18N4O4
F5831-6685,C21H24F3N3O
F6473-8172,C20H21ClFNO4
F6811-1750,C21H23FN6O
F6559-0818,C20H20N4O3S
F6608-3862,C21H31N7O
F3348-0563,C23H21N5O2
F6515-0643,C18H15BrN2O2S
F6783-0439,C18H20N4O3S2
F6195-0930,C22H22N4O2S
F5979-0015,C21H24N6O3
F5003-0400,C17H19ClFN5O2S
F6670-5989,C24H23N5O2
F6685-8660,C21H19F3N4O2
F6125-2065,C19H15ClFN3O3S
F5265-0492,C21H28FN3O3S
F6523-0328,C20H23F3N4OS
F6247-2073,C21H22FN5O4
F0921-5847,C24H22N4O4
F2279-0243,C21H27N3O5S
F5669-0378,C20H23F3N6O2
F6496-3494,C26H25N5O2
F6252-4700,C22H27ClN6O2
F5252-0179,C24H24FN7O
F6557-1990,C20H20ClN3O3S2
F5729-1155,C23H21F3N4O3
F3222-2725,C20H17ClF3N3O3S
F2090-0748,C27H26N6O3
