# All user editable compound information in the PCDL Manager compounds tab can be imported
# A minimum of formula or mass plus one identifier must be populated for compound import (recommended is formula and at least one other identifier, see examples)
# Multiple synonyms can be entered into the Synonyms column when separated by ';' (e.g. L-Isoleucine; 2-Amino-3-methylvaleric acid)
# All compounds will be assumed to be of a neutral ion type, unless a 1 is entered in the Cation or Anion column
Name,Formula
F6226-0217,C11H13N3O4
F6667-0844,C10H6ClFN2OS
F6571-1690,C13H25NO4
F2135-1716,C13H17N3OS
F6546-0968,C15H13N3O2
F5086-1803,C14H13N3OS
F6562-8452,C14H14N2O2S
F6436-3473,C15H16ClNO2
F0758-0027,C18H16O3
F6482-5437,C16H17N3O2
F6519-5880,C14H14N4O3
F6561-7478,C14H16N4OS
F2487-0183,C15H18N2O4
F6616-6136,C12H14F3NO2S
F6559-1403,C16H19F2NO2
F5866-0371,C17H19N3O2
F6675-6108,C17H18FN3O
F6755-0245,C17H23N3S
F2135-0622,C13H12N4O3S
F3296-0405,C18H18N4O
F6363-0368,C13H15N3O4S
F5835-0648,C17H14FN3O2
F6464-0765,C15H20ClNO2S
F6560-6357,C19H13N3O2
F5854-4137,C17H19NOS2
F3290-0116,C15H14ClN3OS
F6489-1552,C16H24N4O3
F6562-3661,C17H18N6O
F3237-0690,C15H20N2O4S
F6473-3751,C14H12Cl2N2O3
F6561-3196,C14H21N3O4S
F6244-1688,C20H28N2O2
F6494-0731,C16H18N4O4
F3328-0051,C17H17ClN2OS
F6448-1186,C17H20FN3O3
F5856-0115,C17H13N5OS
F6495-4986,C16H16N8O
F6359-4257,C20H23N3O2
F5857-1076,C15H15ClFN3O3
F6495-9664,C18H14F2N4O
F5826-0104,C17H19N5OS
F1631-0172,C18H22N4O3
F6560-4898,C18H25N5O2
F6287-0093,C17H16FN3O2S
F6445-7103,C21H18N2O3
F6792-2135,C17H17N9
F6539-3848,C17H16ClNO3S
F6567-7989,C19H18N4OS
F6680-0717,C13H13BrN4OS
F6562-1791,C19H19N3O4
F6125-2165,C16H19Cl2N3O2
F6125-2250,C20H24N2O4
F6557-0985,C19H22N2O3S
F5268-0494,C19H18ClFN2O2
F6685-9019,C17H16Cl2N4O
F6480-5997,C20H21N5O2
F6464-0599,C21H20ClN3O
F5016-0280,C19H34N4O3
F6562-4270,C18H20N6OS
F6363-0468,C18H15ClN4O3
F6753-2107,C16H23F2N5O3
F6608-2590,C17H16F5N3O
F3406-2078,C18H15Cl2N3O2
F6660-0220,C22H21FN4O
F6473-4496,C18H19FN2O4S
F6125-2983,C18H25N3O4S
F6237-1922,C16H11F4N5O2
F6448-2088,C20H22N4O4
F5827-0169,C18H17ClN6O2
F6795-2614,C19H24FN7O
F6171-0163,C19H21N3O4S
F5661-3650,C23H24N4O2
F6473-8740,C20H20ClFN2O3
F6727-5845,C21H21N5O3
F6515-1181,C21H16ClN3O3
F6524-0908,C21H22N4O4
F3226-0636,C21H14F2N2O4
F6619-5967,C17H22F3N7O
F2340-0012,C20H21N3O6
F6245-5972,C17H22F3N5O3
F6513-1923,C24H29N5O
F6372-2541,C21H18N4O3S
F6411-1007,C22H24N4O2S
F6783-7256,C23H30N4O3
F5854-0795,C21H23N3O4S
F6681-8899,C18H21BrN6O
F6523-0793,C24H26N4O3
F6178-2618,C23H23N3O3S
F2371-0253,C22H20N2O5S
F2053-0326,C22H22FN3O3S
F6442-1688,C18H26N2O6S2
F2342-0181,C22H19N5O3S
F3398-4480,C24H24N2O4S
F6660-4420,C19H25N3O7S
F6363-0617,C21H23ClN6O3
F6473-8617,C22H27N3O5S
F6670-5340,C24H24N4O5
F2332-0444,C26H20FN3O4
F2077-1034,C26H23N5O4
F3406-4128,C26H23N7O3
