# All user editable compound information in the PCDL Manager compounds tab can be imported
# A minimum of formula or mass plus one identifier must be populated for compound import (recommended is formula and at least one other identifier, see examples)
# Multiple synonyms can be entered into the Synonyms column when separated by ';' (e.g. L-Isoleucine; 2-Amino-3-methylvaleric acid)
# All compounds will be assumed to be of a neutral ion type, unless a 1 is entered in the Cation or Anion column
Name,Formula
F5857-9054,C14H21NO3
F6672-1439,C15H16N2S
F6666-9110,C14H13FN2O2
F6244-1468,C15H25N3O
F6807-7004,C12H21N5O2
F3083-0047,C16H17NO3
F6745-8278,C13H17F3N2O
F1647-0008,C17H15N3O
F6554-1062,C13H20N4O3
F6617-6354,C17H21N3O
F6493-1028,C16H18N2O3
F6561-9507,C13H16N6O2
F6571-6217,C16H22N2O3
F5831-2022,C15H19NO3S
F6808-5428,C14H25N5O2
F6676-2752,C17H23N5
F6561-3544,C19H25NO2
F1155-0489,C15H14N2OS2
F6721-9280,C15H17ClN4O
F6178-7152,C18H30N2O2
F6494-1100,C17H15N3O3
F6573-5544,C17H17N3O3
F6523-3688,C15H15N5O3
F6496-0866,C16H17N3O4
F6523-1010,C16H19N3O2S
F3385-4827,C18H13N3O3
F6442-0875,C15H15NO5S
F6713-5773,C18H22N6
F6252-7820,C18H17FN4O
F6471-3270,C16H14N4O2S
F6525-1309,C15H17N7O2
F6190-1626,C15H14F3NO2S
F6808-3470,C17H22N4OS
F6560-4743,C16H17FN4OS
F5302-0122,C21H23N3O
F5448-0072,C19H17N3OS
F6668-2754,C19H20N4O2
F6442-2870,C15H15ClN2O3S
F6284-0595,C18H17N3O2S
F6561-1145,C13H20N6O3S
F6523-2914,C17H19N5O3
F6502-2696,C19H26N4O2
F2496-3085,C17H13FN2O3S
F6445-0617,C17H19N3O3S
F3407-0269,C19H23ClN2O2
F6756-0201,C19H21N7
F6574-0595,C16H19N3O2S2
F6363-0473,C19H18N4O3
F6506-1098,C19H16N2O3S
F6194-0185,C21H23NO4
F6359-1814,C19H18ClN3O2
F6747-5457,C12H16BrN5OS
F5832-5086,C19H22N2O5
F5832-5425,C19H21ClN2O3
F2417-0057,C18H19FN2O3S
F6252-7920,C16H11Cl2FN4O
F6786-6006,C17H18F3N5O
F6482-2164,C17H22BrNO3
F6619-7638,C17H20N8O2
F5496-0873,C18H18N4O3S
F6482-7101,C17H13BrN2OS
F6448-2052,C19H23N3O3S
F6529-1219,C14H16F3N5O2S
F2880-0893,C24H25FN2O
F3179-0592,C18H22N2O5S
F6452-2387,C20H29NO4S
F6515-0824,C20H19N3O3S
F6441-7487,C19H30N2O4S
F6560-8017,C20H21ClN4O2
F6573-2188,C19H16Cl2N4O
F5230-1461,C20H17N7O2
F6675-8584,C16H13BrFN5O
F3345-0253,C21H18N4O4
F6670-4666,C23H25N3O3
F6436-3954,C21H19N3O3S
F3395-0481,C20H25F3N4O
F6727-8788,C20H20N4O3S
F6559-2366,C13H11Cl2F3N4OS
F2070-0401,C23H21N5O2
F2986-0176,C16H16ClFN2O3S2
F2236-0404,C22H17ClN4O2
F6678-9096,C22H22N4O2S
F6526-1248,C23H25FN4O2
F6725-0018,C17H16F3N5O2S
F2947-0984,C22H27N3O5
F2224-0205,C23H20N4O4
F2569-0391,C20H18ClNO5S
F6257-3349,C23H24FN5O2
F5089-1516,C22H24N4O3S
F5614-0034,C21H25N5O3S
F6436-0624,C21H26N4O4S
F5607-0154,C22H23N7OS
F0696-2766,C24H25FN4O3
F6252-3052,C23H26FN5O3
F6726-5652,C22H24F2N6O2
F8890-3789,C25H27N5O3
F6609-1140,C20H20ClN3O5S
F2661-0173,C26H26N4O2S
F3222-2850,C20H23Cl2N3O4S
F2565-0154,C21H18BrN5O4
