# All user editable compound information in the PCDL Manager compounds tab can be imported
# A minimum of formula or mass plus one identifier must be populated for compound import (recommended is formula and at least one other identifier, see examples)
# Multiple synonyms can be entered into the Synonyms column when separated by ';' (e.g. L-Isoleucine; 2-Amino-3-methylvaleric acid)
# All compounds will be assumed to be of a neutral ion type, unless a 1 is entered in the Cation or Anion column
Name,Formula
F0382-0070,C16H14N2O
F5835-0426,C12H17NO3S
F6661-9101,C15H17NOS
F6677-1594,C14H22N4O
F0537-0449,C17H18N2O
F5834-5474,C16H15FN2O
F6676-2865,C13H18F3N3
F6454-0369,C14H20N4O2
F3257-0177,C18H21N3
F2771-0075,C15H13N3OS
F0715-0227,C11H8Cl2N2OS
F6556-6157,C17H25N3O
F6300-0186,C15H15ClN2O2
F6619-5604,C16H16N6
F2434-0371,C16H13N3O3
F6510-2525,C13H19N3O3S
F6672-1984,C17H18ClN3
F2016-0089,C16H19N3OS
F3382-3400,C19H17N3O
F2555-0060,C15H18N2OS2
F0651-0087,C19H20N2O2
F6184-0077,C14H14ClNOS2
F6755-6206,C11H12BrN3OS
F6244-1754,C19H26N2O2
F6752-0629,C16H24N6O
F6089-9853,C17H22N2O4
F6356-0496,C16H20N2O5
F2880-0248,C16H19FN2O2S
F6201-0402,C15H14ClFN2O3
F6515-2430,C17H19N5O2
F6562-9480,C17H14FN3O3
F5806-0605,C14H24N4O3S
F5027-0142,C17H18N2O3S
F6808-5918,C20H21N5
F6111-0985,C18H20FNO2S
F5854-4161,C15H14BrNOS
F6554-9060,C16H20N2O4S
F6510-1401,C16H23N3O3S
F6472-0866,C18H30N2O2S
F6782-4483,C18H16N2O3S
F5596-0114,C18H16FN3O3
F6491-0810,C16H18N6O3
F6475-3954,C18H21N3O4
F6445-6161,C16H16BrN3O
F6789-2124,C17H16ClFN4O
F6381-0389,C17H21N3O3S
F2880-0128,C22H24N2O2
F0679-0663,C16H16Cl2N4O
F6237-0944,C19H21N5O2
F6783-0007,C15H17F2N5OS
F6656-2264,C20H26N4O2
F5834-1412,C19H20N2O5
F5854-2963,C19H19ClN2OS
F6792-2365,C22H25N5
F6803-2486,C17H23N5O4
F6802-9954,C17H16F3N5O
F6515-0094,C19H15N3O3S
F6783-6503,C18H21F3N4O
F6199-0485,C16H21ClN4O2S
F6222-0527,C18H23N7O2
F1905-8990,C20H21NO6
F6525-1719,C17H16ClN5OS
F6764-3267,C22H22N4O2
F6519-8246,C21H20N4OS
F6436-1158,C16H15BrN2O2S
F5725-0148,C20H15F2N5O
F6564-5130,C22H28N4O2
F5033-6980,C18H26N2O3S2
F6471-9225,C13H13BrN4O3S
F6231-1002,C19H20FN5O3
F6524-2598,C18H17N3O5S
F5033-3655,C19H24N4O3S
F0317-0242,C19H13F3N2O2S
F5855-0472,C22H21N3O2S
F6245-4043,C18H28N6O4
F2051-0381,C22H22N2O3S
F1143-0652,C25H25N5
F3382-7120,C21H23N3O3S
F6438-1598,C17H17ClF3N5O
F6560-5732,C18H19N5O4S
F6403-3175,C22H21N5OS
F2724-0166,C23H24FN5O
F3406-3598,C21H17FN4O2S
F2902-0992,C20H19FN6O3
F6523-2509,C18H15N5O3S2
F6043-0943,C20H25N5O3S
F6262-6247,C23H19FN4OS
F1872-0467,C19H14F3N3O3S
F0916-6800,C22H25N5O4
F6257-3931,C25H26N6O
F5226-0202,C26H27N3O3
F6785-6694,C23H24N6O3
F6178-5802,C25H29N3O4
F5313-0767,C26H26N6O
F5939-3335,C19H17F3N2O3S2
F2365-0208,C21H20ClN3O4S
F0674-0100,C23H17FN4OS2
F1882-1540,C22H25N5O4S
F3398-0018,C24H26FN5O2S
F3406-3074,C25H29N5O3S
