# All user editable compound information in the PCDL Manager compounds tab can be imported
# A minimum of formula or mass plus one identifier must be populated for compound import (recommended is formula and at least one other identifier, see examples)
# Multiple synonyms can be entered into the Synonyms column when separated by ';' (e.g. L-Isoleucine; 2-Amino-3-methylvaleric acid)
# All compounds will be assumed to be of a neutral ion type, unless a 1 is entered in the Cation or Anion column
Name,Formula
F5791-3548,C11H11ClN4O
F2185-0101,C11H11ClFN3O
F6616-2660,C13H13N3OS
F6541-5869,C14H18N2O3
F6190-0097,C13H18N2O2S
F6556-7441,C15H14N2O3
F6512-1087,C13H15N5O2
F6201-0469,C15H17FN2O2
F6512-1070,C14H21N3OS
F6752-2388,C16H30N2O2
F6549-3175,C15H19N5O
F6549-8752,C16H21N3O2
F6543-0227,C10H9BrF2N2O
F6554-8548,C15H20N2O2S
F6482-7926,C16H13N3OS
F6514-2913,C12H18F3NO2S
F6064-8410,C14H13N5O3
F6414-1033,C17H19NO2S
F2308-0081,C15H17N3O4
F3228-0115,C16H12Cl2O2
F6360-9384,C17H16N4O2
F5966-0050,C19H22N2O2
F6733-1890,C18H21FN4
F6295-0753,C17H22N4O2
F6806-7089,C15H20N6O2
F6472-0732,C17H22N2O2S
F6555-6323,C18H16N4O2
F6471-2997,C15H18N2O4S
F5544-0017,C20H25N3O
F6556-1891,C18H19N3O3
F5869-0050,C17H11F2N3O2
F6743-8724,C15H24N2O4S
F6286-0329,C13H13F3N4OS
F6491-2544,C16H21N5O3
F6608-2616,C14H18F3N3OS
F6789-7070,C17H23FN4O2
F6550-4526,C18H16N4OS
F6554-0725,C17H18F3N3O
F6549-5481,C19H22N4O2
F3237-0209,C15H17ClN2O3S
F6560-5588,C17H16ClN5O
F1142-2957,C22H18N2O2
F1318-0145,C19H22ClN3O
F6442-2143,C13H12ClNO4S2
F6439-4060,C16H15FN4O2S
F5857-0143,C19H22ClNO3
F6760-1687,C20H20N4O2
F5488-0003,C14H11ClN4O3S
F2255-0134,C20H21N3O3
F1897-0940,C17H15N5O2S
F5626-0071,C18H22N6O2
F0196-0721,C20H20O6
F3398-4757,C17H15ClN4OS
F6791-7956,C18H25N5OS
F6445-2943,C20H19N5O2
F5834-0171,C20H17N3O4
F5448-0353,C16H13F2N3O3S
F6454-2681,C19H27ClN2OS
F6549-1678,C16H18ClFN4OS
F6480-3078,C20H23N3O4
F6439-8391,C18H15F2N5O2
F5086-0372,C18H13Cl2N3O2
F3407-3689,C18H22N4O5
F6037-0311,C17H20N4O4S
F6381-4035,C23H24FN3O
F3179-0530,C18H21NO6S
F3368-0101,C23H25FN2O2
F6559-2355,C17H17F3N4O3
F6064-3972,C20H25N5O3
F6246-0061,C20H20FN3O4
F6510-1091,C18H17N3O3S2
F3371-0894,C22H20N4O3
F6457-0533,C15H10ClF3N2O3S
F6495-4453,C19H17N7OS
F6785-6236,C22H24N4O3
F6473-1409,C19H23FN2O2S2
F2318-0418,C20H22FN7O
F6171-0371,C22H23NO4S
F6510-3722,C17H16F3N3O3S
F6668-2878,C18H20BrN5O
F6562-0900,C18H21N5O4S
F6448-0249,C20H27N3O4S
F6571-0294,C19H21ClN2O2S2
F6353-5868,C19H26N2O4S2
F3406-6214,C22H29FN6O
F6064-3236,C22H20F3N3O2
F6481-4023,C20H22N2O4S2
F5095-0383,C24H28N4O3
F3394-0888,C23H25N3O3S
F2443-0126,C22H26N4O3S
F3407-5089,C25H23N3O4
F6560-1430,C22H20N6O4
F5324-0782,C23H25N5O2S
F6734-1144,C23H26N4O3S
F6252-7821,C26H24FN5O
F6782-8244,C25H28N6O2
F2880-3330,C26H29N3O4
F6609-0136,C26H38N4O3
F1603-0134,C24H30N6O4
F0882-1031,C24H21N3O4S2
