# All user editable compound information in the PCDL Manager compounds tab can be imported
# A minimum of formula or mass plus one identifier must be populated for compound import (recommended is formula and at least one other identifier, see examples)
# Multiple synonyms can be entered into the Synonyms column when separated by ';' (e.g. L-Isoleucine; 2-Amino-3-methylvaleric acid)
# All compounds will be assumed to be of a neutral ion type, unless a 1 is entered in the Cation or Anion column
Name,Formula
F6760-8067,C10H9ClN4O2
F5490-1178,C14H16N4O
F0020-0215,C14H16N2O3
F6555-6169,C16H12N2O2
F2135-1865,C15H12N2OS
F6544-1357,C14H17N5O
F6619-5739,C13H18N6O
F5675-0022,C14H19N3O3
F3097-6306,C13H12ClNO2S
F6822-4759,C12H14Cl2N4
F6562-4027,C15H18N4O2
F5857-0808,C16H20N2O3
F6438-6465,C10H11BrFNO3
F3374-0887,C16H15N5O
F3367-0127,C17H13ClN2O
F6064-8617,C11H14N4O4S
F6276-0510,C15H12N2O3S
F6477-5328,C14H14N4O2S
F6445-6252,C18H16N4O
F6390-3092,C15H17NO2S2
F6617-3393,C18H16FN3O
F6031-1977,C15H22ClN3O2
F6286-0211,C15H18F3N3O
F6555-6442,C20H17N3O
F6734-0824,C17H20ClN3O
F6561-9228,C17H13N5O2
F6521-5424,C13H20FNO3S2
F6609-3576,C15H14ClNO3S
F3283-0301,C18H20N4O2
F6675-8046,C16H15ClN6
F6549-4247,C18H21N3O3
F6507-8910,C15H20FNO2S2
F6619-3839,C16H22N6S
F5517-0003,C19H16N4O2
F2257-0171,C14H11BrN2O3
F6775-2576,C17H19ClFN3O
F6752-8049,C16H24N4O4
F6438-2929,C14H15ClN4O4
F6446-0832,C17H17N5OS
F6514-7079,C18H20N4OS
F3386-4047,C17H27NO4S
F0317-0158,C17H14BrNO2
F1016-0431,C17H16N2O4S
F6574-0291,C19H15N5O2
F6573-1768,C19H18N6O
F6031-1844,C19H29N3O3
F0816-0047,C20H13F2N3O
F6773-4120,C17H18N8O
F6743-9969,C14H19F3N2O3S
F6523-0737,C19H23N5O2
F6469-2252,C16H17N7OS
F2331-0084,C18H16ClN3OS
F5033-0966,C20H26N2O2S
F5033-2388,C18H21FN4OS
F2496-0112,C21H18N2O4
F6482-6931,C20H16N2O3S
F6802-8103,C18H24FN3O2S
F3406-3838,C19H17N3O3S
F0651-0105,C25H24N2O
F6258-2428,C16H17F3N4O3
F2706-0025,C19H17ClN2O2S
F6440-4344,C20H24FN3OS
F0314-0148,C19H21NO5S
F5882-1787,C17H13Cl2N3O3
F5857-4087,C19H20F2N2O4
F6619-4403,C19H25N9
F6573-1300,C19H19N5O2S
F6677-3486,C15H15BrClN3O2
F6609-0196,C21H24N2O3S
F6252-2750,C17H12F2N6O3
F6451-2279,C22H26ClNO3
F6478-6046,C17H16ClN5O2S
F6524-1200,C20H18N6O3
F6783-6073,C21H25N7O
F6514-4793,C17H20FN5O3S
F6444-0819,C23H30N4O2
F6694-7621,C18H19F3N4O3
F6514-6560,C19H19BrN4O
F6440-3601,C22H29N3O2S
F5773-2728,C18H18N4O3S2
F6436-2574,C21H22ClFN2O3
F6561-7045,C20H19FN8O
F6738-2198,C17H16ClN3O3S2
F6240-5139,C21H21N3O4S
F2506-1456,C19H12ClFN4O2S
F5725-0011,C23H21FN6O
F6512-5504,C18H21N5O3S2
F6549-8863,C18H19BrN2O3S
F6608-3876,C21H30Cl2N4O
F6089-0007,C22H26FN5O3
F3222-5374,C25H26N4O3
F6523-2121,C25H27N3O4
F5754-0106,C25H32N4O3
F6411-3606,C21H21BrN4O2
F6680-2636,C16H12F3N5O3S2
F6359-4780,C19H19BrN4O2S
F6529-4102,C18H22F3N3O5S
F5592-0183,C21H22FN5O4S
F3406-3570,C20H17BrN4O3S
F5040-0701,C26H25N7O3
