# All user editable compound information in the PCDL Manager compounds tab can be imported
# A minimum of formula or mass plus one identifier must be populated for compound import (recommended is formula and at least one other identifier, see examples)
# Multiple synonyms can be entered into the Synonyms column when separated by ';' (e.g. L-Isoleucine; 2-Amino-3-methylvaleric acid)
# All compounds will be assumed to be of a neutral ion type, unless a 1 is entered in the Cation or Anion column
Name,Formula
F6807-4734,C9H8Cl2F2N2
F6492-0261,C14H16N4O
F6745-8220,C12H15F3N2O
F0835-0010,C11H12N4O2S
F0630-0075,C12H13ClN2OS
F8890-1255,C15H17N3O2
F1900-9646,C14H18N4O2
F9995-0188,C16H15N5
F1917-5694,C14H24N4O2
F6666-7621,C12H7Cl2FN2O
F6448-1866,C15H18N4O2
F6216-0101,C16H20N2O3
F6440-2628,C16H26N4O
F6574-0625,C14H19N3O2S
F6438-6850,C11H12ClF3N2O2
F2182-0040,C13H15ClN2O2S
F6793-5388,C12H14BrFN2O
F6516-3640,C15H14N2O3S
F3098-8183,C16H20N2O2S
F5382-0867,C14H14ClN3OS
F5283-0210,C16H15N5O2
F6562-9494,C16H17N5O2
F6796-1113,C16H16FN5O
F6821-6706,C16H15F2N5
F1386-0127,C16H19N3O2S
F6563-0160,C15H17N3O3S
F6518-2153,C16H16FNO3S
F6554-9256,C11H11F2NO4S2
F3325-0060,C16H21FN2O4
F6752-3722,C16H20Cl2N2O
F6562-7717,C18H21N3O3
F0636-0241,C16H15N3O3S
F6194-0363,C18H22N2O4
F6474-3886,C17H20N2O3S
F6709-0178,C17H27N5O2
F6469-3467,C13H17N7O2S
F6656-2690,C18H20N6O
F1301-0108,C18H14N2O3S
F3166-0610,C19H18ClN3O
F5755-0034,C18H20N4OS
F3230-0282,C16H24FN3O2S
F6554-9117,C13H14BrNO3S
F6519-7827,C16H16N4OS2
F6764-3321,C17H14F3N5
F6549-7781,C17H22N4O2S
F6178-7527,C19H29N3OS
F6439-4319,C18H15N5OS
F6644-5616,C18H18N6O2
F6550-4838,C15H17FN4O3S
F5033-3057,C20H23N3O3
F6549-2225,C19H18FN3OS
F1201-0305,C17H15N3O2S2
F2504-0045,C18H22N4O4
F6753-2709,C18H21ClN4O2
F5126-0445,C17H19FN4O2S
F6560-7665,C15H16N4O5S
F6279-0434,C21H20FN3O2
F6510-2596,C19H17N3O3S
F6822-2612,C20H24N4O3
F3296-0593,C19H19ClN4O2
F3225-6367,C21H12N2O3S
F6443-8330,C21H19N5O2
F6619-6445,C17H22BrN5
F0662-0853,C15H12BrN3O2S
F6512-7083,C17H22N4O4S
F6727-5692,C21H25N5O2
F6609-1340,C21H20ClN3O2
F6033-0788,C23H30N2O3
F6515-1242,C24H20N2O3
F1682-0033,C17H14F4N2O4
F6258-1068,C23H21N3O3
F6524-4355,C18H16ClN3O3S
F1830-0078,C23H22N2O2S
F8890-6330,C22H25N5O2
F6478-5936,C22H20ClN3O2
F6564-8001,C21H26N6O2
F6514-3887,C21H21ClN4O2
F6369-0421,C19H12F2N4O2S
F6374-5526,C23H29NO3S
F6656-3853,C18H19BrN4O2
F0630-1593,C20H21FN2O4S
F6245-7276,C22H22N4O4
F3371-0770,C19H12BrN3O3
F3411-1997,C20H18ClN5O3
F6564-9205,C22H31N5O3
F5651-0023,C19H24N6O3S
F1673-3708,C21H22ClNO4S
F6523-1086,C22H27N7O2
F6789-7534,C21H24N6O2S
F5871-1076,C23H29N3O3S
F6241-0342,C26H26N2O4
F1155-0064,C25H27N3O2S
F6497-3295,C24H28N4O4
F5939-3799,C19H18F2N2O4S2
F6556-0451,C24H34N4O4
F5621-0284,C27H35N5O
F3222-0013,C24H20ClN3O4
F2282-0120,C22H22ClN3O4S
F2686-0108,C23H29N5O2S2
F3367-0059,C24H26FN5O3S
