# All user editable compound information in the PCDL Manager compounds tab can be imported
# A minimum of formula or mass plus one identifier must be populated for compound import (recommended is formula and at least one other identifier, see examples)
# Multiple synonyms can be entered into the Synonyms column when separated by ';' (e.g. L-Isoleucine; 2-Amino-3-methylvaleric acid)
# All compounds will be assumed to be of a neutral ion type, unless a 1 is entered in the Cation or Anion column
Name,Formula
F6210-0674,C12H17N3O3
F5791-1020,C14H12N2O3
F6608-1590,C11H11F3N2O2
F6788-8852,C14H21N3O2
F6789-0627,C16H17N3O
F6793-7622,C11H12F3N5
F6660-6477,C13H14N4O3
F6438-2127,C13H15N3O4
F3230-0089,C15H21ClN2O
F3098-1794,C18H21NO2
F6540-1884,C15H18N4S
F6258-0212,C14H16N4O3
F3308-0238,C19H18N2O
F6482-4040,C12H15N5O2S
F1249-0005,C16H25NO2S
F6791-6615,C15H19N7
F6252-7249,C16H21N5O
F6680-8941,C16H23N5O
F6564-7989,C14H16N4O2S
F6472-8536,C17H23FN2O2
F1905-9000,C15H19NO4S
F6481-3832,C15H21NO4S
F5893-0231,C16H15N3O4
F6573-8501,C15H14FN5O2
F6791-9502,C12H14F3N5O2
F5857-3052,C16H17NO4S
F6847-2409,C15H13Cl2N3O
F0919-5325,C17H26N2O2S
F6708-8320,C19H20N2OS
F6473-3909,C14H15FN2O4S
F6014-0237,C21H17N3O
F6522-0086,C17H15NO2S2
F5017-0210,C15H23FN2O3S
F6514-3078,C14H15F3N2O4
F1318-0175,C17H23N3O4
F6709-4409,C15H12F3N5O
F3083-0067,C19H20N4O2
F6474-7225,C12H11BrN4O3
F6539-3282,C20H18ClNO2
F6521-7306,C19H20N2O2S
F6554-6371,C15H23N3O4S
F6820-4807,C19H26N4S
F3290-0262,C14H11F3N2OS2
F6414-1127,C19H20ClNO3
F6482-8142,C20H18N4O2
F6363-0563,C20H21N5O
F1775-0018,C19H15N3O2S
F6764-3299,C17H17F3N4O
F6805-3265,C15H18BrFN4
F6231-0760,C18H19N5O3
F5118-0253,C18H17N3O3S
F6808-5264,C20H28N4O2
F6178-1021,C18H22N4O2S
F6560-5255,C18H15F3N4O
F6747-5763,C17H19ClN4OS
F5614-0200,C21H25N5O
F6436-2501,C17H23N3O4S
F6752-4396,C13H16F3N3O2S2
F2879-2922,C21H24N2O2S
F6764-1511,C19H16ClFN4O
F6731-1015,C20H26FN5O
F5012-0208,C17H24FNO5S
F6178-5690,C18H18ClN3O2S
F5614-0196,C22H24N4O2
F6481-0620,C19H23ClN2O2S
F6658-5552,C17H25N5O3S
F6436-0313,C18H23NO4S2
F6503-5021,C21H23FN4O2
F3406-4823,C19H20N4O3S
F6561-7124,C16H15BrN6O
F6491-2854,C18H21N5O3S
F0598-0119,C17H9Cl2N3O2S
F6612-0050,C19H20ClFN4O2
F6612-0044,C20H21N7O2
F6524-5804,C17H14F3N5O3
F6491-2852,C17H26N6O3S
F6451-0872,C18H24N2O4S2
F6524-1763,C21H27N5O3
F6518-4871,C21H25N3O3S
F6562-0674,C25H27N3O2
F6259-1003,C18H21BrN4O2
F6445-2508,C23H22N2O3S
F6723-0243,C20H23F3N4O2
F6363-0042,C17H13ClF3N5O2
F5630-0029,C21H21F2N5O2
F6471-8695,C20H21FN4O3S
F3368-0167,C16H16BrF2NO3S
F6438-1963,C20H22F3N5O2
F5788-4283,C18H24N4O6S
F5016-1899,C22H25N3O4S
F2416-1119,C22H26N2O5S
F5484-0041,C23H23N5O2S
F5485-0975,C22H24N6O2S
F2711-0832,C27H25N3O3
F2514-0616,C21H23FN6O4
F6497-2207,C25H24FN5O2
F6363-0894,C24H28N6O3
F2850-0176,C23H23FN2O5S
F2392-1587,C27H26N4O2S
F0535-0196,C26H27ClN2O5
