# All user editable compound information in the PCDL Manager compounds tab can be imported
# A minimum of formula or mass plus one identifier must be populated for compound import (recommended is formula and at least one other identifier, see examples)
# Multiple synonyms can be entered into the Synonyms column when separated by ';' (e.g. L-Isoleucine; 2-Amino-3-methylvaleric acid)
# All compounds will be assumed to be of a neutral ion type, unless a 1 is entered in the Cation or Anion column
Name,Formula
F2189-0601,C14H22N2S
F6132-0177,C11H17N3O4
F6804-8555,C12H16F3N3
F2135-1854,C12H13N3O2S
F6511-9289,C10H10BrN3O
F6806-6690,C15H18N4O
F6675-8131,C13H19N7
F6572-1374,C10H7ClF3N3O
F6665-8883,C13H13FN2O2S
F6190-0139,C14H18ClNO3
F0646-1253,C15H14N2O2S
F0745-0913,C13H12N4O2S
F6516-1508,C15H18N2O2S
F6478-4431,C15H24N4O2
F6550-2966,C16H16F3NO
F6560-2320,C15H15N5O2
F6475-0886,C16H17N3O3
F6515-1470,C16H19N3O3
F2529-0009,C16H21N3O3
F6724-4381,C17H14N4O2
F6672-1677,C20H24N2O
F6204-2767,C13H17N3O2S2
F5001-0477,C16H12ClN3O2
F3088-2939,C17H14ClNO3
F6520-1758,C16H15NO2S2
F6808-5852,C20H22N4
F5831-9278,C20H20N2O2
F2051-0546,C16H22N2O3S
F6443-5500,C18H16N2O2S
F3407-3622,C19H23N3O2
F6523-3932,C16H14FN5O2
F5791-1053,C19H24N2O3
F6464-0052,C18H19ClN2O2
F6110-2068,C16H33N3O2S
F2088-0039,C17H20FN3OS
F1107-0125,C16H14ClNO5
F6525-4477,C15H20N4O3S
F6221-0050,C18H19N5O2
F6522-0214,C18H13NO2S2
F6524-2744,C17H16N4O2S
F6519-5796,C18H19N3O2S
F6564-9360,C18H22N4OS
F6244-2789,C22H21N3O
F6562-8901,C17H13F2N3OS
F6100-0190,C18H19FN2O2S
F6438-3329,C16H21N5O2S
F5882-2974,C18H28N4O3
F0679-0305,C19H15ClN4O
F6619-6289,C18H21N7O
F5860-4829,C16H20FN3O3S
F6514-2820,C14H14Cl2F3NO2
F6497-0628,C15H24N4O4S
F6241-0121,C19H19ClN2O3
F6573-4740,C17H17BrN2O2
F6808-5360,C18H27N5OS
F5449-0029,C22H21NO4
F2496-3141,C19H15N3O5
F6259-0877,C19H22N6O2
F6411-2589,C19H17FN4O3
F3382-8045,C17H11ClN4O2S
F6792-3684,C19H22ClN5O
F6523-3470,C18H19N3O2S2
F1915-2684,C19H26N4O4
F1038-0342,C21H20N4O3
F2962-0098,C20H14N2O4S
F6521-8384,C20H20F3NO3
F6520-0817,C17H16ClNO3S2
F6497-1207,C20H22N4O2S
F5581-0429,C18H16N4O2S2
F6796-4325,C20H21F2N5O
F6562-1053,C19H21N3O2S2
F6523-1863,C20H25ClN4O2
F6556-6512,C16H23ClN2O3S2
F6514-8665,C23H22ClN3O
F6518-2420,C15H14F3NO4S2
F6560-0372,C21H22N4O2S
F0344-0873,C18H12ClF3N2OS
F6446-1395,C20H23N5O2S
F5832-2688,C18H20F3N3O2S
F6089-9165,C21H18F3N3O2
F2508-2203,C22H21N5O3
F6734-0781,C17H16BrClN4O
F6539-2223,C18H24N4O3S2
F6529-3063,C22H23FN4O3
F2202-0209,C21H20ClN3O2S
F6713-1789,C21H29N5O2S
F5596-0830,C22H19FN6O2
F0650-0275,C22H19N3O4S
F6372-1480,C19H13BrN4O3
F6617-8212,C20H15ClFN5O3
F6249-1354,C20H19BrN2O4
F6435-8619,C18H15ClF3NO4S
F5857-3747,C18H14F6N2O4
F2375-0299,C19H19Cl2N3O5
F3406-9967,C21H19FN4O4S
F3168-0983,C22H24ClN3O3S
F1808-0102,C22H19F3N2O5
F0921-6524,C25H20N4O5
F2644-0403,C26H21FN6O2
F3382-0407,C25H28N4O4S
