# All user editable compound information in the PCDL Manager compounds tab can be imported
# A minimum of formula or mass plus one identifier must be populated for compound import (recommended is formula and at least one other identifier, see examples)
# Multiple synonyms can be entered into the Synonyms column when separated by ';' (e.g. L-Isoleucine; 2-Amino-3-methylvaleric acid)
# All compounds will be assumed to be of a neutral ion type, unless a 1 is entered in the Cation or Anion column
Name,Formula
F1957-0392,C10H12BrN3
F6663-4417,C13H14F3NO
F6725-1310,C12H12ClN5
F6544-1362,C13H20N4O2
F6789-0839,C14H16N6
F6616-7104,C13H12N4OS
F6201-0096,C15H17NO2S
F5127-0215,C12H14N4O2S
F5835-0666,C16H15N3O2
F6660-0779,C15H16N4O2
F6616-2379,C12H15BrFNO
F6745-8160,C12H11ClF3N3
F6515-0915,C14H17N3O2S
F6617-2068,C12H11BrN2O2
F5658-0041,C17H16N2O3
F5852-1449,C14H19ClN2O3
F5831-1940,C16H16N2O4
F6609-8783,C16H18N2O4
F6752-4021,C16H24N4O2
F6708-8544,C18H17N3S
F5343-0036,C20H23NO2
F6672-0085,C19H25N3O
F6178-4010,C18H23N3O2
F6680-8629,C16H21N5O2
F6549-3803,C17H23N3OS
F6550-4554,C18H17N5O
F6521-9642,C15H19N3O3S
F6482-6837,C14H17N3O4S
F5319-0128,C12H9BrFN3O2
F6713-6194,C16H15FN6O
F6806-6294,C18H25N5O
F6451-0629,C17H19N3O2S
F6562-9250,C16H11ClFN3O2
F6475-4859,C16H20N4O4
F6524-2689,C12H13F3N4O4
F6503-2333,C17H17N7O
F6514-7165,C13H16BrN5O
F2135-1820,C19H18N2O2S
F6561-9423,C17H17N5O3
F2158-1734,C15H24N4O3S
F6795-5460,C19H27N5O
F6353-7199,C17H17N3OS2
F6435-9209,C18H20N2O3S
F5882-2812,C18H20FN3O3
F6438-3854,C17H26N6O2
F6125-1881,C17H17FN2O3S
F5832-2484,C17H20FN3O2S
F5772-8180,C11H11Cl2N3O2S2
F3398-1982,C20H20N2O4
F6680-0924,C15H16ClFN4OS
F6514-2531,C19H21N3O4
F1806-0015,C17H19N5S2
F3349-0073,C16H13N3O3S2
F3222-1603,C22H24N4O
F2090-0653,C20H19FN6
F6773-4166,C16H15F3N6O
F6811-1568,C19H23N7O
F6727-8349,C20H18FN3O3
F3290-0110,C19H16ClN3OS
F6475-1455,C19H22N4O4
F6515-1578,C19H20N2O4S
F3395-0089,C22H35N3O2
F5860-3356,C22H18FN3O2
F5919-0084,C18H20ClN3O2S
F5860-4038,C21H22N4O3
F6372-0020,C19H16N4O3S
F6246-0078,C20H20FN5O2
F6571-2510,C15H20F3NO5S
F6504-1306,C19H24N6O3
F6521-1643,C20H22N2O4S
F5264-0299,C21H26FN3O3
F6371-0156,C22H19N3O2S
F6178-2301,C19H26N4O3S
F3222-4604,C17H20N4OS3
F6554-6024,C20H27NO5S
F6435-2768,C18H21NO5S2
F6148-0225,C20H24N6OS
F6374-5563,C19H21F3N2O2S
F6471-0657,C20H18Cl2N4O
F6517-5149,C24H22N2O2S
F3386-2903,C21H28N2O4S
F5526-0330,C17H14Cl2F3NO3
F2494-0120,C18H23N3O4S2
F2758-0052,C22H25N3O5
F5033-7031,C19H27ClN2O4S
F5832-8638,C20H17ClFN3O2S
F5477-0063,C21H26FN3O3S
F6482-6045,C22H22N4O3S
F6676-0506,C19H18F3N3O3S
F6444-6807,C18H19F3N4O3S
F3168-0986,C21H22ClN3O3S
F2259-0475,C22H19ClN6O2
F2068-0253,C20H24FN3O3S2
F6438-3652,C18H22F2N6O3S
F3411-3116,C22H25N3O5S
F5012-0177,C22H26N2O6S
F6444-0730,C27H35N3O3
F6609-4775,C25H23N3O4S
F3385-5464,C22H19BrO7
F3222-3521,C21H19BrN4O3S
