# All user editable compound information in the PCDL Manager compounds tab can be imported
# A minimum of formula or mass plus one identifier must be populated for compound import (recommended is formula and at least one other identifier, see examples)
# Multiple synonyms can be entered into the Synonyms column when separated by ';' (e.g. L-Isoleucine; 2-Amino-3-methylvaleric acid)
# All compounds will be assumed to be of a neutral ion type, unless a 1 is entered in the Cation or Anion column
Name,Formula
F3316-0329,C14H19FN2O
F6559-1524,C12H15F2N3O
F6804-8545,C12H16F3N3
F6356-0563,C14H14ClNO2
F5033-0309,C16H30N2O
F5490-1292,C15H18N4O
F3375-2682,C14H19N5O
F6252-1248,C8H11N3O4S2
F3222-3752,C16H12N2OS
F6660-4248,C15H13N3O3
F6745-8153,C13H13F3N2S
F6516-0209,C13H12N4O2S
F6436-0253,C15H18N2O2S
F6556-3020,C16H24N2O3
F6125-0674,C13H17N3O5
F5652-1991,C15H15N5O2
F6561-8212,C16H17N3O3
F6448-0815,C16H19N3O3
F6519-5384,C16H21N3O3
F0016-1481,C17H14N4O2
F6556-5873,C20H24N2O
F6550-3298,C15H18ClNO2S
F2135-0713,C16H12ClN3O2
F6451-3412,C13H17NO4S2
F5854-2613,C16H15NO2S2
F6438-3521,C15H22N6O2
F6014-0063,C20H20N2O2
F6561-8333,C16H19FN2O4
F1625-0080,C18H16N2O2S
F6435-1519,C17H27NO3S
F6609-3242,C18H17NO5
F6279-0102,C19H24N2O3
F2879-0596,C18H19ClN2O2
F6244-1095,C19H29N3O2
F2392-1649,C17H20FN3OS
F6553-7166,C17H15ClFNOS
F2879-5559,C17H21ClN2O3
F6573-2222,C18H19N5O2
F6724-3836,C14H15BrFN3O
F6360-9436,C17H16N4O2S
F6293-0127,C18H19N3O2S
F6259-0387,C18H22N4OS
F6438-1414,C14H25N5O3S
F6672-2366,C18H20BrNO
F6514-2964,C15H17F3N2O4
F5596-1125,C18H22ClN3O2
F6442-6114,C18H28N4O3
F6793-6900,C14H17F3N2O3S
F2504-0051,C17H25N3O5
F5382-0115,C19H19N3O2S
F0433-0609,C13H13N3O5S2
F6783-7145,C18H21ClN6
F2783-0130,C19H19ClN2O3
F6475-6422,C17H17BrN2O2
F3406-8165,C21H23N5O
F1107-0105,C22H21NO4
F5883-0947,C19H15N3O5
F2442-0730,C19H22N6O2
F5955-0024,C17H17ClN8
F1813-0425,C18H11ClN2O3S
F2070-0983,C19H22ClN5O
F6353-5650,C18H19N3O2S2
F6529-6871,C19H26N4O4
F6573-2770,C21H20N4O3
F5860-4721,C15H14F4N2O3S
F6237-2728,C16H16F3N7O
F6805-9046,C16H17BrClN3O
F6561-6242,C20H22N4O2S
F6683-1114,C17H18ClFN2O3S
F6506-4927,C22H27NO3S
F6524-5822,C17H12F3N7O
F2442-0254,C20H25ClN4O2
F6360-7828,C19H13F3N2O4
F6161-0748,C21H18FN5O2
F6064-8301,C17H13Cl2N3O4
F6287-0538,C21H22N4O2S
F6472-2949,C15H17BrN4O2S
F6497-0640,C20H23N5O2S
F3222-4991,C18H20F3N3O2S
F6372-0643,C21H18F3N3O2
F5791-2075,C22H21N5O3
F6752-2880,C13H19BrN4O2S2
F5773-0408,C18H24N4O3S2
F3395-0309,C20H25F3N4S
F6468-0113,C21H20ClN3O2S
F1614-0023,C24H25N5O2
F3406-9618,C22H19FN6O2
F5939-2923,C20H18F3N3O2S
F2417-0785,C17H17BrN2O4S
F5447-0033,C20H17N3O6S
F6515-4418,C20H19BrN2O2S
F0541-1264,C18H13BrClN3OS
F0696-3517,C21H16N4O5S
F6481-1132,C20H22ClNO4S2
F2254-0460,C22H22N2O4S2
F6497-1293,C22H24ClN3O3S
F6512-7766,C20H24N4O4S2
F6548-4443,C23H25ClN4O2S
F3385-6190,C28H24N2O5
F3330-0372,C25H28N4O4S
