# All user editable compound information in the PCDL Manager compounds tab can be imported
# A minimum of formula or mass plus one identifier must be populated for compound import (recommended is formula and at least one other identifier, see examples)
# Multiple synonyms can be entered into the Synonyms column when separated by ';' (e.g. L-Isoleucine; 2-Amino-3-methylvaleric acid)
# All compounds will be assumed to be of a neutral ion type, unless a 1 is entered in the Cation or Anion column
Name,Formula
F2135-0771,C14H11N3O2
F6502-2711,C11H19N3O2S
F6545-1743,C10H16FN3O2S
F6471-3514,C11H11N3O3S
F5871-1990,C11H9ClFN3O2
F6573-5175,C15H16N2OS
F6677-2222,C14H17N3OS
F6471-7058,C14H15FN2O3
F6539-3270,C18H19NO2
F2348-0196,C17H20N2O2
F2679-0167,C16H14ClNO2
F2487-0035,C14H15N3O2S
F6502-2521,C15H15F2N3O
F0734-0050,C17H14N2OS
F6515-1410,C16H16N4O2
F6549-8383,C17H18N2O3
F5831-9809,C17H20N2OS
F6438-2139,C15H18N4O3
F3273-0448,C15H12ClNO4
F2633-0028,C18H17N3O2
F0183-0003,C15H10ClF3N2
F6438-1284,C12H16N4O2S2
F0265-0274,C13H12Cl2N2O3
F6454-3062,C15H29N3O2S
F6550-1527,C19H24FNO2
F6507-5518,C13H25N3O4S
F6353-5759,C14H19N5O2S
F5869-0029,C18H14FN3O2
F6719-1902,C13H15N3O3S2
F6549-7391,C17H18N4O3
F1358-0694,C14H11F3N2O2S
F6564-5354,C16H19N5OS
F3328-0159,C19H13N3OS
F6561-0867,C15H20N6O3
F3247-0089,C13H22N2O4S2
F1798-0118,C20H21N3O2
F6525-7068,C12H14F3N3O3S
F3358-0278,C18H18N4OS
F6680-3339,C16H17N7O2
F2790-0365,C14H24N6O2S
F6809-5673,C16H15BrN4
F6796-3222,C16H17N5S2
F6424-0124,C20H16N4O2
F0921-6880,C18H23N3O2S
F6401-0076,C17H14ClNO3S
F6573-0258,C19H16N4OS
F6194-1145,C18H23NO4S
F5860-4353,C16H12F3N3OS
F6089-5313,C19H20N4O3
F5854-4628,C17H17F3N2OS
F2726-0178,C23H21N3O
F2740-0740,C19H20ClN3O2
F6518-2368,C18H17NO3S2
F3375-0876,C14H12BrN5O2
F6783-8332,C18H23FN4O3
F5835-0490,C21H20N2O4
F6573-5106,C15H15BrN2O2S
F6517-0197,C21H21NO5
F6491-0535,C16H17F2N3O3S
F6556-3248,C21H26N2O2S
F6443-5968,C18H20N4O3S
F6515-1214,C19H16Cl2N2O2
F6562-0936,C22H21N3O3
F6559-6328,C14H18F3N5O2S
F2743-0126,C23H23FN2O2
F2461-0309,C17H18F2N4O2S
F6474-8161,C21H23N3O4
F6479-2883,C19H18ClN5O2
F6438-3733,C20H28N6O2
F6250-0160,C21H23ClN2O3
F6445-0605,C17H13BrN2O2S
F6261-1764,C21H19N5OS
F6523-1168,C18H26N6O2S
F2773-0443,C20H16N4O3S
F6473-8809,C22H23N3O4
F5777-0242,C21H18ClN3O3
F6252-6811,C20H24N6O3
F6245-6656,C20H22N4O3S
F2665-0140,C20H20N2O5S
F3375-2528,C24H22N2O4
F6565-4772,C21H24N8O
F6525-2046,C17H15F2N5O3S
F6617-4008,C18H18F3N5O3
F3235-0303,C22H29N5O3
F5027-0847,C23H21F3N2O2
F6658-0157,C19H20ClN5O2S
F6727-3570,C21H22FN9
F6495-4069,C21H22N6O2S
F6184-1203,C20H22F3N3O2S
F1673-6515,C22H24N2O5S
F9994-0522,C21H25N3O3S2
F2459-0347,C22H19FN6O3
F3385-6232,C24H23NO7
F3407-4854,C23H22F2N4O3
F2048-0100,C24H29NO5S
F3406-6021,C25H23FN4O3
F0528-1269,C22H25F3N4OS
F2846-0011,C19H19BrN4O3S
F1890-0167,C22H27ClN6O4
F0827-0065,C28H26N2O6
