# All user editable compound information in the PCDL Manager compounds tab can be imported
# A minimum of formula or mass plus one identifier must be populated for compound import (recommended is formula and at least one other identifier, see examples)
# Multiple synonyms can be entered into the Synonyms column when separated by ';' (e.g. L-Isoleucine; 2-Amino-3-methylvaleric acid)
# All compounds will be assumed to be of a neutral ion type, unless a 1 is entered in the Cation or Anion column
Name,Formula
F2167-0067,C9H7BrN2O2
F6573-4652,C14H14N2OS
F2973-0610,C14H19N3O2
F3348-0702,C16H15N3O
F2879-6270,C15H15N3O2
F6561-5028,C16H20N2O2
F6556-4056,C16H21NO3
F6672-2327,C19H22N2
F1913-7933,C13H12F2N2O3
F6221-0137,C13H11N5OS
F5246-0040,C15H17N3OS
F6186-0102,C16H19NO2S
F6708-8289,C20H21NO
F6560-4216,C14H16F2N4O
F2158-1083,C18H20N2O2
F6722-1079,C17H22N4O
F2616-1081,C18H24N2O2
F6554-8449,C10H10BrNOS2
F6810-0494,C14H13F2N5O
F6031-0462,C16H25N3O3
F6445-0241,C16H14N4O3
F6178-6662,C14H20N2O4S
F3139-0716,C17H15FN2O3
F6414-3760,C15H16N4O2S
F0612-0670,C16H18N2OS2
F2493-1193,C15H10F2N2O2S
F6549-3723,C18H19N5O
F3351-0374,C17H17N5O2
F6573-3282,C15H17ClFN3O2
F6464-1185,C19H22N2O3
F5652-2629,C16H13FN4O3
F6549-3739,C18H23N3OS
F6806-6843,C14H19F2N3O2S
F6472-0762,C12H16BrNO3S
F6404-4775,C20H18N2O3
F1911-5795,C18H29N3O3
F5832-5698,C16H20ClN3OS
F6524-2782,C18H18N4O3
F6356-1085,C21H22FNO2
F6553-7095,C15H13ClFNOS2
F1175-0600,C18H18N2O3S
F6524-4920,C16H17N5O2S
F6724-0053,C16H20N6OS
F5854-0507,C22H23N3O
F6609-4185,C18H18ClNO4
F2543-0774,C16H20N4O3S
F6359-3217,C19H19N5O2
F6294-0590,C16H21N3O2S2
F6212-0304,C20H24N4O2
F6495-5557,C17H18N6OS
F0536-0588,C18H13ClN2O2S
F6560-8100,C21H19N5O
F6560-0840,C19H21NO4S
F6805-5241,C16H20BrN5
F6507-8962,C15H19Cl2NO3S
F6676-2858,C21H24N4S
F2227-1177,C19H15ClN4O2
F3325-0108,C21H22FN3O2
F6488-2342,C18H19N5O2S
F6349-0896,C17H14BrN3O2
F6401-0017,C20H24N2O3S
F2493-1305,C19H16F2N2O4
F6609-5669,C22H25N5O
F6560-2452,C19H16FN7O
F1201-0029,C16H11Cl2N3O4
F6734-0776,C21H21ClN4O
F6456-1864,C20H27N7O
F6237-1562,C19H18FN5O3
F6240-4787,C16H20ClN3O4S
F0440-0299,C21H26N2O3S
F6436-0343,C19H20N2O3S2
F6478-3711,C20H24FN3O2S
F6178-3293,C17H18BrN3O3
F5882-5290,C18H21FN4O3S
F6454-3095,C20H31N3O3S
F6473-8326,C20H20F3NO4
F2517-1280,C17H11ClF3N3O3
F6479-5963,C21H23FN4O3
F2598-0247,C20H24N4O3S
F5598-0121,C24H26N4O2
F1806-0185,C18H20ClN5S2
F5834-3451,C23H19F2N3O2
F6798-4989,C22H24FN5O2
F6435-2891,C19H19F3N2O3S
F6279-0569,C22H27FN4O3
F2095-0408,C25H23NO5
F6726-5642,C18H18F2N6O2S
F1174-1954,C18H15Cl2N3OS2
F6504-1292,C26H27N5O
F3406-3241,C26H28N4O2
F6619-7846,C23H25N7S
F6803-0176,C24H30N6O2
F6609-6758,C25H28FN3O3
F6411-3460,C21H13F2N3O2S2
F6252-5642,C19H17ClN6O3S
F2465-0023,C18H17ClF3N3O3S
F3406-1577,C20H19F3N4O3S
F3411-5061,C24H25N5O3S
F8890-5451,C25H21ClN4O4
F3395-0899,C21H27F3N4O4S
