# All user editable compound information in the PCDL Manager compounds tab can be imported
# A minimum of formula or mass plus one identifier must be populated for compound import (recommended is formula and at least one other identifier, see examples)
# Multiple synonyms can be entered into the Synonyms column when separated by ';' (e.g. L-Isoleucine; 2-Amino-3-methylvaleric acid)
# All compounds will be assumed to be of a neutral ion type, unless a 1 is entered in the Cation or Anion column
Name,Formula
F6665-5363,C14H17F2NO
F5871-3548,C9H7ClN2OS2
F6724-3888,C14H16FN3O
F6573-3107,C12H15N3O2S
F6512-0556,C13H11N5O2
F6455-1401,C14H16N4O2
F6782-7173,C14H17N3O3
F6553-8761,C15H19FN2O2
F6715-9683,C15H27N3O2
F6554-5025,C12H13BrFNO
F5854-4076,C16H17NO2S
F6555-0317,C13H15N5OS
F1408-0403,C15H21N3OS
F6560-7732,C16H14N4O2
F1533-0179,C14H20N2O5
F6550-4956,C16H18N4O2
F6564-7851,C16H20N4O2
F6178-7160,C14H26N2O3S
F3375-2620,C16H11N5O2
F2740-0122,C19H21N3O
F6471-5409,C13H15FN4O2S
F5854-3827,C16H16N4OS
F5002-0252,C16H14N2O5
F6660-5280,C15H13FN4OS
F1115-0126,C16H15ClN2OS
F6802-7806,C16H25N5O2
F2518-0395,C19H19N3O2
F6524-3937,C18H17N3O3
F6475-6269,C17H15N3O2S
F6550-6897,C16H18N6O2
F6192-1050,C17H16N2O3S
F6438-1384,C16H19N5O3
F6442-1637,C13H21N3O3S2
F6680-3221,C17H24N4O3
F6752-8004,C16H19ClN4O2
F6761-7614,C19H21N5O
F6390-3435,C15H19N3O2S2
F6816-3662,C17H15FN6O
F6448-2321,C19H21N3O3
F6555-0138,C19H24N4O2
F6782-6575,C18H15FN2O2S
F6784-2091,C14H13F4N5O
F6530-0503,C16H19F3N2O3
F3319-0428,C18H23N3O4
F1142-1461,C19H13N3O2S
F6549-7547,C17H18ClFN4O
F6143-0107,C18H16FN7
F5074-0042,C15H12F3N5O2
F5772-5883,C20H21FN4O
F6475-6959,C18H18N4O2S
F6658-6052,C19H25N5O2
F6488-2576,C14H23N5O4S
F6841-1384,C18H22BrN3
F6203-0163,C18H20BrNO2
F2986-0284,C11H10BrNO4S2
F6782-8214,C22H21FN2O2
F0537-0819,C19H14N2O4S
F6485-0387,C20H21N3O4
F6445-5332,C19H19N3O3S
F6656-2811,C20H26N4O3
F6178-0208,C16H19F3N4O3
F1081-0026,C21H14N2O5
F6795-3504,C20H21N7O
F6178-4354,C20H19N5OS
F5331-0493,C19H30N4O2S
F6680-3483,C20H20N4O2S
F6783-7095,C21H24FN5O
F6481-3504,C20H21N3O3S
F6436-3584,C17H17F2NO3S2
F6788-9574,C18H22N6O2S
F5599-0645,C18H14ClFN4O3
F5791-1736,C21H19N5O3
F6553-7302,C13H11BrClNO2S2
F6619-2788,C19H22Cl2N4O
F6484-0572,C18H27N5O3S
F6517-0202,C21H18FN3O4
F6523-0852,C22H32N6O
F6225-0713,C21H23FN4OS
F1886-0448,C19H21ClN6O2
F5855-0610,C21H26N2O6
F6573-8219,C15H14F3N3O3S2
F6241-0349,C22H21N3O3S
F0920-6419,C22H23N3O5
F3222-2340,C20H17ClN4O2S
F3270-3241,C23H22N6O2
F6445-7812,C20H23N3O5S
F5596-1231,C19H18Cl2N4O3
F6713-1193,C23H26N4O4
F5072-3613,C25H23N5O2
F2095-0321,C26H24N2O4
F5729-0503,C25H25N3O2S
F6565-4836,C23H23FN6O2
F2472-0088,C24H27N3O3S
F5003-0561,C22H28N6O2S
F6246-4165,C23H33N5O4
F6674-5328,C26H30N4O3
F2618-1727,C24H25N3O4S
F5583-0294,C20H21N3O4S3
F3398-0824,C26H26FN5O3
F3083-0169,C25H33N3O5S
