# All user editable compound information in the PCDL Manager compounds tab can be imported
# A minimum of formula or mass plus one identifier must be populated for compound import (recommended is formula and at least one other identifier, see examples)
# Multiple synonyms can be entered into the Synonyms column when separated by ';' (e.g. L-Isoleucine; 2-Amino-3-methylvaleric acid)
# All compounds will be assumed to be of a neutral ion type, unless a 1 is entered in the Cation or Anion column
Name,Formula
F2167-9591,C12H13BrO
F6540-9732,C14H16N4O
F5854-2013,C14H16N2O3
F6608-1265,C13H13FN2OS
F6747-6049,C11H13ClN4S
F6513-5788,C14H17N5O
F2184-0271,C14H18N4O2
F6546-1154,C13H16FN5O
F0919-7432,C16H28N2O2
F5871-3546,C12H10ClFN2OS
F2713-0650,C15H18N4O2
F6473-8503,C16H20N2O3
F6806-6284,C16H26N4O
F3055-0016,C16H17F2NO2
F0214-0113,C16H12N2O2S
F6438-1895,C11H14N4O2S2
F3386-0171,C12H13ClN2O3S
F6471-3893,C12H18N2O3S2
F0686-0045,C16H20N2O2S
F5449-0230,C15H14ClNO4
F3244-0388,C16H15N5O2
F6560-5358,C16H17N5O2
F6571-2716,C15H23NO4S
F6680-3344,C15H17N5O3
F6415-0108,C17H19NO5
F6609-4033,C17H15F2NO3
F6553-0653,C16H19NO2S2
F2879-1117,C14H11Cl2N3O2
F6353-5776,C16H24N2O3S
F6246-1630,C14H13F3N4O2
F6549-4968,C18H21N3O3
F6252-4102,C16H15N3O3S
F5857-0741,C18H22N2O4
F5831-2601,C17H20N2O3S
F6673-4790,C17H27N5O2
F0326-0517,C17H21NO4S
F6515-2404,C18H20N6O
F1635-0124,C18H14N2O3S
F3167-0317,C19H18ClN3O
F6443-6837,C18H20N4OS
F6356-1003,C20H23NO4
F1908-3254,C12H11BrFN3O3
F6515-4607,C18H14F2N2OS
F6204-0541,C19H23NOS2
F6514-1683,C18H22N2O5
F6810-4356,C21H25N5
F6515-0285,C18H15N5OS
F3385-5095,C22H22O4
F1433-0016,C15H20N4O2S2
F3083-0206,C17H27N3O3S
F2773-0026,C18H17N3O5
F6556-0608,C17H15N3O2S2
F6673-9277,C18H23ClN6
F6555-0103,C18H21ClN4O2
F6753-3385,C17H22N4OS2
F6255-0230,C17H18Cl2N4O
F3168-0630,C21H23N3OS
F0696-1794,C19H17N3O3S
F6747-6332,C20H24N4O3
F6764-4092,C19H19ClN4O2
F6747-5409,C17H17BrN4O
F6658-5649,C20H24ClN3O2
F3215-0100,C20H16F3NO3
F6556-0656,C17H16BrNO2S
F6440-3254,C17H22N4O4S
F6673-4659,C21H25N5O2
F5338-0056,C19H19N5O2S
F6608-3757,C22H30N4O2
F6089-5208,C21H24N2O3S
F6709-4714,C17H17F3N2O3S
F6445-2682,C23H21N3O3
F6441-4436,C17H21Cl2NO3S
F6557-1386,C20H23FN2O3S
F6561-6593,C22H25N5O2
F6473-7939,C19H23NO6S
F6798-4374,C20H26N8O
F6411-2899,C19H20N6O2S
F6556-6375,C17H23BrN2O2S
F6438-3394,C20H25N5O4
F2232-0134,C19H16ClFN4OS
F6418-1867,C20H24N2O3S2
F6727-8134,C22H22N4O4
F6562-2812,C16H16BrN3O3S
F6529-0706,C17H16F3N5O4
F0655-0221,C24H35N3OS
F2738-2547,C24H24N4OS
F3007-0356,C19H21N3O4S2
F3243-0387,C25H31N3O3
F6559-2152,C20H23F3N4O3
F6497-2928,C25H25N5O2
F5099-0354,C23H30N2O4S
F3055-0798,C27H23N5O
F2475-2910,C23H28N6O3
F6411-2710,C21H17ClN4O3S
F6442-2733,C17H15BrClNO4S
F2986-0300,C16H16BrFN2O3S2
F2506-0665,C22H19N5O4S
F6548-1977,C24H18ClN5O3
F2640-0574,C24H29N3O5S
F1883-0439,C28H25N3O5
