# All user editable compound information in the PCDL Manager compounds tab can be imported
# A minimum of formula or mass plus one identifier must be populated for compound import (recommended is formula and at least one other identifier, see examples)
# Multiple synonyms can be entered into the Synonyms column when separated by ';' (e.g. L-Isoleucine; 2-Amino-3-methylvaleric acid)
# All compounds will be assumed to be of a neutral ion type, unless a 1 is entered in the Cation or Anion column
Name,Formula
F2158-0822,C12H13FN2OS
F6541-1489,C16H20N2O
F6545-1578,C15H17FN2O
F6210-0986,C13H16N2O2S
F2879-3831,C12H16N2O3S
F5831-1866,C17H21NO2
F1901-3077,C16H22N2O2
F6542-5640,C16H20FNO2
F6190-1527,C13H15NO2S2
F6617-6765,C14H12N4OS
F6806-6851,C15H18N4O2
F6125-3692,C15H20N4O2
F6512-0973,C13H10FN3O2S
F5806-0265,C15H17F2N3O
F6515-4294,C15H12N4OS
F3350-0799,C16H14N2O2S
F5882-6378,C16H13FN2OS
F6186-1460,C13H19ClN2O2S
F6244-1756,C17H21ClN2O
F5852-2311,C13H14ClN5O2
F3088-4589,C19H19NO3
F6713-4868,C15H17N7O
F5087-0352,C17H19N3O3
F6677-1399,C17H21N3OS
F6676-2421,C15H19N5OS
F6573-8022,C14H17N5O2S
F5791-1366,C18H15N3OS
F3329-0480,C14H14ClN3O2S
F6808-5881,C18H20N4O2
F3316-0189,C10H22N4O4S2
F6491-0358,C18H21N3O3
F6774-4073,C15H15N5O2S
F6258-1186,C17H22N4O3
F5033-0846,C18H21ClN2O2
F5882-5283,C12H15ClN2O3S2
F6400-0018,C16H21N3O3S
F2370-0114,C21H24N2O2
F6230-0020,C17H14N4O2S
F6561-9266,C17H17N5OS
F2784-0342,C19H20N2O4
F6752-4132,C19H23N3O3
F6190-1178,C15H15Cl2NO4
F6560-5805,C17H14ClFN4O
F6571-1955,C15H23NO6S
F6792-0374,C16H22N6OS
F6556-9047,C16H13ClN2OS2
F6293-0139,C19H15N3O4
F6573-4265,C18H23FN2O4
F6057-0466,C16H21ClN4OS
F6619-7652,C18H23N7O
F6420-0685,C20H21NO3S
F6503-9069,C15H14F3N3O2S
F3379-0263,C22H22N4O
F5860-0002,C17H23F3N2OS
F6672-1186,C18H20ClFN4O
F6451-2004,C18H18ClFN2O3
F6240-0490,C20H20FN5O
F6517-0140,C20H17NO6
F3348-0457,C24H24N4
F6562-7442,C15H22N4O5S
F1174-0217,C19H17FN2OS2
F6673-9002,C19H24ClN5O
F6523-2485,C20H17N5OS
F3386-1388,C18H16ClNO4S
F5855-0331,C19H26N2O2S2
F0715-0157,C16H10Cl2N2OS2
F6473-0695,C21H20FN3OS
F6443-5725,C18H14BrN3O2
F6562-0661,C23H20N4O2
F6411-1158,C17H18N6OS2
F6549-2736,C20H25N3O3S
F0580-0073,C19H14F3N3OS
F6761-7678,C20H18F4N4
F5782-0090,C24H29N3O2
F5788-0268,C19H18F3N3O3
F6413-0256,C17H14FNO3S3
F5854-0688,C25H20N2O3
F6734-1301,C18H19BrN6
F6573-9090,C22H29N3O4
F6471-5987,C19H19ClN4O2S
F6792-4231,C19H21FN4O3S
F5023-0223,C21H27FN2O3S
F3407-3844,C17H16ClN3O5S
F6560-0722,C23H22FNO3S
F6353-6243,C18H20Cl2N2O3S
F6670-4817,C24H24N4O3
F6435-0847,C24H21NO4S
F1855-0013,C21H15ClN4O2S
F3395-0433,C21H27F3N4S
F5298-0305,C22H29N5O4
F3407-0215,C24H26N6O2
F8890-3418,C24H27N5O3
F6252-5662,C20H13BrFN5O
F2318-0275,C20H21BrN6O
F3258-0057,C21H18ClN3O4S
F6411-0361,C21H14ClF3N4O2
F2730-0625,C23H23N5OS2
F3382-1611,C25H25N5O2S
F2258-0570,C20H23F3N4O4S
F3259-0354,C23H21ClN4O4S
