# All user editable compound information in the PCDL Manager compounds tab can be imported
# A minimum of formula or mass plus one identifier must be populated for compound import (recommended is formula and at least one other identifier, see examples)
# Multiple synonyms can be entered into the Synonyms column when separated by ';' (e.g. L-Isoleucine; 2-Amino-3-methylvaleric acid)
# All compounds will be assumed to be of a neutral ion type, unless a 1 is entered in the Cation or Anion column
Name,Formula
F1759-0048,C11H9ClN2OS
F6492-0758,C14H16N4O
F6807-6768,C12H15F3N2O
F6617-2061,C13H10F2N2O2
F9994-0384,C13H17BrO
F0840-0091,C14H22ClNO2
F5871-2491,C14H18N4O2
F6675-7459,C16H15N5
F8890-2415,C14H24N4O2
F1913-5794,C9H7F3O5S
F6549-3459,C15H18N4O2
F6416-8403,C16H20N2O3
F6676-2608,C16H26N4O
F3395-1946,C14H19N3O2S
F6226-0435,C13H13ClN2O4
F6471-5892,C11H14N4O2S2
F6810-4063,C12H14BrFN2O
F6516-2035,C15H14N2O3S
F6190-1567,C16H20N2O2S
F6525-0540,C14H14ClN3OS
F6471-0821,C16H15N5O2
F5074-0379,C16H17N5O2
F6682-6549,C16H16FN5O
F6258-1220,C15H17N5O3
F6484-0336,C16H19N3O2S
F6734-1420,C15H15ClFN5
F5860-1965,C13H15ClF3N3O
F3290-0130,C13H10ClN3O3S
F6813-7879,C17H17FN6
F0619-0052,C19H18O3S
F6559-0530,C18H21N3O3
F6471-3809,C16H15N3O3S
F6465-0207,C18H22N2O4
F6435-9340,C17H20N2O3S
F6488-2365,C17H27N5O2
F6436-3258,C15H20F3NO2S
F6723-7448,C18H20N6O
F6396-1367,C18H14N2O3S
F3222-0320,C19H18ClN3O
F6808-3487,C18H20N4OS
F6604-0464,C16H19N7O2
F6436-3655,C13H14BrNO3S
F6400-0672,C15H21ClN2OS2
F6573-6641,C16H21F2NO3S
F6275-0284,C16H21F3N2O3
F6400-0658,C19H29N3OS
F6525-1362,C18H15N5OS
F6218-0169,C18H18N6O2
F6743-7774,C15H20N4O2S2
F6792-4922,C18H20FN7
F6519-4323,C19H18FN3OS
F5913-0374,C17H15N3O2S2
F6438-2978,C18H22N4O4
F6524-1686,C18H21ClN4O2
F6512-1904,C19H23ClN2OS
F6471-8245,C15H16N4O5S
F6089-6675,C21H20FN3O2
F6411-2839,C19H17N3O3S
F6383-0404,C20H24N4O3
F6479-3115,C19H19ClN4O2
F6481-4356,C16H15F3N2OS2
F6756-2729,C21H19N5O2
F6481-0878,C20H22ClNO2S
F5857-3515,C14H11BrF3NO3
F6559-6258,C17H22N4O4S
F6549-3947,C21H25N5O2
F5652-0309,C21H20ClN3O2
F5027-0114,C23H30N2O3
F1065-0106,C24H20N2O3
F6475-1512,C17H15ClN6O3
F3350-1026,C23H21N3O3
F6524-5921,C18H16ClN3O3S
F2883-0470,C23H22N2O2S
F6748-1361,C22H25N5O2
F6445-0123,C22H20ClN3O2
F6497-3129,C21H26N6O2
F2024-2229,C21H21ClN4O2
F6524-5908,C16H13F3N4O3S
F6444-6682,C20H25N5O4
F5854-1062,C19H18N2O4S2
F5833-3295,C20H24N2O3S2
F6525-7095,C22H22N4O4
F3032-0100,C19H12BrN3O3
F6188-0985,C20H20F3NO3S
F6560-5525,C22H31N5O3
F6559-0498,C24H21FN4O2
F1673-5985,C21H22ClNO4S
F2660-0111,C25H31N3O3
F6792-2990,C21H24N6O2S
F2736-4836,C23H29N3O3S
F6783-6063,C19H26N8O2S
F6439-7108,C22H23N7O3
F6474-0337,C24H28N4O4
F6609-1655,C21H14ClFN4O4
F6672-0642,C15H15Br2N3OS
F6476-2289,C16H16BrClN2O4S
F6411-0534,C24H20ClN3O4
F6548-1586,C25H18FN3O3S
F5317-0060,C25H24F3N3O3
F5686-0892,C24H26FN5O3S
