# All user editable compound information in the PCDL Manager compounds tab can be imported
# A minimum of formula or mass plus one identifier must be populated for compound import (recommended is formula and at least one other identifier, see examples)
# Multiple synonyms can be entered into the Synonyms column when separated by ';' (e.g. L-Isoleucine; 2-Amino-3-methylvaleric acid)
# All compounds will be assumed to be of a neutral ion type, unless a 1 is entered in the Cation or Anion column
Name,Formula
F0696-0896,C8H8F3N3O3
F6754-6493,C12H21N3OS
F6708-8622,C16H21NS
F6549-3519,C11H13N5OS
F6816-2861,C13H9N5S
F2167-6976,C9H10BrN3S
F1852-0231,C15H23N5
F6125-0918,C13H12ClN3O2
F5857-9643,C13H16N2O3S
F0912-2391,C19H13N3
F6445-6223,C14H14N4OS
F6515-0861,C15H16N2O2S
F6524-1972,C14H15FN4O2
F6442-0396,C10H12FNO4S2
F6440-3901,C17H17N3O2
F6609-4215,C18H19NO3
F6571-2240,C15H19F2NO3
F6452-0559,C18H20FNO2
F6808-2812,C17H25N3O2
F2880-0196,C16H19FN2OS
F2145-0967,C14H10F3N3S
F6724-4982,C15H13N5OS
F1174-0762,C17H15NO3S
F2580-0634,C16H11F2N3O2
F5854-5633,C14H14F3NO2S
F5857-5291,C19H30N2O2
F9994-0343,C19H20N4O
F2713-0898,C18H18N4O2
F5448-0860,C17H16N4OS
F6560-4773,C18H23N5O
F5882-4383,C16H17N5OS
F6031-0255,C18H24N4O2
F6556-6543,C13H22N4O2S2
F6253-2950,C15H13ClN4OS
F6415-0155,C18H23NO3S
F6515-1137,C18H13N3O2S
F6471-0789,C17H16N6O2
F6799-8835,C15H23N5O2S
F6412-1826,C16H12F3NO2S
F6502-7373,C14H20N4O2S2
F5857-0487,C19H19NO5
F6761-0863,C17H19FN6O
F5865-0290,C16H21N7O2
F6471-1944,C15H20ClNO4S
F6478-6180,C17H19ClN4O2
F6438-2119,C17H21N3O5
F5854-4457,C16H16BrNOS
F6194-0398,C17H19ClN2O4
F6549-2386,C21H25N3O2
F6209-0101,C20H20ClN3O
F6451-0282,C16H18ClNO4S
F6619-7545,C18H18F2N6
F2370-0592,C19H19FN2O2S
F6520-1522,C18H17FN2OS2
F1792-0087,C16H11ClN2O2S2
F6561-1455,C21H21N3O3
F3115-0101,C17H20ClN3O4
F2539-0319,C22H26N2O3
F6480-3111,C19H20N4O2S
F2493-1700,C19H12ClFN2O3
F1166-0092,C23H21N3O2
F6424-0643,C19H14F3N3O2
F0896-0484,C15H10BrN3S2
F6403-0592,C18H24N4O3S
F6125-3270,C15H17F3N2O4S
F6481-2306,C20H21N5OS
F6747-5900,C15H20BrN5S
F6783-8646,C19H19FN6O2
F1008-0212,C20H17FN2O3S
F6184-1150,C21H27N3O2S
F6574-0627,C18H18FN5O2S
F5614-0093,C20H20N8O
F6475-1889,C19H19ClN2O5
F3398-3053,C22H21N3O4
F6744-6557,C16H20BrN5S
F6676-0405,C20H21F3N2O3
F6681-8917,C16H21BrN4OS
F6726-5651,C21H21F2N5O
F6233-0135,C22H17N5O3
F6525-1657,C22H19N5O3
F6523-0346,C17H24F3N5O3
F3394-0561,C18H19ClN4OS2
F1708-0012,C22H16N8O
F6523-0987,C22H26N4O4
F3188-0015,C18H21F2N3O4S
F2259-0581,C17H17BrN6O2
F6512-6532,C20H26N4O4S
F0655-0006,C20H24ClN3O3S
F6436-1868,C19H18F2N2O3S2
F6438-3350,C17H22ClN5O4S
F6806-4796,C17H19BrN8O
F6253-3672,C21H20FNO4S2
F3222-5352,C23H21ClN4OS
F2985-0080,C21H18ClN5O4
F6612-0088,C19H21F3N4O3S
F6619-6185,C21H28BrN5O
F5013-1221,C24H24N4O3S
F5033-3221,C28H28N2O4
F2504-0224,C26H33FN4O3
F3406-2914,C24H20ClN3O4S
