# All user editable compound information in the PCDL Manager compounds tab can be imported
# A minimum of formula or mass plus one identifier must be populated for compound import (recommended is formula and at least one other identifier, see examples)
# Multiple synonyms can be entered into the Synonyms column when separated by ';' (e.g. L-Isoleucine; 2-Amino-3-methylvaleric acid)
# All compounds will be assumed to be of a neutral ion type, unless a 1 is entered in the Cation or Anion column
Name,Formula
F6752-3703,C11H17F3N2O
F2716-0735,C11H17N3O2S
F6664-6758,C13H16F3NO
F6554-5412,C11H9ClF3NO
F2167-4143,C13H22N4O2
F2167-4115,C16H18N2O2
F6806-8106,C14H19N5O
F6471-5038,C15H24N4O
F0600-0374,C12H9FN2O3S
F6666-3865,C13H12F3N3O
F6477-5306,C15H14N2S2
F6668-2945,C14H12N2OS2
F6554-9182,C11H18N2O5S
F6808-5850,C18H20N4
F6524-1921,C15H13N5O2
F2758-0568,C15H15N5O2
F6682-6599,C14H16F3N3O
F1126-0191,C18H15N5
F6562-7729,C17H21NO4
F5973-0159,C15H18N2O3S
F6492-0379,C18H20N4O
F6554-8863,C14H17NO3S2
F2788-0051,C16H12ClN3S
F6554-5701,C11H10F5NO2S
F6024-0212,C14H11N3O2S2
F6660-0703,C21H22N2O
F6813-8085,C16H21FN4S
F6793-7054,C17H17F3N2O
F6057-0227,C14H17ClN4OS
F6089-4173,C13H22F3N3O3
F5876-0188,C17H17N3O2S
F6659-2808,C18H21FN4O
F5678-0049,C14H22N2O3S2
F6444-6664,C17H25N5O2
F6488-2719,C15H19N5O2S
F6521-3672,C16H14ClNO3S
F6562-9338,C18H16N4O3
F6471-0733,C18H19N5O2
F6556-0573,C15H14ClNO2S2
F2434-1485,C19H17ClN2O2
F6724-4723,C18H19N3O2S
F6244-2404,C18H19FN4O2
F5882-0557,C17H21N5O3
F3406-8894,C16H15N3O2S2
F2449-0028,C16H18N4O3S
F6550-4629,C19H17N5O2
F6549-5111,C21H24N4O
F6672-0911,C14H19BrN6
F6178-4306,C19H21N5O2
F5882-0700,C19H19N3O2S
F3316-0246,C14H15BrClN3O
F5614-0147,C19H18F2N4O
F6560-8111,C18H16ClFN4O
F0013-1103,C16H13BrN2O3
F6436-0756,C19H27N3O2S
F6571-0065,C21H21N3OS
F6443-8285,C18H15N5O2S
F1174-0180,C22H26N2OS
F6515-1524,C20H20N2O3S
F1051-0098,C20H27N5O2
F6808-3485,C18H21N5O2S
F6442-0069,C18H16FN3O3S
F0920-6850,C19H26N4O2S
F2880-0269,C19H24N2O4S
F6469-2891,C17H15FN2O3S2
F6482-7725,C21H21N3O2S
F6521-8080,C14H14ClF2NO3S2
F5584-0175,C20H22N4O2S
F6679-2654,C16H21BrN2O2S
F5777-0261,C20H23N3O5
F5860-3730,C17H17N5O4S
F6473-7880,C20H24N2O6
F6739-7807,C18H18N2O4S2
F6673-9393,C16H21ClF3N5O
F0846-0746,C16H12BrNO4S
F6374-3562,C19H26N2O3S2
F2459-2224,C22H29N5O2
F6240-7764,C20H20FN5O3
F6480-1433,C21H19ClFN3O2
F6452-0877,C19H22F3NO3S
F5493-0200,C20H25N3O4S
F6605-3407,C22H27N7O
F6525-6581,C19H19F3N4OS
F5001-1091,C23H23FN2O4
F6738-6230,C19H20BrN5O
F5833-6035,C25H25N3O3
F6694-7669,C18H19F5N4O2
F6246-1841,C16H18F3N3O5S
F3226-0815,C24H29N3O4
F3406-6089,C17H13ClF3N5OS
F6523-0667,C23H35N5O3
F5521-0044,C25H28N4O3
F2267-0009,C19H21BrN2O3S
F6519-7558,C17H18BrN3O2S2
F3406-9903,C21H19ClN4O3S
F2322-0368,C21H23N3O4S2
F6435-0865,C21H24N2O5S2
F1878-0121,C22H18ClFN4O2S
F1539-0004,C19H19F3N6OS2
F3411-6212,C24H21FN4O4S
