# All user editable compound information in the PCDL Manager compounds tab can be imported
# A minimum of formula or mass plus one identifier must be populated for compound import (recommended is formula and at least one other identifier, see examples)
# Multiple synonyms can be entered into the Synonyms column when separated by ';' (e.g. L-Isoleucine; 2-Amino-3-methylvaleric acid)
# All compounds will be assumed to be of a neutral ion type, unless a 1 is entered in the Cation or Anion column
Name,Formula
F6755-1692,C9H12N6O3
F6752-8489,C13H24N2O3
F6476-7239,C15H20N2O2
F6395-1809,C14H17ClN2O
F5857-6040,C13H17ClN2O2
F5882-0198,C16H21N3O
F6545-0770,C14H24F2N2O
F5832-0130,C16H23NO3
F3411-3134,C16H9F2N3
F6797-2897,C12H14ClFN4O
F6523-1613,C14H18N6O
F6702-2181,C14H20N6O
F6520-1040,C15H17NOS2
F2167-1215,C16H23NO2S
F6471-1385,C10H20N2O4S2
F6296-1189,C15H14N4OS
F5833-8527,C16H16N2O2S
F6677-3204,C14H15ClN6
F6451-1634,C16H20N2O4
F1407-0256,C15H17NO4S
F2740-0017,C18H19N3O2
F1766-0015,C18H21N3O2
F6571-6186,C14H23N3O3S
F6550-3159,C18H21NO4
F6573-3427,C16H19N3O4
F1423-1019,C17H18FNO4
F6357-0567,C17H17F2NOS
F3394-0713,C18H13NO3S
F2202-1264,C15H24N4O2S
F6754-6282,C18H18N2O2S
F6222-0372,C17H21N5O2
F6809-1081,C16H16ClN5O
F3407-0263,C19H23FN2O2
F6658-5542,C16H20N4O2S
F6713-7083,C13H15BrN6
F6805-5255,C16H19ClFN5
F6439-2509,C20H24N4O
F6252-7872,C18H15ClN4O
F5912-0223,C16H16F3N3O2
F5559-0028,C17H17FN6O
F6656-4506,C18H23N5O2
F6482-7753,C17H14ClN3OS
F1899-2067,C16H16N4O3S
F6809-6867,C18H20FN3OS
F5834-5139,C17H22N4O4
F6253-1972,C15H17BrN4O
F6803-2453,C16H19N3O4S
F5822-1117,C20H22N4O2
F5860-3010,C20H20N2O2S
F6454-2305,C21H27N3O2
F3407-4998,C19H18FN3O3
F6203-0751,C16H20FNO3S2
F6673-4901,C21H22N6
F6237-0845,C16H20N6O4
F6472-7091,C20H18N4O3
F6782-4574,C18H21ClN2O2S
F6089-6277,C21H23N3O3
F6677-0757,C17H22ClN3O2S
F6279-0248,C23H32N2O2
F5860-4144,C20H22N2O3S
F6495-5395,C17H14ClFN6O
F6812-1821,C19H19N9
F6200-4131,C20H22ClNO4
F6481-0786,C19H20ClNOS2
F5298-0474,C18H20F2N4O3
F0015-0001,C20H13ClN2O2S
F5834-0184,C17H23N3O5S
F6419-0094,C18H16Cl2FNO3
F6788-7449,C20H24N4O2S
F3407-2807,C20H19FN2O3S
F6559-1058,C22H21N5O2
F3281-0061,C18H19N3O3S2
F6436-1557,C21H21F3N2O2
F6559-2180,C13H12BrF3N4O2
F6441-4092,C18H23N3O5S
F6359-5082,C16H18BrN3O2S
F6481-2529,C19H28N2O3S2
F2493-3254,C20H13F3N4O2
F6609-1895,C15H11BrClFN2O3
F6548-4331,C20H19FN2O4S
F1635-0053,C20H24N2O5S
F6812-1549,C22H26N6S
F6514-9629,C18H14F3N3O3S
F3394-0039,C22H22FN3O2S
F6442-0889,C18H17F3N2O4S
F6785-6720,C23H24N6O2
F5871-1809,C23H21N3O3S
F3406-3356,C22H19ClN4OS
F6526-1418,C27H28N4O
F2875-0148,C20H14Cl2N4OS
F6565-1670,C11H9BrF3N3O3S2
F3167-0641,C20H13ClF2N2O3S
F6523-3944,C19H14F3N3O4S
F3406-5647,C22H21ClN4O2S
F5031-0158,C22H21NO7S
F6786-7354,C16H17F3N6O4S
F6523-3903,C23H20FN5O4
F2011-0701,C21H21BrN2O3S
F2662-0169,C27H28N4O2S
F6411-0844,C24H28N4O5S
