# All user editable compound information in the PCDL Manager compounds tab can be imported
# A minimum of formula or mass plus one identifier must be populated for compound import (recommended is formula and at least one other identifier, see examples)
# Multiple synonyms can be entered into the Synonyms column when separated by ';' (e.g. L-Isoleucine; 2-Amino-3-methylvaleric acid)
# All compounds will be assumed to be of a neutral ion type, unless a 1 is entered in the Cation or Anion column
Name,Formula
F6739-6649,C15H15N3O
F6782-1962,C14H19N5
F6524-5555,C12H15N5O2
F5857-6480,C14H16ClNO2
F6543-0247,C13H13F2NO3
F6681-3564,C14H16N4O2
F6609-8299,C14H17N3O3
F6550-4698,C13H18N4O3
F6708-8621,C18H23N3
F5871-3636,C9H8BrN3O3
F6494-0107,C14H13N3O4
F6696-0131,C15H16ClN3O
F6709-4890,C18H17N3O
F6550-6028,C16H14N4O2
F2382-0366,C13H20N4O2S
F6550-4690,C16H18N4O2
F6523-1842,C16H20N4O2
F6561-3705,C17H22N2O3
F6573-7748,C14H15N3O3S
F6561-2593,C17H22FNO3
F6724-5253,C16H14N4OS
F6724-4193,C16H16N4OS
F6472-0864,C14H19ClN2O2S
F6677-3169,C13H12ClF3N4
F6809-5669,C14H15BrN4
F5857-1050,C17H25N3O3
F6284-0410,C19H19N3O2
F3374-0655,C18H17N3O3
F6489-0346,C17H15N3O2S
F6713-6156,C16H18N6O2
F1403-0099,C19H17ClO3
F6755-1746,C16H19N5O3
F6192-0560,C16H17N3O3S
F6792-4964,C16H21FN6O
F6756-2595,C17H14N6O2
F6791-8319,C19H21N5O
F2005-0852,C18H15N3O2S
F6473-6277,C19H18N2O4
F6564-8479,C19H21N3O3
F5228-2136,C19H24N4O2
F6356-0427,C15H13F3N2O4
F6507-3816,C16H16F3NO4
F6105-0020,C14H21FN4O3S
F6656-3552,C17H23N5OS
F6565-1062,C14H10F5N3O2
F1044-0038,C17H20N2O4S
F6474-3218,C20H19N3O3
F1190-0119,C20H17NO3S
F6680-3431,C18H20N6O2
F5596-0790,C18H18N4O2S
F6485-2032,C20H25N3O3
F5596-1193,C17H19N5O4
F2602-0242,C19H19Cl2N3
F6520-1121,C18H16FNO2S2
F2573-0036,C19H30N4O3
F6497-2709,C17H24N4O3S
F0594-1743,C17H13F3N2O2S
F6474-3540,C20H21N3O4
F2531-0028,C19H19N3O3S
F6676-1208,C20H26N4O3
F6814-3200,C17H17F5N4
F1109-0142,C19H19ClN2O2S
F2076-0135,C18H25N5O2S
F6708-9865,C19H21ClFN3O2
F6606-1326,C22H26N4O2
F6727-8288,C20H17FN4O3
F5780-0197,C17H27N5O3S
F3406-8245,C20H18FN3O4
F6502-6102,C17H16BrN5O
F6564-5117,C20H23ClN4O2
F6442-2936,C19H17ClN2O3S
F6506-4931,C21H24FNO3S
F6619-7918,C21H26N8
F6785-6416,C15H19F3N4O3S
F3407-5185,C21H23N5O3
F6561-1349,C24H17N3O3
F5601-0009,C20H28N8O
F6497-7995,C18H21F3N4O3
F5860-2464,C20H21FN4O2S
F6570-2438,C20H26N4O3S
F5093-0195,C17H16BrN3O2S
F3406-6597,C22H18FN3O4
F5527-0739,C21H23N5O2S
F3394-1289,C18H17BrN6O
F6349-0404,C23H22N6O2
F6125-1335,C21H18F3N3O3
F6274-0501,C19H17FN2O4S2
F6783-8111,C22H23FN6O2
F6438-3422,C20H23N7O4
F5615-0324,C25H24N4OS
F5111-0041,C22H26ClN3O4
F3225-6202,C25H26N2O5
F6523-2117,C24H27N3O3S
F2323-2027,C25H24N6O2
F3305-0192,C26H29N5O2
F6617-3569,C26H27FN4O2
F2279-0265,C21H26ClN3O4S
F1899-1082,C19H15BrClN3O2S
F3243-0726,C27H26ClN3O3
F2244-0173,C26H26ClN7O
