# All user editable compound information in the PCDL Manager compounds tab can be imported
# A minimum of formula or mass plus one identifier must be populated for compound import (recommended is formula and at least one other identifier, see examples)
# Multiple synonyms can be entered into the Synonyms column when separated by ';' (e.g. L-Isoleucine; 2-Amino-3-methylvaleric acid)
# All compounds will be assumed to be of a neutral ion type, unless a 1 is entered in the Cation or Anion column
Name,Formula
F6616-7064,C14H12N4O
F6677-3401,C9H12BrN3O
F3257-0267,C15H20N2O2
F6616-7216,C12H16N4OS
F3139-0650,C16H13FN2O
F6754-9526,C16H21N3O
F6540-4029,C10H14BrNOS
F6454-0014,C15H23N3O2
F0863-0088,C15H11N3O3
F5966-0042,C13H17ClN2O3
F6015-0075,C17H22N2O2
F6709-0044,C14H20N6O
F5868-0384,C14H14ClN3O2
F0585-0807,C18H19N3O
F6745-0543,C13H14F2N4S
F6681-3617,C15H14N4OS
F5854-4657,C16H16N2O2S
F6680-0956,C12H14N8S
F3250-0475,C17H16N6
F3055-0810,C17H13N3O3
F3167-1091,C18H19N3O2
F6672-1424,C18H21N3O2
F5263-0558,C19H20FNO2
F6724-3821,C16H18FN5O
F6480-0809,C16H19N3O4
F5854-4687,C17H21NO3S
F6521-5284,C14H18F3NO2S
F6506-2373,C15H17NO3S2
F6676-1236,C17H22F2N2O2
F6556-1031,C15H22N2O2S2
F6573-1320,C17H21N5O2
F6441-5407,C16H18F3NOS
F6523-1581,C16H22N6O2
F5624-0374,C16H20N4O2S
F6522-1528,C16H12F2N2O2S
F6471-0535,C18H17N5O2
F6556-5186,C17H28N4OS
F6473-3924,C15H18N2O5S
F6492-0364,C16H16F3N3O2
F3386-0655,C16H24N2O4S
F6438-0767,C18H23N5O2
F5526-0368,C16H13ClF3NO2
F6448-0956,C16H16N4O3S
F2880-1582,C17H19N3O5
F6438-0470,C17H22N4O4
F6609-5851,C16H11ClF2N4O
F3293-0135,C21H16FNO3
F3375-2889,C20H22N4O2
F6560-7438,C20H20N2O2S
F6608-3593,C20H27N5O
F6573-6792,C19H21N3O2S
F2073-0587,C18H16ClN3O3
F6560-4696,C19H26N4O3
F6519-6183,C21H20N4O2
F6471-1244,C17H22N4O3S
F6556-4276,C18H15F3N2O3
F6472-9122,C21H23N3O3
F6680-2474,C17H16F3N3O3
F2518-1672,C15H7Cl2F2N3O2
F6556-1252,C17H26N2O3S2
F2493-2871,C19H17FN2O3S
F6554-0781,C23H23N3O2
F6510-1102,C18H21N3O4S
F2593-0414,C18H17Cl2N3O2
F6680-0727,C21H22N4OS
F2862-0132,C17H14F2N2O4S
F6241-0330,C17H23N3O5S
F6660-2105,C16H12F3N3O3S
F6473-8575,C21H24N2O5
F6560-0726,C20H22N2O2S2
F6089-5335,C22H21N5O2
F2633-0516,C22H16ClN3O2
F5834-3181,C23H22N2O4
F1138-0053,C17H17BrN2O2S
F6605-0293,C19H19N7OS
F2596-0007,C18H15Cl2NO5
F6439-4017,C24H20N4O2
F6445-3368,C17H17F3N4O2S
F2737-4637,C18H13ClN4OS2
F6673-4852,C19H23BrN4O
F6811-1761,C21H20N6OS
F5078-0381,C23H26N4O3
F6681-8634,C16H20BrN5O3
F6247-1068,C21H22ClN5O2
F2096-0313,C20H19ClN4O2S
F6474-3598,C26H28N2O3
F3324-0057,C23H21N3O3S
F5950-0470,C19H17F3N4O2S
F6608-3844,C22H31F3N4O
F2285-0088,C18H18Cl2N2O4S
F6478-2219,C15H15BrFN3O4S
F6435-8708,C20H19ClN2O3S2
F6475-7321,C20H21Cl2N3O2S
F3411-5284,C22H18F2N4O2S
F1016-0699,C20H21N5O3S2
F6411-0460,C23H18N4O4S
F6279-0411,C22H22F3N3O4
F2300-0772,C22H21ClN2O5S
F3382-6320,C23H32N6O3S
F3409-0027,C29H32N4O3
