# All user editable compound information in the PCDL Manager compounds tab can be imported
# A minimum of formula or mass plus one identifier must be populated for compound import (recommended is formula and at least one other identifier, see examples)
# Multiple synonyms can be entered into the Synonyms column when separated by ';' (e.g. L-Isoleucine; 2-Amino-3-methylvaleric acid)
# All compounds will be assumed to be of a neutral ion type, unless a 1 is entered in the Cation or Anion column
Name,Formula
F6216-0244,C12H14N2O2S
F6572-1013,C12H14FNO2S
F6437-0062,C13H13N3OS
F6435-1731,C11H22N2O3S
F6411-5655,C15H14N4O
F2167-4185,C12H18N2O3S
F3412-0003,C13H15N5O2
F6448-1800,C12H16N6O2
F6672-0034,C16H17N5
F5964-0161,C12H14BrNO2
F6808-8217,C15H19N5O
F6738-7565,C16H21N3O2
F3371-0634,C14H14N2OS2
F6512-0005,C17H16N4O
F6676-9601,C13H14FN3O2S
F5959-0141,C14H14F3N3O
F6435-1933,C16H17N3OS
F1773-0185,C14H20FNO3S
F6677-3213,C15H18ClN5
F6677-3912,C13H15BrN4
F6752-4388,C14H20N4O2S
F6659-2702,C18H22N4O
F6801-8078,C19H24N2O2
F6677-1341,C17H22N4O2
F6560-4905,C17H21FN4O
F5791-0975,C17H22N2O2S
F5835-0290,C18H16N4O2
F6617-6376,C15H13F3N4O
F2399-0015,C13H12N2O2S3
F6496-1356,C18H19N3O3
F6471-6382,C17H14FN3OS
F6513-5195,C17H20N4O3
F2447-0184,C15H14N4O3S
F6523-0945,C16H21N5O3
F5675-0011,C16H19N3O3S
F3348-0826,C19H22N6
F6472-2895,C15H17FN4O2S
F6554-0196,C19H19N3O3
F6438-1546,C18H22N6O
F6553-0557,C18H16N2OS2
F6521-3690,C19H19NO3S
F5097-0834,C19H19FN2O3
F6803-4622,C17H21N5OS
F2536-0478,C14H10ClF2NO3S
F6573-8843,C18H13F3N2O2
F6353-6118,C17H21N3O3S
F6439-0601,C17H24N4O2S
F6752-8028,C14H15BrN4O2
F2622-0117,C20H21N3O3
F6156-0603,C18H15F4NO2
F6562-4332,C20H23FN4O
F6491-0740,C18H17FN4O3
F2674-0193,C18H15ClN2O4
F6789-6693,C19H25N3O4
F6478-3834,C17H20FN5O3
F6529-2719,C17H21N3O4S
F6571-1992,C14H20ClNO6S
F6560-0068,C21H22N2O4
F6573-7191,C18H16N4O3S
F6796-7704,C18H23N7S
F6594-2334,C17H18ClN7O
F6556-7781,C17H15N3O3S2
F2261-0083,C23H22N2O3
F6436-1604,C22H20N2O2S
F3325-0123,C23H27N3O2
F6240-7546,C19H17N5O2S
F5607-0011,C20H24N6O2
F6524-6680,C19H18N4O5
F3348-0496,C24H25N5
F5655-1437,C20H23N3O3S
F6286-0475,C17H14ClF4N3O
F6756-2700,C22H20N4O3
F6482-6983,C19H16Cl2N2OS
F3375-2641,C18H16F3N5O2
F6783-5971,C21H24N6O2
F6443-9861,C18H17F3N4O3
F6565-4914,C21H25N5O3
F6456-0530,C19H20ClN7O
F6471-9439,C16H21N3O5S2
F6497-1093,C20H20ClN3O2S
F5016-1835,C17H20F3N3O5
F6562-1980,C22H23N5O3
F5678-0007,C18H20N2O5S2
F6089-1507,C21H22N4O3S
F3285-0248,C16H16BrNO5S
F2574-0104,C21H25N3O4S
F6439-8343,C19H19FN4O4S
F1582-0069,C26H32N2O3
F5003-0020,C17H25N7O4S
F3407-0755,C23H26N2O6
F3386-3648,C22H27N3O4S
F5286-0118,C25H24N2O5
F2880-2108,C22H24F3N3O3
F5123-1318,C22H26N6O2S
F2758-2734,C26H27N5O2
F1174-1918,C20H13Cl2N3OS2
F5621-0380,C26H33N5O2
F3164-0553,C21H22BrN5O2
F6609-2821,C23H18ClN3O4S
F2574-0344,C22H26ClN3O5S
