# All user editable compound information in the PCDL Manager compounds tab can be imported
# A minimum of formula or mass plus one identifier must be populated for compound import (recommended is formula and at least one other identifier, see examples)
# Multiple synonyms can be entered into the Synonyms column when separated by ';' (e.g. L-Isoleucine; 2-Amino-3-methylvaleric acid)
# All compounds will be assumed to be of a neutral ion type, unless a 1 is entered in the Cation or Anion column
Name,Formula
F2145-0611,C11H9FN2O2S
F6724-1573,C14H16N4O
F2185-0077,C14H16N2O3
F6790-0211,C11H12F4N2O
F3358-0296,C15H12N2OS
F6502-1146,C14H17N5O
F6788-8953,C13H18N6O
F6564-3265,C14H19N3O3
F3394-0263,C13H12ClNO2S
F6666-5459,C13H11F3N2S
F6492-0442,C15H18N4O2
F5937-0138,C16H20N2O3
F0777-1078,C14H7Cl2NO2
F6482-3306,C16H15N5O
F6445-7003,C13H16N2O2S2
F6473-3965,C11H14N4O4S
F0344-0768,C13H11F3N2OS
F6064-8548,C14H14N4O2S
F6389-1038,C18H16N4O
F6416-6545,C15H17NO2S2
F6525-0388,C13H19N5O2S
F6739-7747,C16H17N5O2
F6037-0741,C18H17F2N3
F6524-5672,C15H17N5O3
F6471-2270,C18H15N5O
F5897-0238,C17H13N5O2
F6436-0362,C16H19NO2S2
F1113-0335,C18H10ClNO3
F6755-0374,C16H24N2O3S
F6200-0895,C15H19ClN2O4
F6564-8472,C18H21N3O3
F6514-2767,C15H14F3NO4
F6724-2764,C19H18N6
F2758-0575,C19H16N4O2
F6760-1784,C13H8BrFN4O
F5823-0353,C17H19ClFN3O
F5882-6637,C16H24N4O4
F6471-3405,C15H18N2O3S2
F6245-3136,C17H17N5OS
F6514-7139,C18H20N4OS
F6792-4206,C18H20FN5O
F2986-0163,C14H14ClNO3S2
F6125-2272,C17H16N2O4S
F6428-0075,C19H15N5O2
F6312-0017,C19H18N6O
F1911-5827,C19H29N3O3
F6481-0938,C17H20ClN3OS
F6660-0337,C20H19FN4O
F3216-0899,C19H16N2O5
F6504-1172,C19H23N5O2
F6475-0328,C15H21N3O5S
F2721-0756,C14H20BrN3O3
F5831-6756,C20H26N2O2S
F6809-6825,C18H21FN4OS
F2049-0188,C21H18N2O4
F0473-0357,C20H16N2O3S
F3367-0119,C21H23N3OS
F6296-1161,C19H17N3O3S
F6656-2580,C17H28N4O3S
F5645-0005,C19H16F2N4O2
F0806-0827,C20H12N4O2S
F6597-2533,C17H22F3N3O3
F2829-0706,C19H21NO5S
F5058-0080,C17H13Cl2N3O3
F6619-6778,C18H18N8S
F6795-5136,C20H25N7O
F6496-1502,C19H19N5O2S
F3375-1633,C17H9ClF3NO2S
F6473-4097,C21H24N2O3S
F6517-1955,C19H18N2O5S
F6400-0722,C18H24F3N3OS
F6245-7624,C17H16ClN5O2S
F6562-7187,C19H22N2O7
F0696-5217,C21H25N7O
F5330-0869,C20H19N5O2S
F5309-0330,C23H30N4O2
F6438-3742,C16H24N6O2S2
F5614-0143,C19H19BrN4O
F6436-2484,C22H29N3O2S
F5939-2038,C20H19ClN2O3S
F6573-8343,C22H17FN4O3
F6734-2874,C17H25F3N4O2S
F6414-3728,C19H17Cl2NO3S
F3385-5569,C23H22ClNO4
F6443-9723,C16H14BrF3N4O
F0303-0092,C25H24N2O4
F3168-0174,C20H22ClN3O3S
F6764-3572,C16H15BrN4O3S
F6111-1063,C22H24F4N2O2
F6497-1128,C25H25N5O2
F6089-9500,C25H26N4O3
F5013-0969,C25H27N3O4
F6658-3970,C22H28N8O2
F6247-1753,C20H14ClFN6O3
F3222-0559,C18H15ClFNO5S2
F0821-0364,C21H19BrO6
F6441-2804,C23H25ClFNO3S
F3411-5740,C24H21N5O3S
F2270-0484,C21H17BrN2O4S
F3406-4465,C24H29N5O4S
