# All user editable compound information in the PCDL Manager compounds tab can be imported
# A minimum of formula or mass plus one identifier must be populated for compound import (recommended is formula and at least one other identifier, see examples)
# Multiple synonyms can be entered into the Synonyms column when separated by ';' (e.g. L-Isoleucine; 2-Amino-3-methylvaleric acid)
# All compounds will be assumed to be of a neutral ion type, unless a 1 is entered in the Cation or Anion column
Name,Formula
F6471-3807,C11H10N2O3S
F6556-5383,C14H26N2O2
F6667-2146,C12H12ClF2NO
F3316-0077,C13H15FN4O
F6218-0083,C13H10N6O
F0630-0061,C15H14N2OS
F6363-0171,C14H15N3O3
F1929-0268,C14H16N2O4
F3386-4983,C15H21NO2S
F6747-5623,C15H18N6
F5058-0155,C16H19N3O2
F6435-0349,C14H25NO3S
F6753-2751,C16H23N3O2
F6809-8103,C11H15F3N4O2
F0848-0420,C14H18BrNO
F6287-0020,C16H15N3OS
F6721-9287,C15H14ClN5
F6493-0650,C15H15N3O4
F6722-1059,C16H18ClN3O
F6752-2284,C16H27N5O
F6360-9165,C17H16N4O2
F6560-4082,C16H18N6O
F6573-3275,C17H20N4O2
F6031-0417,C18H22N2O3
F1909-1434,C16H20N4O3
F6438-2081,C15H18N4O4
F2716-0110,C16H20N2O3S
F6724-1263,C16H13F3N2O2
F6454-2799,C15H25N5OS
F6795-0041,C17H19N5S
F6799-8571,C13H9F4N5O
F5097-2417,C16H19F3N2O2
F5893-0125,C17H12ClFN2O2
F5323-0020,C17H21N3O4
F6609-4153,C17H19NO4S
F6676-2443,C20H22N4O
F6561-7988,C16H20N2O2S2
F6677-3314,C20H20ClN3
F5782-0216,C19H22N4O2
F6512-1840,C15H17ClN2OS2
F6439-4703,C15H14F3N3O3
F5599-0155,C17H18N4O4
F6609-3872,C19H21NO5
F6619-7125,C22H24N4
F2455-0616,C16H15ClN4O3
F2189-0999,C18H21NO4S
F6562-0911,C20H20N4O2
F1911-2926,C19H31N3O3
F6619-7134,C19H21N5S
F5494-0096,C15H19N3O3S2
F5871-2342,C16H26N4O3S
F3237-0598,C19H20N2O3S
F6755-0855,C14H16Cl2N4OS
F1915-9823,C19H25N3O2S
F6476-4561,C18H23N3O3S
F0682-1083,C19H17N5OS
F6521-3876,C17H16ClNO4S
F3055-0831,C23H18N4O
F6609-4610,C17H15F3N2O2S
F2416-1173,C20H23N3O4
F6401-0021,C19H21N3OS2
F2964-0913,C16H12BrN3OS
F6259-1287,C19H23ClN4O2
F6476-2915,C18H15F3N4O2
F6679-0012,C21H23N5O2
F2267-0569,C17H21N3O3S2
F6734-0639,C21H24N4O3
F6024-0118,C21H19FN2O2S
F6178-3545,C21H25N3O4
F6619-4116,C18H20ClN7O
F6482-6040,C19H15Cl2N3O2
F6200-3269,C20H24N2O4S
F6259-2603,C23H27N5O
F6709-4485,C19H16F3N3O3
F6497-0922,C22H24N4O3
F2269-0119,C22H16F2N2O3
F6043-0785,C21H25N5OS
F5527-2206,C20H20ClN5O2
F6442-0617,C18H16F3NO4S
F6510-2774,C16H14F3N3O4S
F6441-4467,C21H22FNO4S
F5086-1159,C22H23N5OS
F3237-0154,C14H21BrN2O5S
F2232-0155,C21H22N4OS2
F6368-0220,C24H24N6O
F6685-8862,C18H26ClN3O4S
F6436-3455,C20H23BrN2O3
F5594-0039,C24H28N4OS
F6565-4845,C22H22FN5OS
F6523-1946,C22H26N4OS2
F2964-2345,C25H23N3O2S
F6436-2805,C25H24N2O3S
F2661-0167,C24H25N3O3S
F3406-6911,C23H23FN4O4
F3222-4676,C25H23N5O3
F0008-0385,C27H28N2O4
F6429-0416,C24H25N5O4
F5452-0102,C23H26N4O4S
F2706-0362,C22H21F3N2O4S
F1755-0105,C24H34N2O4S2
