# All user editable compound information in the PCDL Manager compounds tab can be imported
# A minimum of formula or mass plus one identifier must be populated for compound import (recommended is formula and at least one other identifier, see examples)
# Multiple synonyms can be entered into the Synonyms column when separated by ';' (e.g. L-Isoleucine; 2-Amino-3-methylvaleric acid)
# All compounds will be assumed to be of a neutral ion type, unless a 1 is entered in the Cation or Anion column
Name,Formula
F5831-2266,C12H13NOS2
F6616-8179,C15H17N3O
F6754-6555,C14H17N3O2
F1408-0203,C11H13N5OS
F6438-6734,C12H11ClFN3O
F6708-8624,C18H26N2
F6384-0697,C16H23N3O
F5761-0094,C13H12ClN3O2
F3318-0469,C13H16N2O3S
F6680-0760,C11H17N5O2S
F5127-0176,C14H14N4OS
F6760-6153,C15H13FN2O3
F6549-6566,C14H15FN4O2
F6782-7882,C12H12BrN3O
F5882-0914,C17H17N3O2
F3095-1010,C18H19NO3
F5860-3454,C18H18FNO2
F5526-0170,C18H20FNO2
F6556-0467,C17H25N3O2
F6715-2871,C16H16F2N2O2
F2986-0039,C14H15NO3S2
F6550-4657,C15H13N5OS
F2135-0643,C17H15NO3S
F6821-6705,C14H10F5N3
F5094-2005,C14H12ClN5O2
F0918-7464,C19H30N2O2
F6696-0182,C19H20N4O
F6682-6296,C18H18N4O2
F6471-0524,C17H16N4OS
F6791-8272,C18H23N5O
F6619-5786,C16H17N5OS
F6492-0935,C18H24N4O2
F5582-0155,C21H15FN2O
F2537-1357,C16H13FN2OS2
F6203-0584,C18H23NO3S
F6562-9454,C18H13N3O2S
F2977-0054,C20H20N2OS
F6554-1150,C15H23N5O2S
F6510-2816,C11H12F3N3O4S
F6481-1032,C16H21ClN2O2S
F6517-0078,C19H19NO5
F6773-4161,C17H19FN6O
F1625-0007,C19H25N3OS
F6442-1661,C15H20ClNO4S
F6257-2881,C17H19ClN4O2
F6562-7301,C17H21N3O5
F6554-4167,C16H13BrFNO2
F6752-3255,C13H17F3N4O2S
F2594-0090,C21H25N3O2
F3167-0319,C20H20ClN3O
F2496-3146,C17H13N3O4S
F6188-0944,C20H24N2O2S
F5268-0448,C19H19FN2O2S
F0544-0090,C16H16N4O2S2
F0600-0377,C16H8ClFN2OS2
F0921-6522,C21H21N3O3
F6184-0306,C18H23NO3S2
F6395-4303,C22H26N2O3
F6359-5206,C19H20N4O2S
F1886-0529,C17H12Cl2N6
F6193-0381,C23H21N3O2
F6245-3123,C17H19N5OS2
F3290-0123,C12H8BrClFN3OS
F6521-7572,C18H24N4O3S
F6404-4810,C18H13F3N2O4
F8890-6041,C20H21N5OS
F6553-7150,C21H16ClNO2S
F6240-7711,C19H19FN6O2
F6412-1938,C18H13F5N2O2
F6761-7850,C21H24FN3O3
F6247-0669,C21H17N5OS
F6458-0190,C20H20N8O
F6200-4373,C19H19ClN2O5
F6559-0533,C22H21N3O4
F6481-1855,C19H17ClFNO3S
F6473-1500,C18H26N4O2S2
F2290-0132,C20H16N2O3S2
F6658-3854,C19H23N7OS
F5672-0027,C17H25N3O4S2
F6796-8655,C20H18F3N5O
F6245-6329,C21H21N7O2
F6520-5592,C18H16ClFN4O2S
F6559-0817,C21H20N4O5
F5795-1928,C20H30N2O5S
F5120-0223,C21H20FN3O3S
F6231-0523,C17H17BrN6O2
F3379-0837,C23H23ClN6
F0655-0034,C20H24ClN3O3S
F6571-0318,C19H21ClN2O3S2
F5064-0026,C16H16F3N7O2S
F5686-0406,C18H18ClF3N4OS
F5777-0044,C21H15ClF3N3O2
F6435-7730,C23H20N2O5S
F6529-0668,C19H22FN3O4S2
F6064-3324,C22H17F3N4O3
F5253-0390,C22H24FN3O4S
F2972-0298,C24H24N4O3S
F2094-0558,C23H28N4O6
F2573-0043,C25H32N4O5
F6094-0715,C22H20BrN5O3
