# All user editable compound information in the PCDL Manager compounds tab can be imported
# A minimum of formula or mass plus one identifier must be populated for compound import (recommended is formula and at least one other identifier, see examples)
# Multiple synonyms can be entered into the Synonyms column when separated by ';' (e.g. L-Isoleucine; 2-Amino-3-methylvaleric acid)
# All compounds will be assumed to be of a neutral ion type, unless a 1 is entered in the Cation or Anion column
Name,Formula
F0020-1370,C15H12N2O2
F6782-6825,C16H20N2O
F6793-8367,C15H17FN2O
F6216-0266,C13H16N2O2S
F5190-0557,C12H16N2O3S
F6708-8353,C17H21NO2
F6661-0381,C16H22N2O2
F6810-2064,C13H19N5O2
F6555-6408,C15H11N3OS
F3374-0825,C16H10F2N2O
F5490-1301,C15H18N4O2
F6525-0174,C15H20N4O2
F3215-0092,C15H14ClNO3
F5791-3480,C14H19N3O4
F6549-3561,C12H13FN4O2S
F2487-0282,C16H14N2O2S
F6230-0311,C15H13ClN4O
F6516-0578,C15H14N2O5
F6775-2527,C15H20N4OS
F6559-1613,C13H16F3NO2S
F6190-0295,C16H23NO3S
F0147-0022,C19H21NO3
F2711-2059,C17H19N3O3
F6284-0171,C17H21N3OS
F6658-5818,C15H19N5OS
F6808-5805,C19H17N3S
F6478-3700,C15H16FN3O2S
F6471-1763,C15H18BrNO2
F6660-0343,C18H20N4O2
F1822-0337,C18H18N2O2S
F6813-8075,C16H18FN7
F5882-5071,C15H15N5O2S
F6258-2437,C17H22N4O3
F6574-0563,C16H20N4O2S
F0921-5826,C15H15BrN2O2
F6451-0102,C16H21N3O3S
F6244-1739,C21H24N2O2
F6357-1983,C16H19ClN2O2S
F6495-1958,C17H17N5OS
F6200-3931,C19H20N2O4
F6411-0899,C19H23N3O3
F6677-3768,C15H14BrN5
F6773-2818,C14H15F3N4OS
F6813-0208,C16H19N5O2S
F6792-0246,C16H22N6OS
F5854-5938,C14H12ClF3N2OS
F6753-2638,C14H18F3N3O2S
F6806-6643,C18H26N2O3S
F5095-0146,C16H18F2N4OS
F6796-6918,C20H24FN5
F6211-0350,C17H17N5O4
F6476-2903,C15H14F3N3O2S
F6252-5065,C19H23FN4O2
F6726-5416,C20H17FN6
F6403-1429,C18H17F3N4O
F0537-4449,C19H16N4O2S
F6783-6365,C20H20FN5O
F6445-6699,C21H21NOS2
F6811-5028,C18H24N8O
F5268-0476,C20H19FN2O4
F6764-1508,C18H17ClN4OS
F3398-1238,C22H20FN5
F5725-0117,C20H17N5OS
F6181-0098,C18H16FNO3S2
F6524-6648,C19H18N6O3
F6471-3951,C13H11F3N2O4S2
F6559-3603,C18H21F2N3O2S
F6743-9807,C15H18BrN3O2S
F6609-5844,C20H21FN4O3
F5857-0533,C20H19ClN2O4
F5860-0882,C20H25N3O3S
F2450-0066,C21H15N3O3S
F5528-1117,C22H22N4OS
F3379-0315,C23H29N5O
F2213-0115,C21H19N3O5
F6481-3498,C17H18BrNO3S
F0715-0115,C22H24N2O3S
F2416-0559,C21H16F2N2O2S
F6497-0492,C22H29N3O4
F6567-9191,C17H18N6O2S2
F6359-1044,C21H25ClN2O2S
F2704-0364,C21H22N6O3
F0919-5842,C17H20BrN3O4
F6372-0868,C23H17N5O3
F6496-1444,C19H19BrN4O2
F6295-0892,C24H24N4O3
F6441-6446,C21H25NO4S2
F6562-7458,C16H17F3N2O6S
F3406-4742,C23H28N4O2S
F6442-8713,C24H33N3O2S
F2442-0214,C22H30N4O5
F3238-0152,C21H31N5O3S
F6442-4305,C21H16BrN3O3
F6237-4198,C20H21BrN6O
F6692-5990,C20H22BrN5S
F1673-1637,C20H19ClN4O4S
F3407-0891,C24H23N3O4S
F3398-2928,C25H25N5O4
F0737-0250,C26H24N4O3S
F6617-2890,C24H19F3N4O2S
