# All user editable compound information in the PCDL Manager compounds tab can be imported
# A minimum of formula or mass plus one identifier must be populated for compound import (recommended is formula and at least one other identifier, see examples)
# Multiple synonyms can be entered into the Synonyms column when separated by ';' (e.g. L-Isoleucine; 2-Amino-3-methylvaleric acid)
# All compounds will be assumed to be of a neutral ion type, unless a 1 is entered in the Cation or Anion column
Name,Formula
F6541-7639,C13H19ClN2O
F6660-5308,C14H18N4O
F6356-0351,C13H14N2O4
F0017-0372,C16H11ClN2
F6666-5424,C12H9F3N2S
F6496-1553,C14H15N3OS
F6473-2059,C13H13FN4O2
F6439-4993,C13H17N3O2S
F6472-7507,C17H18N2O2
F6258-1274,C14H15N5O2
F6752-7916,C14H17N5O2
F0848-0023,C17H20FNO2
F6617-2614,C15H17ClN2O2
F6190-0973,C16H26N2O3
F6190-1558,C14H13F2NO2S
F6662-1437,C12H11F6NO
F6755-3692,C15H15N3O2S
F1142-5430,C16H12F3N3
F6739-8203,C16H20FN3O2
F6573-5408,C18H16N2OS
F6561-1458,C17H18N4O2
F6556-7629,C18H20N2O3
F2443-0163,C13H22N4O3S
F6446-0912,C16H20N4OS
F6401-0010,C17H19FN2OS
F6438-2175,C15H17ClN4O2
F6722-5398,C15H16Cl2N4
F5321-0097,C19H21N3O2
F6089-8273,C12H18F3N3O4
F5493-0062,C13H14ClN3OS2
F6549-8658,C18H20N2O2S
F6482-4010,C18H27N5O
F6761-7591,C19H17N5O
F6481-4182,C17H19NO2S2
F6515-2929,C18H18N6O
F6442-1981,C12H20N2O5S2
F6514-2004,C16H17F2N3O3
F6539-4070,C20H22N2O3
F6438-0353,C19H25N5O
F5860-3420,C19H16FNO2S
F6312-0425,C18H19ClN4O
F5496-0202,C18H21N3O2S
F6679-0114,C20H20N6
F6451-2720,C17H15ClN2O2S
F6574-0816,C17H18FN3O2S
F1808-0008,C21H20N2O3
F6497-0397,C18H27N3O2S
F5069-0057,C20H18FN3O2
F6521-7932,C17H17ClFNO2S
F6797-2822,C18H19FN6O
F3385-5112,C20H17FO5
F6668-2947,C20H27N3O3
F6374-1724,C20H25NO3S
F6064-0596,C18H15N7O2
F2493-3344,C20H14FN3O3
F6764-2024,C22H28N4O
F5834-1416,C19H18N4O4
F2640-0233,C16H14Cl2N2O2S
F5253-0149,C17H24FN3O3S
F6443-3988,C20H18FNO3S
F6791-7568,C18H24N6O3
F2881-0593,C21H18N4O3
F6188-0959,C19H21ClN2O2S
F6473-4223,C22H23N3O3
F3385-5755,C21H17NO4S
F6257-2054,C18H20N8O2
F2391-0777,C20H18N2O4S
F6471-0228,C23H21N5O
F2609-1965,C20H20FN3O2S
F6619-5951,C21H34N6O
F6734-0743,C17H20ClF3N4O
F5882-6416,C24H24FN3O
F6752-0729,C17H22BrN5O
F6524-5330,C20H20N6O3
F0630-1352,C19H17F3N2O2S
F6523-3154,C22H22FN3O3
F6452-1365,C19H24ClNO4S
F6562-9152,C16H12F3N3O2S2
F6200-3785,C15H16BrNO3S2
F6403-2768,C19H19Cl2N5O
F5688-0417,C19H18F3N5O2
F5260-0210,C24H26FN3O2
F2628-0201,C21H16ClFN4O2
F2740-0686,C22H25ClN4O2
F1387-0319,C20H16F3N5S
F6276-0377,C18H15BrN2O3S
F5621-0265,C22H24N6OS
F0650-0305,C22H21N3O4S
F2073-0589,C21H22N4O4S
F6609-5014,C22H18F3N3O3
F5528-1093,C21H19F3N4OS
F5939-2133,C23H21N3O4S
F6441-6997,C22H22N4O4S
F5670-0134,C19H22F3N5O2S
F1056-0348,C23H28N2O5S
F6184-0985,C22H29N3O3S2
F3385-4517,C25H31N3O5
F3385-6002,C23H22F3NO6
F0216-0001,C19H16Br2N2O3
