# All user editable compound information in the PCDL Manager compounds tab can be imported
# A minimum of formula or mass plus one identifier must be populated for compound import (recommended is formula and at least one other identifier, see examples)
# Multiple synonyms can be entered into the Synonyms column when separated by ';' (e.g. L-Isoleucine; 2-Amino-3-methylvaleric acid)
# All compounds will be assumed to be of a neutral ion type, unless a 1 is entered in the Cation or Anion column
Name,Formula
F6608-0838,C12H14ClN3O
F5016-0062,C13H25N3O2
F6573-5535,C15H21N3O
F6733-0911,C13H14FN3O2
F6511-9288,C13H12F3N3
F6420-0537,C12H17NO2S2
F6276-0407,C14H14N2O2S
F3375-3006,C16H11N3O2
F6201-0473,C14H14F2N2O2
F6445-6054,C16H17N3O2
F6473-2067,C14H14N4O3
F6395-1848,C14H16N4OS
F6200-4292,C15H18N2O4
F6443-6540,C13H15N3OS2
F6400-0013,C14H21N3O2S
F6709-4140,C17H19N3O2
F2790-0248,C12H21N5O2S
F6752-5423,C17H20FN3O
F2106-0086,C16H10F2O4
F6252-6168,C18H18N4O
F2777-0081,C12H15N5OS2
F6262-1282,C15H13N5O3
F6724-3483,C16H15N3O2S
F6435-1499,C14H18FNO4S
F6514-2904,C14H14F3NO4
F6556-7494,C16H14ClNO2S
F6564-2010,C16H24N4O3
F6200-0881,C16H22N2O5
F6557-0856,C15H20N2O4S
F1016-0301,C11H11BrN4OS
F5094-1964,C17H17N3O4
F6438-3468,C17H24N6O
F6519-7433,C15H18N6OS
F3349-0017,C18H12N4OS
F6562-5285,C20H19N3O2
F6258-1265,C16H15ClFN3O2
F6796-8816,C19H20N4S
F3162-0093,C20H23N3O2
F6381-4322,C16H18FNO2S2
F2318-0064,C16H16N6OS
F6513-5466,C17H19N5OS
F6556-1746,C18H22N4O3
F5596-1117,C19H25N3O3
F5054-0035,C17H13F2N3O3
F6558-0246,C16H18F4N2O2
F6438-3404,C16H21N5O4
F6435-9448,C13H19NO4S3
F6795-0001,C19H18N4OS
F0015-0061,C15H10Cl2N2O2S
F5871-3165,C17H18F3N3O2
F6414-2130,C17H16F3NO2S
F6524-5364,C16H20N8O2
F5001-1914,C22H18N2O3
F6391-0430,C18H20N2O2S2
F6709-4265,C13H13F3N4O3S
F6760-2355,C20H21N5O2
F5031-0004,C21H19NO5
F6111-0018,C23H30N2O2
F6514-6583,C20H21ClN4O
F0737-0265,C19H18N2O2S2
F6562-0776,C22H21N5O
F2593-0200,C19H20ClN3O3
F6369-0011,C17H14ClN3O3S
F5596-1128,C19H25ClN4O2
F6557-1160,C18H19FN2O4S
F6436-3955,C21H21N3O4
F1757-0342,C18H18Cl2FN3O
F6246-1572,C18H21F3N4O2
F5832-9500,C19H17FN4O2S
F6485-1884,C21H27N3O4
F6412-1381,C21H22ClNO4
F6057-0027,C23H24N4O2
F6747-9488,C18H20Cl2N6
F6064-0607,C21H21N5O3
F6668-2887,C16H20BrN5O2
F2236-1140,C21H22N4O4
F6512-4812,C19H16N4O4S
F6809-6891,C22H24FN3O3
F5832-1033,C21H22FN3O2S
F6438-1537,C20H24ClN5O2
F5298-2364,C20H29N5O4
F3407-4934,C19H17F3N4OS
F6809-8265,C22H21FN4O3
F3395-0442,C21H29F3N4O
F0613-0085,C21H23N3O4S
F6175-0523,C19H18Cl2N6O
F3257-0228,C25H26N2O4
F1775-0020,C23H23N3O3S
F0037-8267,C17H17F5N2O5
F0161-0190,C25H21N3O2S
F6064-5452,C21H20ClFN4O3
F6353-6435,C20H23N3O4S2
F6523-1198,C22H21ClN6O2
F1805-0234,C21H21N5O4S
F6782-0544,C25H22N4O2S
F3371-0756,C25H23N3O5
F6609-4961,C23H24N6O2S
F5017-2920,C20H22F3N3O4S
F1142-4959,C24H27N3O3S2
F3382-7919,C25H28ClN5OS
