# All user editable compound information in the PCDL Manager compounds tab can be imported
# A minimum of formula or mass plus one identifier must be populated for compound import (recommended is formula and at least one other identifier, see examples)
# Multiple synonyms can be entered into the Synonyms column when separated by ';' (e.g. L-Isoleucine; 2-Amino-3-methylvaleric acid)
# All compounds will be assumed to be of a neutral ion type, unless a 1 is entered in the Cation or Anion column
Name,Formula
F2795-0754,C12H13ClN2O2
F6808-8413,C16H20N2O
F6760-8130,C13H16N4O2
F2145-0509,C13H16N2O2S
F6300-0163,C15H12N2O3
F6507-5221,C12H21N3O4
F5857-6790,C16H22N2O2
F6471-2776,C19H19NO
F1358-0357,C11H11N3O4S
F6445-6531,C15H12N2O2S
F6438-0076,C15H18N4O2
F6752-7907,C15H20N4O2
F6246-1551,C11H9ClF3N3O
F6560-4454,C13H19N5OS
F6764-4693,C15H12N4OS
F5854-0844,C16H14N2O2S
F1143-0895,C13H11F3N2O3
F6573-7585,C14H14N4O2S
F6609-5449,C15H17FN4O2
F5860-3518,C14H17N3OS2
F6609-1767,C19H19NO3
F6619-5802,C15H17N7O
F6483-0014,C17H19N3O3
F6440-3956,C17H21N3OS
F6549-1033,C15H19N5OS
F6257-5243,C14H17N5O2S
F3032-0029,C18H15N3OS
F2462-0513,C16H15Cl2NO2
F6559-1310,C18H20N4O2
F1808-0023,C18H15FN2O3
F6549-4765,C18H21N3O3
F6514-6831,C15H15N5O2S
F2199-0554,C17H22N4O3
F6104-0001,C16H17FN4O3
F2245-0820,C15H11ClN2O3S
F5505-0077,C19H17N3O3
F6783-5216,C17H20N8
F6724-4298,C17H14N4O2S
F6496-1534,C17H17N5OS
F6753-3461,C17H22F2N2OS
F5882-0155,C19H23N3O3
F6806-8284,C13H15BrFN3O2
F3296-0292,C17H14ClFN4O
F6484-0222,C18H20ClN3O2
F6057-0335,C18H23ClN4O
F1249-0146,C13H14Cl2N2O3S
F5866-0137,C19H15N3O4
F5857-2635,C21H22N2O3
F6773-4195,C17H16N6OS
F6604-2255,C18H23N7O
F6374-5470,C20H21NO3S
F6451-2753,C17H15ClF3NO2
F6680-8843,C22H22N4O
F1524-0227,C22H20N2O3
F1174-3159,C18H22N2O4S
F6435-2862,C17H20N2O3S2
F3348-0666,C23H19N5
F6473-7588,C18H16F3NO4
F6523-4649,C19H24N6O2
F6363-0614,C18H19ClN6O
F5832-8516,C19H17FN2OS2
F6811-1643,C20H19N7O
F6734-0795,C19H19ClFN3O2
F6799-8752,C14H14F3N3O2S2
F6810-5676,C17H17F3N6O
F6594-0917,C22H29N5O
F5777-0222,C18H18F3N3O3
F3386-3295,C16H18BrNO3S
F6727-2178,C19H16N10
F6609-5208,C19H19ClN4OS
F5871-0155,C20H25N3O3S
F3222-0603,C19H19NO4S2
F6480-3326,C19H23ClN4O3
F5729-1179,C24H29N3O2
F5778-0264,C19H18F3N3O3
F6525-7074,C15H14BrN3O3S
F6525-8014,C15H23F3N4O3S
F2416-0453,C21H16ClFN2O3
F2075-1146,C21H26FN5O2
F6245-4990,C19H19ClN4O2S
F6515-0821,C22H20N4O2S
F6473-0661,C24H26N2O2S
F6676-2581,C17H20BrN3O2S
F6670-6540,C21H19ClFN5O
F5015-0049,C19H15ClN4O3S
F5546-0028,C24H24N4O3
F5118-0126,C19H22ClN5O2S
F0665-0709,C18H13F3N4OS2
F0921-6112,C26H24N4O2
F5911-0367,C24H25N7O
F5822-1103,C22H30N4O3S
F6496-3482,C24H27N5O3
F3382-2313,C19H11ClF3N3O2S
F6279-0369,C19H24N2O4S3
F6444-2038,C19H19ClFNO6S
F3168-1641,C21H19ClN2O5S
F5493-0347,C23H20FN5O2S
F5615-0295,C25H25N5O2S
F2378-0622,C23H24N2O7S
F2321-0105,C20H17BrN6O2S
