# All user editable compound information in the PCDL Manager compounds tab can be imported
# A minimum of formula or mass plus one identifier must be populated for compound import (recommended is formula and at least one other identifier, see examples)
# Multiple synonyms can be entered into the Synonyms column when separated by ';' (e.g. L-Isoleucine; 2-Amino-3-methylvaleric acid)
# All compounds will be assumed to be of a neutral ion type, unless a 1 is entered in the Cation or Anion column
Name,Formula
F6755-5374,C12H17N3OS
F1911-8400,C15H12O4
F0911-1968,C13H12N2O2S
F2182-0082,C14H21N3S
F1716-0321,C17H17NO2
F6610-7027,C13H13N5S
F6666-3420,C12H16F2N2OS
F6222-0067,C12H15N5OS
F6546-0691,C14H20N2O2S
F6675-7942,C15H17N5O
F6793-6911,C11H13F3N6
F6300-0184,C15H16N2O4
F6573-2611,C14H18N4O3
F6451-0557,C15H16FNO2S
F6549-7224,C14H21N3O4
F6573-1655,C16H19N5O
F6554-0312,C17H21N3O2
F6597-0680,C17H23N3O2
F2982-0195,C15H16N2O3S
F6713-5438,C17H18N6
F5791-0274,C17H15N3OS
F6562-8303,C18H17NO4
F6574-1823,C15H15N5OS
F2371-0124,C13H18FN3O3S
F6357-1602,C17H19NO3S
F1374-1892,C15H11F2N3O3
F6442-1619,C12H16ClNO3S2
F2879-0857,C20H22N2O2
F6755-7303,C14H20N4O3S
F6548-0098,C17H14N2O3S
F6476-4488,C16H17N5O3
F6471-3824,C13H10F3N3O2S
F5831-1975,C18H19FN2O3
F6475-6247,C17H17ClN2O3
F6238-0472,C19H19N5O
F6556-4387,C15H17N3O4S
F6438-3465,C15H18F2N6O
F5264-0065,C21H27N3O
F6524-5897,C14H12F3N5O2
F6713-3496,C14H20N4O4S
F6617-2748,C18H19N3O4
F6438-1657,C17H22N6O2
F3254-0024,C22H33NO2
F6436-3257,C15H23NO4S2
F6514-2618,C18H22N2O3S
F5033-1452,C18H25N3O2S
F3230-0004,C16H20BrN3O
F1038-0330,C18H15FN6O
F6562-0088,C15H11F3N4OS
F6481-0010,C21H23NO2S
F5496-0549,C18H17N3O3S
F5833-1235,C16H28N4O3S
F6469-1825,C21H18N4O2
F6726-1690,C16H17ClN6O2
F6617-8688,C16H15FN4O3S
F6617-4346,C22H25N3O2
F6561-1409,C20H19N3O4
F3179-0231,C15H14ClN3O4S
F6359-4213,C19H20N4O4
F3057-0028,C17H17F3N2O2S
F6619-5866,C17H24F3N5O
F6539-3291,C21H18F3NO2
F6190-2240,C19H18ClNO3S
F0715-0116,C20H28N2O3S
F3225-2475,C20H18N4O2S
F6246-0887,C20H21N5O3
F6554-0360,C18H21Cl2N3O2
F5632-0011,C17H21F3N6O
F6485-1476,C17H16F4N4O2
F3394-0818,C16H10ClF3N2O2S
F6411-2024,C20H22ClN3O3
F6057-0151,C24H28N4O
F6524-6144,C17H21F3N2O3S
F5450-0490,C23H25N3OS
F6670-6864,C20H16ClN5O2
F6438-3611,C18H21F3N6O
F3348-0886,C19H17ClN6O2
F1312-0054,C22H27N3O4
F1806-0120,C20H25N5S2
F6245-7120,C23H23N5O2
F5600-0274,C18H17ClN4O3S
F6064-5123,C21H18N4O5
F2704-0347,C21H21FN6O2
F3085-0105,C20H14ClN3O3S
F5681-0036,C20H23N5O3S
F5584-0214,C20H21FN4OS2
F2617-1121,C26H30N2O3
F8890-2653,C23H23N3O5
F6571-6706,C17H23F3N2O5S
F6529-3861,C20H21F4N3O3
F1345-0546,C24H22N4O2S
F5496-0917,C24H23N3O3S
F5581-1541,C23H24N4O3S
F6512-7184,C22H25N5O3S
F6496-1793,C22H26N4O4S
F5625-0263,C21H27N5O4S
F3225-6317,C26H28N2O5
F0682-0511,C20H16Cl2N6OS
F3395-0942,C18H26ClF3N4O3S
F3382-2060,C24H23ClN4O3S
