# All user editable compound information in the PCDL Manager compounds tab can be imported
# A minimum of formula or mass plus one identifier must be populated for compound import (recommended is formula and at least one other identifier, see examples)
# Multiple synonyms can be entered into the Synonyms column when separated by ';' (e.g. L-Isoleucine; 2-Amino-3-methylvaleric acid)
# All compounds will be assumed to be of a neutral ion type, unless a 1 is entered in the Cation or Anion column
Name,Formula
F0578-0082,C14H15N5
F1957-0502,C9H11BrN2O2
F6745-9400,C14H19N3S
F6541-5775,C13H16ClN3O
F0318-0045,C15H15N3S
F6752-7935,C14H16N4O2
F6573-6489,C13H19F2NO3
F6610-3046,C17H18N4
F2147-0667,C11H11BrN2O2
F3308-2746,C12H12FNO2S2
F2828-0177,C16H17NO2S
F6495-2053,C13H15N5OS
F3257-0428,C15H21N3OS
F5835-0619,C16H14N4O2
F6791-8364,C15H16N6O
F2145-0843,C13H22N4O2S
F6617-6938,C16H20N4O2
F6514-7010,C16H22N4O2
F6573-8003,C13H15N5O2S
F6808-6076,C19H21N3O
F6412-2288,C17H14N2O4
F5854-2907,C16H16N4OS
F6724-3984,C16H15ClN4O
F6782-4303,C16H16N2O3S
F5086-1913,C14H14N4OS2
F6619-3298,C16H25N5O2
F6561-2444,C18H24ClNO2
F6445-7219,C18H17N3O3
F6515-0648,C17H15N3O2S
F6525-2881,C16H18N6O2
F6171-0192,C17H16N2O3S
F6675-7976,C16H19N5O3
F6764-3311,C16H12F3N5
F6539-2526,C14H28N4O3S
F6438-1798,C16H19ClN4O2
F6660-6402,C17H25N3O4
F6481-4266,C15H19N3O2S2
F6442-1291,C16H22N2O4S
F6436-2171,C19H21N3O3
F6175-0292,C18H24N6O
F5791-0996,C18H18N2OS2
F6521-7713,C18H18ClN3O2
F6353-7295,C19H21FN2OS
F6475-2935,C18H23N3O4
F6519-4374,C16H17N3O2S2
F6723-2154,C17H15F3N4O
F6448-0475,C17H23N3O3S
F6506-1097,C17H21NO3S2
F6818-1196,C17H20N8O
F6258-2229,C18H18N4O2S
F6603-0919,C19H25N5O2
F6100-0014,C19H20FN3O3
F6811-2153,C14H16F3N5OS
F6296-1157,C17H16FN3OS2
F6808-9083,C12H15BrFN3O2S
F6565-4965,C17H19F3N6
F6617-6597,C15H19BrN4O2
F6609-5725,C18H18FN7O
F6512-3088,C16H20FN3O4S
F0840-0176,C22H27FN2O2
F6752-3886,C16H22F2N4O2S
F2748-0094,C18H18N2O5S
F5857-3905,C24H25NO3
F6796-3231,C20H19N5OS
F6792-3697,C21H26N6O
F6548-4558,C20H20N4O2S
F6619-6094,C18H23N9O
F5448-0031,C20H21N3O3S
F6452-0189,C18H18Cl2FNO3
F6525-7984,C17H21F3N4O3
F6471-0931,C18H17ClN4O2S
F6247-0795,C21H19N5O3
F6516-1218,C17H14BrNO3S
F3342-0280,C22H20N2O3S
F2083-0010,C23H27N3OS
F6475-3847,C21H21N3O3S
F6476-1481,C15H13BrClN3O3
F6761-2932,C17H26N4O5S
F6782-4773,C21H24N2O4S
F6568-0464,C22H22N6O2
F6240-6829,C18H16ClN3O4S
F5485-0395,C22H21N3O3S
F5562-0014,C20H23N7OS
F5033-0958,C19H22Cl2N2O2S
F6783-6561,C20H26N6O2S
F5042-0315,C21H19N7OS
F2743-0424,C21H16ClF3N2O2
F5478-0067,C23H26N4O4
F5481-2119,C22H27N5O2S
F6474-3736,C25H24N4O3
F1057-0343,C21H25N3O7
F3406-0961,C24H26N4O4
F6443-6304,C21H23N7O4
F5257-0625,C23H28N4O5
F3408-0035,C24H37N5O3
F6523-0897,C22H34N6O2S
F5287-0121,C23H25N5O3S
F2898-5594,C21H16F3N3O4S
F5527-0188,C26H29N5O4
F3411-1780,C26H37N3O4S
