# All user editable compound information in the PCDL Manager compounds tab can be imported
# A minimum of formula or mass plus one identifier must be populated for compound import (recommended is formula and at least one other identifier, see examples)
# Multiple synonyms can be entered into the Synonyms column when separated by ';' (e.g. L-Isoleucine; 2-Amino-3-methylvaleric acid)
# All compounds will be assumed to be of a neutral ion type, unless a 1 is entered in the Cation or Anion column
Name,Formula
F0104-0049,C12H13NO5
F9994-0397,C14H25NO3
F6244-0299,C15H21N3O
F6754-8505,C13H14FN3O2
F6789-6326,C13H12F3N3
F6472-0516,C12H17NO2S2
F3371-0853,C14H14N2O2S
F6537-3126,C16H11N3O2
F5857-0799,C14H14F2N2O2
F6036-1432,C16H17N3O2
F6360-9179,C14H14N4O3
F6257-2295,C14H16N4OS
F2276-0019,C15H18N2O4
F5496-0578,C13H15N3OS2
F0001-2411,C14H21N3O2S
F6471-7223,C17H19N3O2
F6573-7057,C15H17N5O2
F6608-2400,C17H20FN3O
F6822-4715,C16H14Cl2N2
F6793-7623,C13H18F4N4
F6554-0846,C14H16ClN3OS
F6660-4429,C15H13N5O3
F6469-3205,C16H15N3O2S
F6793-8261,C14H18FNO4S
F6192-0073,C17H13F2NO3
F6675-6445,C13H14BrN5
F6805-8022,C16H24N4O3
F6133-0422,C16H22N2O5
F5882-5225,C15H20N2O4S
F2503-0150,C12H8Cl2N4OS
F6559-1790,C17H17N3O4
F6805-5324,C17H24N6O
F6441-4121,C14H22N2O5S
F2862-0207,C17H14ClFN2O2
F5652-1712,C20H19N3O2
F1560-0626,C16H17NO5S
F3406-9740,C16H18F2N4O2
F2864-0025,C20H23N3O2
F6436-2345,C13H16F3NO4S
F6412-1500,C15H20N2O5S
F6675-8577,C17H19N5OS
F6524-1740,C18H22N4O3
F6089-9559,C19H25N3O3
F6478-6291,C14H20ClN3O3S
F0651-0196,C19H17F3N2O
F6796-9303,C17H22FN5S
F3406-3495,C16H13ClFN3OS
F6573-2139,C19H18N4OS
F0161-0357,C13H9BrN2OS2
F6549-4446,C17H18F3N3O2
F5857-3470,C17H16F3NO2S
F6549-7440,C19H24N4OS
F0532-1617,C22H18N2O3
F3394-0798,C18H20N2O2S2
F6709-4269,C13H13F3N4O3S
F6604-7350,C20H21N5O2
F3375-2755,C21H19NO5
F6619-7943,C19H26N8
F2740-0263,C20H21ClN4O
F1043-0629,C19H18N2O2S2
F6403-0425,C22H21N5O
F5788-2782,C19H20ClN3O3
F6471-3609,C17H14ClN3O3S
F6798-4921,C17H21FN6O3
F5854-2701,C21H18N2O3S
F6473-7781,C21H21N3O4
F5072-7300,C19H13ClFN5O
F6523-0171,C18H21F3N4O2
F3407-1697,C19H17FN4O2S
F6436-0096,C21H27N3O4
F6556-4216,C21H22ClNO4
F6796-9330,C19H25FN6S
F6246-0216,C16H15F5N4O2
F6439-2648,C21H21N5O3
F6525-8173,C15H18F3N3O2S2
F6497-0774,C19H21F3N4O2
F6523-3765,C19H16N4O4S
F6473-0186,C22H24FN3O3
F6529-3797,C18H20F3N3O4
F1614-0195,C20H24ClN5O2
F6783-6546,C20H29N5O2S
F2334-0196,C19H14F4N4O2
F6250-0495,C22H21FN4O3
F3348-0449,C25H26N6
F3385-4113,C23H24ClNO4
F1441-0758,C20H15F3N4OS
F1605-0734,C25H26N2O4
F5536-0011,C23H23N3O3S
F3406-8140,C20H17ClN6O3
F6222-0808,C20H19ClFN7O
F5072-2711,C21H20ClFN4O3
F5447-0140,C20H23N3O4S2
F3407-0168,C22H21ClN6O2
F6727-8780,C21H21N5O4S
F6445-6718,C25H22N4O2S
F6411-2605,C25H23N3O5
F5330-0217,C23H24N6O2S
F3394-0987,C20H22F3N3O4S
F6609-0626,C24H27N3O3S2
F5535-0117,C25H27N3O5S
