# All user editable compound information in the PCDL Manager compounds tab can be imported
# A minimum of formula or mass plus one identifier must be populated for compound import (recommended is formula and at least one other identifier, see examples)
# Multiple synonyms can be entered into the Synonyms column when separated by ';' (e.g. L-Isoleucine; 2-Amino-3-methylvaleric acid)
# All compounds will be assumed to be of a neutral ion type, unless a 1 is entered in the Cation or Anion column
Name,Formula
F6554-4690,C13H15FN2O2
F3371-0643,C14H13N3O2
F6473-2328,C12H13N5O2
F6608-0731,C14H22N4O
F6793-8421,C14H19FN2O2
F3097-1475,C17H18O3
F6672-2407,C15H19N3O2
F6403-1436,C14H20N4O2
F5626-0057,C14H25N5O
F3088-1660,C14H12F3NO2
F6608-1733,C11H15BrN2O2
F6559-1723,C14H26FN3O2
F6709-3626,C15H12F2N2O2
F2455-0055,C14H20N4O3
F6125-3035,C13H17N3O3S
F5597-0223,C13H19N3O3S
F6521-8490,C14H21NO4S
F5835-0176,C16H19N3OS
F5228-2224,C16H18FN3O2
F5854-3820,C16H16ClFN2O
F2392-0595,C16H24N2O2S
F6609-3570,C14H11F2NO3S
F6089-7689,C13H15NO2S3
F6436-1645,C11H10BrNOS2
F6671-2784,C18H28N4O
F5857-6746,C17H22N2O4
F6681-2155,C17H16N6O
F6683-1401,C15H19ClN4O2
F6240-2316,C13H16N4O2S2
F6774-4070,C17H19N5O2
F6502-7153,C17H17N3O2S
F6556-6258,C16H28N2OS2
F6475-1189,C17H18N2O3S
F6244-1886,C18H25N3O3
F6756-2511,C18H15N5O2
F6419-0227,C13H15Cl2NO3S
F5570-0281,C16H20N2O4S
F6806-7033,C16H23N3O3S
F6556-8726,C14H10ClNOS3
F6473-3623,C18H16N2O3S
F6480-3649,C18H16FN3O3
F6014-0018,C21H18N4O
F6734-0740,C18H22ClN5
F6363-0390,C16H12FN3O3S
F6372-2006,C19H14N4O3
F6184-0542,C22H21NOS
F6562-5894,C19H28N2O2S
F6561-5483,C16H18N2O3S2
F0518-0141,C19H21N5O2
F6436-2143,C21H20ClNO2
F6783-6265,C19H26N6O
F6658-4693,C17H17FN6O2
F6279-0576,C16H17F3N2O2S
F6031-1573,C21H33N3O2
F6244-2783,C22H23N3O2
F0373-1137,C19H17N5O3
F6356-1186,C18H20ClNO3S
F5871-3201,C20H22N4O3
F6257-6319,C16H18F2N4O2S
F6753-2671,C21H27N3O3
F6443-5709,C21H17N5O2
F6517-3216,C19H19NO3S2
F6560-0376,C22H22N4O2
F2659-0048,C22H20N2O4
F2276-0171,C16H15BrN2O4
F6560-1240,C19H17N5O4
F6519-4338,C14H12BrN3OS2
F6796-8712,C18H21F3N4S
F6743-9864,C14H17BrN4O2S
F6788-1087,C19H23N5O2S
F6559-3707,C17H17ClF3N3O2
F6284-0540,C19H24N4O3S
F6439-4396,C18H16Cl2N4O2
F2601-0022,C22H21N3O2S
F6783-7231,C23H28N4O2
F3222-2824,C22H22N2O3S
F6443-1267,C23H29N3O3
F6658-4749,C18H19N7O4
F6481-4080,C20H21N3O2S2
F6296-1170,C23H19N3O2S
F6359-0404,C21H20F3N3O2
F5098-0465,C24H27N3O3
F3407-0194,C20H17ClN6O2
F6565-5189,C20H22N6O2S
F6374-1347,C18H21Cl2N3O2S
F6594-2232,C22H21N7O2
F6612-0084,C19H22N4O5S
F6181-0181,C23H19NO3S2
F6089-2649,C27H25N3O2
F6245-4462,C23H30N4O4
F6440-4415,C23H31N3O3S
F6785-7308,C20H28N6O3S
F6497-3128,C24H29N5O3
F1700-0141,C24H30N4O4
F6476-1723,C17H23BrN4O3S
F5046-0121,C22H21Cl2N3O3
F6523-0269,C18H20ClF3N4O2S
F2282-0128,C24H29N3O4S
F3382-1305,C24H29N5O5
F3222-5047,C21H14BrFN6O2
