# All user editable compound information in the PCDL Manager compounds tab can be imported
# A minimum of formula or mass plus one identifier must be populated for compound import (recommended is formula and at least one other identifier, see examples)
# Multiple synonyms can be entered into the Synonyms column when separated by ';' (e.g. L-Isoleucine; 2-Amino-3-methylvaleric acid)
# All compounds will be assumed to be of a neutral ion type, unless a 1 is entered in the Cation or Anion column
Name,Formula
F6541-1627,C13H19NO2S
F6789-0480,C15H19N3O
F6559-5979,C15H16FNO2
F6507-3637,C13H15NO3S
F5080-0089,C14H11N3O3
F6554-2022,C12H20N2O3S
F5479-0257,C14H17N3O3
F1533-0109,C14H18N2O4
F6806-6745,C14H23N3O3
F6725-2484,C15H20N6
F3412-0035,C14H13N3O4
F5310-0064,C16H16FNOS
F6524-4913,C13H17N5O3
F2879-2932,C14H18N2O3S
F1900-3894,C13H17FN4O3
F6752-7858,C16H18N4O2
F6127-0009,C17H20N2O3
F6253-2927,C16H19FN4O
F0608-0487,C17H11N3O3
F6491-1500,C15H21N3O4
F6374-3581,C14H18N2O2S2
F6809-7899,C12H11F3N6O
F6211-0349,C15H14N4O2S
F6709-4375,C12H11F3N4OS
F2792-0356,C12H11BrN6
F6506-5031,C18H25NO4
F6675-8603,C15H15N9
F6473-6253,C16H21NO4S
F6436-3652,C16H17ClFNO3
F1396-0077,C19H22N2OS
F1174-0841,C19H12N4S
F6186-1148,C19H23NO2S
F5834-0143,C16H17N3O3S
F6808-5229,C17H24N4OS
F6353-5579,C17H19FN2O2S
F6549-2275,C19H21N5O
F6519-5889,C18H15N3O2S
F6516-1952,C19H18N2O4
F6796-3212,C18H21N5S
F6752-4578,C19H24N4O2
F3398-1006,C18H15ClN2O3
F1840-0011,C17H17N3O3S
F2135-1418,C17H20N4O2S
F6787-0853,C17H20FN5O2
F6481-1972,C17H17NO3S2
F2042-0431,C17H20N2O4S
F6524-2518,C20H19N3O3
F6412-1749,C18H13F4NO2
F0874-0033,C17H24N2O6
F3371-0107,C20H19ClN2O2
F6031-1326,C20H25N3O3
F6381-4729,C20H23NO3S
F6502-2745,C15H16F3N3O2S
F6506-0607,C18H16ClNO3S
F6764-1453,C22H26N4O
F6530-0323,C20H20N4O3
F6507-5868,C16H19BrN2O3
F6286-0783,C18H20F3N3O2
F2773-0680,C19H19N3O3S
F3099-0505,C21H26N2O4
F6523-3615,C20H16N6O2
F2982-0371,C18H18N2O3S2
F6560-4218,C21H21N5O2
F6443-5045,C22H19NO5
F6559-6529,C21H23FN6
F6809-7972,C16H15F3N6O2
F2758-0938,C20H23N5O3
F6469-1682,C23H17N3O3
F6442-0275,C17H14ClF2NO3S
F6792-5052,C16H18F4N6O
F6524-5817,C15H12F4N4O2S
F1821-0670,C19H23N3O4S
F6796-3973,C22H26N6O
F6225-0270,C16H20N6O2S2
F3375-1318,C21H23N5O3
F6660-6444,C20H15F2N5O2
F6472-8259,C27H28N2O
F6806-4804,C19H22N6O2S
F1608-0014,C21H21FN2O3S
F1264-3860,C23H22N4O3
F6556-8871,C18H16BrNOS2
F6454-0973,C17H21ClF3N3O3
F6442-4512,C24H19N5O2
F6261-0475,C18H15F3N2O2S2
F3398-1063,C21H26N4O3S
F6514-4066,C22H19N5O2S
F2537-0633,C19H17ClN2O3S2
F6731-1069,C20H27FN4O3S
F6548-0259,C26H23N3O3
F6727-8121,C23H20N6O3
F6441-3429,C23H26FNO4S
F6559-0465,C24H23FN4O3
F5069-0599,C23H21F2N5O2
F3222-4837,C26H24N4O3
F6523-1169,C21H29N7O2S
F5753-0272,C22H30N4O4S
F3382-4999,C23H21N3O3S2
F5033-7814,C22H27FN4O4S
F2699-0135,C23H20F3N3O5
F0554-0148,C27H25N3O4S
