# All user editable compound information in the PCDL Manager compounds tab can be imported
# A minimum of formula or mass plus one identifier must be populated for compound import (recommended is formula and at least one other identifier, see examples)
# Multiple synonyms can be entered into the Synonyms column when separated by ';' (e.g. L-Isoleucine; 2-Amino-3-methylvaleric acid)
# All compounds will be assumed to be of a neutral ion type, unless a 1 is entered in the Cation or Anion column
Name,Formula
F8890-2418,C14H22N2O2
F1917-8772,C16H17NO2
F6540-2951,C14H17N3O2
F5652-1827,C12H13N3O2S
F6616-3126,C9H10BrN5
F6709-4930,C15H18N4O
F6562-7686,C17H23NO2
F9995-4296,C13H12ClN3S
F6514-7575,C12H13ClN4O2
F6472-0520,C14H18FNO2S
F6571-5639,C15H14N2O2S
F3374-0578,C15H10F2N2O2
F6477-5347,C15H18N2O2S
F1917-5672,C15H24N4O2
F6507-7977,C15H21NO3S
F6782-8308,C17H16FN3O
F5644-0006,C16H17N3O3
F6561-1592,C16H19N3O3
F6561-3546,C18H25NOS
F6436-1784,C14H18N4O2S
F2197-4606,C16H28N4O2
F1118-0366,C15H15F2NO2S
F6709-4157,C13H10F3N3O3
F5094-0258,C15H13N3O3S
F6760-5823,C15H12FN3O2S
F6676-1248,C18H26N2O3
F6488-2762,C14H20N6O3
F6507-5943,C16H22N2O3S
F3382-3069,C18H16N2O2S
F6617-3411,C19H23N3O2
F6444-2511,C15H21NO5S
F6451-2069,C19H24N2O3
F6612-0011,C16H18N4O2S
F6439-7435,C14H13BrN4O
F6221-0166,C17H15N7O
F3230-0279,C15H18BrN3O
F6383-0694,C15H20N4O3S
F6524-2802,C18H19N5O2
F3215-0270,C16H15Cl2NO3
F6573-7910,C17H16N4O2S
F6748-5370,C18H19N3O2S
F6573-4845,C19H22N2O4
F6672-0227,C19H22FN3O2
F6230-0346,C16H15N3O4S
F6481-2520,C18H22N2OS2
F6524-1683,C16H21N5O2S
F1911-9773,C19H32N4O2
F6683-1339,C16H19ClN4OS
F6787-1087,C18H21N7O
F6390-2641,C18H18F3NO3
F3406-3395,C17H13N3O2S2
F0777-0700,C23H20N2O2
F5860-3561,C17H18N4O3S
F6550-5031,C16H17BrN4O
F3395-0144,C20H31N3OS
F6806-6764,C17H19F2N5O2
F6171-0167,C21H19NO3S
F6678-9551,C21H23FN4O
F5527-1078,C19H20N4O2S
F0630-1376,C16H13F3N2OS2
F6381-4765,C21H25NO3S
F5857-3587,C17H18F3NO3S
F6502-3172,C18H26N6O3
F6608-2310,C18H21FN4O4
F5882-7383,C14H19FN2O5S2
F1264-5526,C20H18FN5O2
F6519-8036,C16H16ClN3O2S2
F6764-1754,C20H22N4O2S
F2496-3417,C19H16N2O5S
F5771-0040,C19H23N5O4
F2583-0448,C18H18ClN5O3
F6559-3718,C20H22F2N4O2
F5825-0020,C18H19ClN4O2S
F6559-1248,C21H21N5OS
F6416-9260,C16H15ClF3NO3S
F6729-7114,C21H22N4O2S
F6476-3573,C20H17BrN2O2
F6454-3005,C19H25F2N3O2S
F6435-7772,C20H21N3O4S
F6436-1434,C23H19N3O4
F0585-0636,C24H22FN3O2
F6442-0298,C18H15FN2O4S2
F5780-0071,C17H23F3N2O4S
F6504-1348,C22H26N4O2S
F6562-2841,C18H18F3N3O3S
F6609-1898,C16H12BrF3N2O3
F5266-0359,C21H24ClFN4O2
F2574-0503,C19H23N3O4S2
F6250-0448,C18H18BrFN2O4
F1551-0109,C21H22BrN3O2
F6473-6681,C19H19BrN4O3
F6557-0519,C17H20FNO5S3
F6557-0199,C20H21FN2O4S2
F5939-1610,C22H18FN3O2S2
F5027-0777,C20H21F3N2O4S
F3168-1174,C26H20FNO5
F5912-0718,C24H21FN4O2S
F2356-0496,C23H25FN4O3S
F2356-1490,C24H28N4O4S
F3345-0450,C29H28N4O3
