# All user editable compound information in the PCDL Manager compounds tab can be imported
# A minimum of formula or mass plus one identifier must be populated for compound import (recommended is formula and at least one other identifier, see examples)
# Multiple synonyms can be entered into the Synonyms column when separated by ';' (e.g. L-Isoleucine; 2-Amino-3-methylvaleric acid)
# All compounds will be assumed to be of a neutral ion type, unless a 1 is entered in the Cation or Anion column
Name,Formula
F6439-4917,C9H13F3N4O
F1478-0265,C12H17NO3S
F5831-7504,C15H17NOS
F6617-2393,C14H22N4O
F6561-3755,C17H18N2O
F6755-0971,C11H18N4O2S
F2197-2361,C13H18F3N3
F6438-0899,C14H20N4O2
F6672-1730,C18H21N3
F6502-5831,C10H13N5O3S
F1813-0611,C11H8Cl2N2OS
F1909-1879,C17H25N3O
F6739-7738,C15H15ClN2O2
F8890-7754,C15H20N2O4
F6252-0306,C16H13N3O3
F6571-2236,C15H20ClNO3
F6439-5706,C15H14FN5O
F6437-0042,C16H19N3OS
F6211-0370,C14H17N5O3
F5852-0806,C15H15FN2O2S
F5860-0365,C19H20N2O2
F6554-5766,C11H12ClF2NO3S
F6064-0335,C11H12BrN3OS
F0901-5651,C19H26N2O2
F6709-0399,C16H24N6O
F3208-0016,C17H22N2O4
F6507-5677,C14H19F3N2O3
F2135-1473,C19H18N2OS
F5860-0046,C13H13ClF4N2O
F6448-0037,C17H19N5O2
F8890-4088,C15H13N5O4
F6792-3899,C15H17FN8
F3157-0328,C17H18N2O3S
F6764-2039,C20H21N5
F6357-0593,C18H20FNO2S
F0780-0001,C15H14BrNOS
F6549-7246,C16H20N2O4S
F6713-5972,C17H16FN7
F1677-0670,C18H30N2O2S
F0545-1384,C18H16N2O3S
F5496-1660,C16H18F3N3S
F6196-0459,C16H18N6O3
F6359-3340,C18H21N3O4
F6446-0318,C16H16BrN3O
F6556-6546,C12H21F3N2O2S2
F6660-6404,C17H21N3O3S
F6619-6651,C18H20N8
F6446-0359,C16H16Cl2N4O
F6673-4879,C17H20F3N5
F5831-2540,C17H23NO3S2
F6658-5802,C20H26N4O2
F2621-0544,C19H20N2O5
F5652-2686,C17H15FN4O2S
F6619-6173,C17H25N7O2
F6806-7525,C18H21F2N5O
F6685-8708,C17H16F3N5O
F6515-1579,C19H15N3O3S
F6677-0820,C18H21F3N4O
F6436-3667,C16H20N2O6S
F6178-4128,C21H27N3OS
F5871-0735,C16H25N3O3S2
F2070-1110,C17H16ClN5OS
F6258-1299,C22H22N4O2
F5832-2030,C21H20N4OS
F6475-7172,C16H15BrN2O2S
F6413-2590,C22H21NO3S
F6658-5699,C22H28N4O2
F5033-6979,C18H26N2O3S2
F6359-1383,C15H14BrClN2O3
F6523-2267,C19H20FN5O3
F6510-4352,C18H17N3O5S
F6178-6397,C19H24N4O3S
F2775-0368,C19H13F3N2O2S
F5496-0536,C22H21N3O2S
F6556-5124,C21H32N2O3S
F6441-2355,C22H22N2O3S
F6523-1079,C20H25N7O2
F6560-0768,C21H23N3O3S
F6448-1337,C17H19F2N3O4S
F2879-3697,C20H20ClN3O4
F6439-0872,C22H21N5OS
F6414-3223,C25H27NO4
F1092-0418,C21H17FN4O2S
F6237-1859,C20H19FN6O3
F0580-0831,C20H16ClN3O3S
F6619-2984,C20H25N5O3S
F5493-0343,C23H19FN4OS
F6089-6717,C20H21BrFNO3
F2542-0249,C22H25N5O4
F6658-3407,C25H26N6O
F1005-0026,C26H27N3O3
F6523-0086,C21H23F3N6O
F6548-4486,C24H29N5OS
F5607-0172,C26H26N6O
F6672-0766,C18H18BrF3N4O
F6435-8767,C21H20ClN3O4S
F1883-1573,C24H17ClN2O5
F3398-0001,C22H25N5O4S
F5596-0994,C22H22FN7O4
F3222-4637,C25H29N5O3S
