# All user editable compound information in the PCDL Manager compounds tab can be imported
# A minimum of formula or mass plus one identifier must be populated for compound import (recommended is formula and at least one other identifier, see examples)
# Multiple synonyms can be entered into the Synonyms column when separated by ';' (e.g. L-Isoleucine; 2-Amino-3-methylvaleric acid)
# All compounds will be assumed to be of a neutral ion type, unless a 1 is entered in the Cation or Anion column
Name,Formula
F6015-0179,C11H14N4OS
F6808-9196,C13H10FN5
F6360-9485,C13H13N3O3
F5940-2670,C15H22N2O2
F6561-1739,C13H18N2O4
F3129-0147,C14H14N4O2
F6458-0252,C12H15N7O
F6192-0449,C15H20N2O3
F6529-1658,C14H21N3O3
F3316-0245,C12H14ClN3OS
F6678-9386,C17H23N3O
F6789-0520,C15H21N5O
F6554-9125,C14H14N2O3S
F6752-3608,C14H20N4OS
F6791-9208,C12H17N5S2
F0643-0209,C16H15N3O3
F6573-6463,C15H16F3NO2
F6562-5480,C16H16FN3O2
F6571-6586,C17H21NO2S
F6479-3162,C15H15ClN2O3
F6363-0549,C16H16N6O
F3247-0074,C20H26N2O
F6673-4889,C17H24N6
F6464-1117,C17H22N4O2
F5096-0084,C17H24N4O2
F6512-3004,C16H19FN4O2
F6743-7793,C15H20N4O2S
F6438-2246,C14H18N4O3S
F2493-1762,C17H12N2O3S
F6724-4222,C15H18F3N5
F6516-0231,C18H17NO3S
F6521-7275,C17H20N4O3
F6253-2938,C16H15FN4OS
F6724-5133,C18H25N3OS
F6571-6196,C16H19N3O3S
F0672-0560,C19H30N2O3
F6482-6601,C19H16N2O4
F6161-0162,C19H19N3O3
F6658-2454,C17H22N8
F2005-0111,C17H13FN4OS
F6374-1864,C16H23NO3S2
F0613-0197,C19H22N2O2S
F2879-3000,C18H21N3O4
F5225-0625,C16H12ClN3O2S
F6436-0071,C17H18N2O4S
F6791-2796,C17H21N3O3S
F6363-0715,C19H20N6O
F3371-0852,C17H16Cl2N2O2
F5140-0425,C17H25N3O3S
F6668-3011,C20H19NO3S
F6246-1797,C20H26N4O2
F6554-1100,C18H20N4O2S
F2828-0546,C18H18N2O2S2
F5262-0277,C18H25N5O3
F6795-5806,C19H19N7O
F1904-0739,C22H21NO2S
F6439-5117,C17H14F3N3OS
F6561-2423,C18H26N2O4S
F5791-0995,C20H20N2OS2
F6791-7547,C19H23N5O3
F6676-1154,C19H21N3O3S
F6412-2174,C19H16ClNO5
F2669-0079,C20H26N2O3S
F6374-1787,C19H24N2O2S2
F6660-0515,C22H27N5O
F5871-1332,C15H20F3N3O3S
F6658-3906,C19H24N8O
F5870-0414,C21H22N2O3S
F6619-5159,C20H29N7O
F6445-3488,C22H19N5O2
F6523-3926,C19H15F2N3O2S
F5599-0144,C22H20N4O3
F6443-5308,C19H16Cl2N2O3
F5673-0001,C19H22ClN3O4
F6783-6450,C21H24N6O2
F6571-0733,C17H22N4O5S
F6491-2599,C18H29N5O3S
F8890-1229,C21H20FN3O4
F5053-0184,C17H22ClN3O4S
F5072-4218,C19H17ClFN5O2
F3407-4440,C22H18FN5O2
F6445-2704,C27H23N3O
F5854-1927,C22H20N2O2S2
F6519-3774,C18H26N4O3S2
F5537-0034,C17H17Cl2N3O3S
F6161-0216,C23H21N5O3
F6783-5450,C18H19FN6O3S
F6798-4993,C17H17BrFN5O2
F5047-0333,C23H25N3O5
F6792-0969,C20H26N8OS
F1346-0031,C24H23N5O3
F5117-0063,C24H24N4O4
F6288-0587,C23H25N5O4
F1754-0084,C25H30N2O3S
F3406-7476,C19H15BrN4O4
F6481-2242,C19H18F3NO4S2
F6195-4374,C17H16ClF3N4O3S
F2382-0730,C24H17F4N3O2
F0733-0040,C24H22FN3O4S
F2902-0250,C24H23ClFN7O
