# All user editable compound information in the PCDL Manager compounds tab can be imported
# A minimum of formula or mass plus one identifier must be populated for compound import (recommended is formula and at least one other identifier, see examples)
# Multiple synonyms can be entered into the Synonyms column when separated by ';' (e.g. L-Isoleucine; 2-Amino-3-methylvaleric acid)
# All compounds will be assumed to be of a neutral ion type, unless a 1 is entered in the Cation or Anion column
Name,Formula
F6816-2853,C15H14N4
F6555-6306,C14H13N3O2
F6733-1746,C14H14FN3O
F3284-8060,C9H10ClNO4S
F2173-1142,C14H22N2O3
F6015-0117,C16H18N2O2
F0848-0346,C20H19N
F6714-6660,C16H24N2O2
F6252-8385,C10H9BrN4O
F6435-1627,C10H21NO4S2
F5761-0050,C13H10N4O2S
F1592-0009,C11H13ClN2O3S
F6549-3189,C14H15ClN4O
F2795-0571,C16H21FN2O2
F2726-0215,C18H17NOS
F6677-0403,C13H14F3N5
F6791-9168,C15H17N5S
F6521-8265,C17H19NO4
F6559-1451,C18H19F2NO
F0920-1834,C18H14N2O3
F6687-7061,C18H20N4O
F3406-0267,C12H13N3O5S
F6720-1910,C14H10F3NO2S
F6521-7946,C13H14ClNO2S2
F6553-7325,C11H12ClN3O2S2
F6562-2740,C16H22N4O3
F5823-0665,C16H18F2N4O
F1259-0006,C18H18N4S
F6442-2360,C14H16N2O5S
F5834-5540,C19H20FN3O
F6725-0033,C17H17N3O2S
F6724-0409,C16H20N6O2
F6249-0133,C17H18N2O3S
F6668-2950,C18H25N3O3
F5596-0053,C17H20ClN3O2
F2543-0475,C15H11ClFN3OS
F6675-6845,C16H15F3N4O
F6523-4143,C18H19N5O2
F6802-9498,C13H14BrN3OS
F6675-6906,C15H12F4N4O
F6178-5642,C18H19N3O2S
F6210-1071,C18H19FN4O2
F6258-1341,C17H21N5O3
F6276-0532,C16H15N3O2S2
F6519-5403,C16H18N4O3S
F5773-1888,C19H17N5O2
F6658-5766,C21H24N4O
F6445-0579,C18H14N4O2S
F6514-2425,C19H21N5O2
F6725-0003,C19H19N3O2S
F6204-0910,C14H14BrNO3S
F6791-8040,C17H20N6OS
F6401-0050,C18H18N2O4S
F0850-0494,C17H13BrO4
F6549-8575,C22H23N3O2
F5228-0770,C21H18FN3O2
F5529-0503,C17H19NO6S
F6658-5742,C17H26N4O3S
F6192-0857,C20H20N2O3S
F6818-0953,C20H27N5O2
F6252-6530,C18H21N5O2S
F6286-0131,C16H15F4N3OS
F6089-9802,C19H26N4O2S
F6812-1694,C20H17FN6O
F6515-2069,C17H15ClN2O4S
F6559-3662,C18H19F2N3O4
F6553-7295,C14H11ClF3NO2S2
F6125-2129,C20H19FN4O3
F6482-6444,C19H17BrN2O2
F6755-6623,C19H23N5O2S
F2372-0354,C19H18ClN3O4
F6374-1797,C21H25FN2O2S
F3398-5047,C17H19BrN4O2
F6443-7708,C19H22FN3O3S
F6830-8475,C25H32N2O2
F6245-5719,C17H17F3N6O2
F6246-1222,C22H29N5O2
F3124-0635,C20H20FN5O3
F5857-3629,C19H20F3NO3S
F6287-0657,C20H23N3O2S2
F2213-0572,C20H22FN3O5
F6816-3728,C22H27N7O
F3406-2115,C19H24N2O4S2
F5795-1992,C18H26N4O5S
F5832-9311,C19H16FN5OS2
F6469-2431,C21H21N9O
F6495-5491,C19H17F3N6O2
F3083-0177,C16H24ClN3O4S2
F5096-0444,C23H26FN5O2
F6672-0677,C17H19BrFN3O2S
F2031-0898,C24H27N7O
F1407-0004,C23H32N2O4S
F5939-1462,C18H17BrN2O4S
F6562-0934,C25H34N4O3
F3225-0598,C20H18N4O4S2
F6761-7733,C19H19F4N3O3S
F0885-0021,C24H20N2O5S
F2791-0094,C24H33N5O4
F3398-5878,C21H19F3N2O3S2
F2644-0413,C23H18ClFN6O3
