# All user editable compound information in the PCDL Manager compounds tab can be imported
# A minimum of formula or mass plus one identifier must be populated for compound import (recommended is formula and at least one other identifier, see examples)
# Multiple synonyms can be entered into the Synonyms column when separated by ';' (e.g. L-Isoleucine; 2-Amino-3-methylvaleric acid)
# All compounds will be assumed to be of a neutral ion type, unless a 1 is entered in the Cation or Anion column
Name,Formula
F6791-4796,C12H17N3OS
F1016-0435,C11H16N2OS2
F6562-8353,C13H12N2O2S
F6752-3525,C14H18FN3O
F6266-0098,C17H17NO2
F6676-9843,C13H13N5S
F6514-2978,C12H13F3N2O2
F6502-8953,C14H16ClN3O
F6089-9731,C14H20N2O2S
F6514-7697,C15H17N5O
F6186-0469,C13H19FN2O2S
F6471-7578,C15H16N2O4
F6494-0979,C14H18N4O3
F6521-5504,C10H19N3O3S2
F1907-2473,C14H21N3O4
F6789-0675,C16H19N5O
F6525-4519,C17H21N3O2
F3287-0390,C17H23N3O2
F6518-2116,C15H16N2O3S
F6562-7002,C16H22N2O4
F2630-0108,C17H15N3OS
F6487-0109,C18H17NO4
F6514-6773,C15H15N5OS
F6476-5550,C16H17N3O2S
F0806-0058,C17H19NO3S
F6196-0410,C15H14ClN3O3
F6549-3321,C12H12BrN5O
F2147-1822,C20H22N2O2
F6440-2531,C14H20N4O3S
F1441-0765,C16H14N4S2
F5689-0023,C16H17N5O3
F0187-0120,C16H12ClN3OS
F6760-5979,C18H19FN2O3
F6414-0471,C17H17ClN2O3
F6573-2434,C19H19N5O
F6516-0875,C15H17N3O4S
F3237-0433,C17H24N2O3S
F6743-8063,C16H27N5O3
F3406-9274,C17H11F2N5O
F6471-1202,C14H20N4O4S
F6484-0109,C18H19N3O4
F6564-1955,C17H22N6O2
F6671-3138,C18H29N7
F6774-4253,C13H14F3N5O3
F6514-1685,C18H22N2O3S
F5753-0286,C18H25N3O2S
F6412-1596,C17H16FNO4S
F5854-0617,C20H18N2O4
F2513-0598,C15H14ClFN4OS
F6806-7030,C16H23N3O4S
F6287-0108,C18H17N3O3S
F6519-6087,C19H24N4O3
F6372-0005,C21H18N4O2
F5854-0645,C19H15F3N2O2
F6562-9469,C19H14N4O2S
F3366-0062,C22H25N3O2
F3300-0093,C20H19N3O4
F6608-2770,C15H18BrN3OS
F5788-4124,C19H20N4O4
F6276-1066,C17H17F3N2O2S
F6452-0173,C22H26FNO3
F6221-0175,C19H15N7O2
F5854-2700,C19H18ClNO3S
F6471-2641,C20H28N2O3S
F6482-7538,C20H18N4O2S
F2758-0739,C20H21N5O3
F5027-0678,C19H18F3NO2S
F6473-0598,C22H26N2O2S
F5882-7399,C17H24N2O4S2
F0344-0826,C18H15BrN2OS
F6559-3255,C21H17N5O3
F3072-0040,C22H29FN2O3
F2496-2172,C22H18N2O5
F5855-0684,C23H22FN3O2
F3407-0133,C20H16ClN5O2
F6619-5180,C18H21F3N6O
F2006-0119,C20H20N4OS2
F5871-3215,C22H27N3O4
F3235-0135,C19H21N5O5
F6438-3436,C18H23N7O4
F5072-3263,C18H17ClN4O3S
F6286-0851,C19H17F3N4O3
F2475-0644,C21H21FN6O2
F6436-1818,C18H15F2NO4S2
F6562-3552,C20H23N5O3S
F6796-6750,C15H13F5N8O
F5669-1490,C22H26N8O
F6412-1262,C23H23N3O5
F5564-0117,C21H15F3N6O
F6713-5920,C19H16F3N9
F6403-1698,C24H22N4O2S
F1274-0216,C24H23N3O3S
F1174-1061,C23H24N4O3S
F6512-6668,C22H25N5O3S
F6510-0971,C22H26N4O4S
F6562-4130,C21H27N5O4S
F5632-0018,C21H29ClN6O3
F3379-0104,C27H31N5O2
F3398-2080,C22H14F4N6O2
F3382-0958,C24H20ClFN4O4
