# All user editable compound information in the PCDL Manager compounds tab can be imported
# A minimum of formula or mass plus one identifier must be populated for compound import (recommended is formula and at least one other identifier, see examples)
# Multiple synonyms can be entered into the Synonyms column when separated by ';' (e.g. L-Isoleucine; 2-Amino-3-methylvaleric acid)
# All compounds will be assumed to be of a neutral ion type, unless a 1 is entered in the Cation or Anion column
Name,Formula
F6089-7880,C12H17N3O3
F2135-0613,C14H12N2O3
F6514-2688,C11H11F3N2O2
F6752-3679,C14H21N3O2
F6608-0352,C16H17N3O
F6547-0769,C11H12F3N5
F6564-2341,C13H14N4O3
F1915-6822,C13H15N3O4
F6801-7620,C16H16N4O
F6125-3520,C13H21N3O4
F6540-1897,C15H18N4S
F6564-7746,C14H16N4O3
F6708-8504,C19H18N2O
F5304-0069,C14H16ClN3O2
F6203-1018,C16H25NO2S
F6677-0433,C15H19N7
F6672-1966,C19H22FNO
F6744-5959,C16H23N5O
F6445-1398,C14H16N4O2S
F6808-6033,C20H22N2O
F2548-0159,C15H19NO4S
F6204-2720,C15H21NO4S
F6524-1831,C16H15N3O4
F5835-0683,C18H13N5O
F5012-0238,C14H20FNO4S
F6514-2755,C14H16F3NO2S
F6760-1584,C15H13Cl2N3O
F5033-5361,C17H26N2O2S
F0575-0026,C19H20N2OS
F6724-4256,C17H14N2O3S
F2740-0184,C21H17N3O
F6518-2278,C17H15NO2S2
F6357-1864,C18H22N2O2S
F6445-6765,C20H16N2OS
F6089-9674,C17H23N3O4
F6439-4696,C15H12F3N5O
F6739-7788,C19H20N4O2
F2700-0373,C14H11ClN2O2S2
F5686-0506,C16H16F3N3S
F6521-4194,C19H20N2O2S
F6178-6175,C15H23N3O4S
F5606-0107,C19H23FN4O
F2014-0361,C14H11F3N2OS2
F6200-3594,C19H20ClNO3
F6411-1645,C20H18N4O2
F6014-0205,C20H21N5O
F6252-1372,C19H15N3O2S
F6604-8243,C17H17F3N4O
F2541-0191,C16H14F2N2O3S
F6560-6021,C18H19N5O3
F3043-0034,C18H17N3O3S
F5754-0105,C20H28N4O2
F5528-1066,C18H22N4O2S
F6472-7088,C18H15F3N4O
F5581-1681,C17H19ClN4OS
F6573-9654,C21H25N5O
F6125-2814,C17H23N3O4S
F6274-0528,C18H13N3O4S
F5222-0097,C21H24N2O2S
F6471-0064,C19H16ClFN4O
F6454-1537,C20H26FN5O
F6734-0813,C20H21ClFN3O
F6261-4009,C18H18ClN3O2S
F5528-0902,C22H24N4O2
F5033-1111,C19H23ClN2O2S
F6480-3445,C17H25N5O3S
F6451-0762,C18H23NO4S2
F6478-3492,C21H23FN4O2
F6455-1439,C19H20N4O3S
F2135-1766,C18H12ClFN4OS
F6232-0310,C18H21N5O3S
F6194-1313,C14H16BrNO3S2
F6513-1179,C19H20ClFN4O2
F6564-5476,C20H21N7O2
F5591-1153,C17H14F3N5O3
F6671-3349,C17H26N6O3S
F6415-1341,C18H24N2O4S2
F3064-0115,C21H27N5O3
F5261-0211,C21H25N3O3S
F6507-1963,C18H31N3O5S
F6374-3647,C17H19F3N2O2S2
F6125-0523,C23H22N2O3S
F2442-0173,C20H23F3N4O2
F3375-2623,C17H13ClF3N5O2
F6252-1645,C24H20FN5O
F6514-3929,C23H20N4O2S
F5597-0152,C14H18BrN3O3S2
F6565-4938,C20H22F3N5O2
F6250-0397,C21H20F4N2O3
F5033-5928,C22H25N3O4S
F5295-0038,C22H26N2O5S
F6436-2708,C22H25ClFN3O3
F5481-0838,C22H24N6O2S
F6196-1893,C22H25N5O5
F6166-0265,C24H22N6O3
F6713-4605,C25H24FN5O2
F5652-0173,C24H28N6O3
F1808-0152,C23H23ClN2O6
F3407-0492,C27H26N4O2S
F3386-2835,C22H30N2O6S2
