# All user editable compound information in the PCDL Manager compounds tab can be imported
# A minimum of formula or mass plus one identifier must be populated for compound import (recommended is formula and at least one other identifier, see examples)
# Multiple synonyms can be entered into the Synonyms column when separated by ';' (e.g. L-Isoleucine; 2-Amino-3-methylvaleric acid)
# All compounds will be assumed to be of a neutral ion type, unless a 1 is entered in the Cation or Anion column
Name,Formula
F2158-1129,C14H11N3S
F5860-4401,C14H15N3O2
F5871-3446,C13H15N3OS
F6660-0714,C13H12ClNOS
F0149-0026,C11H12BrNO2
F3375-0246,C16H16O2S
F5772-7731,C14H17N3OS
F6544-1377,C12H15ClN6
F6608-1282,C14H17F2N3O
F2792-0117,C14H16N6O
F6554-2225,C12H14FNO4S
F6518-2306,C12H19NO3S2
F6774-4047,C13H14FN5O2
F1800-0008,C13H14N2O4S
F6472-0718,C14H20N2O3S
F2145-0056,C18H18O4
F1754-0009,C20H16N2O
F6489-2010,C15H18N4O3
F1641-0101,C14H11NO3S2
F3218-0002,C18H17N3O2
F2964-0075,C13H15BrN2S
F2537-1243,C16H12N2O3S
F6820-4796,C19H27N3O
F3325-0115,C18H25N3O2
F6764-1381,C18H21F2N3
F6390-2723,C16H21N3O4
F6416-9164,C16H20ClN3O2
F6524-0456,C16H13N5O3
F6425-0154,C14H8ClN7O
F6573-2660,C17H18N4O3
F0646-3937,C15H9FN4S2
F5865-0246,C19H15N5O
F6516-1247,C17H14FNO3S
F6436-3512,C18H24N2O2S
F6807-7345,C16H18N2O4S
F6200-3564,C20H21N3O2
F6476-6186,C15H16ClN3O2S
F6471-0023,C18H18N4OS
F1501-0107,C19H21N3OS
F6438-3519,C17H20N6O2
F6438-2918,C13H12Cl2N4O3
F6556-0580,C18H17NO4S
F1126-0399,C18H15F3N4
F5461-0106,C18H23N3O2S
F6238-0522,C15H11Cl2N5O
F6445-2393,C21H17ClN2O
F8887-2783,C21H19NO4
F6515-0602,C18H13N3OS2
F6803-0106,C17H19F3N4O
F6748-8241,C15H19ClN4O2S
F6525-4587,C18H21N5O3
F6556-0697,C20H20FNO2S
F1899-2218,C16H14ClN5OS
F6522-1185,C16H12BrNO2S
F6656-1318,C21H22N4O2
F6356-1304,C19H19F3N2O2
F6057-0240,C21H27N5O
F6481-3480,C20H21N3O2S
F6512-3105,C16H20ClN3O3S
F2783-0404,C24H22N2O2
F6479-3260,C20H21ClN2O3
F6360-7837,C16H11ClF4N2O2
F6200-3762,C20H25NO4S
F6539-3897,C19H20FNO4S
F2752-0050,C21H22N4O3
F6743-6388,C17H21ClN4O2S
F6656-4416,C21H23N3O4
F6446-1179,C20H21N3OS2
F6792-0447,C20H28N6S
F5834-1432,C22H18N4O3
F6795-3537,C22H25N7
F3162-0043,C23H19NO5
F6495-2473,C21H22N6O2
F6523-0362,C18H15F3N4OS
F5022-0095,C22H23N3O4
F6561-8029,C17H21N3O4S2
F6539-2457,C18H28N4O4S
F6524-0939,C23H18N4O3
F6788-7423,C19H20N4O2S2
F6261-1783,C23H22N4OS
F5033-8016,C25H25FN2O2
F6805-7872,C18H13ClF3N5O
F6245-6290,C19H19N7O2S
F3398-3846,C25H25N5O
F5493-0339,C21H23FN4O2S
F5461-1577,C20H20ClN3O3S
F6713-0391,C21H29N3O4S
F5001-2106,C23H22N2O6
F6727-3901,C17H18F3N7OS
F6559-0939,C21H24N4O2S2
F2738-0222,C24H21N3O3S
F2773-0679,C23H22N4O3S
F6520-0977,C23H23N3O4S
F5127-0807,C22H24N4O4S
F6727-4027,C21H20F3N7O
F5009-0617,C23H22N6O4
F3411-5192,C23H22N4O4S
F5882-7558,C25H27N5O4
F2267-0601,C22H26N4O4S2
F3411-3868,C26H22N4O6
