# All user editable compound information in the PCDL Manager compounds tab can be imported
# A minimum of formula or mass plus one identifier must be populated for compound import (recommended is formula and at least one other identifier, see examples)
# Multiple synonyms can be entered into the Synonyms column when separated by ';' (e.g. L-Isoleucine; 2-Amino-3-methylvaleric acid)
# All compounds will be assumed to be of a neutral ion type, unless a 1 is entered in the Cation or Anion column
Name,Formula
F2080-0012,C11H16N4OS
F1420-0612,C9H11N3O2S2
F6244-2168,C15H20N2O2
F6664-2451,C11H15F3N2O2
F6444-2113,C12H16N2O5
F6543-1524,C15H21N5
F6554-8442,C14H13NOS2
F6677-1413,C15H23N3O2
F6359-1919,C12H15N3O3S
F2590-0084,C16H16N2OS
F6178-7462,C14H26N2O2S
F6752-4307,C17H24N2O2
F3281-0074,C17H13N3S
F6735-2033,C18H19N3O
F6230-0273,C12H16N4O3S
F6730-4853,C15H14N4OS
F3411-1921,C16H16N2O2S
F6483-0190,C16H18N2O2S
F6483-0458,C15H20N4O3
F6559-1785,C14H17N3O3S
F6561-3175,C18H19N3O2
F6443-5854,C18H21N3O2
F6403-1356,C16H19N5O2
F6724-5518,C16H21N5S
F6725-2720,C17H15N7
F6555-0419,C15H15F2N5O
F1018-1679,C16H19NO4S
F2348-0313,C17H13N3O2S
F6773-4238,C17H20N6O
F6660-4635,C15H14F4N4
F5074-0661,C17H21N5O2
F6204-0494,C18H19NO3S
F5857-5835,C19H26N2O3
F6489-1993,C16H20N4O2S
F0630-1644,C16H15FN2OS2
F6617-4333,C18H17N5O2
F5831-8669,C17H28N4O3
F6523-2475,C16H14N6OS
F6288-0452,C18H17N3O4
F6442-1958,C16H24N2O4S
F6656-3330,C18H23N5O2
F6415-0288,C15H18ClNO4S
F6192-0961,C18H17FN2O2S
F6561-9561,C18H15N7O
F1217-0050,C22H22N2O2
F2394-0888,C17H17ClN2O2S
F6608-2538,C16H14F3N5O
F6556-5954,C19H27ClN2O2
F2393-0059,C17H24N2O2S2
F3233-0019,C22H31N3O
F6512-1626,C19H21N3O2S
F6276-2059,C18H16FN3O2S
F6228-0108,C19H26N4O3
F6488-2468,C18H21FN4O3
F0014-0570,C17H22N4O3S
F6521-5605,C15H19F3N2O3S
F5854-0826,C21H23N3O3
F6284-0504,C20H18FN3OS
F6502-2796,C14H16BrN3O2S
F6514-1883,C19H19FN4O3
F6436-3525,C19H20N2O2S2
F5016-0807,C20H24FN3O3
F6089-2689,C18H21N3O4S
F1566-1324,C18H16FNO5S
F6529-0998,C15H21F3N4O4
F6782-3925,C19H13ClN4O3
F6253-3655,C22H23NO3S
F3202-0115,C17H18ClNO5S
F8890-5899,C21H24N2O5
F6524-6168,C17H23FN2O3S2
F6178-4153,C21H26ClN3O2
F6471-9296,C17H16FN5O3S
F6672-1646,C20H26N2O4S
F6473-8225,C17H17BrN2O4
F6444-6653,C18H18F3N5O2
F2408-1138,C16H17N3O3S3
F5072-4184,C21H21FN4O3
F6573-7199,C19H18N4O4S
F3382-0253,C18H13ClN4O3S
F2514-0596,C20H14F4N4O
F6448-2318,C22H20N4O4
F6783-6432,C23H26N4O3
F5882-5252,C18H20ClN3O4S
F6517-3790,C26H21NO4
F5686-0859,C20H19FN4OS2
F6368-0010,C25H28N4O2
F6252-2763,C20H17N7O4
F5460-0258,C21H18N4O4S
F2024-2185,C17H14BrClFN3O2
F2637-0559,C20H17ClN4OS2
F2605-0089,C19H18BrN3O2S
F6481-4599,C20H22N2O3S3
F5461-1767,C20H18F3N3OS2
F2617-1729,C23H21ClN2O5
F3375-1717,C24H18ClN5O2
F6351-0210,C19H20Cl2N8O
F5591-1535,C22H23N7O2S
F1895-0170,C22H19F3N4O2S
F2964-2122,C21H20BrN3O3S
F6277-0442,C20H18F3N3O4S2
