# All user editable compound information in the PCDL Manager compounds tab can be imported
# A minimum of formula or mass plus one identifier must be populated for compound import (recommended is formula and at least one other identifier, see examples)
# Multiple synonyms can be entered into the Synonyms column when separated by ';' (e.g. L-Isoleucine; 2-Amino-3-methylvaleric acid)
# All compounds will be assumed to be of a neutral ion type, unless a 1 is entered in the Cation or Anion column
Name,Formula
F6617-2017,C12H11FN2OS
F6516-0755,C11H13NO4S
F6186-1016,C11H17NO2S2
F5857-5949,C14H18N2O3
F1913-7943,C13H15FN2O3
F3145-4944,C15H14N2O3
F6438-2186,C13H15N5O2
F6543-4977,C15H17FN2O2
F2182-0063,C14H21N3OS
F6558-0381,C15H26N2O3
F6775-2409,C15H19N5O
F6549-4720,C16H21N3O2
F2145-0749,C10H8Cl2N2O2S
F5857-0819,C15H17FN2O3
F0014-0203,C16H13N3OS
F0306-0896,C17H15NO4
F6186-1084,C14H21NO2S2
F6521-9495,C17H19NO2S
F6548-0924,C15H17N3O4
F6482-3356,C12H11BrN4O
F6560-5484,C17H16N4O2
F2879-6219,C19H22N2O2
F2031-0972,C16H20N6O
F6372-0238,C17H22N4O2
F6495-2678,C15H20N6O2
F5854-2070,C17H19FN2O3
F6519-5741,C18H16N4O2
F2135-0628,C15H18N2O4S
F6709-4114,C20H25N3O
F1719-0065,C18H19N3O3
F6521-7966,C14H18ClN3O2S
F6550-7682,C18H20N2O4
F2147-0797,C17H19BrN2
F6125-0586,C16H21N5O3
F3382-2695,C19H15N3O3
F6759-6181,C17H23FN4O2
F6724-4549,C18H16N4OS
F5822-0652,C17H18F3N3O
F6549-4963,C19H22N4O2
F6617-4252,C16H12N4O3S
F6560-6157,C17H16ClN5O
F6806-6601,C14H22N4O4S
F6439-3159,C19H22ClN3O
F6436-3680,C12H12BrNO2S2
F5689-1324,C16H15FN4O2S
F6478-1308,C17H18FN3O4
F6549-3306,C20H20N4O2
F3139-0077,C17H12Cl2O4
F3167-0371,C20H21N3O3
F6415-0332,C16H19NO6S
F6564-3324,C18H22N6O2
F0619-0038,C21H18F2O3
F2775-2179,C17H12ClFN4O2
F5624-1018,C18H22FN5O2
F6089-2211,C20H19N5O2
F6822-5821,C18H16F3N3O2
F6573-7664,C16H16ClN3O3S
F6560-8052,C20H22N4OS
F2267-0590,C16H20N2O4S2
F6479-4079,C20H23N3O4
F5854-2418,C20H21NO4S
F3237-0040,C15H20BrNO3S
F6502-3002,C19H23FN4OS
F6512-0178,C17H20N4O4S
F5822-1081,C23H24FN3O
F5791-2911,C21H18ClN3O2
F6787-0303,C18H28N4O3S
F6658-4708,C17H17F3N4O3
F6564-7931,C20H25N5O3
F6523-2243,C20H20FN3O4
F6517-4253,C20H18ClNO3S
F6439-4968,C20H19F3N4O
F3386-4551,C17H15BrN2O2S
F6442-0874,C18H21N3O5S
F6474-3806,C22H24N4O3
F5857-3538,C16H21F3N2O4S
F6475-6301,C22H25N3O4
F6188-0645,C22H23NO4S
F6411-2897,C20H15F2N3O2S
F1884-0011,C19H16FN3O4S
F6529-0260,C18H21N5O4S
F5265-0044,C20H27N3O4S
F2416-1101,C19H18Cl2N2O4
F6279-0285,C22H22N2O4S
F5266-0508,C23H29FN4O2
F6727-4011,C18H16F3N9
F6734-1320,C19H23BrN4O2
F6656-1313,C24H28N4O3
F3398-0272,C23H25N3O3S
F6196-1630,C25H22N4O3
F6448-2188,C25H23N3O4
F6247-1872,C22H20N6O4
F5037-0197,C23H22FN5O3
F5605-0007,C23H26N4O3S
F3407-0243,C23H28ClN5O2
F3144-0140,C25H28N6O2
F6529-0955,C19H28F3N5O4
F0669-0325,C23H30N6O4
F2923-0995,C23H26N6O5
F3222-2740,C22H23Cl2N3O3S
