# All user editable compound information in the PCDL Manager compounds tab can be imported
# A minimum of formula or mass plus one identifier must be populated for compound import (recommended is formula and at least one other identifier, see examples)
# Multiple synonyms can be entered into the Synonyms column when separated by ';' (e.g. L-Isoleucine; 2-Amino-3-methylvaleric acid)
# All compounds will be assumed to be of a neutral ion type, unless a 1 is entered in the Cation or Anion column
Name,Formula
F6513-5722,C13H21N3O2
F6543-1850,C15H16N2O2
F6560-8804,C14H16N2OS
F2647-0191,C12H12N2OS2
F3308-1191,C10H5BrO4
F6443-7579,C15H17N3O2
F2758-0166,C14H18N4O2
F6445-6287,C14H19N3OS
F5857-5272,C15H21FN2O2
F6031-1569,C15H29N3O2
F5852-0137,C15H18N4O2
F6680-9295,C15H17FN4O
F6802-7265,C15H22N4O2
F5001-0050,C17H15N3O2
F2646-0672,C12H12N2O3S2
F6666-4546,C10H8BrFN4O
F0285-0208,C10H9BrN2O2S
F6381-3427,C15H14N2O3S
F2241-0134,C11H20N4O4S
F6754-9644,C13H14BrN3O
F6573-6436,C16H17F2NO3
F6752-4493,C14H21N3O3S
F1143-0371,C17H19N3OS
F1716-0535,C21H17NO2
F6562-5265,C16H19N3O2S
F6436-1850,C15H17N3O3S
F6494-0972,C14H15N3O4S
F3083-0246,C17H30N4O2
F6190-1476,C19H20N2O3
F6476-3066,C15H13F3N2O3
F6617-6562,C19H21NO4
F6793-6810,C14H14F3N3OS
F6775-2543,C17H22N4OS
F6204-2723,C17H20N2O3S
F6472-8869,C18H27N3O3
F6512-1963,C16H21N3OS2
F6677-1366,C18H20N6O
F6752-4303,C15H19BrN2O2
F5856-0105,C18H17N3O2S
F6480-0407,C18H17FN4O2
F6513-5352,C14H23N5O3S
F6619-6025,C18H26N6O
F6481-3494,C17H16N2O2S2
F6813-8187,C17H17ClFN5
F6491-2640,C17H22N4O2S
F6513-1459,C17H25N5O3
F6435-9120,C17H19NO5S
F6438-2247,C16H22N4O3S
F6548-2246,C20H17ClN2O2
F6722-1853,C18H22F3N3O
F5261-0390,C16H22ClN3O2S
F6556-8760,C18H15NO3S2
F6811-1341,C17H22N6OS
F2302-0059,C22H20N2OS
F6476-6037,C17H19ClN4O3
F5772-8294,C16H11F3N4OS
F6573-1228,C19H19N5O3
F6414-0753,C17H18FNO5S
F6812-1645,C22H20N6
F6478-3944,C15H19FN4O4S
F3406-2111,C15H17ClN2O3S2
F6559-3859,C19H23N3O3S
F6445-6866,C21H17N3O2S
F6806-4781,C20H24N8
F6524-0445,C20H18N4O4
F5882-0106,C19H29N3O3S
F6471-8666,C17H23N3O3S2
F6454-2825,C18H30N4O3S
F6788-7391,C18H20N6O2S
F1762-0547,C19H13F3N4S
F6553-1125,C21H25NO4S
F6203-0809,C16H20ClNO4S2
F6503-4124,C18H22N4O4S
F6178-7844,C20H29N3O3S
F6752-4435,C18H23N3O3S2
F6279-0353,C22H26N4O3
F2758-0706,C21H21ClN4O2
F2899-1451,C20H15ClN2O3S
F6734-2464,C20H25N5O2S
F0649-0484,C19H19BrN2O3
F6286-0979,C16H19F3N4O3S
F2621-0413,C23H22N2O5
F5063-0023,C21H28N8O
F2347-0614,C21H18FN3O3S
F6442-6850,C23H28FN3O3
F6235-0353,C20H19F3N6O
F6726-0706,C18H18ClN5O3S
F6240-3404,C21H26F3N5O
F6764-4636,C22H24N4O3S
F2758-3022,C22H23F2N5O2
F6513-1206,C22H27ClN4O3
F8890-3019,C23H23N5O4
F6727-3934,C19H23F3N8O
F2743-2251,C21H17BrN2O4
F6259-1406,C25H26N6O2
F3127-0273,C27H31N3O3
F6469-0643,C22H19N5O2S2
F3406-5486,C25H26N6O3
F5017-3668,C21H24F3N3O4S
F0622-0084,C24H25N3O4S2
