# All user editable compound information in the PCDL Manager compounds tab can be imported
# A minimum of formula or mass plus one identifier must be populated for compound import (recommended is formula and at least one other identifier, see examples)
# Multiple synonyms can be entered into the Synonyms column when separated by ';' (e.g. L-Isoleucine; 2-Amino-3-methylvaleric acid)
# All compounds will be assumed to be of a neutral ion type, unless a 1 is entered in the Cation or Anion column
Name,Formula
F2185-0108,C12H14ClN3O
F6556-6150,C13H25N3O2
F6752-3662,C15H21N3O
F6708-9211,C15H18ClNO
F6663-8860,C13H12F3N3
F6790-0187,C12H9F4N3
F6360-9327,C14H14N2O2S
F6745-8231,C11H14F3N3S
F6559-1557,C14H14F2N2O2
F6562-9298,C16H17N3O2
F6473-2068,C14H14N4O3
F6472-2516,C14H16N4OS
F6226-0421,C15H18N2O4
F6445-1307,C13H15N3OS2
F6312-0468,C14H21N3O2S
F1967-1351,C17H19N3O2
F6752-3464,C12H21N5O2S
F5596-1252,C17H20FN3O
F3412-0015,C16H10F2O4
F6036-1932,C18H18N4O
F6810-5317,C15H20BrNO
F2616-0915,C14H18ClN3O3
F5854-0849,C16H15N3O2S
F6818-0278,C12H12F3N5O2
F6562-8120,C17H16FNO2S
F6415-0825,C14H13N3O2S2
F5624-0041,C16H24N4O3
F2487-0021,C16H22N2O5
F2487-0156,C15H20N2O4S
F6549-6582,C11H11BrN4OS
F6387-0207,C17H17N3O4
F6818-1409,C17H24N6O
F6560-4269,C15H18N6OS
F3277-0830,C18H12N4OS
F6349-1169,C20H19N3O2
F6523-4192,C16H15ClFN3O2
F6196-0293,C15H20N4O5
F6609-1349,C20H23N3O2
F5854-4729,C16H18FNO2S2
F6235-0078,C16H16N6OS
F6713-6259,C17H19N5OS
F6241-0118,C18H22N4O3
F6240-4744,C19H25N3O3
F2622-0050,C17H13F2N3O3
F6529-2073,C13H22N4O5S
F6803-2487,C16H21N5O4
F3227-1633,C20H12ClNO3
F2079-0123,C19H18N4OS
F1813-0973,C15H10Cl2N2O2S
F6774-4231,C17H18F3N3O2
F6279-0365,C17H16F3NO2S
F6524-1209,C16H20N8O2
F5065-0031,C15H18N8OS
F6481-1721,C15H21FN2O3S2
F2716-0298,C18H13F3N2OS
F6805-7984,C20H21N5O2
F6464-1364,C16H22F3NO3S
F5022-0145,C23H30N2O2
F5614-0198,C20H21ClN4O
F6274-0630,C19H18N2O2S2
F6617-6887,C19H22FN5O2
F1138-0139,C19H20ClN3O3
F6442-2860,C17H14ClN3O3S
F6673-9386,C19H25ClN4O2
F2051-0407,C18H19FN2O4S
F2721-0187,C21H21N3O4
F6806-6965,C16H19N3O4S2
F6286-0357,C18H21F3N4O2
F6481-0582,C21H21ClN2OS
F6497-1157,C21H27N3O4
F6441-5118,C19H21N3O4S
F6359-3501,C23H24N4O2
F5871-4239,C15H23ClN4O4S
F6258-1285,C21H21N5O3
F6557-2034,C19H20ClNO4S
F6443-8398,C21H22N4O4
F6178-6723,C18H21ClN2O4S
F5016-0371,C22H27N3O2S
F6178-5749,C21H22FN3O2S
F1094-0120,C25H23NO4
F5729-0094,C25H29N3O2
F2239-0127,C19H17F3N4OS
F6111-1271,C24H25ClN2O2
F6444-0852,C23H30N4O3
F2088-0213,C21H23N3O4S
F5233-0035,C19H18Cl2N6O
F5614-0488,C23H23FN6O
F3168-0902,C23H23N3O3S
F6481-2164,C20H19F3N2O3S
F6529-3775,C19H20F3N3O5
F6178-5605,C21H23ClN4O2S
F3385-5968,C24H19NO7
F2041-0301,C24H24N2O4S
F6510-3200,C23H22FN3O3S
F0601-0035,C22H23FN4O3S
F3085-0039,C25H23N3O5
F6796-7065,C18H19F3N10O
F3406-4533,C22H24ClN5O2S
F3111-1576,C24H27N3O3S2
F5297-1066,C27H23N5O4
