# All user editable compound information in the PCDL Manager compounds tab can be imported
# A minimum of formula or mass plus one identifier must be populated for compound import (recommended is formula and at least one other identifier, see examples)
# Multiple synonyms can be entered into the Synonyms column when separated by ';' (e.g. L-Isoleucine; 2-Amino-3-methylvaleric acid)
# All compounds will be assumed to be of a neutral ion type, unless a 1 is entered in the Cation or Anion column
Name,Formula
F1913-9855,C11H19F2NO3
F6360-9387,C13H12N4O2
F5002-0625,C13H12N2O4
F5228-2360,C14H21N3O2
F6507-3841,C14H21NO4
F6754-7828,C15H17N3S
F6793-7989,C15H15FN2O2
F5854-2309,C15H19NO2S
F5966-0037,C14H20N2O4
F3018-0174,C18H21NO2
F5001-0183,C16H18N2O3
F6799-8774,C11H20N4O3S
F6713-4764,C18H18N4
F5772-8065,C14H16FN3OS
F6472-7724,C18H21N3O
F6755-2257,C18H23N3O
F6438-1877,C16H21N5O
F0630-0135,C12H12Cl2N2OS
F2879-8081,C13H15F3N2O3
F6452-2459,C17H26N2O3
F6482-6340,C17H15N3O3
F6789-0566,C15H16F3N3O
F6561-5092,C18H19NO2S
F6796-3251,C15H17N5OS
F6451-1425,C16H16FN3O3
F6445-6183,C16H15ClFN3O
F2833-0112,C17H11N3O2S
F0657-0429,C19H22N4O
F6502-0951,C16H16N6O2
F6573-8816,C18H15ClN2O2
F5476-0527,C18H21N3OS
F6660-2090,C16H12FN3O2S
F6479-6167,C17H19FN4O2
F6482-7612,C17H20N2OS2
F6619-4472,C17H21F2N5
F2289-0190,C16H18ClN3O3
F3375-1201,C19H20N4O2
F6471-7106,C14H15BrN2O3
F6559-0460,C18H17N3O2S
F6471-1317,C16H21FN2O3S
F6619-6577,C16H19N7S
F6279-0505,C20H26N2O3
F6782-8100,C14H11F3N2O3S
F6473-4255,C17H19N3O3S
F9995-4486,C20H18N4O2
F6549-1387,C17H25N5OS
F6293-0245,C16H16FN3O3S
F6559-0015,C19H18N4O3
F6803-0129,C16H18Cl2N4O
F6562-2036,C20H20FN3O2
F6436-0439,C15H21N3O3S2
F3386-3230,C14H13BrFNO2S
F6524-1767,C18H22N4O2S
F5834-0455,C20H16N4O3
F2879-5545,C18H19ClN2O4
F6384-1068,C23H29N3O
F6812-1827,C18H19N7S
F6441-2721,C17H18FNO3S2
F6524-5575,C18H20N6O3
F6549-1815,C16H17F3N4OS
F5016-1428,C20H29N5O2
F5875-0200,C22H19N3O3
F6560-1345,C17H15ClFN5O2
F6502-0231,C22H24N4O2
F6188-0960,C19H20F2N2O2S
F6559-1104,C22H25N3OS
F6523-3952,C20H16FN3O4
F6279-0665,C20H25F3N2O2
F3398-5308,C19H20N4O3S
F3406-8047,C18H15ClN4O2S
F6469-2107,C23H21N3OS
F6469-3177,C17H12ClN3O2S2
F6089-9157,C19H17F3N4O2
F6363-0958,C17H25N7O2S
F6441-0515,C16H24FNO5S2
F6169-0717,C19H22N8O2
F2805-1608,C20H20N4O3S
F5868-0471,C20H27N7O2
F5999-0944,C23H21N5O2
F5823-0208,C26H31N3O
F6469-1043,C21H16N4O3S
F6252-0846,C22H19FN4O3
F3348-0804,C22H25ClN6
F6178-6268,C18H19ClFN3O3S
F3166-0379,C22H27N3O3S
F6473-4165,C21H24N2O5S
F6680-2593,C16H13ClF3N3O3S
F6562-0681,C27H23N3O2
F3406-9543,C21H18F2N6O2
F6523-3011,C22H25N3O4S
F6619-6757,C18H17F3N10
F2659-0157,C24H23N3O5
F3406-3261,C23H24N4O5
F3165-1253,C24H29N3O3S
F6529-3912,C20H25F3N4O4
F2573-0258,C26H27N3O4
F5461-0169,C19H17BrFN3O2S
F0590-0422,C24H27ClN2O3S
F6609-5552,C27H30N6O2
F5033-5300,C26H30N2O5S
