# All user editable compound information in the PCDL Manager compounds tab can be imported
# A minimum of formula or mass plus one identifier must be populated for compound import (recommended is formula and at least one other identifier, see examples)
# Multiple synonyms can be entered into the Synonyms column when separated by ';' (e.g. L-Isoleucine; 2-Amino-3-methylvaleric acid)
# All compounds will be assumed to be of a neutral ion type, unless a 1 is entered in the Cation or Anion column
Name,Formula
F6541-1441,C15H15N3O
F5302-0130,C15H19N3O
F6471-5234,C12H15N5O2
F6733-1742,C13H10F3N3
F6435-1430,C11H15N3O3S
F6482-3145,C14H16N4O2
F3230-0271,C14H17N3O3
F6752-4183,C13H18N4O3
F0734-0003,C16H27NOS
F5831-6114,C15H28N2O3
F5761-0174,C14H13N3O4
F6502-2436,C15H16ClN3O
F6573-5319,C18H17N3O
F5791-2612,C16H14N4O2
F6525-0776,C13H20N4O2S
F6809-6110,C16H18N4O2
F6064-0407,C16H20N4O2
F6244-2537,C17H22N2O3
F0674-0070,C14H15N3O3S
F6725-1601,C16H17N7
F6560-6750,C16H14N4OS
F6471-2057,C16H16N4OS
F6381-1147,C15H14N4O2S
F0301-0174,C16H10F2N2O3
F2761-0210,C12H15ClN2O4S
F6237-1580,C16H22FN5O
F6573-9129,C19H19N3O2
F6574-0311,C18H17N3O3
F6254-0005,C17H15N3O2S
F1626-0105,C19H22N2OS
F5854-5923,C15H15F3N2OS
F5222-0071,C19H23NO2S
F6378-0131,C16H17N3O3S
F3208-0082,C18H24N2O4
F6184-0818,C17H22N2OS2
F6755-0547,C19H21N5O
F6519-4194,C18H15N3O2S
F6660-1296,C19H18N2O4
F6517-3840,C19H21N3O3
F6659-2725,C19H24N4O2
F6514-3042,C13H12F6N2O2
F3167-0670,C19H15F2NO3
F6519-7826,C17H20N4O2S
F6600-1441,C17H23N5OS
F5947-0125,C16H14ClN3O4
F6518-2570,C17H20N2O4S
F6482-7986,C20H19N3O3
F6734-0680,C15H18ClN5OS
F6774-4105,C18H20N6O2
F6681-9479,C18H18N4O2S
F6480-3122,C20H25N3O3
F6773-4849,C15H18F3N5O2
F6363-0522,C17H15ClFN5O
F6520-1673,C18H16FNO2S2
F6788-2723,C21H26N6
F6604-1564,C18H17FN8
F6520-1784,C17H13F3N2O2S
F3407-4981,C20H21N3O4
F6529-2324,C19H19N3O3S
F6670-4624,C20H26N4O3
F6439-3060,C17H20N6O2S
F5855-0378,C19H19ClN2O2S
F6805-9094,C20H26ClN3O2
F6562-6275,C17H25F2NO2S2
F6805-3726,C22H26N4O2
F6734-0983,C18H16F4N4O
F6349-0396,C20H23N5O3
F6448-2208,C20H18FN3O4
F6275-0142,C15H16Cl2F3NO3
F6471-0802,C21H18N6O2
F6435-8739,C19H17ClN2O3S
F6812-1545,C20H19N7S
F6727-5062,C22H26N6O
F5788-2006,C18H18F2N4O2S
F6349-0637,C21H23N5O3
F2879-8030,C19H17F4N3O2
F6438-3741,C21H28N6O2
F6478-3737,C21H20F2N4O2
F6454-1276,C15H21FN6O4S
F5871-2256,C20H26N4O3S
F5772-5427,C17H13BrFN3O3
F6619-5119,C19H23Cl2N5O
F6469-1103,C21H23N5O2S
F5950-0729,C17H13ClN8OS
F3375-1096,C22H26N2O6
F6225-0990,C19H23N5O2S2
F6787-0808,C18H18BrFN4O2
F6726-4420,C22H23FN6O2
F6525-6050,C23H27N3O3S
F6469-2155,C25H21FN4O2
F2514-0350,C23H21N5O4
F6796-7223,C19H21F3N8O
F2018-1733,C24H27N3O3S
F5614-0103,C23H28N4O3S
F2356-0434,C24H30FN3O4
F6245-7564,C24H26N6O3
F3385-6118,C25H19F2NO5
F3406-4055,C23H34N4O4S
F5652-2690,C23H21F4N5O2
F3411-7906,C26H25N5O3S
