# All user editable compound information in the PCDL Manager compounds tab can be imported
# A minimum of formula or mass plus one identifier must be populated for compound import (recommended is formula and at least one other identifier, see examples)
# Multiple synonyms can be entered into the Synonyms column when separated by ';' (e.g. L-Isoleucine; 2-Amino-3-methylvaleric acid)
# All compounds will be assumed to be of a neutral ion type, unless a 1 is entered in the Cation or Anion column
Name,Formula
F0405-1349,C14H21NO3
F9995-0092,C16H16O3
F6541-7571,C14H16N2OS
F0145-0023,C11H9BrN2O
F6708-8631,C17H21N3
F6200-1714,C13H21NO3S
F2183-0023,C15H18N2O3
F5772-7253,C14H16FN3O2
F3218-0009,C18H20N2O
F6672-1726,C16H21N5
F5317-0499,C16H18N2O3
F6515-3542,C13H16N6O2
F6562-7898,C16H22N2O3
F6549-6681,C13H13F2N5O
F6507-5274,C17H29NO3
F6133-0246,C15H27N3O3
F6752-2417,C18H25N3O
F6502-5719,C14H11ClN4O2
F6683-1288,C15H17ClN4O
F6724-5407,C13H10ClN3S2
F6415-0100,C14H19N3O3S
F3250-0602,C17H17N3O3
F6444-6770,C12H19N5O3S
F5857-0867,C16H17N3O4
F0832-0200,C16H19N3O2S
F5791-0016,C18H13N3O3
F6573-8536,C13H12FN5O2S
F6436-0576,C16H26N4O3
F6107-0194,C18H17FN4O
F6523-3680,C16H14N4O2S
F6562-7738,C17H20F3NO2
F0666-1597,C17H15NO4S
F6725-1164,C17H22N4OS
F0651-0074,C18H15F3N2O
F6556-5336,C18H27N3OS
F2716-0922,C16H18FN3O2S
F6752-3210,C16H24N4O2S
F6430-0342,C15H10N6O2S
F6524-4320,C18H17N3O2S
F5791-1984,C18H17FN4O2
F6559-1828,C17H19N5O3
F6808-2807,C19H26N4O2
F2553-0408,C17H16N2O2S2
F6473-6557,C17H19N3O3S
F6502-7359,C17H22N4O2S
F1246-0019,C23H25NO2
F5658-0019,C18H14F3NO3
F6514-6488,C19H18N4O3
F5060-0053,C14H11F3N6O2
F6756-0197,C19H20FN5O
F3406-4072,C19H18ClN3O2
F6557-0376,C12H14F3NO4S2
F6786-6381,C20H18N6O
F6441-4502,C17H20N4O3S
F2784-1301,C18H19FN2O3S
F2862-0084,C17H14Cl2N2O3
F0920-6390,C19H19N5O3
F0545-1138,C19H17N3OS2
F6658-3239,C17H20N8O2
F6524-2407,C18H18N4O3S
F6609-3904,C17H13BrN2O3
F6178-1947,C19H23N3O3S
F5947-0144,C18H18ClN3O4
F6259-0526,C21H24N6O
F6524-5405,C19H18N6OS
F6244-3067,C22H25N3O3
F5570-0103,C17H20FN3O4S
F5882-3044,C21H26N4O3
F6682-6434,C20H21ClN4O2
F6481-4468,C17H17F3N2OS2
F6734-0788,C19H22ClN5O2
F6293-0191,C17H16BrN3O3
F0909-0082,C20H23ClN2O4
F6573-9024,C23H25N3O3
F3179-0085,C21H19N3O3S
F5822-0966,C22H26N4O3
F5087-0345,C17H24N4O3S2
F2774-3854,C19H15BrN2O3
F6783-8651,C20H22FN5O3
F1603-0523,C17H12Cl2N6O2
F2705-0282,C19H18ClFN4O3
F6619-3048,C19H23FN4O3S
F2302-0507,C24H28N2O4
F6245-1839,C17H16F3N5O2S
F6727-2307,C23H23N7O
F6359-0808,C22H25ClN2O4
F5493-0379,C20H16ClF2N3OS
F5832-6438,C24H27N3O4
F5042-0044,C22H24N4O3S
F6539-2241,C20H30ClN3O3S
F2574-0568,C21H26N4O4S
F6441-0764,C23H28FNO4S
F6247-1129,C24H25FN4O3
F5341-0033,C23H29N5O4
F3309-0356,C26H26N4O3
F6518-5788,C25H27N5O3
F5112-0069,C23H19N3O3S2
F1874-0925,C25H26N6OS
F2634-0916,C23H16F3N3O3S
F3222-5324,C22H22BrN5OS
