# All user editable compound information in the PCDL Manager compounds tab can be imported
# A minimum of formula or mass plus one identifier must be populated for compound import (recommended is formula and at least one other identifier, see examples)
# Multiple synonyms can be entered into the Synonyms column when separated by ';' (e.g. L-Isoleucine; 2-Amino-3-methylvaleric acid)
# All compounds will be assumed to be of a neutral ion type, unless a 1 is entered in the Cation or Anion column
Name,Formula
F1916-2920,C9H18N2O2S
F6015-0084,C16H18N2O
F6666-4525,C10H11BrFNO
F6438-6761,C14H15FN2O2
F2274-0570,C14H10N4O2
F6252-8400,C11H9F3N4O
F6541-4311,C12H14F3N3O
F6549-5017,C13H16N4OS
F6560-4433,C12H17N5OS
F6809-6042,C16H18N4O
F6745-8159,C14H18F3N3
F6793-7996,C16H18FN3O
F0178-0069,C19H19N3
F3068-0138,C18H13FN2O
F6663-4517,C11H12ClF2NO2S
F2199-0586,C17H15NO2S
F6469-1028,C14H13N5OS
F6573-8253,C14H12FN5O2
F3375-1094,C15H17N3O2S
F0906-6903,C16H23N3O3
F6539-3126,C18H16N2O3
F5225-0127,C14H22N4O2S
F6562-0843,C17H20N4O2
F6494-0892,C15H18N6O2
F3379-0375,C18H16N6
F6796-6623,C14H18N6OS
F0020-0003,C19H16N2O3
F6262-1992,C14H15ClN4O3
F2803-0055,C18H21N5O
F6609-1768,C19H19NO4
F6724-5282,C15H13N5S2
F6514-8762,C20H16N4O
F2135-1853,C13H9F3N2O3S
F6789-6850,C18H19F2N3O
F6660-1274,C15H15N3O6
F3371-0802,C21H22N2O2
F6539-3680,C19H16N2O2S
F6452-0102,C16H20FN3O2S
F3407-0239,C19H22N4O2
F6438-2172,C12H13BrN4O3
F6724-4857,C16H15N5O2S
F6573-0280,C18H16F2N4O
F6514-2198,C18H21N3O2S
F5614-0201,C18H24N4O3
F6125-0160,C15H14N4O4S
F6436-0789,C16H20F3NO2S
F2434-1261,C20H20N4O2
F6619-4406,C19H23N7
F5860-3774,C17H17N7O2
F2547-0008,C16H19NO4S2
F6756-2631,C19H22N4O3
F2211-0054,C22H16N2O3
F0806-0187,C16H11BrN2OS
F6494-1312,C22H21N3O2
F6443-4180,C21H19N3O3
F6473-1391,C17H21N3O2S2
F6679-2685,C15H13BrFN3O2
F1044-0035,C21H22N2O2S
F2434-0710,C17H9F5N2O2
F6503-2514,C19H20FN5O2
F6443-8234,C19H18ClN3O3
F6184-0893,C22H32N2OS
F3301-0096,C18H22N4O3S
F3166-0422,C18H20N2O5S
F6472-7599,C19H27N3O3S
F6782-7002,C20H17N3O3S
F6787-0682,C20H21FN6O
F6520-5299,C19H18N4O3S
F6245-0126,C19H24F3N3O2
F6441-2421,C21H23NO4S
F3179-0416,C14H18BrN3O3S
F2539-1116,C23H20N2O4
F6795-5897,C20H23N9
F6513-3785,C20H17N5O2S
F6438-3474,C18H25ClN6O2
F6246-0103,C18H17F3N4OS
F5607-0207,C19H21N7O3
F6573-9374,C19H19N5O3S
F3406-2088,C19H18BrN3O2
F1798-0063,C18H16BrN3O3
F6469-0507,C18H21N5O2S2
F1757-0262,C20H24FN3O3S
F3382-7410,C14H8ClF3N2O3S2
F2899-0647,C22H19FN2O3S
F6798-4387,C19H24N8OS
F2871-0110,C20H21N3O5S
F5584-0090,C19H19ClN4OS2
F6436-1279,C20H28N4O4S
F2635-2127,C21H21N5O3S
F3382-1231,C22H23ClN4O3
F3167-0385,C22H24ClN3O4
F6064-5531,C21H19F3N4O3
F0669-0512,C20H23ClFN5O3
F5123-1115,C21H22N6O3S
F5524-0264,C22H24FN5O2S
F6676-2661,C22H28N4O4S
F5729-1145,C23H24F3N3O3
F3348-0126,C23H24Cl2N6
F2011-0214,C19H19BrN2O3S2
F6609-4731,C24H22N4O3S2
