# All user editable compound information in the PCDL Manager compounds tab can be imported
# A minimum of formula or mass plus one identifier must be populated for compound import (recommended is formula and at least one other identifier, see examples)
# Multiple synonyms can be entered into the Synonyms column when separated by ';' (e.g. L-Isoleucine; 2-Amino-3-methylvaleric acid)
# All compounds will be assumed to be of a neutral ion type, unless a 1 is entered in the Cation or Anion column
Name,Formula
F2147-1632,C13H18N2O3
F6665-5104,C13H15F2NO2
F1423-2489,C15H17NO3
F6616-7423,C12H10ClN3O2
F1766-0045,C15H23FN2O
F5490-1306,C15H18N4O
F6747-5785,C14H19N5O
F6755-4121,C15H24N4O
F3099-5357,C13H13ClN2OS
F6561-1165,C15H13N3O3
F6477-5203,C15H14N2S2
F3000-0066,C15H13ClN2S
F6488-1153,C13H14N4O4
F6571-2647,C16H24N2O3
F6221-0020,C15H13N5O2
F6803-2418,C15H15N5O2
F2879-4611,C16H17N3O3
F6549-7703,C15H16FN5O
F6677-0401,C18H17N5
F6475-2851,C15H18N2O3S
F6089-9868,C16H24N2O4
F6415-0103,C15H15ClFNO3
F5246-0051,C13H10F3N3OS
F0095-2450,C17H14ClNOS
F6524-2659,C12H10F3N3O2S
F0048-0023,C18H26N2OS
F6560-7385,C20H20N2O2
F6560-7610,C19H18N2O3
F6481-3220,C14H14F2N4OS
F6811-1328,C16H19N7O
F6495-5136,C12H12F3N7O
F6796-9035,C18H21FN4O
F6658-3131,C14H15ClN8
F6617-6867,C17H25N5O2
F6446-1271,C15H19N5O2S
F6571-2752,C13H18ClNO3S2
F6524-0485,C18H16N4O3
F6525-3024,C18H19N5O2
F6440-3205,C13H14BrN3O3
F6524-2796,C17H16N4O2S
F1684-0469,C18H19N3O2S
F6752-5278,C18H22N4OS
F6524-1638,C17H21N5O3
F6556-8872,C18H16FNOS2
F6436-0164,C16H18N4O3S
F6756-2570,C19H17N5O2
F6764-1998,C21H24N4O
F6683-1018,C17H19ClN2O2S
F6660-0355,C19H21N5O2
F6349-1047,C19H19N3O2S
F6556-8868,C18H13NOS3
F6753-2101,C16H22F2N4OS
F6764-3246,C18H13F3N4O
F6560-8133,C15H13BrN4O2
F6734-2486,C21H23N5O
F2792-0052,C16H16F3N7
F6353-6043,C17H20ClN3O2S
F6483-0364,C19H22N6O2
F6521-8353,C20H20N2O3S
F2382-0264,C22H31N3O2
F6673-4756,C18H21N5O2S
F6502-5123,C16H10F3N7O
F6789-2109,C21H22N6O
F6733-2412,C19H22ClFN4O
F6454-0684,C15H18BrF3N2O
F6515-4199,C21H21N3O2S
F6559-1982,C15H16BrN3O2S
F6562-9027,C20H22N4O2S
F3382-6821,C19H13FN2O4S
F6812-1380,C21H19N7O
F6795-0520,C17H18ClN7S
F6573-0189,C21H20N6O2
F3398-5027,C22H15ClN2O3
F6556-4261,C21H20F3NO3
F6556-7755,C17H16BrNO3S
F2513-0627,C16H22N6O4S
F6619-6970,C21H29N7O
F6529-0478,C20H23N5O2S
F6296-1169,C21H22ClN3OS
F5788-1481,C21H21ClFN3O2
F6670-6078,C20H20F3N5O
F6608-3717,C24H31N5O
F1260-0876,C21H20N4O3S
F2704-0056,C18H21F3N6O2
F2014-0824,C20H19N3O3S2
F6454-2294,C22H29N3O3S
F6670-5797,C23H22N4O2S
F6656-3798,C20H21Cl2N3O3
F6480-5581,C23H29N5O3
F1874-0594,C20H15ClFN5OS
F3411-5201,C18H12BrFN4OS
F6497-0206,C22H29FN4O4
F6471-0681,C20H17BrN6O
F6510-3632,C17H18BrN3O4S
F6523-3402,C20H18ClF3N2O4
F0696-3020,C25H20ClN3O3
F5448-0343,C21H19F3N4O2S
F3406-5551,C22H15F3N4O4
F2282-0398,C21H25ClN2O6S
F0913-3502,C24H24N4O5S
