# All user editable compound information in the PCDL Manager compounds tab can be imported
# A minimum of formula or mass plus one identifier must be populated for compound import (recommended is formula and at least one other identifier, see examples)
# Multiple synonyms can be entered into the Synonyms column when separated by ';' (e.g. L-Isoleucine; 2-Amino-3-methylvaleric acid)
# All compounds will be assumed to be of a neutral ion type, unless a 1 is entered in the Cation or Anion column
Name,Formula
F1967-0170,C15H12N2O2
F6441-5680,C13H24N2OS
F1967-9980,C12H16N6O
F8890-1106,C13H16N2O2S
F6543-8727,C12H16N2O3S
F6540-5364,C16H21N3O
F1913-0904,C16H22N2O2
F0918-4401,C13H19N5O2
F5871-2040,C12H12FN3O2S
F1775-0008,C16H13FN2S
F5490-1373,C15H18N4O2
F6702-2175,C15H20N4O2
F6471-3535,C13H13N3O3S
F6482-2209,C14H19N3O4
F1813-1161,C14H14F2N2OS
F6471-3753,C13H18N2O2S2
F3316-0200,C12H16N2O5S
F6550-4963,C15H15ClN4O
F6560-4885,C15H20N4OS
F5831-2040,C15H17NO4S
F6472-0554,C16H23NO3S
F6517-3810,C19H21NO3
F6656-1530,C17H19N3O3
F6554-0795,C17H21N3OS
F6438-1480,C15H19N5OS
F1609-0267,C15H17N3O5
F6725-1624,C13H10F3N7
F6553-0198,C16H15ClFNOS
F5673-0052,C18H20N4O2
F5834-3139,C18H18N2O2S
F6656-2862,C15H25N3O3S
F6573-9157,C17H13F2N3O2
F6479-4312,C17H22N4O3
F6752-7996,C16H20N4O2S
F6514-7393,C11H15ClN4O2S2
F6436-1745,C16H21N3O3S
F6089-9728,C18H25FN2O3
F6752-2060,C14H18N4O2S2
F6549-1181,C17H17N5OS
F5097-0499,C19H20N2O4
F6709-0068,C19H23N3O3
F2245-0879,C18H14ClNO2S
F2416-0982,C18H17ClN2O3
F1767-0329,C21H16FN3O
F6561-7100,C16H22N6OS
F6677-3942,C15H14BrFN4
F6679-0069,C19H16ClN5
F3386-5063,C18H26N2O3S
F2199-0363,C18H16N4O4
F6539-2799,C16H27N5O4
F6750-6338,C17H18ClN7
F2209-0076,C19H16ClNO4
F6752-3935,C16H24F2N4O3
F3192-0008,C19H24N2O3S
F6209-0110,C20H18N4O3
F3375-1786,C19H16N4O2S
F6442-1676,C19H27NO4S
F6161-0119,C20H18ClN3O2
F6556-4538,C22H28N2O3
F2783-1282,C20H22N2O3S
F3398-0088,C18H11F3N4O2
F6390-2736,C21H27NO3S
F1897-1225,C20H17N5OS
F2758-0671,C17H16ClN3O3S
F6525-1726,C16H22N6O3S
F6374-0128,C16H17BrN2O2S
F0920-6423,C20H19N3O5
F6471-0725,C17H14BrN5O
F6609-5438,C20H21FN4O3
F6480-1174,C20H19ClN2O4
F5016-0975,C20H25N3O3S
F2397-0092,C21H15N3O3S
F6245-4653,C19H23FN4O2S
F6520-1189,C16H13BrN2OS2
F2213-0260,C21H19N3O5
F6563-0109,C17H18BrNO3S
F1197-0011,C22H24N2O3S
F3394-0843,C18H17F3N2O3S
F5940-0486,C27H29NO2
F6443-1556,C20H23BrN2O2
F6789-7554,C19H24N4O2S2
F6549-9085,C23H23FN4O2
F2743-0919,C21H16ClN3O2S
F6252-3792,C20H18FN5O4
F6658-3277,C18H19BrN6O
F6574-1880,C21H28N4O3S
F5596-0119,C21H17F4N3O2
F6495-4339,C18H14ClF3N6O
F6259-1048,C20H24N8O3
F6656-3961,C24H33N3O4
F5033-1421,C27H30N2O3
F5234-0087,C23H27N7O2
F5033-5961,C18H20BrN3O3S
F2417-0661,C23H21ClN2O3S
F6261-4024,C22H19ClFN3O2S
F6512-5733,C17H23ClN4O4S2
F3382-3488,C24H23N3O4S
F5591-1295,C24H25N7O3
F6609-0726,C23H28N4O3S2
F3385-5976,C25H19F3N2O5
