# All user editable compound information in the PCDL Manager compounds tab can be imported
# A minimum of formula or mass plus one identifier must be populated for compound import (recommended is formula and at least one other identifier, see examples)
# Multiple synonyms can be entered into the Synonyms column when separated by ';' (e.g. L-Isoleucine; 2-Amino-3-methylvaleric acid)
# All compounds will be assumed to be of a neutral ion type, unless a 1 is entered in the Cation or Anion column
Name,Formula
F0915-1890,C12H13NO5
F6132-0063,C14H25NO3
F6789-0753,C15H21N3O
F2161-0044,C13H14FN3O2
F1016-0384,C13H17NO3S
F6754-5244,C12H12ClF2N3
F3290-0209,C12H13F3N2S
F6512-0715,C16H11N3O2
F3374-0847,C17H13FN2O
F2879-4607,C16H17N3O2
F6002-0031,C14H14N4O3
F6617-7533,C14H13FN4O2
F6572-1171,C13H17F3N2O2
F6204-0428,C13H15N3OS2
F6802-7890,C14H21N3O2S
F5777-0165,C17H19N3O2
F6515-3387,C15H17N5O2
F6492-0825,C17H20FN3O
F2496-3177,C14H12N2O4S
F0327-0064,C16H22N2O2S
F6553-7198,C14H16ClN3OS
F6562-9429,C15H13N5O3
F6471-3732,C16H15N3O2S
F6571-6558,C17H17NO3S
F5791-1572,C17H13F2NO3
F5945-0154,C14H10FN3O3S
F6539-2620,C16H24N4O3
F6482-2337,C16H22N2O5
F5140-0413,C15H20N2O4S
F0789-0054,C12H7ClN2OS3
F5854-0583,C17H17N3O4
F6689-3307,C17H24N6O
F6503-2642,C17H19ClN4O
F3371-0812,C20H13ClN2O
F5319-0144,C20H19N3O2
F0808-2224,C16H17NO5S
F6448-1394,C16H18F2N4O2
F6573-4929,C20H23N3O2
F1408-0315,C13H16F3NO4S
F5796-1950,C15H20N2O5S
F6525-4816,C17H19N5OS
F6529-3098,C18H22N4O3
F3412-0120,C19H25N3O3
F5033-3011,C14H20ClN3O3S
F6708-8360,C19H17F3N2O
F6438-1685,C17H19F2N5O
F6287-0102,C16H13ClFN3OS
F3244-0487,C19H18N4OS
F6619-3912,C21H29N5
F6512-2785,C17H18F3N3O2
F2830-0643,C18H17N3OS2
F5033-2383,C19H24N4OS
F2095-0441,C22H18N2O3
F0848-0366,C18H20N2O2S2
F6246-2178,C13H13F3N4O3S
F6573-1847,C20H21N5O2
F6517-3713,C21H19NO5
F1917-8792,C18H30N4O4
F5599-0923,C18H17FN6O2
F0696-3795,C16H14ClF3N4O
F6559-1059,C22H21N5O
F6573-8646,C17H16FN5O4
F6443-9518,C15H13ClF3N3OS
F6560-1329,C20H20N6O2
F3386-2669,C21H18N2O3S
F6443-5866,C21H21N3O4
F6519-7585,C14H18F3N3O2S2
F6439-1492,C18H21F3N4O2
F6245-0334,C16H15F3N4O4
F1757-0058,C21H27N3O4
F6111-1365,C21H22ClNO4
F5669-0371,C19H22F2N6O
F6559-6767,C14H17F3N6O2S
F6559-0016,C21H21N5O3
F6752-0914,C15H18F3N3O2S2
F6480-6194,C19H21F3N4O2
F6556-6406,C18H25BrN2OS
F6514-8709,C25H23N3O2
F6685-8491,C18H20F3N3O4
F5042-0490,C21H19N7O2
F6454-1556,C20H26FN5O3
F6442-1722,C16H23FN2O5S2
F6473-4198,C22H21FN4O3
F6791-7196,C25H26N6
F6454-0355,C19H22F3N3O2S
F5528-1154,C20H18ClFN4OS
F5857-2960,C25H26N2O4
F0417-2570,C21H22F3N3OS
F6195-6493,C21H20N4O2S2
F5337-0156,C20H21N5O4S
F2749-0171,C21H22N2O6S
F2066-0180,C20H23N3O4S2
F6539-2506,C17H23F3N4O4S
F5882-0464,C21H21N5O4S
F2617-1961,C24H24ClFN2O3
F6481-2696,C23H25F2N3O2S
F6240-7681,C23H24N6O2S
F3394-1229,C23H21F2N3O3S
F2736-4801,C23H21F2N5O2S
F5016-2555,C23H26F3N3O3S
