# All user editable compound information in the PCDL Manager compounds tab can be imported
# A minimum of formula or mass plus one identifier must be populated for compound import (recommended is formula and at least one other identifier, see examples)
# Multiple synonyms can be entered into the Synonyms column when separated by ';' (e.g. L-Isoleucine; 2-Amino-3-methylvaleric acid)
# All compounds will be assumed to be of a neutral ion type, unless a 1 is entered in the Cation or Anion column
Name,Formula
F1008-0320,C12H14N2O2S
F6530-5984,C12H9N5O2
F2135-0560,C14H13NO4
F6752-2160,C11H22N2O3S
F2173-0607,C15H14N4O
F5857-1396,C12H18N2O3S
F3411-3004,C18H15N3
F6822-2927,C14H17FN4O
F1907-9253,C13H18FN5O
F5302-0177,C12H11Cl2N3O
F6573-4491,C13H23N3O4
F6216-0303,C16H21N3O2
F2879-1079,C13H11ClN4O2
F6252-9135,C17H16N4O
F6724-5215,C13H17N3OS2
F6678-7914,C14H14F3N3O
F6789-0559,C16H17N3OS
F3176-0116,C14H15N5O3
F6244-2649,C12H21N3O4S
F2553-0236,C14H14N2O2S2
F6773-2981,C14H20N4O2S
F6808-6004,C18H22N4O
F6556-5182,C16H28N2O2S
F6809-2322,C17H22N4O2
F6619-5689,C17H21FN4O
F6438-3324,C14H18N6O3
F6485-1486,C15H17FN4O3
F6439-7416,C17H14N4O3
F6514-7598,C12H13BrN4O2
F6507-1246,C17H24ClNO3
F5831-9124,C17H14FN3OS
F5806-0631,C17H20N4O3
F6186-0398,C14H19ClN2O3S
F5791-0283,C21H21N3O
F5882-4125,C16H19N3O3S
F5596-1297,C17H26N4O3
F6521-9004,C17H15F3N2O2
F6312-0230,C19H19N3O3
F6811-1945,C18H22N6O
F6782-3770,C17H13ClN4O2
F6357-0072,C19H19NO3S
F6521-7433,C19H19FN2O3
F5871-2391,C16H20F3N3O2
F5772-7946,C13H13Cl2N3O2S
F3385-2880,C18H13F3N2O2
F6474-7100,C17H21N3O3S
F6438-1822,C17H24N4O2S
F5828-0239,C15H9F3N4OS
F6475-0452,C20H21N3O3
F6473-6466,C15H19N3O5S
F6619-7096,C17H22N8O
F5596-0248,C18H20N4O2S
F1402-0023,C21H14N2O2S
F6812-1364,C20H21N7
F6573-2677,C19H24ClN3O2
F6571-0752,C17H21N3O4S
F6192-0638,C20H15NO4S
F6549-8651,C21H22N2O4
F6381-3187,C18H16N4O3S
F6796-7477,C18H23N7S
F3128-0016,C22H17N3O3
F6556-8805,C19H19NOS3
F2862-0381,C23H22N2O3
F3394-1208,C19H21FN2O3S
F6594-3617,C23H27N3O2
F5496-0495,C18H22ClN3O2S
F6524-1247,C20H24N6O2
F6475-4474,C18H23ClN2O5
F6440-4365,C22H29N3O3
F2601-0017,C20H23N3O3S
F6279-0277,C17H19F2NO3S2
F6515-1923,C22H20N4O3
F1711-0051,C19H10ClF3N2O2
F6184-0589,C20H25NO3S2
F6247-0996,C21H24N6O2
F6565-3364,C18H17F3N4O3
F6485-0388,C21H25N5O3
F5652-3050,C24H19N3O3
F6685-8881,C18H17ClF3N3O2
F6469-0134,C18H19N5O2S2
F5871-0070,C20H25N3O2S2
F6787-1097,C22H23N5O3
F0654-0480,C18H18ClFN4O2S
F3406-3298,C21H22N4O3S
F2408-1156,C16H16ClN3O2S3
F6658-5741,C21H25N3O4S
F5295-0292,C21H23ClN2O3S
F6818-1011,C24H32N6O
F6548-4349,C25H21N5O2
F6495-5562,C24H22N6O2
F6806-6797,C20H21F2N7O2
F6609-3740,C22H25FN2O6
F6608-2462,C22H24F3N3O3
F5949-0278,C22H26N6O2S
F2215-0765,C26H27N5O2
F0550-0134,C20H13Cl2N3O3S
F2768-0427,C19H17BrN2O4S
F3406-4984,C21H18ClN5O5
F0676-0173,C22H18ClN5O3S
F2840-0207,C25H25N3O3S2
