# All user editable compound information in the PCDL Manager compounds tab can be imported
# A minimum of formula or mass plus one identifier must be populated for compound import (recommended is formula and at least one other identifier, see examples)
# Multiple synonyms can be entered into the Synonyms column when separated by ';' (e.g. L-Isoleucine; 2-Amino-3-methylvaleric acid)
# All compounds will be assumed to be of a neutral ion type, unless a 1 is entered in the Cation or Anion column
Name,Formula
F5847-0173,C11H8Cl2N2O
F6608-0751,C14H14N2OS
F6559-5263,C14H19N3O2
F5791-1345,C16H15N3O
F1839-0160,C15H15N3O2
F6616-6089,C16H20N2O2
F6266-0112,C16H21NO3
F1907-2362,C19H22N2
F2551-0008,C16H14N2OS
F6239-0045,C13H11N5OS
F3083-0253,C12H18FN3O2S
F5831-1918,C16H19NO2S
F6452-0218,C17H22FNO2
F6560-4790,C14H16F2N4O
F6609-8241,C18H20N2O2
F5600-0043,C17H22N4O
F6201-0480,C18H24N2O2
F1744-0042,C11H10ClNO3S2
F6745-8178,C16H14F3N3
F5096-0055,C15H25N5O2
F6562-9533,C16H14N4O3
F6487-0272,C14H20N2O4S
F1067-0038,C17H15FN2O3
F6293-0337,C15H16N4O2S
F0696-4586,C15H15ClN4O2
F6514-3177,C12H11F3N2O3S
F6381-1116,C18H19N5O
F6296-1194,C17H17N5O2
F6573-2767,C15H17ClFN3O2
F1723-0437,C19H22N2O3
F2493-3346,C16H13FN4O3
F6549-4777,C18H23N3OS
F6752-3836,C14H19F2N3O2S
F1756-0188,C12H16BrNO3S
F6471-7104,C20H18N2O3
F6191-0492,C18H29N3O3
F6523-4191,C16H14F3N3O2
F6359-1613,C18H18N4O3
F6573-6311,C18H23F2NO3
F3367-0055,C16H12BrN3O
F2516-0285,C18H18N2O3S
F6525-1499,C16H17N5O2S
F6724-0476,C16H20N6OS
F6284-0446,C22H23N3O
F6764-3375,C19H14ClN5
F5856-0092,C16H20N4O3S
F6471-0328,C19H19N5O2
F6454-0263,C16H21N3O2S2
F6677-1371,C20H24N4O2
F6089-4200,C18H24Cl2N2O
F3394-1033,C15H14ClFN2O3S
F5277-0394,C20H24ClN3O
F6561-5485,C19H21NO4S
F6747-5431,C16H20BrN5
F2545-0183,C15H19Cl2NO3S
F6764-2007,C21H24N4S
F3406-7462,C19H15ClN4O2
F2722-0103,C21H22FN3O2
F2238-0391,C18H19N5O2S
F3406-3370,C18H11ClFN3OS
F6378-0141,C20H24N2O3S
F6747-9491,C17H19ClN6S
F6523-1708,C22H25N5O
F1909-1896,C18H23N3O4S
F6680-3084,C15H14BrN3O4
F1299-0194,C18H24N2O5S
F5277-0346,C23H31N3O2
F6523-4028,C19H18FN5O3
F3225-6997,C22H15N3O2S
F2278-0116,C21H26N2O3S
F6482-7882,C19H20N2O3S2
F6480-3704,C20H24FN3O2S
F6564-2385,C17H18BrN3O3
F6510-2297,C18H21FN4O3S
F6411-5041,C20H31N3O3S
F5027-0710,C20H20F3NO4
F6472-0681,C16H20BrN3O2S
F6497-0188,C21H23FN4O3
F5496-0540,C20H24N4O3S
F3398-2051,C24H26N4O2
F6672-0375,C19H21BrFN3O
F5833-7364,C20H20F3N3O3
F6523-1069,C22H24FN5O2
F2282-0066,C19H19F3N2O3S
F6442-7140,C22H27FN4O3
F6798-4625,C18H23N7O3S
F6783-5646,C18H18F2N6O2S
F6441-5089,C18H18BrNO4S
F6785-7294,C23H28FN5O2
F5528-0766,C26H28N4O2
F6523-0239,C22H24F3N5O
F5250-0716,C24H30N6O2
F6381-4242,C25H28FN3O3
F2334-0103,C19H16BrN5O3
F6411-5000,C20H21BrN4O3
F3398-0942,C21H13F4N3O2S
F2780-0117,C22H20N4O5S
F5281-0524,C24H25N5O3S
F0507-0755,C25H21FN4O3S
F3407-1934,C28H25FN2O5
