# All user editable compound information in the PCDL Manager compounds tab can be imported
# A minimum of formula or mass plus one identifier must be populated for compound import (recommended is formula and at least one other identifier, see examples)
# Multiple synonyms can be entered into the Synonyms column when separated by ';' (e.g. L-Isoleucine; 2-Amino-3-methylvaleric acid)
# All compounds will be assumed to be of a neutral ion type, unless a 1 is entered in the Cation or Anion column
Name,Formula
F6708-9193,C12H17N3OS
F6441-1493,C11H16N2OS2
F6660-1447,C13H12N2O2S
F6540-5437,C14H21N3S
F1447-0552,C17H17NO2
F6676-9842,C13H13N5S
F6821-8697,C12H13F3N2O2
F6438-6826,C14H16ClN3O
F6619-2124,C14H20N2O2S
F6549-2609,C15H17N5O
F6793-7600,C11H13F3N6
F6200-3977,C15H16N2O4
F6448-1358,C14H18N4O3
F5857-7602,C15H16FNO2S
F6571-6172,C14H21N3O4
F2740-0315,C16H19N5O
F6672-2244,C17H21N3O2
F5782-0170,C17H23N3O2
F6556-0525,C15H16N2O3S
F6807-5382,C16H22N2O4
F6514-9119,C17H15N3OS
F6516-0596,C18H17NO4
F6525-1380,C15H15N5OS
F6519-7771,C16H17N3O2S
F1441-0422,C17H19NO3S
F6359-1142,C12H18ClN3O3S
F8890-1092,C13H11N3O3S2
F6244-2989,C20H22N2O2
F6806-6986,C14H20N4O3S
F0920-5744,C17H14N2O3S
F6523-2880,C16H17N5O3
F3406-6578,C13H13ClFN3O2S
F6479-2653,C18H19FN2O3
F6200-1367,C17H17ClN2O3
F6496-1445,C19H19N5O
F6512-1477,C15H17N3O4S
F3386-2743,C17H24N2O3S
F5033-0733,C21H27N3O
F6571-3904,C16H18FNO4S
F6510-1211,C14H20N4O4S
F6564-3804,C18H19N3O4
F6239-0441,C17H22N6O2
F3200-0047,C22H33NO2
F6752-3794,C15H18ClF2N3O2
F5832-0238,C18H22N2O3S
F6677-2390,C18H25N3O2S
F6473-6082,C17H16FNO4S
F3375-0942,C20H18N2O4
F6709-4418,C15H11F3N4OS
F6795-5746,C17H19N7S
F6519-7842,C18H17N3O3S
F6556-5716,C16H28N4O3S
F6474-3216,C21H18N4O2
F6237-2328,C16H17ClN6O2
F6760-4824,C19H14N4O2S
F6472-8193,C22H25N3O2
F3167-0343,C20H19N3O4
F6247-0323,C17H15Cl2NO4
F6562-7192,C19H20N4O4
F6571-6524,C17H17F3N2O2S
F6111-1134,C22H26FNO3
F6036-0240,C19H15N7O2
F5857-2482,C19H18ClNO3S
F6521-1631,C20H28N2O3S
F6559-1337,C20H18N4O2S
F5029-0012,C20H21N5O3
F5822-0534,C18H21Cl2N3O2
F5834-4701,C22H26N2O2S
F3385-4260,C21H20O7
F5854-0958,C18H15BrN2OS
F3371-0787,C20H22ClN3O3
F6788-4013,C20H26F2N6
F5001-1944,C22H18N2O5
F6752-3754,C20H23F2N3O3
F0657-0661,C20H16ClN5O2
F6619-7395,C18H21F3N6O
F5268-0469,C19H16F4N2O3
F6443-1549,C22H27N3O4
F6438-3397,C19H21N5O5
F5614-0491,C23H23N5O2
F6515-3699,C18H17ClN4O3S
F3411-1648,C21H18N4O5
F6798-5294,C21H21FN6O2
F6155-0779,C18H13ClF3N3OS
F6713-0195,C20H23N5O3S
F0877-0017,C21H21ClN2O5
F2880-1378,C26H30N2O3
F6617-6281,C23H23N3O5
F6259-2560,C20H20ClF3N4O
F6812-1338,C19H16F3N9
F6036-2495,C24H22N4O2S
F2984-0109,C24H23N3O3S
F5523-0207,C23H24N4O3S
F5592-0034,C22H25N5O3S
F2805-0398,C22H26N4O4S
F6670-5440,C21H27N5O4S
F5834-0006,C26H28N2O5
F3305-0067,C27H31N5O2
F2043-0365,C24H26N2O4S2
F3406-2222,C25H18N6O3S
