# All user editable compound information in the PCDL Manager compounds tab can be imported
# A minimum of formula or mass plus one identifier must be populated for compound import (recommended is formula and at least one other identifier, see examples)
# Multiple synonyms can be entered into the Synonyms column when separated by ';' (e.g. L-Isoleucine; 2-Amino-3-methylvaleric acid)
# All compounds will be assumed to be of a neutral ion type, unless a 1 is entered in the Cation or Anion column
Name,Formula
F6089-9714,C12H18N2O2S
F6502-5652,C14H18N4O
F6681-3629,C12H14N4OS
F6804-7479,C12H15BrN2
F2157-1502,C9H8BrFN4
F6186-1030,C12H19NO2S2
F6561-7722,C14H16N2O2S
F3371-0685,C16H13N3O2
F6661-6351,C14H16F2N2O2
F6482-1843,C12H19N3O3S
F6471-2664,C17H21NOS
F5854-3791,C15H19N3O3
F6435-1914,C16H12N4O2
F1115-0054,C19H22N2O
F6804-7484,C12H16BrN3O
F6574-0262,C15H13N3O2S
F6754-6410,C13H11F4N3O
F6559-1474,C14H16ClF2NO2
F6813-8155,C15H17F2N5
F6416-8419,C15H17ClN2O3
F6556-2035,C15H22N2O3S
F6356-0941,C18H20N2O3
F6559-0798,C16H18N4O3
F6617-3234,C19H16N4O
F6485-0025,C15H18N4O2S
F6617-5876,C16H14F2N2O3
F5570-1127,C14H14N2O5S
F6550-3071,C19H21N3O2
F5773-3678,C18H19N3OS
F6471-2949,C13H14BrNO2S
F5831-9228,C18H17FN2O3
F6752-6417,C16H25F2N3O2
F0594-0035,C17H21N3O2S
F3202-0103,C14H20ClNO4S
F5857-3829,C17H22N2O5
F0303-0032,C15H16N2O5S
F6495-9336,C19H16FN3O2
F6513-5725,C19H19FN4O
F6178-4055,C20H25N3O2
F6530-0234,C17H15N3O3S
F2964-1442,C19H19FN2OS
F6445-6108,C21H17N3O2
F2721-0291,C19H24N2O4
F3394-0453,C17H12ClFN2OS
F6515-0260,C20H17N3OS
F6454-0754,C16H20F4N2O2
F5022-0157,C21H23N3O2
F3375-0855,C18H17N5O3
F6520-1099,C19H15NO2S2
F6805-3730,C19H22N4OS
F6672-1261,C16H16ClF3N4
F6713-5717,C19H27N5S
F0649-0925,C18H21N3O5
F5833-5419,C18H17F2N3O3
F5267-0438,C18H18FNO4S
F6559-6487,C19H24N8
F6773-4245,C18H18N6OS
F1858-0087,C14H13BrN2OS2
F6225-0838,C20H23N3O2S
F3375-2762,C20H18ClNO4
F6795-2222,C17H21FN8O
F6567-8709,C19H20ClFN4O
F6523-3245,C19H18ClFN2O3
F6438-3764,C16H23N7O2S
F5092-0212,C20H17N3OS2
F6411-1325,C21H24N4OS
F6519-7324,C19H18N4OS2
F0417-2536,C21H25N3O2S
F6005-0185,C18H19N5O3S
F3395-0209,C21H30N4OS
F5780-0382,C17H25ClN2O4S
F6787-1104,C22H23N5O2
F5269-0308,C21H17N3O3S
F6761-0257,C18H19F3N6O
F1450-0185,C19H20Cl2N2O3
F6785-6526,C17H25N5O4S
F6734-1555,C18H18F3N3O2S
F6523-3981,C15H11ClFN3O3S2
F6443-1585,C26H28N2O2
F6556-2523,C17H23Cl2N3O2S
F0922-0218,C22H19N3O5
F3406-5065,C22H25N5O3
F6178-6619,C19H20Cl2N2O4
F5834-3782,C21H24N4O3S
F6782-6769,C20H18FN3O4S
F6764-1957,C24H27N5O2
F5033-3175,C22H23F3N2O3
F6435-7563,C23H21NO5S
F6571-0841,C20H21F3N2O3S
F6261-1660,C21H23N3O3S2
F2757-0037,C19H20N4O6S
F6477-0504,C22H21N5OS2
F2572-0142,C20H23FN2O6S
F3309-4687,C22H23N3O5S
F6245-3107,C25H24N4O2S
F2722-0176,C25H22FN3O4
F8890-0699,C25H28ClN3O3
F0011-0024,C23H24BrN5O
F2542-1153,C25H24FN5O4
