# All user editable compound information in the PCDL Manager compounds tab can be imported
# A minimum of formula or mass plus one identifier must be populated for compound import (recommended is formula and at least one other identifier, see examples)
# Multiple synonyms can be entered into the Synonyms column when separated by ';' (e.g. L-Isoleucine; 2-Amino-3-methylvaleric acid)
# All compounds will be assumed to be of a neutral ion type, unless a 1 is entered in the Cation or Anion column
Name,Formula
F5791-3504,C11H11ClN4O
F1913-1936,C11H8F3N3O
F5246-0006,C13H13N3OS
F6125-0232,C14H18N2O3
F6541-1520,C13H18N2O2S
F6554-2048,C15H14N2O3
F6725-1389,C13H15N5O2
F6540-5358,C15H20N2OS
F5787-1867,C14H21N3OS
F2169-0484,C11H10BrNO3
F6445-3495,C15H19N5O
F6573-2790,C16H21N3O2
F1900-9652,C13H11BrN2O
F6089-7528,C15H20N2O2S
F0288-0080,C16H13N3OS
F6218-0266,C15H12FN5O
F3024-0006,C14H13N5O3
F6508-0609,C17H19NO2S
F5882-5086,C15H17N3O4
F3318-0466,C14H11ClN2O2S
F3407-4055,C17H16N4O2
F6708-8346,C19H22N2O2
F5526-0714,C19H24N2O2
F6562-4043,C17H22N4O2
F6658-4751,C15H20N6O2
F6244-2587,C17H22N2O2S
F6573-7384,C18H16N4O2
F3179-0627,C15H18N2O4S
F6804-4818,C19H25N5
F6241-0263,C18H19N3O3
F6002-0212,C14H12F3N3O3
F6441-3482,C15H24N2O4S
F2269-0462,C17H15ClN2O3
F6438-3181,C16H21N5O3
F5526-0237,C18H20ClNO3
F6203-1830,C18H26N2O4
F0600-2252,C18H16N4OS
F6549-5305,C17H18F3N3O
F6454-1270,C16H23FN4O3
F3386-0169,C15H17ClN2O3S
F6609-6114,C17H16ClN5O
F6792-0067,C15H18N8S
F6571-2460,C16H25NO5S
F1132-0319,C14H13Cl2NO3S
F6374-0055,C18H19ClN2OS
F6125-3286,C17H21N3O3S
F6560-5093,C17H24N4O2S
F6556-9048,C16H12F2N2OS2
F3398-5439,C20H21N3O3
F6573-8016,C17H15N5O2S
F6565-4773,C18H22N6O2
F6482-5320,C21H16N4O2
F6443-7887,C18H19BrN2O
F6792-0684,C18H25N5OS
F6562-2026,C20H19N5O2
F2199-0409,C20H17N3O4
F3305-0349,C19H15N3OS2
F5868-0176,C17H18N8O2
F6524-5845,C16H12F4N4O2
F5882-0878,C20H23N3O4
F6559-1350,C20H19ClFN3O
F6562-1958,C17H16BrN3O2
F6469-2426,C19H18N8O
F2269-0337,C22H17FN2O3
F6619-7455,C20H23N7O
F6451-2440,C18H21NO6S
F6806-6840,C20H26F2N2O3
F6495-2671,C17H17F3N4O3
F6178-0851,C20H25N5O3
F2756-0254,C20H23N3O3S
F2004-0163,C18H17N3O3S2
F6443-5667,C22H20N4O3
F6502-6568,C16H15BrN4OS
F6414-2179,C23H21NO3S
F6785-7398,C19H28N4O3S
F6411-2575,C21H19ClN4O2
F6658-3976,C20H22FN7O
F6454-1202,C20H20FN5OS
F6496-2161,C17H16F3N3O3S
F5857-2839,C21H20ClNO3S
F5882-3332,C17H26ClN3O4S
F5605-0088,C20H27N3O4S
F6041-0231,C19H15F3N2O3S
F0412-0323,C24H18N4O3
F6671-2865,C23H32N4O3
F5097-2650,C22H20F3N3O2
F6571-0335,C20H22N2O4S2
F2902-0600,C23H28N6O2
F5007-0117,C23H25N3O3S
F6497-2097,C22H26N4O3S
F2638-0323,C25H23N3O4
F6523-2127,C24H21FN4O3
F3406-4836,C23H25N5O2S
F1562-0229,C22H25F3N2O4
F6600-2874,C20H26F3N5O3
F6442-6106,C23H32N4O5
F2574-0563,C23H33N3O4S
F2047-0149,C20H16ClF2NO3S2
F3406-6307,C26H34N4O4
F0789-0115,C24H21N3O4S2
