# All user editable compound information in the PCDL Manager compounds tab can be imported
# A minimum of formula or mass plus one identifier must be populated for compound import (recommended is formula and at least one other identifier, see examples)
# Multiple synonyms can be entered into the Synonyms column when separated by ';' (e.g. L-Isoleucine; 2-Amino-3-methylvaleric acid)
# All compounds will be assumed to be of a neutral ion type, unless a 1 is entered in the Cation or Anion column
Name,Formula
F1115-0037,C16H14N2O
F6804-8553,C12H12F3N3
F6550-6001,C12H13N5O2
F6660-8232,C14H22N4O
F5831-9204,C14H19FN2O2
F6432-0318,C13H14N6O
F2879-5134,C15H19N3O2
F6791-9581,C14H20N4O2
F5871-1963,C15H25N3O2
F3296-0600,C15H13N3OS
F1478-0309,C11H11ClN2O3S
F6492-0614,C17H25N3O
F6564-2600,C13H14N4O2S
F5871-4295,C14H20N4O3
F6510-2733,C13H17N3O3S
F6519-5916,C13H19N3O3S
F6521-4749,C14H21NO4S
F6411-4497,C16H19N3OS
F5320-0182,C16H18FN3O2
F6448-0890,C14H15ClN4O2
F3320-0883,C19H20N2O2
F6717-7235,C13H8F3N3OS
F8890-1079,C12H11NO5S2
F6676-1063,C19H26N2O2
F6031-0404,C19H28N2O2
F6573-4151,C17H22N2O4
F6496-1409,C17H16N6O
F6782-5900,C16H14N6O2
F6451-3096,C15H17ClN2O2S
F6445-3434,C17H19N5O2
F6539-3670,C19H18ClNO2
F6687-6851,C19H21FN2O2
F6553-1051,C17H18N2O3S
F6228-0299,C17H22FN5O
F5831-2410,C18H23NOS2
F6357-1153,C15H14BrNOS
F1829-0128,C16H20N2O4S
F3179-0414,C16H23N3O3S
F6789-5826,C20H26N4O
F1822-0397,C18H16N2O3S
F6562-9481,C18H16FN3O3
F6438-3197,C16H18N6O3
F6812-2054,C19H17N7
F6211-0247,C14H11ClF3N3O2
F6789-2414,C17H13F3N4O
F6675-8587,C15H15F2N7O
F6558-0341,C22H24N2O2
F6510-4571,C16H15FN2O4S
F6617-4264,C19H21N5O2
F0521-0442,C17H16ClN7
F6178-4907,C20H26N4O2
F6792-3904,C15H16F4N6
F6560-2968,C17H18N4OS2
F6658-6035,C20H29N3O3
F6798-4648,C18H19N9
F6247-1873,C19H17N5O3
F3277-0933,C19H15N3O3S
F6559-0494,C20H22N4O3
F0696-4870,C16H15F3N4O3
F6549-4801,C21H27N3O3
F6424-0220,C21H17N5O2
F6672-0024,C18H20BrN3O
F5614-0442,C22H22N4O2
F5833-0834,C20H25ClN2OS
F6734-1375,C15H15BrN4OS
F6481-4000,C19H25NO3S2
F5831-9759,C23H32N4O
F6454-1174,C18H18F4N4O
F6454-0752,C13H16BrF3N2OS
F6359-3366,C21H24ClN3O2
F6378-0323,C15H21N3O5S2
F5323-0452,C19H24N4O3S
F6560-5409,C18H16Cl2N4O2
F5855-0543,C22H21N3O2S
F6473-0361,C23H28N4O2
F6445-5053,C22H22N2O3S
F6619-4285,C19H25N9O
F1677-0618,C20H28ClNO3S
F5461-1771,C20H21N3O2S2
F6458-0325,C18H17ClFN7O
F6713-6797,C17H16F3N9
F6454-2295,C22H26F3N3O
F2637-0328,C21H20N4OS2
F6734-0695,C22H23ClN4O2
F6473-8445,C18H20ClNO6S
F3072-0038,C22H26FN3O2S
F8890-3106,C22H18N4O5
F0365-0024,C20H20ClNO5S
F6529-2355,C22H25N5O4
F6764-1626,C25H26N6O
F5033-5550,C23H31N3O3S
F6609-4879,C23H24N6O3
F3222-5464,C25H29N3O4
F6175-0384,C26H26N6O
F6476-1411,C20H19BrN4O3
F6441-3381,C19H28BrNO4S
F2417-0422,C24H20N2O3S2
F2865-0899,C24H21N7O3
F6548-1276,C25H29N3O4S
F2548-0193,C26H29N3O6
