# All user editable compound information in the PCDL Manager compounds tab can be imported
# A minimum of formula or mass plus one identifier must be populated for compound import (recommended is formula and at least one other identifier, see examples)
# Multiple synonyms can be entered into the Synonyms column when separated by ';' (e.g. L-Isoleucine; 2-Amino-3-methylvaleric acid)
# All compounds will be assumed to be of a neutral ion type, unless a 1 is entered in the Cation or Anion column
Name,Formula
F1143-6185,C16H13NS
F1911-4957,C14H25NO3
F6730-0260,C15H21N3O
F6809-7409,C13H14FN3O2
F6381-3247,C13H17NO3S
F6239-0194,C10H8F3N5O
F2792-0100,C12H11ClN6
F6808-8383,C11H11F4N3O
F5825-0111,C12H16N4O2S
F6745-8234,C14H16F3N3
F6525-6874,C14H14N4O3
F6184-1003,C12H20N2O2S2
F6804-8574,C13H17F3N2O2
F5854-5295,C15H16ClNOS
F6559-1976,C14H21N3O2S
F3020-0580,C17H19N3O2
F6724-4459,C15H17N5O2
F5582-0163,C17H20FN3O
F2135-1828,C12H11F3N2O2S
F6244-1535,C16H22N2O2S
F6677-1183,C14H16ClN3OS
F6574-0158,C15H13N5O3
F6448-0860,C16H15N3O2S
F6413-0714,C17H17NO3S
F6186-1127,C14H20ClNO3S
F6506-1054,C15H13NO3S2
F6442-5987,C16H24N4O3
F6556-6246,C17H23FN2OS
F0920-7713,C18H17ClN4
F6089-9849,C17H31N3O3
F3320-0669,C17H17N3O4
F6713-4680,C17H24N6O
F6257-4491,C17H19ClN4O
F3398-0987,C13H12N6O3S
F1305-0402,C20H19N3O2
F6171-0040,C16H17NO5S
F3225-0987,C19H17FN4O
F6411-2816,C20H23N3O2
F6445-6580,C19H17NOS2
F5142-0400,C15H20N2O5S
F6748-0547,C17H19N5OS
F6523-1525,C18H22N4O3
F6452-2468,C19H25N3O3
F6573-8752,C12H16FN5O4S
F6727-8651,C17H14N8O
F6562-4461,C17H19F2N5O
F6296-1148,C16H13ClFN3OS
F5679-0003,C19H18N4OS
F6619-5955,C21H29N5
F6448-1862,C17H18F3N3O2
F5854-0900,C18H17N3OS2
F6555-0640,C19H24N4OS
F5001-1865,C22H18N2O3
F6619-7189,C17H21BrN4
F5854-2968,C18H16ClFN2OS
F6359-3208,C20H21N5O2
F6518-4271,C21H19NO5
F6753-1988,C19H28F2N4O
F6469-1793,C21H16N6O
F3351-0499,C16H14ClF3N4O
F6559-1322,C22H21N5O
F6036-0678,C20H15N5O3
F6436-3317,C15H15F2NO4S2
F6239-0235,C20H20N6O2
F2269-0515,C21H18N2O3S
F2227-0957,C21H21N3O4
F6525-6282,C14H18F3N3O2S2
F3375-2665,C18H21F3N4O2
F2135-1319,C22H16N4OS
F5097-2383,C21H27N3O4
F6680-2685,C17H20F3N3O2S
F1849-0326,C21H28N2O3S
F6524-6291,C16H23FN2O4S2
F6788-3974,C19H23F2N5S
F6502-6796,C18H17F2N3OS2
F6502-3099,C19H21F3N4O2
F6454-2742,C18H25BrN2OS
F5775-0069,C25H23N3O2
F6529-3641,C18H20F3N3O4
F6514-3939,C21H19N7O2
F2604-0229,C23H25N5O2
F6374-0256,C19H22N2O4S2
F2416-1138,C22H21FN4O3
F1094-0240,C24H30N2O4
F5075-4362,C24H19N3O4
F3407-4755,C20H18ClFN4OS
F6473-7188,C25H26N2O4
F6469-2417,C19H19N9OS
F6713-7326,C18H16ClF3N6O
F6439-8233,C20H21N5O4S
F2393-0688,C22H23FN2O2S2
F3406-6656,C20H20FN3O5S
F5269-0015,C23H21FN4O2S
F6523-3774,C23H22ClN3O4
F6734-3243,C20H22N6O4S
F2736-2234,C23H25F2N3O2S
F6246-3583,C23H24N6O2S
F2736-0643,C23H24ClN3O3S
F2866-0310,C21H23N7O2S2
F3382-6238,C23H24ClN7O3
