# All user editable compound information in the PCDL Manager compounds tab can be imported
# A minimum of formula or mass plus one identifier must be populated for compound import (recommended is formula and at least one other identifier, see examples)
# Multiple synonyms can be entered into the Synonyms column when separated by ';' (e.g. L-Isoleucine; 2-Amino-3-methylvaleric acid)
# All compounds will be assumed to be of a neutral ion type, unless a 1 is entered in the Cation or Anion column
Name,Formula
F0268-2663,C17H20N2
F1016-0163,C15H15NOS
F6543-8988,C10H10F3N3S
F6475-6097,C14H20N2O3
F2135-0840,C15H16N4O
F6420-0951,C11H16N2O2S2
F6680-0643,C12H13N5OS
F6473-3523,C13H14N2O3S
F2434-1209,C16H15N3O2
F6442-1822,C13H20N2O3S
F6753-0197,C18H26N2O
F6663-9332,C12H10F3NO2S
F3055-0919,C17H13N3O2
F6123-0094,C17H27NO3
F6675-6426,C16H16N4S
F6724-5504,C13H19ClN4S
F5791-1350,C17H14F2N2O
F6446-0392,C15H18N4OS
F6813-8131,C15H21FN6
F2382-0165,C15H18ClN3O2
F6809-2474,C19H20FN3
F3314-0185,C20H25NO2
F1886-0104,C17H20FN5
F6514-6820,C16H21N5O2
F6440-2391,C17H20FN3O2
F5860-0337,C16H21N3O2S
F6353-6086,C15H19N3O3S
F6439-4667,C15H12F3N3O2
F6609-5456,C19H24N4O
F5001-1746,C18H18N2O4
F6672-2243,C19H25N3O2
F0687-0473,C19H20ClNO2
F2496-1042,C16H13NO3S2
F3406-9790,C16H20N4O4
F6709-4640,C17H16ClFN2O2
F6448-1368,C17H19F2N3O2
F6810-6296,C14H16BrN3O2
F6521-9386,C19H18N2O2S
F6539-3701,C20H21NO2S
F5033-3576,C18H20N4O3
F1478-0126,C18H31NO3S
F6474-7114,C14H12F3N3O4
F6444-1587,C18H17FN2O4
F6680-3041,C16H19N5O4
F6783-7119,C20H22N6
F6439-5659,C15H16N4O4S
F6519-6026,C15H19N5O3S
F6562-6042,C19H30N2O2S
F5673-0046,C18H19F3N2O2
F6296-1150,C17H14N4OS2
F6748-6440,C18H21N5OS
F2496-0605,C19H16FNO5
F6471-1980,C14H18BrNO3S
F2743-0997,C23H24N2O2
F6658-3158,C18H18N8O
F6798-5257,C16H18ClFN6O
F6479-4048,C20H23N5O2
F5852-1432,C17H22ClN3O4
F6734-1359,C17H16BrN5
F6507-1217,C17H26N2O5S
F3406-9884,C17H17ClN6O2
F6014-0201,C24H27N3O
F6445-7375,C19H22ClN3O3
F6200-4283,C18H19NO6S
F6562-4295,C19H21F3N4O
F0913-1881,C19H15F3O5
F2135-1816,C21H23N3O2S
F1885-0134,C19H17N3O4S
F2205-0033,C22H25FN2O3
F6240-0036,C18H19ClN6O2
F6284-0539,C24H25N3O2
F6791-7670,C15H18F3N5O2S
F3222-1630,C22H22N4O3
F6515-0996,C18H17FN2O3S2
F5265-0256,C19H24FN3O3S
F6556-9010,C17H21N3O2S3
F6798-4949,C20H21FN6O2
F6619-2689,C17H20F2N4O3S
F3407-1693,C19H17ClN4O2S
F2454-0424,C17H21F3N4O2S
F6594-1136,C20H20N8O2
F6418-0159,C17H14BrNO2S2
F6473-7621,C23H20ClNO4
F6252-1196,C21H22FN5O3
F5141-0124,C18H26N2O5S2
F6523-2168,C18H16BrN3O4
F6514-4788,C19H25N5O4S
F6441-8990,C23H22N2O4S
F6443-4420,C20H18F3NO4S
F1441-0519,C19H19F3N2O4S
F2515-4558,C21H16F3N3O2S
F6436-1601,C21H20F2N2O4S
F5834-3891,C20H24ClN3O4S
F6433-0168,C24H17FN6O2
F5652-2133,C24H21N5O2S
F6510-3224,C21H23FN4O4S
F6444-0731,C26H31N3O2S
F6279-0297,C21H23N3O5S2
F6411-2406,C26H27N5O2S
F6174-1287,C27H27N5O2S
