# All user editable compound information in the PCDL Manager compounds tab can be imported
# A minimum of formula or mass plus one identifier must be populated for compound import (recommended is formula and at least one other identifier, see examples)
# Multiple synonyms can be entered into the Synonyms column when separated by ';' (e.g. L-Isoleucine; 2-Amino-3-methylvaleric acid)
# All compounds will be assumed to be of a neutral ion type, unless a 1 is entered in the Cation or Anion column
Name,Formula
F6616-2312,C12H17N3OS
F2468-0125,C11H16N2OS2
F6543-8719,C13H12N2O2S
F6661-0291,C17H17N3
F0825-0295,C17H17NO2
F6656-0685,C12H15ClFN3O
F6619-2093,C12H13F3N2O2
F6617-5730,C15H11N5O
F6420-0954,C14H20N2O2S
F6471-2343,C15H17N5O
F6808-8197,C16H18N2OS
F6215-0047,C15H16N2O4
F6559-1836,C14H18N4O3
F0793-0033,C15H13F2NO3
F1907-9254,C12H20F3N3O2
F6788-5107,C16H19N5O
F6454-2278,C17H21N3O2
F3316-0026,C17H23N3O2
F5097-1170,C15H16N2O3S
F6476-0952,C16H22N2O4
F6284-0400,C17H15N3OS
F6355-0164,C18H17NO4
F6363-0528,C15H15N5OS
F6436-0346,C16H17N3O2S
F3157-0069,C20H15NO3
F6550-8001,C15H14ClN3O3
F5772-2748,C14H9ClFN3OS
F0649-0006,C20H22N2O2
F6471-1258,C14H20N4O3S
F2507-0007,C16H11FN4OS
F6562-2541,C16H17N5O3
F6357-1754,C14H16ClNO2S2
F5852-0489,C18H19FN2O3
F2795-0789,C17H17ClN2O3
F6515-2943,C19H19N5O
F5677-0009,C15H17N3O4S
F6473-6753,C17H24N2O3S
F5857-5061,C22H27NO2
F6556-0572,C19H17NO3S
F6713-4703,C17H17ClN6
F6564-2585,C18H19N3O4
F3191-0207,C16H26N2O6
F6795-4296,C19H29N5O
F6529-0693,C13H14F3N5O3
F6481-3883,C18H22N2O3S
F6562-7568,C20H26ClNO2
F6516-1770,C20H15NO3S
F6553-0907,C20H18N2O4
F5854-2478,C15H16N2O4S2
F6089-9663,C16H23N3O4S
F1589-0442,C20H18ClNO3
F6483-0279,C19H24N4O3
F6756-2510,C21H18N4O2
F5893-0401,C19H15F3N2O2
F6523-3639,C19H14N4O2S
F6792-2130,C18H21N9
F6753-1984,C18H21F2N3OS
F2964-1410,C15H18BrN3OS
F6573-6945,C19H20N4O4
F6725-0008,C17H17F3N2O2S
F6436-1754,C22H26FNO3
F6617-4357,C19H20FN3O2S
F6734-1245,C16H18BrN5O
F6436-0607,C20H28N2O3S
F6287-0508,C20H18N4O2S
F6245-7132,C20H21N5O3
F6438-2420,C16H17ClFN5O3
F5833-5712,C22H26N2O2S
F6805-7869,C15H15F3N6O3
F6679-2606,C13H15BrN4O3S
F6523-3632,C21H17N5O3
F6490-0959,C20H28N4O4
F2416-0506,C22H18N2O5
F6787-1310,C18H25N5O3S
F3222-4984,C20H16ClN5O2
F6523-0227,C18H21F3N6O
F1299-0340,C20H20N4OS2
F6656-4062,C22H27N3O4
F6747-6496,C20H22FN5OS
F6438-3775,C18H23N7O4
F2548-0187,C20H18Cl2N2O3
F6496-3003,C19H17F3N4O3
F6257-5981,C21H21FN6O2
F6436-3880,C18H15F2NO4S2
F5825-0152,C20H23N5O3S
F6761-7522,C17H19F3N4O3S
F6438-0709,C23H26N6O2
F5013-0835,C23H23N3O5
F6442-0375,C23H21FN2O3S
F3406-7581,C21H22FN5O2S
F6660-1629,C24H19FN4O3
F5004-0111,C24H23N3O3S
F6529-0005,C23H24N4O3S
F3398-5011,C24H26ClN3O3
F3226-0086,C24H27ClN2O4
F6512-8041,C21H27N5O4S
F6685-8517,C24H27F3N2O3
F3406-2223,C27H31N5O2
F5775-0007,C24H23ClN2O4S
F3345-0715,C23H22N4O4S2
