# All user editable compound information in the PCDL Manager compounds tab can be imported
# A minimum of formula or mass plus one identifier must be populated for compound import (recommended is formula and at least one other identifier, see examples)
# Multiple synonyms can be entered into the Synonyms column when separated by ';' (e.g. L-Isoleucine; 2-Amino-3-methylvaleric acid)
# All compounds will be assumed to be of a neutral ion type, unless a 1 is entered in the Cation or Anion column
Name,Formula
F6542-0418,C13H20N2OS
F3358-0182,C13H11N3OS
F6608-1274,C14H20N4O
F6471-2785,C17H16N2O
F5791-0249,C16H16N2O2
F6300-0212,C11H7F3N2O3
F6510-4277,C13H13N3O2S
F2146-0630,C12H11ClN4S
F6796-1619,C11H15N5O2S
F6708-8512,C17H17ClN2
F6676-2841,C16H22N4O
F6752-2449,C18H28N2O
F6517-4649,C15H17NO3S
F1913-5923,C17H19N5
F0630-0063,C17H16N2OS
F6561-9538,C14H11FN6O
F3366-5820,C17H17ClN2O
F6439-7370,C15H15FN4O2
F5060-0139,C14H20N6O2
F6443-5955,C14H17N3O3S
F2167-1217,C16H23NO5
F6381-4072,C20H22FNO
F5631-0006,C13H23N5O2S
F6448-1356,C17H21N3O3
F6448-0301,C15H19N5O3
F2529-0097,C19H17N3O2
F1301-0237,C18H15N3O3
F6173-0056,C13H16F3NO3S
F2271-0001,C20H24N2O2
F5460-1412,C17H18N4OS
F3098-7306,C20H25NO3
F6754-7592,C16H16FN5S
F6244-0999,C20H30N2O2
F6713-6136,C18H16N6O
F6469-0912,C19H14N2O2S
F6438-3166,C15H18FN5O3
F2397-0037,C14H9ClFN3O2S
F2758-0572,C14H18N4O4S
F6519-5777,C18H17N3O4
F6562-2158,C18H20N4O3
F6789-2128,C18H23N5O2
F6481-3802,C18H17NO2S2
F6529-0949,C14H15F3N4O3
F6452-0113,C19H20FNO4
F6764-4075,C21H22N4O
F6433-0033,C19H13ClN4O
F6709-5289,C18H15N5O3
F6773-4188,C19H22N6O
F6560-5246,C19H20N4OS
F1911-8404,C17H10ClF3O3
F6813-8078,C16H17F4N5
F6519-7860,C18H19N3OS2
F6808-5449,C20H30N4O2
F6561-8141,C19H24N2O5
F6658-2293,C19H18N6O2
F6293-0365,C17H15F3N4O2
F6619-5761,C20H23N5O2
F6445-6622,C21H21NO3S
F3386-5010,C16H20BrNO2S
F6791-8377,C19H22N4O2S
F0478-0024,C21H16N4OS
F6573-8624,C19H24FN5O2
F6502-1222,C18H16F3N5O
F6515-1382,C20H15N3O3S
F5097-2734,C22H22N2O4
F3406-9327,C18H13ClN6O2
F6495-2777,C16H23N5O4S
F6435-0796,C18H16F3NO3S
F6761-7674,C18H23F3N4O2
F5098-0150,C21H20ClFN2O2
F6570-2612,C21H21N7O
F6525-6407,C19H20FN3OS2
F5788-3296,C22H22N4O3
F6679-2683,C16H17BrN4O3
F6482-5340,C25H19N3O2
F6482-5909,C20H18BrN3O
F6480-3257,C21H24N4O2S
F6476-4476,C20H19ClN4O3
F6561-5849,C18H17BrN4O2
F6444-1962,C20H19FN2O6
F6523-0582,C19H19F3N6O
F6796-3381,C21H26N8O
F6726-1732,C17H20ClN5O3S
F2018-0827,C22H25N3O3S
F6279-0063,C20H19FN4O3S
F0453-0233,C16H8Cl2F3N3OS
F6503-4909,C21H20F3N3O3
F6513-5405,C19H23ClN4O3S
F6442-1001,C18H19NO7S2
F2667-0070,C19H16F4N2O3S
F2098-0179,C20H18ClN3O4S
F3411-5372,C23H16ClFN4O2
F6496-0253,C20H18F3N3O3S
F6523-3307,C22H21ClN4O4
F6796-7198,C20H22ClN7OS
F0688-0085,C21H23FN4O2S2
F6727-4044,C20H22F3N7O2
F0676-0604,C24H24N6O2S
F2051-0537,C23H24ClN3O4S
F2323-1614,C23H18F3N5O4
