# All user editable compound information in the PCDL Manager compounds tab can be imported
# A minimum of formula or mass plus one identifier must be populated for compound import (recommended is formula and at least one other identifier, see examples)
# Multiple synonyms can be entered into the Synonyms column when separated by ';' (e.g. L-Isoleucine; 2-Amino-3-methylvaleric acid)
# All compounds will be assumed to be of a neutral ion type, unless a 1 is entered in the Cation or Anion column
Name,Formula
F1318-0225,C12H15ClN2O2
F1915-8747,C15H15FN2O
F0343-0002,C16H10N2S
F0815-0091,C12H19N5O2
F6560-8704,C16H19N3O
F6554-2319,C11H12ClNO3S
F3284-8099,C10H13ClN2O3S
F5127-0303,C12H13N3O3S
F6064-0085,C15H14N4O2
F6554-8412,C15H15N3OS
F6739-7819,C15H17N3O3
F5857-6516,C16H19NO4
F6184-0723,C14H16N2OS2
F5772-7423,C17H18N4O
F6675-8063,C16H20N6
F0910-0187,C12H14BrNO3
F1894-0212,C12H10F3N3OS
F6796-3224,C13H13N5S2
F6760-1794,C17H15N5O
F1470-0034,C15H16O5S
F5123-0919,C12H18N6O2S
F6442-1316,C13H20N4O3S
F6312-0227,C16H18N4OS
F6090-0008,C15H16N4O4
F6481-3477,C16H18N2O3S
F6660-4155,C15H13FN2O5
F6594-2152,C17H27N3O3
F6761-0876,C19H18FN3O
F6713-5280,C15H15N7S
F6454-2806,C15H26N4O2S
F6515-1397,C18H14F2N2O2
F5772-7400,C18H23N3O3
F1709-0033,C20H17N3O2
F0555-0078,C20H12ClNO2
F6515-4137,C19H18N4O2
F1799-0234,C15H17BrN2O2
F5031-0132,C20H16FNO3
F6169-0593,C17H18N6O2
F2199-0245,C20H25N3S
F6438-2947,C13H13ClFN5O3
F2881-1372,C17H15FN4O3
F6518-4344,C19H18FNO4
F6489-1758,C16H20N6O3
F6438-1959,C18H27N5O2
F6390-3063,C18H21NO2S2
F6476-6123,C17H21ClN4O2
F6822-8741,C18H24FN3OS
F6381-6477,C19H17N3O4
F6712-4204,C20H28N6
F2505-0030,C20H22N2O2S
F1441-0587,C18H16N2O4S
F6438-2324,C18H23N5O3
F6554-4290,C20H22FNO2S
F3349-0062,C17H19N3O4S
F6539-3875,C18H18ClNO3S
F5729-0785,C21H24N4O2
F0653-0567,C19H18N4O2S
F6792-4080,C19H22FN7
F6471-1332,C16H23N3O5S
F6445-6953,C19H17NO3S2
F6089-6614,C20H24N2O5
F6443-5569,C22H18N2O4
F3328-0098,C17H11F3N4OS
F6573-0099,C17H23N5O3S
F6709-4202,C17H12F3N3O2S
F6524-6079,C17H24N4O4S
F6617-7546,C17H13F3N2O3S
F6539-2165,C17H25N3O5S
F6439-2011,C20H20ClN3OS
F6438-3830,C19H23FN6O2
F2493-3252,C20H18F2N2O2S
F6064-8427,C18H23N5O5
F6424-1085,C18H15F2N3O3S
F6523-2046,C20H20N6OS
F6680-0826,C13H13F3N4O3S2
F6481-1176,C22H22FN3OS
F6042-0471,C16H14F3N5O2S
F3398-5220,C21H26N4O4
F6529-1014,C17H23F3N6O2
F3386-2683,C16H22BrNO4S
F3382-3031,C22H19N3O3S
F0266-4979,C22H24F3NO3
F6514-4183,C16H15ClN4O3S2
F6246-0170,C18H19F3N4O4
F3168-0623,C19H18BrN3OS
F6255-0552,C21H25ClFN5O
F5230-1622,C21H20N6O2S
F6247-0755,C21H18ClN5OS
F3411-2896,C21H19ClN4O2S
F3411-7140,C20H17Cl2N5O2
F3226-1402,C20H14Cl2N2O5
F6529-2835,C19H22BrN3O4
F3165-1137,C20H20ClFN2O4S
F2199-0371,C21H19N3O6S
F6411-2890,C24H20N4O3S
F6125-2082,C21H22FN3O5S
F2019-2681,C19H18BrF2N3OS
F1167-0086,C24H24N4O4S
F3301-0038,C21H20ClN3O4S2
F3398-5172,C25H23N5O4S
