# All user editable compound information in the PCDL Manager compounds tab can be imported
# A minimum of formula or mass plus one identifier must be populated for compound import (recommended is formula and at least one other identifier, see examples)
# Multiple synonyms can be entered into the Synonyms column when separated by ';' (e.g. L-Isoleucine; 2-Amino-3-methylvaleric acid)
# All compounds will be assumed to be of a neutral ion type, unless a 1 is entered in the Cation or Anion column
Name,Formula
F2135-1553,C15H14N2S
F6549-6487,C12H14N6O
F6617-2619,C13H11FN2O3
F3257-0097,C17H19N3
F6514-9101,C16H19N3O
F6477-5201,C13H11N3S2
F3371-0627,C13H12N2OS2
F3368-0143,C14H14FNO2S
F6539-3279,C15H14N4O2
F6516-1583,C16H15NO4
F6479-6042,C15H17N3O3
F6356-0153,C16H19NO4
F2468-0200,C14H16N2OS2
F6754-7728,C17H18N4O
F2880-0053,C19H24N2O
F6201-0262,C13H14ClNO3S
F6559-6020,C11H10F3N5S
F1284-0085,C16H14ClNO3
F6791-9215,C14H19N5OS
F0916-4790,C16H12N4OS
F6721-8715,C17H18N4S
F6451-1117,C18H17FN2O2
F6550-4981,C16H18N4OS
F2370-1337,C17H17FN2O3
F6357-1969,C16H18N2O3S
F0882-2724,C15H16N2O4S
F1130-0014,C19H31NO3
F6619-8075,C16H17N7O
F6451-1800,C19H19NO2S
F6567-8846,C17H22N6O
F5857-0374,C15H15F3N2O3
F6514-2358,C18H23N3O3
F5228-3158,C20H17N3O2
F6415-0851,C17H13F2NO2S
F9994-0601,C19H18N4O2
F1471-0100,C15H16N2O3S2
F6571-1030,C17H20FNO3S
F6349-0604,C17H18N6O2
F6750-6531,C17H21N7O
F6415-0862,C18H15NO4S
F2833-0432,C17H18N4O2S
F6563-0356,C19H21NO3S
F0696-3841,C21H20N4O
F6178-7012,C20H31N3O2
F3406-7239,C17H18ClN3O3
F6574-1434,C17H21ClN4O2
F6495-4179,C18H19N7O
F3348-0802,C19H18ClN5
F6679-2688,C13H12BrN3O2S
F6619-8054,C15H17F3N6O
F6809-1123,C17H16ClF3N2O
F6497-0722,C18H23N5O3
F6680-3383,C20H17N5O2
F6525-7839,C17H19N3O4S
F6415-0315,C15H16F3NO4S
F6658-4156,C21H24N4O2
F2651-0168,C19H18N4O2S
F2604-0222,C20H25N5O2
F2318-0436,C17H19N7OS
F5012-0269,C17H19ClFNO3S
F6525-1684,C21H20N6O
F6237-1707,C20H15FN6O
F6471-6201,C21H16N2OS2
F6787-0330,C17H23N5O3S
F6681-8896,C15H18BrN5O2
F5882-0343,C22H24N2O2S
F6805-6118,C16H13F3N4O2S
F6619-6248,C18H21N7OS
F6495-5166,C17H16ClN7O2
F6674-5270,C20H26N4O4
F6442-0733,C19H20N2O5S
F6381-3843,C23H23N3O3
F6436-2219,C20H16F3NO2S
F6252-3259,C21H20N4O4
F5854-3103,C18H19ClN2O2S2
F6247-1053,C21H22ClN5O
F5570-0938,C17H20ClN3O4S
F6436-2534,C23H27FN2O3
F6443-8404,C24H24N4O2
F6249-1285,C18H18BrN3O3
F6374-1660,C21H24ClNO3S
F6411-4523,C22H22FN5O2
F3222-1548,C19H15BrN4O2
F2964-2411,C21H24N4OS2
F6279-0332,C18H16F3NO3S2
F6495-3907,C23H23N5O3
F5493-0341,C23H21FN4OS
F3406-6106,C21H15F2N5OS
F5110-0059,C18H20ClFN4O3S
F6557-1535,C22H20FNO3S2
F2371-0188,C18H16ClF3N2O3S
F1872-0468,C20H16F3N3O3S
F6261-3926,C22H19ClN4O2S
F5788-3215,C20H19ClF3N3O3
F6438-2629,C18H20ClF3N6O2
F2378-0014,C21H25N3O4S2
F2738-0731,C22H19N3O4S2
F1757-0014,C27H29ClN2O3
F0641-0173,C24H19N3O6S
F3394-0761,C27H27N3O4S
