# All user editable compound information in the PCDL Manager compounds tab can be imported
# A minimum of formula or mass plus one identifier must be populated for compound import (recommended is formula and at least one other identifier, see examples)
# Multiple synonyms can be entered into the Synonyms column when separated by ';' (e.g. L-Isoleucine; 2-Amino-3-methylvaleric acid)
# All compounds will be assumed to be of a neutral ion type, unless a 1 is entered in the Cation or Anion column
Name,Formula
F6561-5036,C14H22N2O2
F0777-0033,C16H17NO2
F5823-0316,C14H17N3O2
F6524-1928,C12H13N3O2S
F6616-3127,C9H10BrN5
F5600-0148,C15H18N4O
F6356-0114,C17H23NO2
F6840-1889,C13H9ClFN3O
F1016-0353,C13H16N2OS2
F1775-0012,C12H17N3O3S
F6554-8420,C15H14N2O2S
F2773-0318,C15H10F2N2O2
F6436-3921,C15H18N2O2S
F6725-0297,C15H24N4O2
F3375-2647,C18H17NO3
F6471-2796,C17H16FN3O
F6293-0037,C16H17N3O3
F5087-0355,C16H19N3O3
F5310-0063,C18H25NOS
F6782-6368,C16H19ClN2O2
F6619-3214,C19H24N4
F6549-4598,C13H17N3O2S2
F6154-0218,C13H10F3N3O3
F2871-0040,C15H13N3O3S
F6760-6115,C15H12FN3O2S
F6753-2813,C18H26N2O3
F6489-2186,C14H20N6O3
F2783-1477,C16H22N2O3S
F3406-9160,C18H16N2O2S
F5889-0055,C19H23N3O2
F1839-0177,C18H18ClN3O
F5857-0884,C19H24N2O3
F6519-3817,C16H18N4O2S
F3083-0257,C12H17BrN2O2S
F6451-0383,C16H19N3O5
F6677-3914,C15H18BrN3O
F6524-4008,C15H20N4O3S
F6560-5468,C18H19N5O2
F3210-0019,C16H15Cl2NO3
F2744-0453,C17H16N4O2S
F6037-0303,C18H19N3O2S
F6416-7522,C19H22N2O4
F6353-3446,C19H22FN3O2
F6156-0347,C18H16ClNO4
F6473-6332,C17H18N2O6
F6488-2732,C16H21N5O2S
F3348-0152,C22H28N4
F5495-0038,C16H19ClN4OS
F6604-7434,C18H21N7O
F6351-0147,C16H15N7O3
F6554-4568,C16H15ClFNO3S
F6193-0179,C23H20N2O2
F1308-0024,C17H18N4O3S
F6257-4824,C16H17BrN4O
F5016-1488,C18H27N5O3
F5529-0348,C19H25NO4S
F3394-0255,C21H19NO3S
F6482-3915,C19H22N6O2
F1166-0284,C19H20N4O2S
F3386-1131,C15H19BrN2O2S
F5857-2021,C21H25NO3S
F6200-2231,C17H18F3NO3S
F6560-0998,C21H30N2O2S
F6359-1866,C21H20N4O3
F6507-8114,C17H18N2O4S2
F6469-2153,C23H17N5O
F6439-5254,C16H16ClN3O2S2
F6785-6345,C20H22N4O2S
F6561-0818,C16H18Cl2N4O3
F5038-0234,C19H23N5O4
F6231-0112,C18H18ClN5O3
F6619-6346,C18H24N6O2S
F6805-9835,C18H19ClN4O2S
F6564-5172,C21H21N5OS
F6374-5396,C18H20BrNO2S
F5230-0742,C21H22N4O2S
F3244-0024,C19H13ClN4O2S
F6597-2523,C19H22F3N3O3
F6517-3784,C22H22ClNO4
F3225-7479,C23H19N3O4
F5534-0160,C24H22FN3O2
F6573-8364,C17H16BrFN4O2
F6473-1201,C23H24N2OS2
F6225-0991,C22H26N4O2S
F3358-0056,C18H18F3N3O3S
F6608-3739,C25H29N5O
F5529-0413,C21H26N2O5S
F6111-1749,C21H24ClNO4S
F1590-0057,C21H17BrN2O3
F2392-0380,C19H23Cl2N3O2S
F6608-2751,C19H19BrN4O3
F6525-6022,C19H20BrN3O2S
F6246-1764,C20H16ClF3N4O2
F6476-4534,C19H16F3N3O4S
F6279-0203,C20H21F3N2O4S
F6750-6423,C20H18F3N7S
F6529-0396,C21H25ClN4O3S
F2504-0312,C23H25FN4O3S
F3398-3360,C27H24N4O4
F2213-0149,C29H28N4O3
