# All user editable compound information in the PCDL Manager compounds tab can be imported
# A minimum of formula or mass plus one identifier must be populated for compound import (recommended is formula and at least one other identifier, see examples)
# Multiple synonyms can be entered into the Synonyms column when separated by ';' (e.g. L-Isoleucine; 2-Amino-3-methylvaleric acid)
# All compounds will be assumed to be of a neutral ion type, unless a 1 is entered in the Cation or Anion column
Name,Formula
F6356-0462,C12H14N2O2S
F3321-0007,C14H10FN3O
F3147-2778,C14H13NO4
F6502-9099,C13H18N4O2
F0854-0077,C15H14N4O
F6547-0749,C12H13F3N4
F6619-2131,C15H16FN3O
F6747-5922,C14H20N4S
F6454-0991,C12H20F3N3O
F6724-1555,C11H14BrN3O
F3368-0109,C18H23NO2
F5957-0084,C16H21N3O2
F0701-0104,C15H14O4S
F6246-1689,C17H16N4O
F0808-2662,C17H13NO4
F5890-0085,C16H15N3O3
F5787-0151,C16H17N3OS
F6482-3497,C14H15N5O3
F6521-4871,C12H21N3O4S
F6573-8257,C13H11FN4O2S
F2616-0451,C16H18F2N2O2
F6806-6323,C17H24F2N2O
F6744-6607,C18H24N4O
F6559-7655,C17H22N4O2
F6810-5870,C17H21FN4O
F6230-0036,C19H18N4O
F2879-3997,C17H21ClN2O2
F6438-3028,C14H15FN4O4
F6471-3582,C14H13FN2O2S2
F6524-6199,C15H23N3O3S
F6725-1137,C17H17N3S2
F6562-5473,C17H20N4O3
F2135-0966,C17H12F2N2O3
F5791-0260,C21H21N3O
F6445-6520,C16H19N3O3S
F6240-4846,C17H26N4O3
F5674-0060,C17H18F2N2OS
F5889-0110,C19H19N3O3
F6438-1545,C18H22N6O
F5570-0074,C14H16N2O6S
F6192-0132,C19H19NO3S
F6521-4094,C19H19FN2O3
F6753-2665,C16H20F3N3O2
F6436-3058,C15H12BrN3O2
F6524-0930,C15H15ClN6O2
F6752-4137,C17H21N3O3S
F5833-7246,C18H24N2O5
F6473-4043,C16H15ClN2O3S
F5016-1786,C17H22FN3O4
F6571-6550,C18H18F3NOS
F0265-0787,C21H26N2O3
F6559-1950,C18H20N4O2S
F6808-9608,C17H19BrN4
F6713-5943,C20H21N7
F6491-2520,C17H23N5O2S
F5823-0760,C17H21N3O4S
F5896-0125,C20H13ClFN3O
F6798-4947,C19H19FN6O
F6660-6507,C15H17FN4O4S
F6436-0460,C22H27NO2S
F6561-1411,C22H17N3O3
F6261-3935,C18H16ClN3O2S
F6452-0427,C20H23FN2O4
F5469-0036,C19H21FN2O3S
F6497-1124,C23H27N3O2
F0655-1128,C18H22ClN3O2S
F6559-2450,C20H24N6O2
F2318-0078,C19H19ClN6O
F6571-0905,C22H29N3O3
F5860-4105,C20H23N3O3S
F2556-0144,C19H17NO6S
F3407-0084,C22H20N4O3
F6471-3675,C16H14ClF3N2O2S
F6560-1075,C20H25NO3S2
F6513-1075,C21H24N6O2
F6444-6407,C18H17F3N4O3
F6524-1679,C21H25N5O3
F6372-0169,C24H19N3O3
F6480-1587,C18H17ClF3N3O2
F3167-0897,C20H17F2N3O2S
F6520-5465,C20H25N3O2S2
F6471-2116,C22H23N5O3
F6277-0015,C18H15F3N4O2S
F6549-8902,C21H22N4O3S
F0694-0436,C20H13Cl2N3OS
F6178-2605,C21H25N3O4S
F6111-2259,C21H23ClN2O3S
F6557-1519,C16H14Cl2FNO3S2
F6259-1319,C22H25N5O2S
F6471-1169,C20H30N2O6S
F6660-0454,C24H23N5O3
F6497-0003,C23H21FN6O2
F5072-2194,C24H25N3O5
F5239-0115,C22H26N6O2S
F5257-0797,C23H28FN5O3
F6529-0339,C17H17Cl2N3O3S2
F3386-4166,C18H19Cl3N2O3S
F0683-0218,C21H18ClN5O5
F6548-1145,C23H22BrN3O3
F5562-0165,C21H21ClF3N7O
