# All user editable compound information in the PCDL Manager compounds tab can be imported
# A minimum of formula or mass plus one identifier must be populated for compound import (recommended is formula and at least one other identifier, see examples)
# Multiple synonyms can be entered into the Synonyms column when separated by ';' (e.g. L-Isoleucine; 2-Amino-3-methylvaleric acid)
# All compounds will be assumed to be of a neutral ion type, unless a 1 is entered in the Cation or Anion column
Name,Formula
F6519-7742,C11H13N3O2S
F6614-7302,C16H21N3
F6782-3099,C16H21NO2
F6796-9494,C11H13N5O3
F6539-3088,C16H13NO3
F3222-5338,C14H10FN3S
F3411-5663,C13H11ClN4O
F6563-0260,C14H15NO3S
F6494-0516,C15H12N4O2
F5857-5862,C14H21NO3S
F6745-1699,C13H14N6S
F2616-1132,C15H16N2O2S
F6514-7641,C14H18N4OS
F1801-0046,C13H12ClN3O3
F6556-6022,C14H21N3O2S
F5834-2304,C17H19N3O2
F6564-3087,C15H17N5O2
F6673-4556,C15H19N5O2
F5831-7581,C14H12N2O2S2
F6125-2282,C19H18N2O2
F6562-5364,C14H13ClFN3O2
F6435-9063,C15H18FNO3S
F6739-7771,C16H15N3O2S
F6416-5501,C17H17NO3S
F2135-1695,C15H15N3O3S
F3202-0333,C12H18BrNO2S
F3034-0028,C17H24N2O4
F6658-4216,C15H22N4O2S
F0440-0371,C18H16N2O4
F3097-5033,C21H27NO2
F6412-1257,C17H17N3O4
F6656-3223,C17H24N6O
F6808-1024,C17H19ClN4O
F6571-5864,C16H16N2O2S2
F6411-2057,C20H19N3O2
F6184-0518,C17H18FNOS2
F0825-0429,C22H16N4
F6752-5107,C15H23N5O4
F6442-2738,C16H18ClNO3S
F6560-5802,C18H17ClN4O
F5823-0259,C17H19N5OS
F6561-0930,C18H22N4O3
F6089-9664,C19H25N3O3
F2493-2740,C17H16ClN3O3
F5481-0487,C17H19FN4OS
F6414-3268,C19H22FNO4
F6806-6447,C13H17Cl2N3O2S
F6438-2231,C16H19ClN4O3
F6808-5472,C17H29N5O3
F6561-9283,C18H19N5OS
F6489-0536,C15H15F2N3O3S
F5831-6521,C21H25ClN2O
F2057-0247,C18H19FN4OS
F6412-2347,C18H14F2N2O4
F6726-1721,C16H15ClN4O2S
F6761-7693,C18H20F3N5
F6503-5512,C17H23N3O2S2
F5033-0192,C19H30N2O5
F2416-1026,C20H20N2O5
F6454-0803,C14H18ClF3N2O2S
F1386-0137,C21H25NO5
F6510-2215,C15H20FN3O5S
F2006-0195,C17H14ClN3OS2
F5866-0090,C20H20N6O2
F5854-2998,C19H17F3N2OS
F2724-1296,C21H21N3O4
F5243-1117,C17H14F3N3O2S
F6523-1064,C19H22N6OS
F6252-0761,C17H16N6O3S
F6731-1021,C17H28FN5O2S
F6559-1321,C20H19F2N3OS
F2295-0035,C21H28N2O3S
F5822-0908,C18H23BrN4O
F0745-0013,C21H23F2NO4
F1315-0097,C18H14F3N3O2S
F6523-0049,C19H21F3N4O2
F0657-0269,C20H14ClFN4O2
F6529-2076,C17H27N5O4S
F6555-1069,C19H21N5O3S
F6454-0963,C18H22F3N3O4
F6594-2624,C23H25N5O2
F6445-5131,C20H17F3N2O2S
F5017-0925,C20H28N2O3S2
F9995-0322,C23H27FN4O2
F6261-3524,C20H23N5OS2
F6374-0298,C18H19F3N2O2S2
F5033-7602,C21H24F2N4O3
F6245-1629,C19H18F3N5O3
F6295-0904,C21H21BrN4O
F6441-6857,C18H25N3O5S2
F5939-1154,C22H23ClN2O3S
F6786-7718,C19H20ClN5O3S
F2007-0066,C21H20N6O3S
F6372-2973,C22H16F3N5O2
F6445-6658,C23H26N2O3S2
F6523-1158,C21H24FN5O3S
F2658-0165,C25H25ClN4O2
F1155-0232,C22H17F2N3O4S
F2725-0639,C23H23N3O4S2
F3411-4360,C23H23N5O5S
