# All user editable compound information in the PCDL Manager compounds tab can be imported
# A minimum of formula or mass plus one identifier must be populated for compound import (recommended is formula and at least one other identifier, see examples)
# Multiple synonyms can be entered into the Synonyms column when separated by ';' (e.g. L-Isoleucine; 2-Amino-3-methylvaleric acid)
# All compounds will be assumed to be of a neutral ion type, unless a 1 is entered in the Cation or Anion column
Name,Formula
F5490-1311,C9H8F5N3
F6512-0089,C14H15N3O2
F5302-0232,C13H15N3OS
F2245-0863,C13H12ClNOS
F2121-0295,C12H9Cl2NO2
F0017-0216,C16H16O2S
F6471-2653,C16H18ClNO
F6808-2121,C12H14F4N2O
F6807-7110,C17H16FN3
F6194-0341,C13H20N2O5
F6516-1761,C15H13NO3S
F5965-0060,C12H16FNO4S
F6239-0046,C16H13N5O
F3202-0170,C13H14N2O4S
F6561-2159,C14H20N2O3S
F6525-1372,C14H14N6O2
F6752-2186,C12H20N4O3S
F6488-2492,C15H18N4O3
F6496-0975,C13H12BrN3O
F6190-2005,C18H17N3O2
F6549-3355,C11H11BrN4O2
F2806-0240,C16H12N2O3S
F5260-0521,C19H27N3O
F3316-0036,C18H25N3O2
F6438-0340,C16H20FN5O
F6680-3330,C16H21N3O4
F6244-1509,C16H20ClN3O2
F6560-8966,C16H21NO2S2
F6550-1613,C15H17BrFNO
F6525-6888,C17H18N4O3
F0646-1672,C15H9FN4S2
F6573-2229,C19H15N5O
F6516-0642,C17H14FNO3S
F6190-1964,C18H24N2O2S
F1786-0037,C16H18N2O4S
F6244-2793,C20H21N3O2
F6359-3847,C15H16ClN3O2S
F6446-0207,C18H18N4OS
F6678-8686,C19H21N3OS
F6438-3123,C17H20N6O2
F3358-0051,C14H9F3N2O3S
F6506-1682,C18H17NO4S
F6524-4775,C15H16N6O4
F6253-1377,C18H23N3O2S
F0392-0064,C15H10ClF4NO2
F6400-0365,C14H24N2O2S3
F5857-2347,C21H19NO4
F6556-0600,C17H15ClFNO2S
F6597-2648,C17H19F3N4O
F6573-9354,C18H15ClN4O2
F6685-8794,C16H20F3N5O
F6412-1721,C17H18F3NO4
F2609-4396,C16H14ClN5OS
F6516-0152,C16H12BrNO2S
F6617-6627,C21H22N4O2
F6414-1482,C19H19F3N2O2
F6658-6011,C21H27N5O
F6475-7379,C20H21N3O2S
F6512-3186,C16H20ClN3O3S
F6559-2037,C16H26N4O4S
F6480-1162,C20H21ClN2O3
F6734-1202,C13H19BrN4O2S
F6111-0477,C20H25NO4S
F6517-1674,C22H19NO3S
F6564-3396,C21H22N4O3
F6724-1789,C17H21ClN4O2S
F6436-3443,C21H23N3O4
F6786-7437,C15H13F4N7O
F6814-6394,C20H25FN6O
F6562-0849,C20H17F3N4O
F6617-2968,C22H25N7
F5526-0650,C23H19NO5
F6222-0470,C21H22N6O2
F6443-9542,C18H15F3N4OS
F3398-3359,C22H23N3O4
F6802-6068,C17H21N3O4S2
F6656-2742,C18H28N4O4S
F6524-0922,C23H18N4O3
F0878-0008,C19H20N4O2S2
F6562-0727,C23H22N4OS
F6436-2489,C20H28N4O3S
F5772-9342,C18H18ClN3O4S
F6559-2635,C19H19N7O2S
F6764-1681,C25H25N5O
F6245-5686,C18H21F3N4O4
F6685-8914,C20H20ClN3O3S
F6111-0581,C21H29N3O4S
F6412-1946,C21H21F3N2O4
F3398-1057,C22H23N3O2S2
F5584-0230,C21H24N4O2S2
F2774-2889,C21H19F2N3O5
F6411-1319,C23H22N4O3S
F5120-0092,C23H23N3O4S
F1750-0013,C22H24N4O4S
F2267-0766,C23H26FN3O3S
F6523-0281,C21H21F3N6O2
F2927-1471,C23H22N4O4S
F3407-4215,C25H27N5O2S
F5140-0272,C22H26N4O4S2
F6617-3070,C25H22N6O3S
