# All user editable compound information in the PCDL Manager compounds tab can be imported
# A minimum of formula or mass plus one identifier must be populated for compound import (recommended is formula and at least one other identifier, see examples)
# Multiple synonyms can be entered into the Synonyms column when separated by ';' (e.g. L-Isoleucine; 2-Amino-3-methylvaleric acid)
# All compounds will be assumed to be of a neutral ion type, unless a 1 is entered in the Cation or Anion column
Name,Formula
F5761-0380,C10H10N4O2S
F0326-1091,C10H7F2N3OS
F1909-0049,C14H13NO2S
F6125-0853,C14H18N2O3
F9994-0102,C16H14N2O2
F6789-0746,C14H14N4S
F6560-8513,C16H19NOS
F2135-0919,C13H16N4O3
F3068-0145,C17H17N3O
F6464-0012,C18H22N2O
F6561-4906,C18H20FNO
F6216-0251,C16H21N3O2
F6480-6089,C16H23N3O2
F3320-0929,C18H16N2O2
F6438-6729,C14H14FNO3S
F1274-0038,C16H15N3OS
F1641-0054,C17H17NO2S
F6482-2542,C12H19N3O4S
F6549-7731,C14H17N5OS
F3139-2637,C15H8Cl2O3
F6724-3504,C17H16N4O2
F6813-7793,C18H19FN4
F6464-0197,C19H21FN2O
F6436-0600,C15H26N2O3S
F6573-4857,C21H20N2O
F6760-4936,C20H18N2O2
F6089-9861,C16H20N2O3S
F6184-0742,C16H16F2N2OS
F0913-5466,C21H25NO2
F6801-8094,C18H19N3O3
F2518-0294,C17H14ClN3O2
F5033-3567,C18H20N2O4
F6274-0125,C16H14N2O4S
F6806-6235,C14H25N3O4S
F6806-8314,C14H15F4N3O2
F6677-0844,C20H22N4O
F2368-3311,C18H13FN4O2
F6752-3775,C15H17F2N5O2
F6492-0499,C19H22N4O2
F6477-5198,C15H12N6S2
F6559-3678,C15H17F2N3O2S
F6722-6096,C17H19ClN6
F6431-0639,C20H17N5O
F1916-3105,C19H28N4O2
F6469-0996,C19H14N4OS
F6482-6594,C20H17N3O3
F6617-6630,C20H20N4O2
F6276-0568,C15H11ClN2O2S2
F6761-7726,C18H20F3N3O
F6436-1968,C20H19NOS2
F2661-0051,C21H26N2OS
F6560-0779,C19H20N2O3S
F6195-0214,C16H14N4O2S2
F6451-0157,C20H25NO5
F6507-9144,C15H27N3O3S2
F5831-7054,C18H22ClN3OS
F5854-2490,C17H16FNO3S2
F3296-0491,C20H22N4OS
F5854-2415,C19H16N2O4S
F2785-0120,C20H23N3O4
F1736-0821,C23H17NO4
F0647-0090,C17H16BrN3S
F6178-0500,C19H20F2N4O2
F6451-3037,C19H21ClN2O4
F6606-1844,C21H23N5O2
F6374-5503,C19H22FNO2S2
F6443-6374,C21H24N4O3
F6349-0559,C20H19ClN4O2
F6539-2880,C18H29N3O4S
F3407-0055,C23H19N3O3
F6442-2317,C19H17NO4S2
F6200-3263,C20H24N2O4S
F1822-0459,C16H11BrN2O3S
F6430-0168,C19H14FN7O2
F6497-0952,C22H24N4O3
F6249-0367,C19H17F3N2O4
F6571-0918,C22H25N3O4
F6436-1794,C20H22F3NO2S
F1899-0890,C20H18ClN3O2S
F3406-4390,C20H17ClFN3OS
F6441-4970,C21H25NO3S2
F3226-1119,C23H23N3O4
F2556-0125,C21H16N2O3S2
F2036-0197,C22H22N2O4S
F6656-3478,C22H28N4O4
F5689-1101,C20H22ClN5O3
F6445-2848,C21H17F3N2O2S
F6452-2437,C22H32N2O4S
F6250-0485,C23H22FN3O4
F6436-1608,C23H26N2O4S
F6796-9315,C21H24FN5O2S
F5834-3801,C22H28N2O3S2
F6727-4078,C19H20F3N7O2
F6178-1072,C23H26N4O3S
F1011-1496,C23H27N3O6
F3407-4876,C26H28N4O3
F6795-5031,C21H24F3N7O
F0862-0037,C27H26N4O3
F1821-0728,C25H26N2O5S
F6609-0145,C27H34N4O4
