# All user editable compound information in the PCDL Manager compounds tab can be imported
# A minimum of formula or mass plus one identifier must be populated for compound import (recommended is formula and at least one other identifier, see examples)
# Multiple synonyms can be entered into the Synonyms column when separated by ';' (e.g. L-Isoleucine; 2-Amino-3-methylvaleric acid)
# All compounds will be assumed to be of a neutral ion type, unless a 1 is entered in the Cation or Anion column
Name,Formula
F6793-5200,C14H22FN3
F5860-3103,C15H16N2O2
F6482-3279,C11H12N6O2
F6666-7354,C13H10ClFN2O
F6482-3137,C10H9ClN4OS
F6512-0319,C15H17N3O2
F3238-0050,C14H18N4O2
F6194-0041,C15H19NO4
F0349-0264,C15H24N2O3
F6666-4534,C10H6BrFN2O2
F6491-0290,C15H18N4O2
F6775-2368,C15H17FN4O
F6438-2298,C15H22N4O2
F6416-9134,C16H20ClNO2
F1425-0733,C14H8N4O2S
F6471-7914,C12H11ClN2O3S
F2585-0256,C12H10Cl2N2OS
F6192-0453,C15H14N2O3S
F6709-3647,C19H16N2O2
F0266-0237,C18H10ClNO2
F6561-2380,C16H20FNO2S
F6275-0075,C13H20F3NO4
F6782-5128,C17H19N3OS
F2505-0180,C18H21NO2S
F6680-8770,C16H19N3O2S
F6482-1833,C15H17N3O3S
F5284-0042,C14H15N3O4S
F6436-3247,C10H14BrNO2S2
F2049-0456,C19H20N2O3
F6194-1460,C15H16F2N2O2S
F6724-5114,C17H18FN5O
F6518-4189,C18H16ClNO3
F6573-6585,C19H20F2N2O
F6708-8373,C17H20N2O3S
F6472-8872,C18H27N3O3
F6374-3649,C16H21N3OS2
F6218-0396,C18H20N6O
F0696-0902,C13H14N4O5S
F6452-2162,C17H22ClNO2S
F6031-0458,C17H22ClFN2O2
F5788-1201,C19H20FN3O2
F6452-2574,C21H30N2O2
F5860-3106,C18H14ClFN2O2
F3237-0586,C16H24ClNO3S
F6514-2203,C17H22N4O2S
F6515-3819,C22H25N3O
F6564-2458,C17H17ClFN3O2
F6483-0571,C16H22N4O3S
F1770-0007,C18H16N4O2S
F5833-5226,C20H23N3O3
F5521-0210,C16H16F3N3O3
F6507-3792,C16H17Cl2NO4
F6791-8304,C16H21F3N4O2
F6374-0103,C19H21FN2O2S
F6443-1486,C19H20ClFN2O2
F6200-3947,C18H18Cl2N2O2
F6064-4473,C19H19N5O3
F6563-0492,C17H21NO4S2
F3386-0659,C18H28N2O4S
F6562-6976,C17H17F3N2O4
F6553-0965,C18H17BrN2O2
F6609-3714,C20H23NO6
F2871-0187,C21H17N3O2S
F3412-0133,C21H29FN2O3
F6411-1642,C20H18N4O4
F3259-0003,C21H25N5O2
F6438-2193,C16H20ClN5O4
F6401-0006,C23H30N2OS
F6597-2645,C17H19F3N4O3
F6442-0236,C18H15FN4O3S
F5857-5462,C21H25NO4S
F2342-0093,C18H16ClN3O3S
F6478-0559,C18H22N4O4S
F6796-8670,C20H24F3N5
F6539-2327,C15H24FN3O4S2
F1909-1868,C19H30N4O3S
F6252-3272,C21H21ClN4O2
F3215-0178,C19H15ClN4O2S
F5673-0085,C21H25N3O5
F5097-1115,C20H16ClFN2O2S
F2320-0112,C21H17ClN6O
F6560-0977,C20H26N2O5S
F2986-0207,C14H13Cl2NO5S2
F0696-0625,C20H17N3O7
F6368-0006,C25H27N5O
F5233-0038,C20H19F3N6O
F6481-2274,C20H21NO5S2
F5621-0258,C23H27N5O3
F6617-2573,C23H24N2O6
F9994-0511,C26H25N3O3
F5607-0067,C20H26N6O3S
F3411-7866,C23H23N5O4
F1126-0180,C26H24N6O
F5791-0714,C20H17BrN4O3
F6438-3846,C22H30N6O2S
F0634-0049,C26H31N5O2
F6529-0606,C20H23N3O5S2
F2515-1945,C19H14BrN3O2S2
F8890-5979,C24H26ClN3O5
F1883-1503,C27H21N3O6
