# All user editable compound information in the PCDL Manager compounds tab can be imported
# A minimum of formula or mass plus one identifier must be populated for compound import (recommended is formula and at least one other identifier, see examples)
# Multiple synonyms can be entered into the Synonyms column when separated by ';' (e.g. L-Isoleucine; 2-Amino-3-methylvaleric acid)
# All compounds will be assumed to be of a neutral ion type, unless a 1 is entered in the Cation or Anion column
Name,Formula
F1016-0493,C11H12N2O3S
F6507-5395,C12H20N2O4
F6471-5022,C13H16N4O2
F6512-8989,C13H13FN2O3
F3385-5929,C15H12N2O3
F6610-1902,C14H17N5O
F6544-0749,C16H22N2O2
F6752-7961,C14H19N3O3
F5772-9332,C12H12ClN3OS
F6471-6307,C15H12N2O2S
F6774-4235,C15H18N4O2
F6442-1953,C13H24N2O3S
F6660-6949,C12H7ClFN5O
F6672-0982,C15H20ClN3O
F6666-8803,C14H14ClFN2O2
F3281-0027,C16H14N2O2S
F3375-3093,C14H12N4O2S
F6660-0777,C14H14N4O2S
F6389-1276,C18H16N4O
F1494-0041,C17H13N3OS
F6573-6481,C17H18F3NO
F6573-6428,C15H19F2N3O2
F6739-7787,C17H19N3O3
F3406-7236,C17H18FN3O2
F6464-0556,C17H20ClN3O
F6752-5331,C16H18ClN3O2
F6258-0021,C15H16ClN3O3
F6516-1912,C12H12F3NO4S
F6554-0038,C18H20N4O2
F0699-0097,C21H14N2O2
F6475-5386,C18H21N3O3
F5834-1848,C17H16ClN3O2
F6752-0594,C15H21F3N4O
F5118-0258,C19H16N4O2
F2730-0165,C15H11ClN2OS2
F6562-1766,C19H17N3O3
F6792-1965,C17H20N8
F6782-7702,C16H16ClFN2O3
F6525-1255,C17H17N5OS
F6495-5610,C15H16N8O2
F6448-1032,C19H23N3O3
F1174-2120,C16H10FN3OS2
F6442-2407,C17H16N2O4S
F6573-8635,C16H16FN5O3
F6573-0065,C19H18N6O
F6370-0207,C20H33N3O2
F6573-7298,C17H14F3N3O2
F6782-4631,C21H22N2O3
F3321-0138,C19H17ClN4O
F6806-7567,C18H25F2N3O2
F6415-1258,C20H21NO3S
F6677-3189,C13H11ClF3N7
F1756-0388,C17H27FN2O3S
F6472-7586,C20H19F3N2O
F6539-3235,C18H22N2O4S
F5882-4211,C17H20N2O3S2
F6525-1731,C18H19N7O2
F6481-4489,C16H21N3O3S2
F6676-4916,C17H23F3N6
F6562-3528,C19H19FN4OS
F3371-0247,C17H16N4O2S2
F8890-3546,C19H23N3O5
F6233-0472,C17H15F2N5O3
F2342-0043,C17H13ClFN3O2S
F5791-1071,C22H22N2O2S
F2271-0379,C23H29N3O2
F5517-0045,C21H17F2N3O2
F3386-4915,C16H18BrNO3S
F6529-1189,C16H19F3N6O2
F6478-6041,C19H16ClFN4O2
F5033-5856,C20H25N3O3S
F3406-7283,C18H20BrN3O2
F6524-0923,C20H18N6O3
F6363-0997,C21H25N7O
F5670-0144,C17H23N5O2S2
F6442-0430,C13H11ClFNO4S3
F6247-1138,C21H21FN4OS
F6454-0710,C16H19Cl2F3N2O2
F6506-4952,C23H29NO5
F2158-0368,C19H18N2O6S
F0654-0749,C22H20N4O2S
F6787-0299,C19H26N4O4S
F6286-0301,C14H14F3N3O4S2
F6064-1613,C21H21N3O4S
F1201-0018,C20H12ClFN2O5
F1477-0170,C22H28N2O4S
F3406-5441,C22H18ClN5O2
F3406-5525,C20H15BrN4O2
F5669-1401,C21H24N6O4
F5016-1100,C23H29N3O5
F6089-9501,C25H26N4O3
F5033-1424,C22H31N3O4S
F3406-1252,C17H10BrClFN3O3
F3179-0123,C22H20N2O4S2
F6694-7493,C18H17BrF3N3O2
F6512-5940,C17H20Cl2N4O4S
F6559-0650,C23H20ClN5O3
F2047-0100,C24H29NO4S2
F3222-0551,C23H24N2O5S2
F5142-0373,C19H18BrClN2O4S
