# All user editable compound information in the PCDL Manager compounds tab can be imported
# A minimum of formula or mass plus one identifier must be populated for compound import (recommended is formula and at least one other identifier, see examples)
# Multiple synonyms can be entered into the Synonyms column when separated by ';' (e.g. L-Isoleucine; 2-Amino-3-methylvaleric acid)
# All compounds will be assumed to be of a neutral ion type, unless a 1 is entered in the Cation or Anion column
Name,Formula
F6540-5576,C14H24N2O2
F3394-0149,C12H16FNO2S
F6662-1561,C11H10F3NO3
F6680-8998,C14H20N2O3
F6454-1045,C12H17FN4O2
F0163-0064,C15H13ClN2O
F5490-1327,C14H11F2N3O
F6543-1146,C13H14N2O3S
F1611-0003,C16H15N3O2
F6709-4662,C13H20N2O3S
F2630-0131,C10H7Cl2N3OS
F6435-0875,C11H15NO4S2
F6725-2265,C17H13N3O2
F6125-2175,C16H27N3O2
F5937-0120,C15H15F3N2O
F6514-7797,C13H13F3N4O
F6244-0278,C14H15F3N2O2
F6549-6342,C15H18N4OS
F6485-0449,C16H24N4O2
F2879-1076,C15H18ClN3O2
F8890-1212,C15H23N3O4
F3097-2215,C20H25NO2
F6440-2696,C18H23N3O2
F6560-5609,C16H21N5O2
F6660-0344,C17H20FN3O2
F6443-1448,C16H21N3O2S
F2880-1600,C15H19N3O3S
F0863-0228,C18H14FN3S
F1904-0896,C17H28N2O4
F6518-4330,C18H18N2O4
F6472-8687,C19H25N3O2
F0213-0119,C17H19N3O2S
F6559-1542,C14H16BrF2NO
F6574-0326,C16H20N4O4
F2879-2070,C17H16ClFN2O2
F6806-6811,C17H19F2N3O2
F6677-1207,C14H16BrN3O2
F6474-3323,C19H18N2O2S
F6481-1237,C17H22FNO3S
F6024-0317,C18H20N4O3
F2074-0472,C20H27N3O2
F6574-0082,C17H14FN3O2S
F3157-0460,C18H20N2O3S
F5871-1369,C13H23N5O4S
F6814-2951,C19H24F2N4
F5852-1631,C17H14F2N2O4
F6411-2598,C20H16FN3O2
F0920-3221,C21H26N4O
F5857-3759,C18H19F3N2O2
F3215-0164,C17H14N4OS2
F6178-4484,C18H21N5OS
F3088-4614,C19H19NO4S
F6521-7861,C15H15ClFNO2S2
F6244-2782,C23H24N2O2
F6793-7216,C20H21F3N2O
F6515-0653,C21H20N2O2S
F6783-8096,C17H24FN5O3
F6760-5938,C18H17F4N3O
F2365-0133,C18H15N3O2S2
F5324-0194,C18H22N6OS
F6675-8509,C17H17ClN6O2
F6806-6814,C18H29F2N3O3
F6680-9197,C19H22ClN3O3
F2094-0240,C18H17ClFN3O3
F6685-8702,C19H21F3N4O
F5773-0825,C17H12F4N4O2
F6514-9550,C21H23N3O2S
F6488-2269,C16H18FN3O5S
F6125-1889,C22H25FN2O3
F6363-0604,C18H19ClN6O2
F5855-0444,C24H25N3O2
F5777-0037,C19H20ClN3O4
F6250-0492,C19H23FN4O4
F5057-0253,C17H17ClN4O3S
F6786-7527,C17H18F3N7O
F6414-3752,C19H16F3NO3S
F6726-4623,C20H21FN6O2
F6524-6573,C19H18N4O6
F6512-6912,C16H18ClFN4O3S
F6228-0387,C17H21F3N4O2S
F6454-0713,C22H23F3N2O2
F5854-5786,C15H13BrF3NO2S
F3382-3515,C21H19N3O4S
F6525-4936,C23H26ClN3O2
F6374-5610,C18H26N2O5S2
F6619-5816,C15H15BrF3N5O
F5499-0171,C19H25N5O4S
F6250-0610,C20H23FN2O5S
F6442-1567,C17H22F3NO4S2
F2371-0067,C19H19F3N2O4S
F3222-1815,C20H21N3O4S2
F6039-0172,C19H17F3N6OS
F6529-3698,C20H18F3N3O5
F5793-0139,C23H24N2O5S
F2481-0349,C24H21N5O2S
F6246-2543,C21H23FN4O4S
F6559-0234,C23H27N7O3
F3385-6018,C23H18F3NO6
F2571-0204,C24H31N3O5S
F3143-0056,C26H26F3N3O3
