# All user editable compound information in the PCDL Manager compounds tab can be imported
# A minimum of formula or mass plus one identifier must be populated for compound import (recommended is formula and at least one other identifier, see examples)
# Multiple synonyms can be entered into the Synonyms column when separated by ';' (e.g. L-Isoleucine; 2-Amino-3-methylvaleric acid)
# All compounds will be assumed to be of a neutral ion type, unless a 1 is entered in the Cation or Anion column
Name,Formula
F2101-0150,C12H13NO3S
F6808-8298,C17H21NO
F6356-1113,C16H21NO2
F6554-1903,C14H17NO2S
F6430-0340,C12H9N7O
F0817-0016,C15H10FNOS
F6554-8601,C10H14N2O3S2
F6414-2210,C14H15NO3S
F5307-0355,C13H16N2O3S
F6807-7107,C15H14FN5
F6420-0565,C12H18N2O4S
F6089-5677,C15H16N2O2S
F6549-5010,C14H18N4OS
F6563-0019,C14H15NO2S2
F6754-6306,C17H17N3O2
F6730-2900,C17H19N3O2
F6257-3039,C15H17N5O2
F6363-0556,C15H19N5O2
F6617-6368,C12H9BrN4O
F6604-0538,C15H14N8
F6554-8916,C14H15NO5S
F3088-4644,C18H17NO2S
F6574-1568,C16H15N3O2S
F6554-4157,C17H14FNO4
F6609-3661,C17H16ClNO3
F6562-9229,C14H10ClN3O2S
F5857-3371,C17H24N2O4
F6802-7815,C15H22N4O2S
F6799-8507,C12H11F3N8
F6677-0878,C17H25F2N3O
F6548-1988,C17H17N3O4
F6178-4558,C18H24N4O2
F6389-1204,C18H14N6O
F6561-1610,C16H13FN2O3S
F6454-1005,C15H19F4N3O
F6516-1683,C17H12F3NO3
F6363-0602,C14H20N6O2S
F6708-8450,C21H23NO3
F3386-2994,C16H18ClNO3S
F6439-4309,C18H17ClN4O
F6809-1062,C19H20ClN3O
F6564-8597,C18H22N4O3
F6724-5154,C18H25N5S
F3205-0072,C17H16ClN3O3
F6464-0233,C19H20ClFN2O
F5027-0006,C22H21NO3
F6617-2734,C16H13Cl2N3O2
F3348-0865,C15H13F3N6O
F6818-1407,C19H25N7
F3328-0032,C18H19N5OS
F5777-0091,C18H14FN3O2S
F6102-0238,C19H21FN4O2
F6573-8541,C18H16F2N4O2
F6573-8131,C16H16N4O4S
F6516-1543,C17H15ClN2O3S
F6487-1144,C18H25N3O3S
F6475-7759,C20H19N3O2S
F6259-0980,C21H26N4O2
F2016-0167,C21H21FN2OS
F6573-8095,C15H13F3N4O2S
F6359-3988,C20H25N3O2S
F6562-2782,C18H19N3O4S
F6681-8693,C13H18BrN3O3S
F6242-0991,C20H20N6O2
F6514-7489,C14H17F3N4O3S
F6559-0141,C21H21N3O4
F6574-1787,C18H15N5OS2
F6619-7495,C19H22N6OS
F6523-3808,C19H17ClN4O3
F6764-1705,C23H23N5O
F6412-1652,C20H16F3N3O2
F2201-0030,C22H21FN6
F5834-4826,C22H18N2O3S
F6454-0330,C19H25N3O4S
F6557-0345,C18H19NO5S2
F6175-0460,C20H22N6OS
F6497-5735,C17H18Cl2N4O3
F6524-5644,C20H23N5O4
F6439-4020,C19H21N5O3S
F6363-0583,C19H23N5O3S
F6523-0676,C23H25N5O2
F6570-2707,C21H18N4OS2
F2880-3732,C20H25FN2O4S
F1403-0046,C25H30O5
F3225-3337,C23H19N5OS
F2371-0148,C18H16F4N2O3S
F6734-0724,C21H27ClN4O3
F6469-3479,C20H19N7O2S
F5027-0492,C19H21ClN2O5S
F0916-4913,C21H21N3O5S
F6428-0102,C21H14F4N4O2
F6503-4794,C21H21Cl2N3O3
F6042-0413,C19H19F3N6OS
F6510-2236,C19H22FN3O6S
F5075-2762,C21H17F3N6O2
F6223-0232,C24H23N5O2S
F2617-0541,C25H24N2O6
F3411-6736,C18H15ClF3N5O2S
F6245-6948,C22H20ClN5O3S
F3222-2795,C25H21F2N3O3S
