# All user editable compound information in the PCDL Manager compounds tab can be imported
# A minimum of formula or mass plus one identifier must be populated for compound import (recommended is formula and at least one other identifier, see examples)
# Multiple synonyms can be entered into the Synonyms column when separated by ';' (e.g. L-Isoleucine; 2-Amino-3-methylvaleric acid)
# All compounds will be assumed to be of a neutral ion type, unless a 1 is entered in the Cation or Anion column
Name,Formula
F2135-1072,C11H12N2O3S
F6807-4790,C13H18F2N2O
F5937-0026,C13H16N4O2
F3411-1519,C16H12N2O2
F6482-3612,C9H12N6O2S
F6544-1355,C14H17N5O
F6125-0485,C16H22N2O2
F6451-1802,C14H19N3O3
F6512-1309,C12H12ClN3OS
F0014-0401,C15H12N2O2S
F6496-1514,C15H18N4O2
F6400-1418,C13H24N2O3S
F6724-4980,C13H10ClN3OS
F6709-4947,C16H15N5O
F6471-7240,C14H14ClFN2O2
F2348-0264,C16H14N2O2S
F2348-0209,C16H13ClN2O2
F6560-2894,C14H14N4O2S
F3225-8497,C18H16N4O
F6451-1110,C16H15ClFNO2
F6760-1829,C15H15N7O
F6668-2800,C15H19F2N3O2
F6550-7659,C17H19N3O3
F5791-3456,C17H18FN3O2
F6676-1285,C17H20ClN3O
F6496-0909,C16H18ClN3O2
F6363-0194,C15H16ClN3O3
F6186-0290,C12H18ClNO3S2
F6808-5929,C18H20N4O2
F1716-0513,C21H14N2O2
F6440-2405,C18H21N3O3
F6562-2463,C17H16ClN3O2
F6619-6535,C15H21F3N4O
F6574-0185,C19H16N4O2
F2135-1327,C15H11ClN2OS2
F5125-0052,C19H17N3O3
F6565-4960,C17H20N8
F1506-0079,C19H15ClN2O2
F6515-2461,C17H17N5OS
F6753-3410,C15H24N4OS2
F6473-7373,C19H23N3O3
F3386-5058,C14H18BrNO2S
F3367-0020,C17H16N2O4S
F6524-4867,C16H16FN5O3
F6445-3562,C19H18N6O
F2672-0118,C20H30FN3O
F6193-0374,C17H14F3N3O2
F6031-0606,C21H22N2O3
F6349-0980,C19H17ClN4O
F0585-1275,C21H24FN3O
F6571-5741,C20H21NO3S
F6562-0619,C18H16ClN3OS
F6184-0862,C20H26N2O2S
F6604-9407,C18H16N8O
F6506-5050,C18H22N2O4S
F3412-0067,C15H11F3N6O2
F6783-5595,C18H19N7O2
F5007-0099,C16H18FN3O4S
F6443-7675,C22H28N2OS
F6713-4578,C19H19FN4OS
F6524-5844,C14H12ClF3N6O
F3407-4976,C19H23N3O5
F5012-0163,C19H21NO5S
F6520-1157,C18H16FNOS3
F1021-0004,C22H22N2O2S
F5822-0846,C23H29N3O2
F6464-0819,C18H24ClN3O2S
F6442-2958,C15H14ClN3O3S2
F6523-0495,C16H19F3N6O2
F6514-3810,C19H16ClFN4O2
F5016-0796,C20H25N3O3S
F6258-1762,C18H20BrN3O2
F6514-4027,C20H18N6O3
F6785-7298,C21H25N7O
F5461-0019,C19H24ClN3O2S
F6451-0870,C12H14BrNO3S3
F6608-2504,C18H19F3N4O3
F3043-0057,C17H19FN2O4S2
F6495-4508,C19H25N7O3
F6353-5894,C17H20F2N2O3S2
F2758-0935,C22H20N4O2S
F6448-1717,C19H26N4O4S
F6416-9290,C16H15ClF3NO4S
F0599-0221,C21H21N3O4S
F3406-4146,C18H14ClF3N2O2S
F5190-1923,C22H28N2O4S
F6294-0621,C20H22FN3O2S2
F0507-2245,C18H16Cl2N4O2S
F6438-3817,C19H23F3N6O2
F2086-0328,C23H29N3O5
F3320-0579,C25H26N4O3
F5033-7045,C22H31N3O4S
F6480-5134,C13H13BrClN3O3S2
F1741-0177,C22H20N2O4S2
F6359-5090,C18H17BrF3N3O2
F6557-1717,C21H19ClN2O3S2
F6349-0535,C23H20ClN5O3
F0682-0344,C20H22FN7O3S
F1790-0046,C23H21FN2O6S
F2504-0200,C26H30FN3O5
