# All user editable compound information in the PCDL Manager compounds tab can be imported
# A minimum of formula or mass plus one identifier must be populated for compound import (recommended is formula and at least one other identifier, see examples)
# Multiple synonyms can be entered into the Synonyms column when separated by ';' (e.g. L-Isoleucine; 2-Amino-3-methylvaleric acid)
# All compounds will be assumed to be of a neutral ion type, unless a 1 is entered in the Cation or Anion column
Name,Formula
F5787-1413,C12H11ClN2S
F6672-2040,C17H22N2
F6559-6039,C9H13N3O2S2
F6542-5860,C14H18N2OS
F2145-0497,C16H14N2S
F2020-0489,C15H14N2OS
F6473-3822,C14H15N3O3
F2147-8996,C14H16N2O4
F6793-7828,C15H18FNO3
F6089-9846,C14H22N2O4
F6438-0539,C16H19N3O2
F2173-0681,C17H21NO3
F6733-1370,C15H20FN5
F6515-3537,C14H14F2N4O
F6090-0309,C13H11ClFN3O2
F2493-2829,C16H12FN3O2
F6474-7042,C15H13N3O4
F3115-0090,C15H15N3O4
F5835-0602,C17H13N5O
F6606-5340,C17H27N3O2
F3237-0276,C15H20N2O3S
F6775-2404,C16H18N6O
F6512-0331,C17H20N4O2
F6451-0481,C18H22N2O3
F6521-8461,C16H20N4O3
F6807-7283,C15H18N4O4
F6416-8530,C16H20N2O3S
F5498-0198,C14H18N4OS2
F6722-6161,C17H26ClN3O
F6571-3416,C16H23NO4S
F0600-2249,C13H17N3O3S2
F6555-0081,C17H20N4OS
F2487-0053,C14H16Cl2N2O3
F6529-2280,C17H21N3O4
F3394-0810,C17H19NO4S
F6296-1201,C20H22N4O
F6374-5546,C16H20N2O2S2
F3088-2087,C20H19NO4
F6670-4784,C19H22N4O2
F6442-2888,C13H13ClN4O3S
F6212-0365,C15H14F3N3O3
F6561-1539,C17H18N4O4
F6481-2587,C20H22FNOS
F6438-3515,C17H24N6O2
F6619-5751,C16H19BrN4
F6442-1094,C18H21NO4S
F6403-1393,C20H20N4O2
F1125-0014,C20H31NO4
F6395-4209,C18H25NO4S
F1908-3287,C15H16FN3O4S
F6792-2167,C17H19FN8
F2487-0315,C19H20N2O3S
F6755-7417,C14H19BrN2O2S
F6436-0635,C19H25N3O2S
F5016-0795,C18H23N3O3S
F3375-0133,C18H21NO5S
F6452-0163,C17H17BrFNO2
F6475-0980,C18H18N6O3
F5330-1011,C18H16N4OS2
F6565-1270,C18H22F3N3O2
F6805-5591,C16H17ClF3N5
F6514-3143,C11H11BrF3NO3S
F5831-6947,C20H26N2OS2
F6758-4854,C18H15F3N4O2
F6727-5116,C21H23N5O2
F6469-0914,C17H21N3O3S2
F3375-1317,C21H24N4O3
F5449-0053,C18H17F3N2O4
F6125-1022,C21H25N3O4
F6225-0714,C19H20FN5OS
F6479-4518,C15H18ClN3O3S2
F6441-7725,C20H24N2O4S
F6523-4413,C23H27N5O
F3406-9232,C22H15F2N3O2
F6471-0658,C22H24N4O3
F6353-3275,C19H23ClN2O3S
F6240-5042,C21H22FN5O2
F2881-0365,C21H20FN3O2S
F6508-0052,C18H16F3NO4S
F6521-3821,C20H20BrNO3
F6436-3121,C19H21N3O5S
F5857-3273,C21H27NO5S
F1757-0284,C18H18BrClN2O2
F6680-2747,C18H17F3N4O4
F5040-0662,C24H24N6O
F5687-0001,C19H21N5O4S
F3406-4542,C19H19ClN4O3S
F3407-2763,C24H25FN4O2
F5016-1475,C19H20F3N5O3
F6525-6382,C22H23FN4O2S
F0696-2632,C25H20FN3O3
F6512-5324,C20H24N4O5S
F3406-3906,C24H22FN3O4
F6473-7478,C24H26N2O4S
F6442-8480,C23H27N3O4S
F6411-1027,C22H28N4O6
F2902-0373,C23H25N7OS
F3411-7510,C26H22N4O4
F0656-0472,C22H19ClN6O4
F3398-5476,C25H26N4O4S
