# All user editable compound information in the PCDL Manager compounds tab can be imported
# A minimum of formula or mass plus one identifier must be populated for compound import (recommended is formula and at least one other identifier, see examples)
# Multiple synonyms can be entered into the Synonyms column when separated by ';' (e.g. L-Isoleucine; 2-Amino-3-methylvaleric acid)
# All compounds will be assumed to be of a neutral ion type, unless a 1 is entered in the Cation or Anion column
Name,Formula
F1143-4499,C12H13NO3S
F6191-0336,C12H21N3O3
F6672-2293,C15H18FN3
F6782-4996,C17H13NO2
F6512-9195,C12H11F2N3O2
F5303-0115,C10H13N3O2S2
F0349-4126,C15H11ClO3
F6507-8290,C14H15NO3S
F1756-0328,C13H16N2O3S
F6554-4747,C14H18FNO4
F5067-0171,C15H14N2O4
F6480-0820,C15H16N2O2S
F6676-1323,C14H18N4OS
F6414-2015,C14H15NO2S2
F6215-0005,C17H17N3O2
F6496-1407,C17H19N3O2
F6478-4401,C15H17N5O2
F6526-0130,C15H19N5O2
F6808-5489,C15H27F2N3O
F6793-6820,C12H17F3N4O2
F2816-0289,C15H13F2NO2S
F6680-3136,C13H17N3O4S
F2974-0113,C16H15N3O2S
F5835-0185,C13H13N7OS
F6804-8550,C13H14F3N3OS
F1701-0007,C16H11Cl2NO2
F6451-3543,C17H24N2O4
F6489-0006,C18H18N4O2
F6764-3244,C17H16N4OS
F6492-0396,C18H23N5O
F5860-3697,C15H16F3N3O2
F6438-1857,C18H24N4O2
F6412-1460,C17H18N2O5
F6755-0842,C16H14Cl2N4
F8890-2771,C15H19N5O4
F6571-5967,C15H17N3O2S2
F5607-0075,C14H20N6O2S
F6554-0602,C17H19N7O
F0674-0053,C17H13N3O3S
F6401-0043,C19H20N2S2
F6562-5282,C17H16FN5O2
F6483-0379,C18H22N4O3
F5033-2488,C18H22FN5O
F6672-0082,C17H20BrN3
F3046-0043,C20H15FN4O
F3225-5901,C22H21NO3
F6192-0601,C17H13ClFNO2S
F6553-0908,C20H18N2O2S
F5490-0250,C18H29N3O4
F6562-4310,C18H19N5OS
F6816-0031,C18H14ClN3O3
F6403-1063,C22H20N4O
F6680-0926,C16H18N6O2S
F6241-0243,C18H17ClN2O4
F6515-1521,C17H15ClN2O3S
F3406-0005,C21H21N3O3
F6482-7548,C20H19N3O2S
F6178-3504,C21H26N4O2
F6549-6949,C18H19F3N2O3
F2879-8058,C17H14ClF3N2O2
F6753-3256,C20H25N3O2S
F6725-1191,C19H20FN3S2
F3088-3248,C17H14BrNO4
F2471-1194,C19H24N2O6
F6502-0428,C17H16F2N4O2S
F6411-5154,C21H21N3O4
F6554-8596,C17H19NO5S2
F2318-0479,C19H22N6OS
F6726-0660,C19H17ClN4O3
F5327-0055,C22H27NO5
F6439-4783,C20H16F3N3O2
F3375-2819,C24H24N2O3
F3225-6576,C22H18N2O3S
F6442-1921,C19H25N3O4S
F6411-2722,C21H16ClN3OS
F5831-9365,C19H26N2O5S
F6517-2057,C18H15F3N2O3S
F3398-2026,C20H23N5O4
F6233-0469,C19H21N5O3S
F6559-0593,C19H23N5O3S
F5604-0023,C23H25N5O2
F0608-0721,C20H14N4O6
F6374-1732,C23H24N2O3S
F6798-4409,C21H26N6O3
F6443-4080,C22H23NO5S
F2645-1325,C18H16N4O6S
F5591-0396,C22H22N6O3
F6734-2167,C22H20ClN5O2
F6573-8745,C17H17FN4O6S
F6353-6001,C19H20F3N3O3S
F1788-0014,C21H22N2O4S2
F5832-8553,C20H20FN3O3S2
F6442-7836,C21H25ClN2O4S
F6441-3407,C19H25ClF3NO3S
F2416-0547,C26H22N2O3S
F2881-0530,C24H20FN5O3
F3226-0580,C25H24N2O6
F2652-1595,C21H16ClN3O3S2
F6609-0491,C23H20FN3O3S2
F3382-0746,C25H24ClN3O3S
