# All user editable compound information in the PCDL Manager compounds tab can be imported
# A minimum of formula or mass plus one identifier must be populated for compound import (recommended is formula and at least one other identifier, see examples)
# Multiple synonyms can be entered into the Synonyms column when separated by ';' (e.g. L-Isoleucine; 2-Amino-3-methylvaleric acid)
# All compounds will be assumed to be of a neutral ion type, unless a 1 is entered in the Cation or Anion column
Name,Formula
F6715-6965,C13H20N2O3
F6435-1421,C11H15NO4S
F6752-3205,C16H24N2O
F6807-6811,C16H16N4
F6782-5945,C13H20N2O2S
F0600-1319,C14H12N2O2S
F6473-6007,C14H13NO5
F1016-0137,C13H14N2OS2
F1905-8982,C17H15NO3
F1967-1153,C16H16N2O3
F3382-8403,C16H22N4O
F6544-0102,C11H16BrNOS
F5857-0399,C15H17NO3S
F6529-2854,C15H23N3O3
F1190-0489,C18H16O4
F6435-9288,C13H18N2O4S
F5087-0275,C15H16N4OS
F2146-0599,C15H18N4OS
F5823-0892,C16H24N4S
F6793-6470,C16H18FNO2S
F6682-6548,C17H19N5O
F6573-1440,C17H21N5O
F1052-0015,C19H23NO3
F5860-4150,C17H21N3O3
F6708-8553,C20H19N3O
F5668-5500,C16H21N3O2S
F3294-0020,C18H15N3O3
F5856-0107,C16H13N5OS
F2294-0100,C17H28N2O2S
F6469-1085,C17H18N4OS
F6472-8777,C19H25N3O2
F6502-9224,C12H19N5O4S
F6512-1058,C13H9N5O2S2
F6752-7465,C17H21ClN4O
F6481-3824,C16H18N2O2S2
F1878-0814,C15H21N5O2S
F6225-1272,C12H11ClF3N3OS
F6515-1150,C19H18N2O2S
F6442-1271,C15H21N3O4S
F5823-0345,C18H20N4O3
F6351-0062,C17H23N7O
F5882-5098,C17H14ClN3O3
F6810-0043,C16H17ClN6O
F6188-0535,C19H23NO3S
F6567-8599,C18H26N4OS
F6524-1070,C16H11F3N4O2
F5773-4630,C17H20ClN3O3
F6565-4962,C18H22N8
F1126-0640,C19H20N4OS
F2245-0596,C18H14N2O2S2
F6472-8364,C20H22ClN3O
F6507-8502,C14H19N3O6S
F0624-0068,C15H10BrN3O3
F6764-1538,C19H25ClN4O
F5095-0084,C18H23ClN4O2
F2031-0862,C19H17ClN6
F6488-2350,C20H23N5O2
F6443-9799,C16H16F3N5O2
F6403-0487,C18H16BrN3O
F8890-5905,C20H22N2O5
F5596-0850,C18H17FN4O2S
F6713-5262,C21H23N7
F6563-0102,C20H25NO2S2
F6510-1130,C17H19N3O3S2
F6244-2625,C19H26N2O4S
F6571-0352,C15H19F3N2O2S2
F6502-7681,C21H23N3O2S
F2684-0036,C17H16F3N3O2S
F6257-4896,C20H24N4O4
F6556-2225,C18H24ClFN2O2S
F6619-6506,C17H24F3N5O2
F6247-1977,C18H17ClFN5O2
F5614-0062,C22H22N4O3
F6412-6921,C18H17ClN2O4S
F2773-0644,C22H23N3O2S
F5098-0083,C20H17N3O2S2
F6435-3641,C22H24N2O5
F6479-3448,C17H23ClN4O3S
F2393-0491,C17H21ClN2O3S2
F6360-7670,C20H17F3N4O2
F5014-0522,C23H21FN4O2
F6734-2818,C24H30N4O2
F5871-1067,C19H21ClFN3O2S
F3411-8119,C22H25N3O3S
F2416-0434,C22H17F3N2O3
F5857-3559,C17H15BrF3NO3
F6495-5840,C21H21N7OS
F2446-0090,C22H22N4OS2
F6734-1260,C20H20BrN5O
F3411-1673,C21H18ClFN4OS
F5047-0261,C21H19Cl2N3O3
F2347-0040,C22H18N4O4S
F6245-3885,C18H24BrN5O3
F6805-3735,C22H21FN4O3S
F6523-0216,C19H21ClF3N5O2
F6089-1791,C23H19FN6OS
F6529-6498,C25H27N3O5
F2205-0459,C27H28N2O5
F3406-4941,C23H28ClN5O2S
F3406-3877,C26H23N5O5
