# All user editable compound information in the PCDL Manager compounds tab can be imported
# A minimum of formula or mass plus one identifier must be populated for compound import (recommended is formula and at least one other identifier, see examples)
# Multiple synonyms can be entered into the Synonyms column when separated by ';' (e.g. L-Isoleucine; 2-Amino-3-methylvaleric acid)
# All compounds will be assumed to be of a neutral ion type, unless a 1 is entered in the Cation or Anion column
Name,Formula
F6543-5022,C11H10FN3OS
F6791-4963,C12H21N3OS
F6502-5920,C13H17N5O
F6730-1210,C13H11F2N3O
F6724-3064,C12H14ClN3S
F6543-1874,C10H10BrNO3
F6546-0815,C15H23N5
F5868-0204,C13H12ClN3O2
F6194-0453,C13H16N2O3S
F2740-0103,C16H14FN3O
F6608-0205,C14H14N4OS
F6469-1081,C15H16N2O2S
F6482-3431,C14H15FN4O2
F6818-1976,C12H9Cl2N5
F6502-2504,C17H17N3O2
F6678-8156,C16H16FN5
F1736-0278,C18H21NOS
F3296-0828,C18H20FNO2
F6487-1030,C17H25N3O2
F6789-0513,C16H19FN2OS
F1721-0009,C16H11N3O2S
F2158-0841,C14H18ClN3OS
F6516-1637,C17H15NO3S
F6246-1662,C13H12F3N3O3
F6554-8143,C14H14F3NO2S
F3407-0256,C19H30N2O2
F6775-2401,C19H20N4O
F3188-0094,C18H18N4O2
F6445-6205,C17H16N4OS
F6606-5271,C18H23N5O
F6549-1184,C16H17N5OS
F2147-0557,C18H24N4O2
F6556-6536,C13H22N4O2S2
F6514-6463,C15H13ClN4OS
F2890-0308,C18H23NO3S
F6574-1587,C18H13N3O2S
F6125-0177,C17H16N6O2
F6713-4549,C20H20FN3O
F5323-0050,C15H15Cl2N3O2
F6057-0566,C14H20N4O2S2
F6416-8577,C19H19NO5
F6783-8315,C17H19FN6O
F1342-0060,C16H21N7O2
F6561-2218,C15H20ClNO4S
F6573-1114,C17H19ClN4O2
F6573-3376,C17H21N3O5
F1016-0401,C14H11ClF3NO2S
F6562-6951,C17H19ClN2O4
F3083-0203,C18H29N3O2S
F5860-2277,C20H20ClN3O
F2496-1469,C19H11F2NO4
F6103-0003,C17H25FN2O3S
F5833-5695,C19H19FN2O2S
F6411-2787,C20H13ClN4O
F0373-0218,C14H11BrN4O3
F6560-7646,C21H21N3O3
F6809-6708,C18H15F4N3O
F6558-0466,C22H26N2O3
F6524-3941,C19H20N4O2S
F6476-1812,C15H19BrN2O4
F6037-0131,C23H21N3O2
F6514-8675,C19H14F3N3O2
F3318-0609,C13H14BrNO3S2
F6554-1174,C18H24N4O3S
F6412-1909,C15H17F3N2O4S
F6660-2734,C22H19F2N3O
F6374-1759,C18H20ClNO2S2
F6523-4229,C19H19FN6O2
F5849-0683,C20H17FN2O3S
F6497-0613,C21H27N3O2S
F6245-6410,C18H18FN5O2S
F6111-2138,C22H23F3N2O
F6403-1732,C18H19FN4OS2
F5855-0455,C22H21N3O4
F6481-4075,C19H20ClNO2S2
F5027-0838,C20H21F3N2O3
F6751-9671,C16H21BrN4OS
F6439-1114,C21H21F2N5O
F6286-0845,C17H20F3N5OS
F6252-0982,C22H19N5O3
F6727-3738,C20H21N9O
F6680-8784,C19H20BrFN2O2
F5033-8020,C21H20F4N2O2
F6548-2086,C22H26N4O4
F5496-1568,C21H23N3O2S2
F3166-0443,C20H17ClN2O4S
F6791-7617,C20H26N4O4S
F5005-0040,C20H24ClN3O3S
F6750-6479,C18H17BrN8
F1736-0900,C22H21NO6S
F6523-3296,C20H19ClN4O3S
F2722-0033,C23H16ClN3O4
F6279-0133,C20H24N2O5S2
F0808-0192,C23H21NO6S
F5382-0238,C19H21F3N4O3S
F6240-3397,C21H28BrN5O
F6159-0056,C24H24N4O3S
F3398-4681,C27H28N4O3
F2570-0349,C20H17Cl2NO4S2
F3394-0382,C24H20FN3O3S2
