# All user editable compound information in the PCDL Manager compounds tab can be imported
# A minimum of formula or mass plus one identifier must be populated for compound import (recommended is formula and at least one other identifier, see examples)
# Multiple synonyms can be entered into the Synonyms column when separated by ';' (e.g. L-Isoleucine; 2-Amino-3-methylvaleric acid)
# All compounds will be assumed to be of a neutral ion type, unless a 1 is entered in the Cation or Anion column
Name,Formula
F6663-8861,C16H17N3
F6555-6388,C15H13FN2O
F6448-0940,C9H16N4O3S
F2438-0108,C15H25N3O
F6806-8415,C13H21N3O3
F6782-8198,C16H17NO3
F6425-0338,C12H14N6O2
F3367-0112,C17H15N3O
F6619-8108,C13H20N4O3
F6036-1412,C17H21N3O
F6436-0873,C16H18N2O3
F6435-5909,C16H20N2OS
F2769-0206,C16H22N2O3
F6521-5221,C15H19NO3S
F6031-1861,C15H25N3O3
F6808-5989,C18H23N3O
F6089-9775,C14H25N3O4
F6125-2634,C12H15ClN2O3S
F1909-1889,C15H16N2O5
F6660-4533,C16H26N4O2
F1721-0035,C17H15N3O3
F6436-0166,C17H17N3O3
F6502-5937,C15H15N5O3
F6507-5783,C16H17N3O4
F2289-0107,C16H19N3O2S
F6560-6364,C18H13N3O3
F6401-0082,C16H13F2NO2S
F2031-0879,C18H22N6
F0738-0039,C20H20O4
F6574-1581,C16H14N4O2S
F6550-1548,C20H19F2NO
F1849-0227,C16H15N3OS2
F6443-7634,C17H22N4OS
F6245-5864,C13H15F3N4O3
F1310-0123,C21H23N3O
F5788-2127,C16H15F2N3O3
F6724-4742,C19H20N4O2
F6557-0461,C11H18N2O4S3
F6524-4272,C18H17N3O2S
F6240-7212,C16H16N6O3
F6444-6405,C17H19N5O3
F6676-1079,C19H26N4O2
F6523-3398,C14H17ClN2O4S
F6435-9254,C17H19N3O3S
F6803-2476,C17H19FN4O3
F6802-7315,C18H25N3O4
F6481-0793,C18H20ClNO2S
F6525-6859,C19H18N4O3
F6515-4577,C19H16N2O3S
F5591-1323,C17H19N7O2
F2482-0307,C17H14FN5O3
F6515-3991,C16H12BrN3O2
F6031-0476,C17H21F3N2O3
F6443-1092,C19H21ClN2O3
F6261-1750,C21H18N2O2S
F2493-1511,C15H10BrFN2O3
F6237-2837,C17H18F3N5O
F6475-4372,C16H18ClN3O3S
F6446-1297,C20H24N4OS
F6472-4061,C20H19ClN2O3
F6395-0287,C13H13BrN2O2S2
F6485-1371,C19H20FN3O4
F6203-0787,C19H21NO3S2
F6675-9590,C22H24N4O2
F6683-1315,C21H19ClN4O
F6713-7349,C21H22FN5O
F2527-0117,C20H19N3O3S
F6253-6221,C22H26N2O4
F5854-0433,C21H21FN2O2S
F6524-5813,C15H13F3N4O3S
F5461-1190,C20H25N3OS2
F6192-0196,C18H16BrNO4
F6094-0439,C21H18N4O4
F6503-4314,C21H24F3N3O
F6519-3745,C21H19N3O3S
F5832-0201,C20H30N2O4S
F5788-2968,C20H20N4O3S
F0862-0136,C18H11BrN2O2S
F6679-0008,C23H21N5O2
F1804-0138,C16H13ClF2N2O2S2
F3167-0071,C20H15F3N2O4
F6656-1312,C22H22N4O2S
F8890-4099,C21H24N6O3
F6680-2547,C19H17ClF3N3O2
F6523-2290,C21H24FN5O3
F6597-2516,C21H19F3N4O2
F1043-0046,C19H18ClN3O2S2
F2902-0586,C18H27N7O3S
F2617-1114,C24H25ClN2O3
F6245-5092,C21H25N5O3S
F5033-3727,C23H27ClN2O4
F5537-0087,C21H27N3O5S
F3379-0118,C22H24N6O4
F0916-6775,C26H25N5O2
F0018-0472,C27H26N2O4
F3395-0513,C23H26F3N5O
F2421-0583,C20H20ClN3O3S2
F6609-6869,C25H22N4O5
F0655-0787,C19H26BrN3O2S2
F0862-0043,C29H27FN4O2
