# All user editable compound information in the PCDL Manager compounds tab can be imported
# A minimum of formula or mass plus one identifier must be populated for compound import (recommended is formula and at least one other identifier, see examples)
# Multiple synonyms can be entered into the Synonyms column when separated by ';' (e.g. L-Isoleucine; 2-Amino-3-methylvaleric acid)
# All compounds will be assumed to be of a neutral ion type, unless a 1 is entered in the Cation or Anion column
Name,Formula
F6608-0947,C12H13F2N3O
F1736-0122,C16H19NO2
F6608-0364,C11H14F3N3O
F6437-0154,C12H12FN3OS
F6554-8439,C13H13F2NOS
F5857-5315,C15H16N2O3
F6222-0563,C13H14FN5O
F6502-9201,C13H18N4OS
F6708-8498,C17H19N3O
F6681-9790,C16H20N4O
F6446-0922,C11H17N3O2S2
F6211-0191,C14H15N3O2S
F6476-5543,C14H17N3O4
F6360-9342,C17H14N2O3
F6560-7639,C16H16N4O2
F6550-6580,C16H18N4O2
F6549-2427,C16H17FN4O
F6564-7894,C14H18N6O2
F6184-0452,C16H16ClNOS
F6573-6512,C17H19F2NO2
F6524-5762,C13H9F3N4O2
F6515-0023,C17H16N2O2S
F0686-0028,C14H13F3N2OS
F6521-8211,C12H13ClN2O2S2
F6594-3348,C18H27N3O2
F6057-0201,C15H21N5O3
F5857-2305,C20H19NO3
F6507-5400,C11H21N3O6S
F6436-2336,C15H20BrNO2
F6512-1270,C14H22N4O3S
F6445-0478,C17H13FN2O2S
F5228-2338,C17H19N3O4
F1751-0012,C17H17NO4S
F6472-2774,C20H20N4O
F6349-0708,C15H18N4O3S
F6562-7628,C18H25NO5
F2395-0307,C16H19NO3S2
F6709-4516,C17H17F3N2O2
F6791-8524,C18H18FN5O
F6521-9272,C20H24N2O3
F5246-0085,C16H14N4OS2
F6451-0114,C17H17N3O3S
F5831-3029,C19H21ClN2O2
F6514-6637,C20H19N5O
F6718-4922,C17H18BrNO2
F5791-0638,C18H15F3N2O2
F6482-6034,C20H19N3O3
F6563-0084,C17H18FNO2S2
F5620-0066,C16H24N4O3S
F1443-0453,C19H18N2O3S
F6454-0132,C20H25N3OS
F6809-6866,C19H20FN3OS
F6520-1250,C19H18FNOS2
F0599-0461,C17H13ClFN3OS
F6750-6308,C19H22N8
F6672-0013,C18H19F3N4O
F1757-0384,C19H15BrN2O
F6549-2325,C19H21N5OS
F6482-5928,C20H17ClFN3O
F6178-3395,C20H23FN4O2
F6446-0629,C15H24N4O3S2
F3369-0517,C18H15ClN2O5
F6561-5476,C19H25N3O3S
F5835-0479,C21H19N3O2S
F6245-4657,C20H22N6O2
F5837-0071,C21H20N2O3S
F6089-9709,C18H27N3O4S
F6562-0772,C21H19ClFN3O
F6448-1950,C14H16BrN3O3S
F6259-2742,C19H22N4O3S
F6679-2873,C15H21BrN2O3S
F1700-0213,C19H23N3O4S
F5729-0284,C23H26N4O2
F6436-3956,C19H18F2N2O3S
F6502-3156,C19H22F3N5O
F6786-6100,C18H19F2N3O3S
F6514-2244,C23H28N2O4
F5791-2066,C20H22N4O3S
F0596-0009,C19H20N4O4S
F6523-0750,C21H24ClFN4O
F3407-4593,C24H28N4O2
F5882-5372,C19H16F3N3O4
F6557-0592,C22H23N3O3S
F1813-0248,C17H14Cl2N2O4S
F6497-8006,C17H21F3N6O3
F2873-0121,C23H19N3O3S
F3305-0555,C24H29N5O2
F6089-8606,C22H25F3N2OS
F3225-1523,C21H23N5O3S
F6676-2600,C21H24N4O4S
F2410-0629,C24H21N3O5
F5893-0262,C23H22N4O5
F5316-0023,C19H24FN5O4S
F2416-0432,C27H24N2O4
F5033-7798,C24H30FN3O2S
F6713-1982,C24H26N6OS
F6609-4759,C19H15ClFN3O3S2
F3407-3269,C25H20ClFN4O2
F3382-1566,C21H19BrFN3O2S
F5297-1025,C25H18ClN5O4
