# All user editable compound information in the PCDL Manager compounds tab can be imported
# A minimum of formula or mass plus one identifier must be populated for compound import (recommended is formula and at least one other identifier, see examples)
# Multiple synonyms can be entered into the Synonyms column when separated by ';' (e.g. L-Isoleucine; 2-Amino-3-methylvaleric acid)
# All compounds will be assumed to be of a neutral ion type, unless a 1 is entered in the Cation or Anion column
Name,Formula
F6192-0990,C12H13NO3S
F6676-9809,C14H17N5
F6675-8123,C13H17N5O
F6677-3215,C12H14ClN5
F6756-1232,C12H14ClN3O2
F1673-3030,C15H10ClNO2
F6616-7848,C10H6ClF3N4
F6482-2584,C12H14F3NOS
F6782-8073,C13H16N2O3S
F0413-0001,C17H17NO3
F6556-4059,C15H14N2O4
F5831-5082,C15H16N2O2S
F6773-2844,C14H18N4OS
F6482-2007,C9H15N3O4S2
F6288-0030,C17H17N3O2
F3141-0297,C17H19N3O2
F6064-0655,C15H17N5O2
F6749-0727,C15H19N5O2
F6606-4955,C17H25N3O2
F6550-6593,C16H14N6O
F3284-8021,C13H15N3O2S2
F6561-8929,C16H13N3O4
F6539-3638,C18H16ClNO2
F0849-0493,C20H13NO3
F1899-2168,C14H15N5S2
F6573-6391,C12H12BrF2NO2
F6783-0032,C16H24N4OS
F6715-2751,C18H18N4O2
F6261-1917,C17H16N4OS
F6803-0104,C18H23N5O
F6507-5920,C15H16F3N3O2
F6479-2669,C18H24N4O2
F6465-0047,C17H18N2O5
F6226-0182,C16H13ClN2O4
F6573-1432,C16H17F2N5O
F6475-7872,C15H17N3O2S2
F6796-1635,C14H20N6O2S
F5123-0105,C17H19N7O
F5772-6241,C14H14ClN3O5
F6524-0512,C18H16N2O5
F6237-1593,C17H16FN5O2
F6438-0808,C18H22N4O3
F5626-0031,C18H22FN5O
F5857-2443,C18H16FNO3S
F6773-4209,C15H18N6O2S
F6685-9117,C17H22ClN5O
F6522-1241,C17H13ClFNO2S
F6436-1837,C20H18N2O2S
F6619-3007,C20H25N5O
F6439-2627,C18H19N5OS
F5854-4279,C16H18FNO3S2
F6502-0156,C22H20N4O
F6125-2876,C15H22N2O6S
F6436-1908,C18H21BrN2O
F6442-2167,C16H14N2O4S2
F6209-0112,C21H21N3O3
F3225-7120,C20H19N3O2S
F3292-0421,C21H26N4O2
F6556-5087,C18H25ClN2O2S
F6481-3356,C16H16F2N2O2S2
F6806-6831,C17H23F2N3O4
F6286-0241,C16H18F3N3O2S
F1406-0290,C15H15Cl2NO4S
F5017-0386,C20H25FN2O2S
F6524-5837,C17H13F3N4O3
F2724-1165,C21H21N3O4
F2265-0130,C20H15NO5S
F6442-1443,C18H26N2O5S
F6188-0605,C20H20N2O2S2
F6471-5182,C18H23N7O3
F0608-0575,C20H16F3N3O2
F3294-0342,C24H24N2O3
F3411-5569,C22H18N2O3S
F5681-0128,C19H25N3O4S
F6279-0376,C16H18F3NO3S2
F6502-0629,C22H23ClN4O
F2964-2320,C19H16N4O2S2
F6491-2540,C20H23N5O4
F6441-7141,C19H21N5O3S
F5788-4919,C21H24ClN3O3
F2392-1743,C21H29N3O3S
F1016-0639,C19H19FN2O3S2
F2471-1796,C23H21FN2O4
F6788-4031,C22H24F2N6
F6514-4146,C20H20ClN5O3
F1757-0157,C20H21BrN2O3
F6810-9459,C20H21F3N6O
F6262-2915,C22H19N3O6
F5493-0460,C21H17FN4OS2
F1609-0534,C20H21N5O2S2
F6445-3015,C20H23BrN4O2
F6476-4343,C20H17F2N3O4S
F6276-0370,C22H20N4O4S
F6761-7526,C20H20F3N3O3S
F5250-0271,C21H23ClN6OS
F6513-4696,C19H23N7O4S
F5485-0211,C21H25FN4O4S
F2514-0269,C19H13BrClN5O2
F2738-2141,C23H20ClN3O4S
F3382-5063,C24H23N3O4S2
