# All user editable compound information in the PCDL Manager compounds tab can be imported
# A minimum of formula or mass plus one identifier must be populated for compound import (recommended is formula and at least one other identifier, see examples)
# Multiple synonyms can be entered into the Synonyms column when separated by ';' (e.g. L-Isoleucine; 2-Amino-3-methylvaleric acid)
# All compounds will be assumed to be of a neutral ion type, unless a 1 is entered in the Cation or Anion column
Name,Formula
F1620-0088,C11H8F2N2OS
F6559-1636,C10H15FN4OS
F3098-3522,C16H23NO2
F6810-5336,C15H20ClNO
F6554-5401,C14H17F2NO2
F6560-5172,C15H20N4O
F6526-0196,C15H21N3O2
F6543-1473,C15H26N4O
F6395-1841,C14H16ClFN2O
F6675-7457,C14H12ClN5
F3215-0218,C16H17NO4
F3055-0904,C18H15N3O
F2167-7119,C17H25NO3
F6471-7276,C18H18N2O2
F5882-7654,C12H20N6O3
F5822-1436,C17H22N4O
F6743-7970,C17H24N4O
F0594-1861,C14H10ClN3OS
F6438-2120,C15H16FN3O3
F6436-3490,C13H13BrN2O2
F6479-3228,C15H19ClN2O3
F6474-7232,C16H16N4O3
F5857-5366,C17H18N2O2S
F8890-0687,C15H16N4O2S
F3366-5783,C17H16ClFN2O
F3294-0064,C15H13ClN2O4
F6360-9444,C16H23N3O4
F6471-0014,C17H17N5O2
F6675-7721,C16H15N5OS
F6257-1770,C18H22N4O2
F6524-2400,C16H16N4O2S
F6458-0415,C15H19N7O2
F1707-0062,C21H17NO3
F6360-9208,C14H12BrN3O2
F6556-6268,C17H22N2O3S
F2773-0221,C15H10Cl2N2OS
F6525-0079,C16H17F2N3OS
F6609-7106,C18H18N4O3
F6438-0600,C18H21N5O2
F6677-3899,C14H14BrF2N3
F6457-0609,C18H18N2O3S
F6561-1528,C18H15F2N3O2
F6812-1807,C18H16N8
F2024-1842,C19H24FN3O2
F6171-0403,C16H17N3O4S
F6178-6504,C18H18F2N2O3
F6570-2750,C19H19N5O2
F6284-0469,C20H18ClN3O
F3337-0020,C19H29ClN2O2
F5599-0539,C18H18N4O4
F2788-0008,C17H13ClN4OS
F6793-7265,C17H22F3N3O2
F5834-0452,C21H17N3O3
F6516-0835,C18H19NO5S
F6438-2102,C13H12F3N3O4S
F5857-2639,C22H24N2O3
F6556-3182,C17H23BrN2O2
F6240-5074,C18H21N7O2
F6556-1493,C17H24ClN3O2S
F6677-3700,C16H14BrN5O
F6673-9297,C17H21ClN8
F2828-0628,C19H22N2O2S2
F5341-0093,C19H29N5O3
F1142-4803,C18H23N3O4S
F6435-9490,C14H18ClNO5S2
F6441-4619,C18H24N2O5S
F0328-0372,C14H8BrFN2OS2
F6245-7273,C19H21N5O2S
F6523-3155,C19H16FN3O3S
F6438-3248,C18H22N6O4
F6619-6569,C18H18Cl2N6
F6481-0654,C22H28ClNOS
F6675-8359,C17H15Cl2N5O2
F0649-0398,C20H19F3N2O3
F6656-3008,C22H27N5O2
F6284-0552,C22H22ClN3O2
F3227-1541,C21H13ClFNO4
F6438-2257,C18H22N8O3
F6734-1147,C22H20N6O2
F5095-0048,C21H30N4O4
F6042-1337,C20H15N5O3S
F6619-6816,C18H17F4N7
F6203-0434,C23H27N3O4
F6247-1038,C21H21ClN4OS
F5782-0344,C24H26N6O
F6354-0472,C22H27NO5S
F6359-0837,C24H21ClN2O3
F6442-2615,C16H16F3NO5S2
F6515-0700,C19H15BrN4OS
F5621-0285,C22H32N6O3
F2879-2122,C26H26FN3O2
F3406-7191,C17H15BrFN5OS
F6245-4629,C24H31N5O3
F2481-1038,C20H16ClN5O3S
F6782-6762,C22H18F2N2O4S
F3407-4210,C21H19ClFN3O3S
F2042-0009,C24H24N2O5S
F1686-0030,C23H33N3O5S
F3406-4045,C23H29ClN4O3S
F1608-0529,C27H28N4O5
