# All user editable compound information in the PCDL Manager compounds tab can be imported
# A minimum of formula or mass plus one identifier must be populated for compound import (recommended is formula and at least one other identifier, see examples)
# Multiple synonyms can be entered into the Synonyms column when separated by ';' (e.g. L-Isoleucine; 2-Amino-3-methylvaleric acid)
# All compounds will be assumed to be of a neutral ion type, unless a 1 is entered in the Cation or Anion column
Name,Formula
F3098-0702,C11H12N2O3S
F6244-3240,C16H20N2O
F6440-4213,C13H16N4O2
F6436-2045,C13H16N2O2S
F3350-0739,C15H12N2O3
F6541-3875,C16H18FN3
F6789-0540,C16H22N2O2
F3035-4109,C14H19N3O3
F3095-0740,C13H16BrNO
F2434-0028,C15H12N2O2S
F6178-4806,C15H18N4O2
F6359-1910,C15H20N4O2
F6556-2795,C11H14ClNO4S
F6724-5178,C13H19N5OS
F6573-2077,C15H12N4OS
F0829-0007,C16H14N2O2S
F6502-7839,C11H16N4O2S2
F2495-0071,C14H14N4O2S
F2024-1544,C15H17FN4O2
F3277-0295,C14H17N3OS2
F3088-4590,C19H19NO3
F6502-6291,C15H17N7O
F6244-2415,C17H19N3O3
F6471-2603,C19H22ClNO
F6676-1287,C17H20ClN3O
F1899-2250,C14H17N5O2S
F6550-8025,C15H13F2N3O3
F6481-4368,C15H17NOS3
F6212-0384,C18H20N4O2
F2434-1350,C18H15FN2O3
F2024-0634,C18H21N3O3
F6389-1463,C17H16ClN3O2
F5852-1244,C17H22N4O3
F6561-1350,C19H16N4O2
F0344-0932,C15H11ClN2OS2
F6573-5348,C19H17N3O3
F6812-1388,C17H20N8
F6516-4235,C17H14N4O2S
F6561-9265,C17H17N5OS
F6559-1455,C17H19F3N2O2
F5822-0783,C19H23N3O3
F6411-4392,C16H14BrN3O
F6475-6733,C17H16N2O4S
F6513-5499,C18H20ClN3O2
F6246-4076,C18H23ClN4O
F1105-0029,C16H10Cl2N2O3
F6524-4863,C14H16ClN7O2
F6517-4095,C21H22N2O3
F6516-0679,C16H20N2O5S
F6796-7740,C18H23N7O
F6520-0622,C20H21NO3S
F5526-0375,C17H15ClF3NO2
F6491-2603,C17H22N6O3
F6443-5211,C22H20N2O3
F6188-0566,C18H22N2O4S
F5099-0049,C17H20N2O3S2
F3385-6259,C22H23NO4
F5857-3484,C18H16F3NO4
F2490-0057,C19H24N6O2
F6556-5164,C18H24ClFN2OS
F5028-0096,C16H15F3N2O3S
F6525-2126,C20H19N7O
F2973-0498,C19H19ClFN3O2
F6436-1966,C18H20BrNOS
F6559-2320,C17H17F3N6O
F6444-0537,C23H29N3O2
F6439-3554,C18H18F3N3O3
F3179-0404,C16H18BrNO3S
F6400-1614,C18H28N2O3S2
F5772-3274,C19H19ClN4OS
F5676-0044,C20H25N3O3S
F6474-7175,C16H15ClF3N3O3
F6479-4478,C19H23ClN4O3
F6795-3639,C20H25N9
F6680-2559,C19H18F3N3O3
F6502-6833,C15H14BrN3OS2
F6473-0698,C21H21FN4OS
F6658-4764,C16H19ClN4O4S
F6670-6048,C24H25N5O
F5496-0532,C19H19ClN4O2S
F6245-0984,C22H20N4O2S
F6750-6450,C20H22N8S
F6753-2679,C17H20BrN3O2S
F3411-1884,C21H21N3O4S
F6471-5179,C16H17BrF2N4O2
F2282-0037,C22H28N2O4S
F5476-0097,C21H23Cl2N3O2
F6564-5776,C17H19BrN4O2S
F6476-4470,C26H24N4O2
F2359-0158,C24H25N7O
F5594-0176,C22H30N4O3S
F6089-8106,C24H27N5O3
F2018-1413,C18H17BrClN3OS
F6548-2039,C21H17ClN4O5
F8890-7283,C17H22BrN3O4S
F6261-4026,C20H19ClN4O2S2
F6497-8055,C18H17F6N5O2
F2244-0832,C24H19F2N7O
F0647-0306,C22H24N4O4S2
F2378-0384,C19H15Cl2FN4O4S
