# All user editable compound information in the PCDL Manager compounds tab can be imported
# A minimum of formula or mass plus one identifier must be populated for compound import (recommended is formula and at least one other identifier, see examples)
# Multiple synonyms can be entered into the Synonyms column when separated by ';' (e.g. L-Isoleucine; 2-Amino-3-methylvaleric acid)
# All compounds will be assumed to be of a neutral ion type, unless a 1 is entered in the Cation or Anion column
Name,Formula
F6752-3554,C11H16N4OS
F6660-1389,C11H9ClFNO3
F0894-0171,C15H20N2O2
F6619-8965,C14H14F2N2O
F1194-0041,C16H16N2S
F6677-1471,C15H21N5
F6226-0240,C12H9N3O3S
F6443-7948,C15H23N3O2
F6125-3164,C12H15N3O3S
F6125-2447,C13H14F2N2O3
F6550-3245,C17H22N2O2
F6752-5405,C17H24N2O2
F5852-2183,C14H11F2N3O2
F6471-2703,C18H19N3O
F2487-0044,C14H17ClN2O3
F6525-5257,C15H14N4OS
F6571-5644,C16H16N2O2S
F6414-1446,C16H18N2O2S
F5860-0332,C15H20N4O3
F6549-7217,C14H17N3O3S
F6789-0571,C18H19N3O2
F5033-2029,C18H21N3O2
F6212-0310,C16H19N5O2
F3386-2595,C15H25NO4S
F6200-4013,C16H19N3O4
F6451-1823,C17H21NO3S
F1736-0150,C16H19NO4S
F2135-1077,C17H13N3O2S
F6791-8270,C17H20N6O
F3139-1935,C19H18O5
F6562-4193,C17H21N5O2
F5310-0050,C18H19NO3S
F6822-3036,C18H23FN4O
F6484-0428,C16H20N4O2S
F6573-9266,C13H13F3N2O3S
F6573-9642,C18H17N5O2
F5955-0092,C19H24N6
F6438-2228,C15H16ClFN4O2
F6440-3203,C18H17N3O4
F5017-1781,C16H24N2O4S
F6658-5919,C18H23N5O2
F6435-9113,C15H18ClNO4S
F5854-2577,C18H17FN2O2S
F6670-7027,C18H15N7O
F6454-0759,C17H22F4N2O
F6481-4601,C13H20N2O3S3
F6390-2721,C18H20FNO3S
F6474-3843,C20H22N4O2
F6673-9368,C17H19ClF2N4
F6443-7949,C22H31N3O
F6525-7608,C19H21N3O2S
F5596-1005,C18H16FN3O2S
F6660-0351,C19H26N4O3
F6436-0673,C18H21FN4O3
F6378-0005,C17H22N4O3S
F6442-1937,C15H19F3N2O3S
F6521-7624,C21H23N3O3
F5323-0364,C20H18FN3OS
F6559-0088,C15H13Cl2N3O2S
F6573-8354,C19H19FN4O3
F6261-0490,C19H20N2O2S2
F5822-0098,C23H23N3O2
F6178-6197,C18H21N3O4S
F6442-0072,C18H16FNO5S
F6445-1656,C21H22N4OS
F1015-0276,C20H16N2O2S2
F6435-3425,C22H23NO3S
F6296-1183,C16H15F2N3O2S2
F3375-1282,C21H24N2O5
F1651-0112,C20H22N2O2S2
F2672-0014,C21H26ClN3O2
F5069-0256,C19H17ClFN3O3
F5023-0063,C20H26N2O4S
F5882-1899,C15H18Cl2N2O4S
F6451-1246,C20H24FNO4S
F6442-2704,C18H18ClNO3S2
F6670-4926,C21H21FN4O3
F6411-5155,C19H18N4O4S
F6559-3583,C15H15BrF2N4O2
F6734-0078,C15H17F3N6O2S
F2877-0311,C22H20N4O4
F6660-0579,C23H26N4O3
F5570-0101,C18H20ClN3O4S
F6506-5040,C18H25N3O6S
F2493-1852,C21H19ClN2O5
F6594-1588,C25H28N4O2
F6561-5568,C20H25N3O3S2
F6195-7210,C21H18N4O4S
F3074-0039,C19H12BrN3O2S
F2724-0307,C19H17BrN4O3
F3077-1197,C19H18BrN3O2S
F6276-0303,C20H19FN2O4S2
F2696-0623,C20H15F4N3O2S
F6510-1752,C19H19F3N4O3S
F6753-2100,C19H23F2N3O3S2
F6469-1241,C25H19FN2O3S
F5570-1137,C21H27N3O6S
F2018-7955,C22H19F3N4O2S
F3367-0056,C21H20BrN3O3S
F2652-1749,C23H20ClN3O3S2
