# All user editable compound information in the PCDL Manager compounds tab can be imported
# A minimum of formula or mass plus one identifier must be populated for compound import (recommended is formula and at least one other identifier, see examples)
# Multiple synonyms can be entered into the Synonyms column when separated by ';' (e.g. L-Isoleucine; 2-Amino-3-methylvaleric acid)
# All compounds will be assumed to be of a neutral ion type, unless a 1 is entered in the Cation or Anion column
Name,Formula
F6661-7208,C13H16FNO3
F6789-0558,C15H19N3O
F6512-0607,C13H15N3O3
F6661-9092,C14H13F2NS
F6435-9033,C12H15NO4S
F2487-0160,C15H16N2O3
F1907-9327,C12H16F3N3O
F6559-1459,C15H16F2N2O
F6571-6307,C15H23NO4
F1913-8631,C16H20N4O
F6246-1164,C13H13N5OS
F5330-0688,C14H15N3O2S
F1913-1190,C16H21NO2S
F1443-1450,C14H18N2O3S
F6512-0256,C16H16N4O2
F6476-7276,C16H18N4O2
F6804-8564,C15H19F3N2O
F6696-0137,C16H19FN4O
F6481-4401,C14H15N3OS2
F3375-1308,C17H17N5O
F6471-7701,C17H14N2O2S
F1512-0133,C17H16N2O2S
F6660-1380,C16H14N2O3S
F3394-1355,C13H11F3N2O2S
F0840-0149,C20H31NO2
F6381-6147,C20H21N3O
F3348-0106,C18H16FN5
F6472-0567,C16H21NO4S
F5854-4146,C16H14F3NOS
F5835-0538,C19H19FN2O2
F6445-6813,C17H16N2OS2
F6791-9178,C15H19N7S
F2691-0623,C15H14FN5OS
F6199-0154,C17H21FN4O2
F6573-6378,C17H16F2N2O3
F6555-0191,C19H21N5O
F6808-5878,C16H14F3N3S
F5001-2941,C19H18N2O4
F6571-1819,C17H25NO4S
F6435-1764,C17H28N2O3S
F0305-0009,C17H14N2O4S
F5791-1363,C17H17N3O3S
F6799-8697,C17H20N4O2S
F3375-3061,C20H19N5O
F5854-5691,C15H13F4NO2S
F5582-0114,C20H16N2O4
F6482-6478,C20H19N3O3
F5787-1859,C16H18ClN3O2S
F6178-7542,C18H25FN2O2S
F6818-1174,C14H16F2N6OS
F6764-2049,C22H21N5
F6748-8262,C18H20ClN5O
F2135-1800,C18H18ClN3OS
F2496-0343,C18H13ClFNO4
F5940-0325,C23H26N2O2
F2275-0327,C20H20N4O3
F6442-2658,C16H15ClN2O4S
F0745-0755,C19H21N5OS
F6442-0814,C17H23NO4S2
F6656-2185,C20H26N4OS
F6524-6217,C17H22F2N2O3S
F2648-0729,C18H18N2O3S2
F3347-0146,C20H25NO6
F5497-0078,C18H23N3O2S2
F5003-0466,C17H26N6O2S
F0745-0398,C21H20N2O3S
F6795-5347,C18H22F3N5O
F6497-8149,C13H20F3N5O3S
F2984-0204,C17H17Cl2NO3S
F6761-7425,C19H22N4O3S
F6520-1911,C18H16N2O4S2
F5796-1672,C19H23N3O4S
F6764-1938,C23H26N4O2
F2751-0353,C18H20N2O6S
F6479-6019,C21H23N5O3
F6430-0222,C18H17N7O2S
F6178-7238,C20H32N2O4S
F6242-0115,C22H18N6O2
F6148-0080,C19H18ClFN6O
F5614-0443,C23H22N4O3
F6619-7353,C20H32N6O3
F6472-7109,C21H18ClN5O2
F6727-3911,C17H18F3N7O2
F5672-0204,C18H18Cl2N2O3S
F6295-0885,C24H22N4O3
F6502-7369,C20H23N3O3S2
F6261-3946,C18H14BrClN2OS
F6064-1887,C23H26N4O2S
F6617-7565,C22H21F2N5O2
F6786-6104,C21H24N4O4S
F0652-0062,C21H25N3O5S
F5017-3872,C22H27FN2O4S
F2442-0640,C23H24ClN5O2
F6557-1428,C21H29FN2O5S
F5591-1417,C24H25N7O2
F6448-2249,C25H26N4O4
F3167-1594,C20H22ClN3O3S2
F3382-3600,C24H22N4O4S
F6548-2216,C25H18FN3O4S
F3411-7171,C25H21N5O4S
