# All user editable compound information in the PCDL Manager compounds tab can be imported
# A minimum of formula or mass plus one identifier must be populated for compound import (recommended is formula and at least one other identifier, see examples)
# Multiple synonyms can be entered into the Synonyms column when separated by ';' (e.g. L-Isoleucine; 2-Amino-3-methylvaleric acid)
# All compounds will be assumed to be of a neutral ion type, unless a 1 is entered in the Cation or Anion column
Name,Formula
F2783-1249,C11H14N2O3S
F5652-2033,C13H14N4O2
F1915-6810,C16H27N3
F6480-6416,C13H19N3O3
F6190-1983,C17H19NO2
F6540-5424,C16H24N4
F6608-0580,C9H10BrFN2O2
F6559-5573,C10H9F4N3O2
F5857-5959,C13H18N2O3S
F6802-9507,C15H15N3OS
F6372-0531,C15H17N3O3
F3098-7366,C15H19N3OS
F6502-5990,C12H9FN4O2S
F5490-1285,C17H18N4O
F6808-5486,C14H24N4OS
F6561-5006,C19H26N2O
F1018-1403,C15H8ClNO4
F6519-4149,C14H13N3OS2
F5526-0294,C17H17F2NO2
F6184-0233,C14H16N2O2S2
F2716-0081,C18H18N2OS
F6550-4633,C16H16N4O3
F5772-6467,C19H14N4O
F6604-7379,C16H17ClN4O
F5857-6659,C16H18N2O3S
F5788-1234,C14H13FN4O2S
F6844-6090,C20H23N3O
F6660-3445,C17H17N5O2
F6564-7860,C14H19N3O4S
F6485-1967,C18H22N4O2
F6372-0262,C16H16N4O2S
F6724-3443,C17H23N5S
F6734-1474,C16H18FN5S
F6502-1169,C14H12ClN5OS
F6446-0090,C19H18N4O2
F0725-0480,C18H12N2OS2
F6554-5926,C17H20ClNO4
F6724-5544,C15H22N4O3S
F6473-2107,C18H21N5O2
F6553-7096,C19H16ClNOS
F6524-6191,C15H22N2O3S2
F6805-9057,C17H18ClN5O
F5854-4621,C19H24N2O2S
F5833-1182,C19H27N3O3
F6806-6669,C15H17ClF3N3O
F6573-7377,C18H16N6O2
F6057-0721,C16H23N5O2S
F6526-0156,C17H16F3N3O2
F5940-0333,C22H28N2O2
F6619-7630,C16H18N8S
F6436-2774,C16H15F3N2O2S
F6381-4087,C21H24FNO3
F6680-3317,C18H21N3O3S
F2167-1124,C18H14F3N3O2
F6482-7679,C17H12F3N3OS
F6562-0738,C21H24N4O2
F6474-3710,C21H19ClN2O2
F6806-5388,C21H25N3O3
F2774-2999,C19H19N3O5
F5017-1395,C15H18ClN3O2S2
F6549-1629,C19H24N4O2S
F6529-3799,C15H17F3N4O4
F6473-0779,C17H17BrN2OS
F3411-1999,C20H19N5O3
F6359-5055,C16H18BrN3O3
F5055-0198,C20H20N4O4
F5449-0145,C17H16Cl2N2O4
F3222-5208,C20H21N3O5
F2779-0290,C20H19NO5S
F6658-5890,C20H26N4O2S
F5773-0086,C18H20N4O2S2
F6525-2354,C17H23N7O2S
F6805-9832,C18H18ClN3O3S
F6451-0340,C19H24N2O5S
F6679-2484,C17H16BrClN2O2
F6597-2506,C19H20F3N3O3
F6473-8431,C18H20ClNO5S
F6796-3428,C20H26N6OS
F6250-0412,C22H25FN2O4
F3407-4536,C16H14BrN5OS
F6557-0405,C20H23NO4S2
F3411-8376,C23H22FN3O3
F1711-0474,C17H12Cl2N2O4S
F2393-0382,C22H24N2O2S2
F6436-2167,C20H18BrNO2S
F5317-0220,C21H24FN3O5
F2373-1610,C23H20N2O6
F2629-0180,C19H16F3N3O3S
F2385-0110,C22H19ClN2O3S
F3406-4328,C20H17BrFN3O2
F2490-0381,C24H29N7O
F3406-9159,C20H16ClF2N3O2S
F3371-0299,C21H15FN4O2S2
F2974-0691,C21H19N3O4S2
F5319-0834,C22H19ClF2N4O2
F2967-0258,C21H22FN3O3S2
F3348-0015,C24H23F3N6
F6411-3773,C24H25BrN4O
F8890-5643,C26H28N4O5
F2984-0637,C23H27N3O3S3
