# All user editable compound information in the PCDL Manager compounds tab can be imported
# A minimum of formula or mass plus one identifier must be populated for compound import (recommended is formula and at least one other identifier, see examples)
# Multiple synonyms can be entered into the Synonyms column when separated by ';' (e.g. L-Isoleucine; 2-Amino-3-methylvaleric acid)
# All compounds will be assumed to be of a neutral ion type, unless a 1 is entered in the Cation or Anion column
Name,Formula
F6730-0204,C14H14N4O
F6550-6643,C14H18N4O
F6300-0152,C13H14N2O4
F6782-6603,C12H14N2OS2
F6808-8407,C11H15BrN2O
F5791-0910,C14H15N3OS
F3277-0155,C16H12N4O
F6210-1121,C13H17N3O2S
F6808-5832,C16H15FN4
F6521-5207,C14H20FNO2S
F6564-3715,C14H17N5O2
F6714-0162,C15H19N3O3
F6216-0222,C15H17ClN2O2
F2184-0356,C18H22N4
F6482-7315,C12H15N3O2S2
F6371-0077,C15H13N3O2S
F5854-2904,C15H15N3O2S
F2982-0187,C16H17NO3S
F0585-0342,C19H19N3O
F5119-0216,C13H16N4O3S
F6448-1809,C17H18N4O2
F6708-8309,C18H20N2O3
F6178-6460,C16H18N4O3
F5033-2295,C16H20N4OS
F5831-5101,C17H16F2N2O2
F5831-6904,C16H20N2OS2
F5317-0539,C15H15ClN2O4
F6721-6547,C19H21N3O2
F5791-0973,C18H19N3OS
F0196-0192,C14H8F3NO3S
F6553-1195,C18H20N2O2S
F2024-0014,C19H27N3O2
F6782-3896,C18H21NO5
F3244-0385,C15H10F3N5O
F6389-1138,C18H18N6O
F6481-0842,C15H17ClN4OS
F6809-6701,C19H16FN3O2
F6562-8343,C20H22N2O3
F6801-3050,C20H25N3O2
F6743-9816,C14H19N3O3S2
F6617-2955,C19H14N6O
F6573-7494,C18H18FN3O3
F6412-1285,C19H24N2O4
F1278-0686,C14H16Cl2N2O4
F6478-1363,C17H18FN3O2S
F6539-3466,C21H20N2O3
F6400-0700,C18H27N3O2S
F6246-3363,C15H21N5O3S
F6247-0443,C17H14ClF2NO3
F3098-7454,C20H22N2O4
F3218-0039,C15H20N2O6S
F5033-1296,C20H27N3O3
F6681-3656,C19H17N7O
F5596-0791,C18H20FN3O2S
F6571-2947,C15H22FNO4S2
F5017-0311,C20H32N2O2S
F6753-2044,C17H20F2N4OS
F6550-6473,C13H13BrN4O2S
F6343-0358,C20H23N3O2S
F6275-0259,C15H15F6NO3
F6521-1618,C21H28N2O2S
F6573-8944,C21H18N4O3
F6372-1606,C20H16N4O2S
F6594-2335,C18H19N9O
F6240-7408,C19H14ClN5O2
F6503-5331,C21H24N4OS
F0306-0230,C20H18N2O4S
F6539-2256,C18H26FN3O3S
F6161-0514,C20H17F2N3O3
F6228-0560,C21H30N4O3
F5833-7284,C20H21FN2O3S
F6670-7035,C22H23N5O2
F1897-1064,C21H17N3O3S
F6438-1715,C20H20N6O3
F5581-0156,C20H18N4OS2
F5889-0501,C25H21N3O2
F6024-0878,C20H19N3O4S
F6677-3584,C15H18BrN3O3S
F3088-3223,C15H10BrCl2NO3
F6178-5446,C20H19ClFN3OS
F5012-0185,C19H23N3O5S
F6656-2869,C19H29N5O3S
F6658-4770,C18H20Cl2N4O3
F6761-2387,C23H20N6O2
F6445-1782,C20H21N3O3S2
F5754-0080,C25H31N5O
F6474-0488,C21H28N2O5S
F6225-1372,C20H20F3N3O2S
F6564-5747,C19H21F3N4O2S
F6510-3843,C20H20FN5O3S
F3411-8117,C19H21FN6OS2
F3382-7126,C23H21N3O4S
F2617-1816,C24H23ClN2O4
F3406-7875,C22H21ClFN5O2
F6279-0466,C21H27F3N2O3S
F6456-1763,C20H20F3N7O2
F2504-0568,C25H31N3O3S
F0533-0640,C24H23N3O5S
F3222-4064,C25H27N5O5
