# All user editable compound information in the PCDL Manager compounds tab can be imported
# A minimum of formula or mass plus one identifier must be populated for compound import (recommended is formula and at least one other identifier, see examples)
# Multiple synonyms can be entered into the Synonyms column when separated by ';' (e.g. L-Isoleucine; 2-Amino-3-methylvaleric acid)
# All compounds will be assumed to be of a neutral ion type, unless a 1 is entered in the Cation or Anion column
Name,Formula
F6818-1827,C14H13N5
F6608-1076,C12H11F3N2O
F6514-2686,C11H11F3N2O2
F6448-0285,C14H21N3O2
F6471-2744,C16H17N3O
F6663-5460,C16H14FNO2
F6554-9175,C11H18N2O4S
F6791-9504,C11H14F3N3O2
F2147-1630,C16H16N4O
F6677-1402,C14H19F2N3O
F6550-6805,C15H15FN4O
F6438-0812,C14H16N4O3
F6573-3638,C14H18N4O3
F6573-3255,C14H16ClN3O2
F1964-0001,C19H21NO2
F6239-0260,C16H19N5O
F6549-5768,C17H21N3O2
F6675-9657,C16H23N5O
F6438-1705,C14H16N4O2S
F5860-0368,C20H22N2O
F6617-3552,C18H15NO4
F3394-1139,C15H21NO4S
F6489-0109,C16H15N3O4
F6506-0032,C17H17NO5
F3368-0158,C17H19NO3S
F2106-0081,C19H13NO4
F3207-0011,C15H16BrNO2
F6178-7486,C17H26N2O2S
F6571-5998,C19H20N2OS
F5773-1918,C17H14N2O3S
F6372-0195,C16H17N5O3
F6709-4385,C14H11ClF3N3O
F6184-1288,C18H22N2O2S
F6192-0472,C17H14F2N2O3
F6658-5628,C15H22F3N3O2
F2815-0434,C17H18FNO3S
F6440-2433,C19H20N4O2
F6550-4678,C12H11BrN4OS
F6681-2146,C16H14ClN7
F6204-2744,C19H20N2O2S
F6734-0747,C18H20ClN5
F6515-2837,C19H23FN4O
F6420-0492,C14H14Cl2N2O2S
F5883-0899,C17H16FN3O4
F3348-0608,C18H17F3N4
F6526-0176,C20H21N5O
F6125-0821,C16H16ClN3O4
F5860-3567,C17H22N2O4S
F6471-9204,C14H16N4O3S2
F6524-1973,C18H19N5O3
F6515-0848,C18H17N3O3S
F6111-0620,C21H28N2O3
F6806-6772,C15H20F2N4O4
F6734-0663,C18H18ClFN4O
F5546-0126,C20H15ClN4O
F6753-2799,C19H29N3O2S
F3382-6808,C20H19N3O4
F0694-0024,C19H11F2N3OS
F0082-0008,C21H21FN2O3
F0793-0174,C19H18N2O4S
F5277-0428,C21H26FN3O2
F6395-3087,C20H23NO4S
F6730-0063,C16H11F6N3O
F6619-7769,C18H20N10
F6446-0135,C17H19FN4O3S
F6471-8366,C17H25N5O3S
F5832-5649,C18H18ClF2N3O2
F5763-0169,C19H22N6O3
F5337-0379,C19H20N4O3S
F6240-2258,C17H15BrN4O2
F6225-0505,C18H21N5O3S
F6036-1553,C12H12BrN3O3S2
F6441-6400,C19H22N2O5S
F6257-3588,C20H21N7O2
F6518-4453,C19H20FNO5S
F0920-6403,C20H22N6O3
F6436-2469,C17H25BrN4O2
F6796-4049,C20H27N7S
F6503-5051,C21H25N3O3S
F2707-0361,C21H27N3O5
F5190-1799,C17H16F4N2O3S
F6478-1140,C18H22N4O5S
F6559-2193,C20H23F3N4O2
F6726-1863,C15H17ClF3N3O3S
F1605-0164,C26H23NO4
F6471-8337,C18H20N6O4S
F6497-0650,C22H34N4O4
F6658-2520,C21H23N7OS
F5855-0696,C22H21FN4O2S
F6444-1766,C22H22FN3O5
F3394-1084,C22H26N2O5S
F3164-0469,C23H20FN5O3
F5527-0490,C24H25ClN4O2
F6796-7193,C21H25N7O2S
F5232-0041,C22H21F3N6O
F5912-0894,C23H23N7O3
F5250-0152,C24H28N6O3
F3165-1088,C21H19ClN4O6
F6200-3392,C23H26N4O5S
F1605-0267,C25H26N2O6S
