# All user editable compound information in the PCDL Manager compounds tab can be imported
# A minimum of formula or mass plus one identifier must be populated for compound import (recommended is formula and at least one other identifier, see examples)
# Multiple synonyms can be entered into the Synonyms column when separated by ';' (e.g. L-Isoleucine; 2-Amino-3-methylvaleric acid)
# All compounds will be assumed to be of a neutral ion type, unless a 1 is entered in the Cation or Anion column
Name,Formula
F6724-2970,C14H14N4O
F6546-1833,C14H18N4O
F6445-7208,C13H14N2O4
F6755-2827,C12H14N2OS2
F6482-3506,C9H10N4O2S2
F1016-0393,C14H15N3OS
F1605-0294,C16H12N4O
F5857-6507,C15H18ClNO2
F6540-0465,C13H19ClN4O
F1923-1368,C11H18F3NO4
F6549-3539,C14H17N5O2
F6739-8274,C15H19N3O3
F6210-1030,C15H17ClN2O2
F2184-0331,C18H22N4
F6515-4756,C12H15N3O2S2
F5857-1204,C15H13N3O2S
F6436-2035,C15H15N3O2S
F6413-2492,C16H17NO3S
F6751-4278,C19H19N3O
F6223-0007,C13H16N4O3S
F6015-0010,C17H18N4O2
F6521-9337,C18H20N2O3
F6473-7013,C16H18N4O3
F2146-0633,C16H20N4OS
F6475-5921,C17H16F2N2O2
F6031-2305,C13H18F2N2O3S
F2471-1155,C15H15ClN2O4
F6617-6349,C19H21N3O2
F6677-1236,C18H19N3OS
F6563-0045,C14H14ClNO2S2
F6436-1183,C18H20N2O2S
F6031-1201,C19H27N3O2
F6517-3838,C18H21NO5
F6431-0096,C15H10F3N5O
F6363-0691,C18H18N6O
F2551-0022,C16H12N6OS
F6482-5570,C19H16FN3O2
F0613-0156,C20H22N2O3
F6484-0351,C20H25N3O2
F6442-1282,C16H20ClNO3S
F6473-6549,C18H18N2O5
F2416-1158,C18H18FN3O3
F2261-0232,C19H24N2O4
F0882-0805,C16H14N2O3S2
F6359-3018,C17H18FN3O2S
F3385-2780,C21H20N2O3
F6556-6588,C18H27N3O2S
F6562-4482,C15H21N5O3S
F1756-0348,C14H21Cl2NO3S
F6482-2315,C20H22N2O4
F3374-0865,C18H17ClN4O2
F6660-1291,C20H27N3O3
F6675-8563,C19H17N7O
F6478-0808,C18H20FN3O2S
F6442-1793,C18H21NO3S2
F6752-4806,C23H28N2O2
F6443-9588,C17H17F3N4O2
F6478-1753,C13H13BrN4O2S
F1840-0102,C20H23N3O2S
F5600-0486,C18H15ClFN5O
F5855-0001,C21H28N2O2S
F6515-1354,C21H18N4O3
F1874-0125,C20H16N4O2S
F6529-1263,C15H22F3N5O3
F3411-8164,C19H13F4NO3
F6725-1198,C21H24N4OS
F5871-4744,C15H18F4N2O3S
F6253-3602,C18H26FN3O3S
F2668-0149,C20H17F2N3O3
F5823-0923,C21H30N4O3
F6473-8582,C20H21FN2O3S
F5072-3894,C22H23N5O2
F5318-0134,C21H17N3O3S
F6222-0270,C20H20N6O3
F6561-1548,C20H15FN4O2S
F6476-4175,C25H21N3O2
F2605-0121,C20H19N3O4S
F3167-0348,C18H14BrN3O3
F2518-1044,C13H6BrCl2N3O3
F6436-1827,C20H21NO4S2
F6680-3183,C19H23N3O5S
F6523-4433,C19H29N5O3S
F6279-0295,C19H17F3N2O3S
F6495-4168,C23H20N6O2
F6471-8701,C20H21N3O3S2
F6240-2962,C25H31N5O
F6471-0103,C24H25ClN4O
F6411-0524,C23H16F3N3O2
F5871-4155,C19H21F3N4O2S
F2048-0097,C22H23NO6S
F6240-2379,C20H21ClN4O5
F3309-2774,C23H21N3O4S
F2548-0136,C24H23ClN2O4
F6441-6707,C22H23N3O5S
F5031-0218,C26H24N2O5
F6456-2308,C20H20F3N7O2
F1161-0040,C28H27N3O3
F2515-2863,C24H23N3O5S
F3382-6799,C25H27N5O5
