# All user editable compound information in the PCDL Manager compounds tab can be imported
# A minimum of formula or mass plus one identifier must be populated for compound import (recommended is formula and at least one other identifier, see examples)
# Multiple synonyms can be entered into the Synonyms column when separated by ';' (e.g. L-Isoleucine; 2-Amino-3-methylvaleric acid)
# All compounds will be assumed to be of a neutral ion type, unless a 1 is entered in the Cation or Anion column
Name,Formula
F1907-2549,C10H7BrN2O
F5857-6327,C13H22N2O3
F6548-0626,C12H9N3O2S
F6542-5861,C14H18N2OS
F6471-7241,C13H12F2N2O2
F6724-5312,C15H14N2OS
F6562-9474,C14H15N3O3
F5857-0388,C14H16N2O4
F6609-8252,C15H18FNO3
F6752-2293,C13H22N4OS
F6809-5853,C16H19N3O2
F1155-0421,C17H21NO3
F6471-1820,C17H23NO3
F6619-8051,C12H16N6OS
F6442-2447,C13H13NO5S
F2434-0692,C16H12FN3O2
F3406-3311,C16H14FN3S
F6439-4633,C13H14F3N3O2
F6415-0080,C16H17NO5
F3097-3724,C18H27NO3
F2391-0894,C15H20N2O3S
F6573-0278,C16H18N6O
F5832-4892,C17H20N4O2
F6804-8578,C16H21F3N2O
F6668-2963,C16H20N4O3
F6559-1751,C15H18N4O4
F6125-3060,C16H20N2O3S
F6799-8698,C14H15FN4O2S
F6702-2157,C18H21N5O
F2602-0239,C19H20ClN3
F3296-0454,C16H13N3O3S
F5498-0070,C17H20N4OS
F6445-0527,C16H14N2O2S2
F6414-6174,C17H21N3O4
F6473-6059,C17H16FNO5
F6244-1570,C18H26N2O2S
F6524-5877,C14H11F3N6O
F1716-0366,C20H19NO4
F6495-2730,C19H22N4O2
F6475-2715,C15H14Cl2N2O3
F5641-0011,C18H13F2N3O2
F5791-2683,C17H18N4O4
F5017-3686,C15H22FN3O3S
F6619-7481,C17H24N6O2
F6810-5844,C16H19BrN4
F1512-0125,C18H21NO4S
F6573-7389,C20H20N4O2
F6802-6354,C19H28FN3O2
F5882-6420,C19H18FN5O
F0674-0064,C18H15N3O3S
F5033-2364,C19H22N4O3
F6473-0567,C19H20N2O3S
F6257-5246,C13H15ClN4O2S2
F6556-6395,C19H25N3O2S
F6803-0189,C18H23N3O3S
F2545-0228,C16H20F3NO3S
F6484-0189,C15H16BrN3O3
F6734-0525,C16H17F3N6O
F3386-2998,C14H22Cl2N2O3S
F6737-9392,C19H23N5OS
F0818-0062,C19H18FN3O2S
F6451-2841,C14H13BrClNO2S
F6761-7722,C18H17F3N6
F2758-0611,C18H15F3N4O2
F6523-4414,C21H23N5O2
F6414-2173,C19H22ClNO3S
F3382-8398,C21H24N4O3
F6475-1364,C18H17F3N2O4
F6606-1310,C21H25N3O4
F6670-4878,C21H21ClFN3O
F6521-7910,C17H19Cl2NO3S
F3394-0951,C20H24N2O4S
F5621-0047,C23H27N5O
F5072-7631,C19H22ClN3O2S
F5831-8169,C20H23F3N4O
F6510-2213,C17H19FN4O4S
F6524-1714,C21H22FN5O2
F3406-1353,C21H20FN3O2S
F6521-7916,C21H18ClNO3S
F6442-0131,C20H16FNO3S2
F6525-7426,C19H21N3O5S
F1695-0073,C24H23NO5
F3382-7242,C17H13ClN2O6S
F1032-0054,C20H24Cl2N2O3
F6089-8644,C24H29FN2OS
F6411-0930,C21H22ClN3O4
F6796-7060,C16H19BrN8O
F6560-1257,C22H24N6O3
F6529-3522,C19H20F3N5O3
F1285-1304,C25H22N4OS
F6660-0816,C20H23N5O4S
F6685-8610,C18H23F3N4O3S
F2805-0023,C19H25N5O5S
F6359-0646,C22H25F3N2O2S
F6670-4576,C23H27N3O4S
F3398-4748,C26H28N4OS
F2068-0601,C22H29N3O5S
F3406-2245,C24H21F3N4O2
F2737-0595,C24H22N2O4S2
F5089-0639,C25H26N4O4S
