# All user editable compound information in the PCDL Manager compounds tab can be imported
# A minimum of formula or mass plus one identifier must be populated for compound import (recommended is formula and at least one other identifier, see examples)
# Multiple synonyms can be entered into the Synonyms column when separated by ';' (e.g. L-Isoleucine; 2-Amino-3-methylvaleric acid)
# All compounds will be assumed to be of a neutral ion type, unless a 1 is entered in the Cation or Anion column
Name,Formula
F6554-8222,C12H12ClNOS
F6471-2549,C15H15NO3
F6522-1042,C14H15NO2S
F5302-0123,C13H20N4O2
F6807-9622,C17H20N2O
F6512-0901,C13H12N4OS
F3368-0191,C15H17NO2S
F6560-3047,C12H14N4O2S
F1274-0039,C16H15N3O2
F6478-2635,C15H16N4O2
F2716-0556,C11H8F3N3OS
F6724-4368,C14H12ClN3O2
F1905-0423,C14H17N3O2S
F6667-0580,C11H11BrN4O
F6356-0634,C17H16N2O3
F6808-9091,C12H18N4O3S
F6806-6263,C11H19F3N2O2S
F6619-7123,C16H19ClN4
F3406-9725,C16H24N4O2
F6672-1312,C14H18ClN5O
F6744-6047,C14H23N5O3
F6656-2599,C19H25N3O
F6464-0174,C20H24FNO
F6559-6545,C16H21N5O2
F6597-0672,C17H23N3OS
F6496-1547,C18H17N5O
F0882-2748,C15H19N3O3S
F6275-0199,C14H14F5NO2
F6258-0229,C12H12BrN3O3
F6678-9243,C18H19ClN4
F6525-2625,C18H25N5O
F0687-0494,C17H19N3O2S
F6502-7556,C16H14ClN3OS
F6619-7615,C17H16N8
F5854-4619,C17H19ClN2OS
F6808-5225,C16H22ClN5O
F9994-0599,C16H16ClNO3S
F6471-2629,C16H19FN2O3S
F6438-3037,C17H17N5O3
F6513-5669,C15H24N4O3S
F6438-2440,C19H27N5O
F5854-1104,C17H17N3OS2
F1773-0402,C18H20N2O3S
F5673-0013,C18H20FN3O3
F6512-0468,C10H10BrN3O2S2
F6805-7891,C15H11F3N6O
F6559-6795,C15H14F3N7
F6522-0613,C16H11ClFNOS2
F1105-0214,C20H20N2O4
F5460-0244,C17H14N4O3S
F6484-0219,C19H21N3O4
F6482-5856,C19H14F3N3O
F1589-0400,C19H15Cl2NO2
F6822-3649,C19H25FN4O2
F6089-4958,C19H26N2O3S
F6512-2060,C18H24N2O2S2
F6806-4837,C19H23N7O
F2410-0957,C20H18FN3O3
F6562-5961,C17H24BrNOS
F6488-2659,C19H22N4O4
F6475-6657,C19H20N2O4S
F6709-3778,C12H11BrN2O3S2
F6479-4264,C19H22FN3O2S
F5075-4357,C18H14F3N3O3
F3225-1551,C21H22N4O3
F6216-0141,C16H14F6N2O2
F6559-3644,C17H21F2N5O3
F6795-0109,C16H16F3N5OS
F6518-5060,C24H24N4O
F6556-0920,C20H22N2O4S
F6802-8099,C21H29N3O2S
F6041-0210,C22H19N3O2S
F6619-2881,C19H26N4O3S
F6469-0874,C19H15F3N2O2S
F6564-9003,C21H23N5OS
F5033-7700,C18H19ClFN3O2S
F6473-1851,C19H23F3N4O2
F6523-3149,C21H19FN2O5
F3411-8016,C20H17FN2O4S
F6523-0352,C19H17F3N6O
F6442-0904,C21H28N2O4S
F2347-0940,C18H12F3N3OS2
F6795-0621,C19H19N7S2
F6798-4375,C20H22FN7O2
F6474-3623,C25H22N2O2S
F3398-1055,C20H17ClFN3O2S
F6560-1347,C21H21N7O3
F6411-2896,C22H22N4O3S
F5508-0025,C21H19N3O5S
F6349-0727,C20H20N4O5S
F6436-1767,C22H26BrNO3
F1608-0281,C24H22N2O4S
F3225-1726,C22H20ClN5O3
F6497-7991,C20H23F3N4O2S
F6469-2229,C25H19F2N5O
F5088-2635,C23H22N6O2S
F3085-0001,C21H15BrN4OS
F6089-6587,C22H21F6NO3
F2927-0807,C22H17ClF2N4O2S
F2728-0765,C22H19ClN4O3S2
