# All user editable compound information in the PCDL Manager compounds tab can be imported
# A minimum of formula or mass plus one identifier must be populated for compound import (recommended is formula and at least one other identifier, see examples)
# Multiple synonyms can be entered into the Synonyms column when separated by ';' (e.g. L-Isoleucine; 2-Amino-3-methylvaleric acid)
# All compounds will be assumed to be of a neutral ion type, unless a 1 is entered in the Cation or Anion column
Name,Formula
F1358-0031,C11H9NO4S
F6608-0262,C15H17N3O
F6619-2041,C14H17N3O2
F6608-0480,C13H14ClN3O
F6520-1035,C12H13NO2S2
F6561-3321,C17H22N2O
F6543-1460,C16H23N3O
F6204-0411,C14H15NOS2
F1061-0104,C16H12N2O3
F6573-1552,C14H13N5O2
F6573-4800,C16H15ClN2O
F6473-6457,C11H16N2O5S
F6230-0218,C17H14N4O
F6554-8484,C10H9Cl2NOS2
F6804-8548,C15H16F3N3
F6573-1716,C14H15N7O
F6752-2181,C13H21N3O3S
F5860-3925,C16H19N3O3
F6619-7312,C14H21N7O
F0654-0396,C14H18N4O2S
F6246-1553,C11H8ClF4N3O
F6810-6312,C14H15ClFN3O2
F6238-0135,C15H12ClN5O
F2740-0206,C16H14ClN3O2
F6773-2799,C15H15N3OS2
F6709-0384,C17H26N4O2
F6791-8283,C19H20N4O
F6564-2473,C18H18N4O2
F0196-0128,C19H16O5
F6031-0295,C19H23N3O2
F5095-0902,C16H17N5OS
F6764-5048,C18H24N4O2
F6660-2279,C16H18N4O2S
F2055-0074,C16H13ClN2O2S
F6524-6272,C13H23N3O5S
F0266-0141,C20H14ClNO2
F6481-0218,C20H20N2OS
F8890-1337,C18H19N5O2
F6481-3583,C16H15ClFNO2S
F5230-0382,C17H16N4O2S
F6064-2324,C15H15N7O3
F6554-6050,C19H22N2O4
F5822-0545,C19H25N3OS
F6573-1609,C16H13ClFN5O
F6805-9831,C17H19ClN4O2
F6573-6425,C18H19F2N3O2
F0866-0964,C15H9Cl2N3OS
F6244-0911,C17H23BrN2O
F6727-5851,C21H25N3O2
F6416-5571,C20H19NO5
F5448-0258,C18H14ClN3OS
F6514-2220,C20H24N2O2S
F6472-8931,C16H23ClN2O3S
F5854-2876,C18H17ClN2O2S
F6515-3681,C10H11BrN4O2S2
F6443-7934,C19H20F3N3O
F6739-7746,C16H14F3N5O2
F6756-0361,C18H22N8O
F5051-0737,C19H20N4O2S
F6617-8405,C14H16BrFN4O2
F5038-0261,C18H21N5O4
F2606-0034,C19H20ClN3OS
F6562-8396,C21H30N2O4
F6559-3844,C18H24N4O3S
F6475-4189,C18H19ClN2O3S
F2564-0011,C20H21N5OS
F6482-5440,C19H16BrN3O
F2370-1008,C21H22N2O5
F6359-1332,C18H16ClF3N2O2
F5226-0197,C21H24FN3O3
F0526-1983,C20H21NO5S
F6806-4772,C20H20N8O
F3406-8268,C20H14N4O5
F5834-2023,C20H20F3N3O2
F6556-8965,C18H19NO3S3
F6480-2887,C21H22N4O2S
F6276-1100,C18H12F4N2O2S
F6252-5080,C19H20FN7O2
F6424-1049,C20H21N3O4S
F3318-0241,C20H23N3O4S
F5788-3717,C20H25N3O6
F1300-0343,C19H13F3N2O3S
F6529-3754,C19H19F3N4O3
F6726-0349,C21H23FN6O2
F5337-0286,C19H19N5O4S
F6471-1106,C16H21BrN2O4S
F6529-1673,C23H22N4O4
F6609-1441,C21H16FN5O4
F2744-1368,C20H13ClF4N2O2
F6411-2800,C21H21N3O3S2
F2417-0391,C21H19ClN2O4S
F3411-3225,C20H20ClN3O2S2
F2730-0616,C22H20N4O2S2
F6043-0301,C21H22BrN5O
F6252-5708,C23H18N6O2S
F2639-0186,C25H23N3O3S
F3407-4411,C20H19F3N6O3
F3348-0023,C23H23F3N6O
F3385-4152,C28H28N4O3
F3222-0412,C21H20ClNO6S2
