# All user editable compound information in the PCDL Manager compounds tab can be imported
# A minimum of formula or mass plus one identifier must be populated for compound import (recommended is formula and at least one other identifier, see examples)
# Multiple synonyms can be entered into the Synonyms column when separated by ';' (e.g. L-Isoleucine; 2-Amino-3-methylvaleric acid)
# All compounds will be assumed to be of a neutral ion type, unless a 1 is entered in the Cation or Anion column
Name,Formula
F0339-0032,C15H26N2O
F6666-4031,C15H17N3O
F2135-0906,C14H17N3O2
F6760-1529,C12H13N3O2S
F6553-6983,C12H10ClNO2S
F1912-0134,C14H18N6
F6541-5932,C16H23N3O
F6512-9326,C12H11N3O3S
F6015-0142,C14H14ClFN2O
F6125-0050,C14H13N5O2
F6436-3489,C15H14N2O2S
F6799-8484,C10H8F4N6
F2393-0050,C12H22N2O2S2
F6438-3459,C14H24N6O
F6481-3766,C15H21NO3S
F6760-5041,C17H16FN3O
F6554-2299,C13H21N3O3S
F6395-2117,C16H19N3O3
F6709-0401,C15H21N5O2
F6807-6960,C14H18N4O2S
F6355-0157,C13H12BrNO3
F3371-0683,C17H14ClN3O
F5448-0035,C16H12FN3OS
F6451-0890,C12H17N3O3S2
F6472-0564,C14H17ClFNO2S
F6709-0078,C17H26N4O2
F6433-0078,C19H20N4O
F3406-8157,C18H18N4O2
F1800-0098,C15H17FN2O3S
F6752-5224,C19H23N3O2
F6560-8350,C16H17N5OS
F3083-0107,C19H24N2O3
F6519-7244,C16H18N4O2S
F2496-2913,C15H12N2O3S2
F6658-5562,C16H20ClN5O
F2537-0195,C16H17NO3S2
F5600-0297,C15H20N4O3S
F6791-8287,C18H19N5O2
F6482-2286,C15H18BrNO3
F6094-0521,C17H16N4O2S
F6400-1518,C15H23N3O2S2
F6550-7749,C19H22N2O4
F1916-3107,C16H23F2N3O3
F0594-2923,C16H15N3O4S
F6562-9353,C18H14N6O2
F6752-4450,C16H21N5O2S
F0037-0112,C10H12BrN3O2S2
F0657-0055,C19H12F2N4O
F6561-1887,C22H25NO3
F3055-0105,C18H21F2NO2S
F6521-7857,C16H18ClNO2S2
F2784-0611,C20H21FN2O3
F8890-5745,C17H18N4O3S
F3301-0022,C17H16N2O3S2
F6556-3527,C20H31N3O3
F6524-1185,C17H17N9O
F5028-0071,C18H20FNO4S
F6783-6264,C18H22N8O
F6818-0611,C19H20N4O2S
F6296-1290,C17H15BrN4O
F6560-0691,C21H25NO3S
F6441-3788,C19H19NO5S
F6574-1409,C23H26N4O
F6446-1443,C18H24N4O3S
F6245-5877,C14H14F4N4O2S
F0660-0203,C22H22ClN3O
F6803-2444,C14H16BrN5O3
F6436-0547,C17H26N4O2S2
F0396-0444,C19H17ClN4OS
F5788-4112,C19H23N5O4
F6435-2632,C20H21NO5S
F6454-1190,C20H25FN4OS
F5607-0201,C16H18N6O2S2
F6495-4064,C21H21N5OS
F6476-1590,C17H17BrFN3O2
F5527-1391,C21H22N4O2S
F0412-0066,C18H12ClF3N2O3
F5033-3783,C21H23N3O5
F6162-0084,C20H21N3O4S
F6200-3158,C20H23N3O4S
F2356-1494,C18H24F3N3O4
F2200-0521,C19H16ClFN2O3S
F3406-9791,C19H22ClFN4O3
F5601-0132,C19H22N8O3
F6562-0706,C22H21Cl2N3O
F2661-0062,C19H17BrN2O2S
F6727-3943,C17H17F3N10
F6523-0161,C19H18F3N5OS
F0508-4948,C18H18Cl2N4O2S
F0885-0035,C24H17N3O3S
F6619-3598,C16H18BrF3N6
F6435-0980,C18H18F3NO4S2
F2261-0197,C21H22Cl2N2O4
F6557-0192,C23H21NO4S2
F5526-0415,C20H21F3N2O4S
F6523-3190,C25H20FN3O4
F2407-0105,C25H24N2O4S
F2545-0347,C21H32N2O5S2
F3411-3254,C24H28N4O6
F1127-0120,C27H32N2O6
