# All user editable compound information in the PCDL Manager compounds tab can be imported
# A minimum of formula or mass plus one identifier must be populated for compound import (recommended is formula and at least one other identifier, see examples)
# Multiple synonyms can be entered into the Synonyms column when separated by ';' (e.g. L-Isoleucine; 2-Amino-3-methylvaleric acid)
# All compounds will be assumed to be of a neutral ion type, unless a 1 is entered in the Cation or Anion column
Name,Formula
F6663-1276,C13H16FNOS
F1175-0153,C16H19NO2
F5857-9474,C11H19NO4S
F2135-0799,C12H12ClN3O2
F6571-5857,C12H15NO2S2
F2145-0100,C14H16N4S
F5964-0149,C15H17NO4
F6482-3352,C16H14N4O
F5490-1360,C17H19N3O
F1967-6701,C17H20N2O2
F1897-0927,C14H13N3O2S
F6360-9530,C14H15N3O2S
F3230-0335,C14H17N3O4
F0318-0070,C16H14N4S
F6573-6956,C16H16N4O2
F6133-0642,C14H22N2O3S
F6555-0169,C14H16N6O2
F6237-0109,C14H18N6O2
F6360-9481,C14H12ClN3O3
F1684-0459,C15H21N3O2S
F6677-6769,C14H12F2N2O2S
F2726-0834,C17H13FN2O3
F6265-0370,C14H16Cl2N2O2
F0196-0669,C15H9BrO3
F6562-7559,C19H27NO3
F6416-6567,C18H25NO2S
F6685-9139,C15H20ClN5O
F5787-0724,C18H17N3OS
F6554-2311,C12H12FN5O3S
F6562-2645,C17H18N4O3
F6521-7943,C14H17ClN2O3S
F6680-3022,C17H19N3O4
F0900-5504,C17H17NO4S
F6446-0219,C20H20N4O
F6559-1868,C15H18N4O3S
F6478-0584,C17H25N3O2S
F6171-0529,C16H16FNO4S
F6549-7618,C18H18N4OS
F5831-2792,C20H21NO4
F6200-0989,C20H24N2O3
F3374-0867,C18H15ClN2OS
F6556-7552,C19H18ClNO3
F6443-7658,C19H21ClN2O2
F6727-7976,C20H19N5O
F6359-1857,C16H14ClN3O2S
F6525-5685,C19H16N4OS
F6680-2915,C18H18F3N3O
F6436-1860,C15H17N3O3S2
F6514-3768,C19H20N4O3
F2205-0189,C19H18N2O3S
F6672-0350,C20H25N3OS
F6562-1129,C17H19N5O2S
F6482-5666,C17H17N3O2S2
F6553-0720,C15H14F3NO2S2
F6564-8986,C20H22N6O
F6796-3234,C19H20N6S
F6679-2783,C14H15BrN4OS
F5012-0139,C18H25NO5S
F6480-4845,C18H16ClN5O2
F6785-6231,C18H22N6O3
F6802-9957,C18H20N4O3S
F6261-1651,C19H16ClFN2OS
F6416-8624,C21H26ClNO3
F5854-2997,C21H19N3O2S
F6562-4273,C20H22N6O2
F6261-1748,C21H20N2O3S
F6783-5837,C19H20FN7O
F6539-3290,C21H21NO4S
F6184-0325,C15H16BrNO2S2
F6814-6679,C19H22N4O3S
F1492-0026,C18H17BrN2O3
F6475-2963,C19H20FN3O5
F2267-0048,C21H30N2O3S
F6412-2361,C19H15F3N2O4
F6549-9020,C19H27N3O4S
F6469-1036,C21H18FN3O2S
F5868-0348,C19H24N8O2
F5825-0246,C20H22N4O3S
F5098-0610,C21H21ClN2O4
F2297-0020,C21H26N2O4S
F6556-5136,C22H32N2O3S
F6559-2150,C18H16F3N5OS
F2662-0115,C22H23N3O3S
F6608-3909,C22H33N7O
F1122-0904,C22H26N2O4S
F2725-1231,C21H18F3N3OS
F6148-0176,C21H25N9O
F2334-0436,C22H22N4O5
F5855-0884,C19H27N3O4S2
F3385-2342,C23H24O8
F6245-7091,C23H21N5O2S
F6523-0889,C21H27ClN4O2S
F6510-1364,C22H23N5O3S
F2318-0236,C22H25ClN6O2
F6043-0793,C23H24F3N5O
F6247-2094,C24H23FN6O2
F5999-0209,C22H26N8O3
F3375-0260,C23H18ClF3N2O3
F3411-4972,C26H30N6O3
F2710-0609,C22H18ClN3O4S2
