# All user editable compound information in the PCDL Manager compounds tab can be imported
# A minimum of formula or mass plus one identifier must be populated for compound import (recommended is formula and at least one other identifier, see examples)
# Multiple synonyms can be entered into the Synonyms column when separated by ';' (e.g. L-Isoleucine; 2-Amino-3-methylvaleric acid)
# All compounds will be assumed to be of a neutral ion type, unless a 1 is entered in the Cation or Anion column
Name,Formula
F2209-0004,C16H13NO2
F6790-3946,C10H13BrN2O
F3254-0109,C15H33NO2
F6502-9145,C13H17N3OS
F9995-0071,C14H15F2NO2
F5127-0253,C14H13N3OS
F6709-4061,C15H15ClN2O
F5243-1063,C13H15N3O2S
F5061-0083,C11H16N6OS
F6573-5323,C16H17N3O2
F6480-5663,C11H18N4O3S
F6549-7359,C14H16N4OS
F6415-0218,C15H18N2O4
F6676-9791,C14H13ClFN3O
F5490-1267,C16H17N5O
F6312-0228,C17H19N3O2
F6810-5334,C16H20F3NO
F5865-0305,C14H19N7O
F3411-1920,C15H13FN2O2S
F6724-4815,C18H18N4O
F6660-6509,C13H15N3O4S
F1143-1150,C17H17N3OS
F0014-0392,C18H13F2NO2
F5791-1981,C16H14FN3O3
F6359-1423,C16H16ClN3O2
F6724-4530,C15H14ClN3OS
F6438-0409,C15H24N6O2
F6573-8554,C14H19FN6O2
F5600-0035,C15H15F3N4O
F6510-4552,C14H12ClFN2O2S
F6436-1004,C14H21N3O4S
F1601-0427,C10H8BrN3O3S
F6524-2823,C16H18N4O4
F5094-1014,C15H16N4OS2
F5577-0024,C17H20FN3O3
F6225-0762,C14H14FN5O2S
F6523-1667,C15H21ClN6O
F6687-7377,C20H23N3O2
F3144-0005,C16H13N5O2S
F6774-4121,C15H15F3N4O2
F6471-5692,C17H19N5OS
F3348-0761,C18H22N4O3
F6656-4563,C18H25N5O2
F3296-0789,C17H16FN3O2S
F6454-0614,C16H21F3N2OS
F5659-4913,C21H21N3O2
F6517-3157,C17H13F2NO3S
F6561-0658,C16H19FN4O2S
F6369-0428,C15H10F2N2O2S2
F6529-2358,C19H19N3O4
F5854-2651,C19H17NO4S
F6192-0375,C20H24N2O4
F6441-4521,C19H22N2O3S
F6155-0209,C20H16N4OS
F5836-0129,C20H14N2O3S
F6443-7783,C22H22FN3O
F5972-0379,C18H23NO5S
F6436-3704,C15H14BrNO3S
F1835-0244,C18H20N6OS
F3301-0171,C16H14N6O3S
F6523-4629,C19H25N5OS
F1374-1884,C19H17F2N3O3
F3407-4902,C16H14ClN5O2S
F6497-8028,C16H23F3N4O3
F2042-0414,C18H22N2O3S2
F5835-0556,C18H25N3O4S
F5802-0112,C17H19NO7S
F6359-1896,C20H22N4O4
F6390-3155,C18H19F3N2O2S
F6562-4457,C20H27N5O3
F2495-1068,C19H21N3O4S
F6612-0059,C23H24N4O2
F6445-1559,C21H18N4O2S
F3406-0810,C21H21N5O3
F6279-0405,C18H19NO7S
F5882-6109,C21H22N4O4
F5834-1441,C21H17FN2O3S
F6438-3646,C19H23N7O3
F5788-1935,C20H22ClN5O2
F5596-0661,C24H23N3O3
F2833-0073,C17H10BrClN2O3
F6764-3358,C21H18N4O3S
F3249-0180,C22H24N4O2S
F0453-0118,C15H8BrClFN3OS
F2325-0227,C21H23N3O4S
F5854-0485,C21H21ClN2O3S
F3406-2735,C24H26N4O3
F6521-1718,C22H28ClNO3S
F6556-5309,C17H23F3N2O3S2
F5254-0289,C22H22FN3O3S
F3411-5769,C24H19FN4OS
F6286-0958,C19H17F6N3O2
F6529-3513,C19H19F3N6O3
F6497-7793,C22H22FN5O2S
F3188-0035,C26H22N2O5
F0834-1181,C22H27N3O5S
F5912-0953,C21H28N4O5S
F2756-0717,C23H27N3O3S2
F2382-0650,C25H25F2N3O4
F2756-1831,C26H31N3O4S
