# All user editable compound information in the PCDL Manager compounds tab can be imported
# A minimum of formula or mass plus one identifier must be populated for compound import (recommended is formula and at least one other identifier, see examples)
# Multiple synonyms can be entered into the Synonyms column when separated by ';' (e.g. L-Isoleucine; 2-Amino-3-methylvaleric acid)
# All compounds will be assumed to be of a neutral ion type, unless a 1 is entered in the Cation or Anion column
Name,Formula
F2145-0743,C12H14N2O2S
F6782-3825,C12H11F2NO3
F6546-1865,C13H13N3OS
F6709-4649,C14H18N2O3
F6681-3638,C15H14N4O
F5306-0444,C15H14N2O3
F6724-4043,C13H15N5O2
F2158-0823,C15H20N2OS
F0314-0119,C15H21NO4
F6616-7358,C11H11BrFN3
F6672-0043,C15H19N5O
F6436-1897,C16H21N3O2
F6660-4517,C12H10N4O3S
F6524-5594,C12H16N6O3
F6560-6339,C16H13N3OS
F6435-9049,C14H19NO4S
F5831-3142,C18H18ClNO
F6520-1748,C17H19NO2S
F5954-0035,C16H13N7
F0378-0069,C17H10N2O2S
F6809-1234,C16H21ClN2O2
F6482-5611,C18H22N4O
F5857-2613,C19H24N2O2
F6444-6406,C17H22N4O2
F6619-7663,C15H20N6O2
F6521-5145,C17H22N2O2S
F6560-6749,C18H16N4O2
F6796-1030,C16H14N6S
F2580-2091,C13H10BrFN2O2
F6200-3801,C18H19N3O3
F5868-0129,C14H12F3N3O3
F5981-0041,C17H20N4O3
F3266-0163,C15H14N4O3S
F6658-6130,C16H21N5O3
F6524-4013,C16H19N3O3S
F6031-0338,C18H26N2O4
F6555-0447,C15H17FN4O2S
F2758-0696,C19H19N3O3
F6523-1654,C18H22N6O
F6445-6581,C18H16N2OS2
F6192-1075,C19H19NO3S
F2539-0778,C19H19FN2O3
F6560-4170,C17H21N5OS
F6482-2380,C13H16BrNO3S
F6724-0492,C16H18N4OS2
F6089-6524,C17H21N3O3S
F5822-1976,C17H24N4O2S
F6782-1875,C15H11FN2O5S
F6721-6532,C20H21N3O3
F6514-8643,C19H16FN3OS
F5669-1078,C15H26N6O2S
F5860-2691,C18H17FN4O3
F6816-4393,C14H13F3N4O2S
F6454-1023,C17H24F3N3O2
F6525-7628,C20H19N5O2
F6549-5161,C17H21N3O4S
F6476-7316,C17H17Cl2N3O2
F0223-0036,C21H22N2O4
F6443-5562,C20H17ClN2O3
F6713-5969,C21H19N7
F6284-0510,C20H16F3N3O
F6681-8848,C16H16BrN5O
F6111-1957,C23H22N2O3
F6436-1171,C22H20N2O2S
F1677-0665,C21H31NO3S
F5481-0025,C19H17N5O2S
F6619-7203,C20H24N6O2
F6752-3891,C17H20F2N4O2S
F6440-4367,C22H29N3OS
F1543-0351,C20H23N3O3S
F6802-7645,C16H20BrF2N3O
F6469-3259,C22H20N4O3
F6809-5779,C14H14BrF3N4O
F6430-0667,C18H16F3N5O2
F6619-3821,C19H23F3N6
F6374-1490,C18H23ClN4O2S
F6556-5705,C19H29N3O4S
F6475-1811,C18H24ClN3O5
F5027-0718,C19H17F4NO2S
F6692-5942,C17H20BrN7
F2382-0431,C23H21N3O2S
F5040-0236,C22H23N5O3
F6681-8677,C17H21BrN4O3
F5324-0068,C21H22N4O3S
F0694-0288,C18H12BrN3O2S
F2517-0177,C21H22FN3O5
F6523-0592,C17H18F4N4O2S
F6673-4832,C23H28N6O2
F5912-0942,C23H25N3O3S
F2495-0985,C22H26N4O3S
F1651-0002,C22H27N3O4S
F3406-3355,C24H24N4O2S
F6475-3798,C22H24F3N3O3
F6503-5299,C24H27ClN4O2
F0643-0039,C27H27N3O3
F0348-4343,C26H40N2O4
F3406-9806,C24H29N7O2
F2048-0221,C21H17F4NO4S
F6036-0535,C21H18BrN5O3
F2812-0012,C25H25N3OS3
