# All user editable compound information in the PCDL Manager compounds tab can be imported
# A minimum of formula or mass plus one identifier must be populated for compound import (recommended is formula and at least one other identifier, see examples)
# Multiple synonyms can be entered into the Synonyms column when separated by ';' (e.g. L-Isoleucine; 2-Amino-3-methylvaleric acid)
# All compounds will be assumed to be of a neutral ion type, unless a 1 is entered in the Cation or Anion column
Name,Formula
F6438-6357,C12H18N2O2S
F5772-7286,C14H18N4O
F6549-6287,C12H14N4OS
F1386-0115,C13H12Cl2N2
F2147-0564,C10H11BrN2S
F5860-4619,C12H16FNO3S
F1736-0286,C14H16N2O2S
F6514-9383,C16H13N3O2
F6573-6216,C14H16F2N2O2
F6448-1483,C12H19N3O3S
F6471-2597,C17H21NOS
F2289-0182,C15H19N3O3
F5866-0058,C16H12N4O2
F6561-3890,C19H22N2O
F6554-5722,C11H11F4NO2S
F6562-9211,C15H13N3O2S
F6789-6406,C13H11F4N3O
F6573-7522,C12H12F3N3O3
F6562-7543,C17H23NO2S
F6230-0018,C16H12N4O3
F6357-0844,C15H22N2O3S
F6200-3519,C18H20N2O3
F6564-2364,C16H18N4O3
F5835-0574,C19H16N4O
F5287-0016,C15H18N4O2S
F6489-1567,C14H16N4O3S
F0328-0336,C18H11FN2OS
F6672-1426,C19H21N3O2
F3257-0011,C18H19N3OS
F1962-0273,C16H10BrNO2
F5229-0026,C21H16N2O2
F6802-7681,C16H25F2N3O2
F6514-2533,C17H21N3O2S
F3227-1631,C20H12FNO3
F6415-0379,C17H22N2O5
F6475-2861,C15H16N2O5S
F6514-4221,C14H19N5O3S
F6246-0050,C19H19FN4O
F6677-2296,C20H25N3O2
F6467-0552,C17H15N3O3S
F6275-0037,C16H17F3N2O3
F6573-8938,C21H17N3O2
F6562-7026,C19H24N2O4
F6469-0810,C17H12ClFN2OS
F6502-7574,C20H17N3OS
F6454-0617,C16H20F4N2O2
F2740-0692,C21H23N3O2
F6562-9543,C18H17N5O3
F6411-4393,C16H11ClF3N3O
F6791-8390,C19H22N4OS
F6619-6509,C16H16ClF3N4
F6734-1531,C19H24FN5O
F6448-2394,C18H21N3O5
F5896-0162,C21H16FN3O2
F5857-3126,C18H18FNO4S
F6619-4954,C19H24N8
F5792-0440,C18H18N6OS
F2553-0268,C15H10Cl2N2OS2
F3305-0227,C20H23N3O2S
F6359-0694,C16H16F3N3O2S
F6812-1363,C20H20N8
F6259-2554,C19H20ClFN4O
F6436-3959,C19H18ClFN2O3
F6473-8276,C23H23NO4
F1408-0457,C20H17N3OS2
F5772-3524,C21H24N4OS
F6525-6063,C19H18N4OS2
F6562-2398,C21H25N3O2S
F6510-3612,C18H19N5O3S
F6726-4607,C21H27FN4O2
F6561-7031,C18H18ClFN6O
F3375-2722,C22H23N5O2
F6441-5503,C18H21ClF3NOS
F6783-6361,C18H19F3N6O
F6514-2411,C19H20Cl2N2O3
F6125-2449,C20H21N5O4
F6680-2548,C18H15F4N3O3
F1886-1078,C17H11BrClN5
F6539-2466,C18H32N4O4S
F6400-1510,C17H23Cl2N3O2S
F6412-2093,C22H19N3O5
F0916-6763,C22H25N5O3
F6473-7288,C19H20Cl2N2O4
F6439-4415,C21H24N4O3S
F1316-0101,C23H17N3O3S
F0014-0952,C24H27N5O2
F6471-0769,C20H20N8O3
F6726-1869,C18H22ClN5O3S
F6561-5608,C20H21F3N2O3S
F0748-0513,C21H23N3O3S2
F6512-7048,C17H19F3N4O4S
F6441-5271,C21H25NO5S2
F3222-5826,C23H20ClFN4O2
F5447-0080,C22H23N3O5S
F5855-0291,C24H26ClFN2O3
F3165-1122,C23H24F3N3OS
F6660-0240,C25H28ClN3O3
F0682-0902,C22H20ClN7OS
F1829-0115,C23H31N3O4S2
