# All user editable compound information in the PCDL Manager compounds tab can be imported
# A minimum of formula or mass plus one identifier must be populated for compound import (recommended is formula and at least one other identifier, see examples)
# Multiple synonyms can be entered into the Synonyms column when separated by ';' (e.g. L-Isoleucine; 2-Amino-3-methylvaleric acid)
# All compounds will be assumed to be of a neutral ion type, unless a 1 is entered in the Cation or Anion column
Name,Formula
F5882-4181,C11H14N2O3S
F5458-0048,C13H14N4O2
F6681-9819,C15H23N3O
F6672-1302,C14H20ClN3
F6676-9812,C13H15N7
F6661-0387,C17H24N2O
F5033-2466,C14H21N5O
F1358-0945,C13H13NO4S
F6476-7421,C13H18N2O3S
F6472-0524,C13H19NO2S2
F6439-4807,C13H16F3N3O
F6492-0851,C15H19N3OS
F6142-0203,C12H13BrN4
F6481-3905,C15H22N2O2S
F6502-0248,C17H20N4O
F2197-4595,C15H26N2O4
F6190-1562,C12H12ClNO2S2
F6571-6324,C12H17NO2S3
F6802-9542,C15H19N3O2S
F6442-2578,C10H16N2O5S2
F2964-1121,C18H18N2OS
F6445-7197,C16H16N4O3
F5831-6999,C14H22N2O2S2
F6238-0229,C17H12N6O
F1300-0032,C16H18N2O3S
F6512-0538,C17H12N4OS
F6111-2144,C20H23N3O
F6805-7942,C17H17N5O2
F1911-5807,C16H20ClNO4
F6676-2638,C18H22N4O2
F2073-0601,C16H16N4O2S
F6619-2715,C17H20FN5O
F3179-0197,C18H21NO3S
F6514-2848,C14H11F4NO2S
F6125-1099,C19H18N4O2
F6488-1051,C13H12N4O3S2
F6473-6063,C18H15N3O4
F6806-7035,C15H22N4O3S
F6617-4327,C18H21N5O2
F6258-0978,C14H16ClN3O3S
F6125-2925,C15H19FN2O4S
F3305-0010,C17H18ClN5O
F6514-1964,C19H21FN2O3
F6619-7231,C18H24FN5O
F6680-2837,C16H12F3N5O
F6514-6702,C18H16N6O2
F6743-6386,C16H23N5O2S
F6809-1149,C17H22ClN3OS
F6556-3264,C17H28N4O4
F6443-5786,C23H18N2O2
F3277-0472,C17H16N4OS2
F6792-4319,C17H20FN7O
F6561-5559,C18H21N3O3S
F6374-0240,C18H20ClN3OS
F3407-5001,C17H12ClF2N3O2
F3375-2906,C21H24N4O2
F6808-1489,C17H14F4N4O
F5834-2933,C21H25N3O3
F3077-0941,C20H20FN3OS
F5777-0035,C18H14ClN3O2S
F2716-0799,C19H24N4O2S
F6574-1950,C21H18N4OS
F6747-6012,C16H14BrClN4
F6524-0021,C20H19N5O3
F5871-0672,C14H19Cl2N3O3S
F6559-0165,C20H20N4O4
F6252-7863,C16H10ClF3N4O2
F6476-2922,C18H20F3N3O3
F6481-3841,C18H18F3NO3S
F5078-0438,C20H26N4O2S
F0616-0063,C20H21ClN2O2S
F6560-1385,C20H19N7O2
F1174-3244,C18H17NO7S
F6435-3438,C19H24N2O5S
F2256-0014,C16H15BrN2O3S
F5673-0022,C19H20F3N3O3
F6441-5476,C18H24BrNO2S
F6764-1655,C23H22N6O
F5027-0165,C25H24N2O3
F6679-2487,C17H14BrN3O2S
F6237-2881,C18H14F3N5O3
F6612-0069,C19H20F3N5O2
F2234-0160,C19H31N5O5
F6764-1549,C19H20ClF3N4O
F3097-0116,C15H18BrN3O4S
F3323-0556,C24H23N3O4
F6791-7614,C19H24N4O3S2
F2620-0089,C21H17N3O3S2
F0213-0012,C21H18N2O4S2
F6441-6788,C18H20ClNO5S2
F5772-6939,C25H29N5O2
F6442-2285,C18H17ClF3NO4S
F6481-1129,C19H19ClN2O4S2
F6162-0239,C19H15F4N3O3S
F5017-3882,C20H20F4N2O3S
F6411-2805,C24H18FN3O3S
F2600-0044,C24H28N4O3S
F6167-0062,C21H19F3N4O3S
F3411-7218,C25H28N6O2S
F0882-1086,C26H23N3O3S2
