# All user editable compound information in the PCDL Manager compounds tab can be imported
# A minimum of formula or mass plus one identifier must be populated for compound import (recommended is formula and at least one other identifier, see examples)
# Multiple synonyms can be entered into the Synonyms column when separated by ';' (e.g. L-Isoleucine; 2-Amino-3-methylvaleric acid)
# All compounds will be assumed to be of a neutral ion type, unless a 1 is entered in the Cation or Anion column
Name,Formula
F6608-1296,C13H18N2OS
F6512-8850,C14H13N3O2
F6666-4111,C14H14FN3O
F1852-0069,C13H22N6
F6614-0033,C13H19FN4O
F6782-6278,C16H18N2O2
F6403-0451,C15H19N3O2
F6521-9757,C16H24N2O2
F1913-9635,C8H7BrF2N2O2
F0731-0005,C16H14ClN3
F2257-0283,C15H11ClN2O2
F6790-0192,C12H9BrN4
F6284-0355,C14H15ClN4O
F6560-8717,C19H20N2O
F6760-2410,C13H17N3O3S
F0001-2382,C18H19NOS
F6677-1492,C15H17N5S
F1190-0390,C17H19NO4
F6748-0920,C16H21N3OS
F6549-6345,C14H15FN4OS
F6513-5502,C18H20N4O
F8890-1403,C14H18BrNO2
F6577-0705,C12H12ClN3O3S
F6512-1401,C12H11Cl2N3OS
F6554-2318,C11H12BrNO3S
F6438-2481,C15H19FN6O
F5033-2820,C13H24N2O5S
F6620-1940,C13H18N6O2S
F2537-1407,C15H17FN2OS2
F6801-7964,C17H19N5O2
F6471-3723,C17H17N3O2S
F5868-0510,C16H20N6O2
F1175-0593,C17H18N2O3S
F6216-0332,C18H25N3O3
F6525-7589,C18H15N5O2
F6556-8720,C16H11F2NOS2
F6420-0665,C13H24N2O4S2
F6562-5798,C18H27NOS2
F1132-0332,C14H14BrNO2S
F6677-3880,C14H21BrN4O
F6805-3208,C18H19N3O2S
F2740-0182,C21H18N4O
F6186-1167,C20H25NO2S
F6523-3459,C16H15N3O2S2
F1524-0402,C18H19ClN2O3
F1736-0161,C18H21NO6
F6442-5848,C19H28N2O2S
F6523-3568,C18H14N4O2S
F6658-6170,C19H21N5O2
F6514-2468,C19H19N3O2S
F6436-3588,C14H14BrNOS2
F6186-1401,C16H24N2O5S
F6276-1520,C18H18N2O4S
F3237-0395,C12H13BrN2O4S
F5228-2455,C22H23N3O2
F8890-3570,C18H22ClN3O3
F5860-3552,C16H19N3O3S2
F5001-3044,C20H22N4O3
F5001-0608,C20H17FN2O4
F6796-9161,C19H24FN7
F6656-3811,C20H22ClN3O2
F3222-0004,C18H16ClN3O4
F3250-0561,C22H22N4O2
F0496-0210,C22H20N2O4
F6476-1450,C15H15BrN4O3
F6752-3870,C16H18F5N3O2
F3179-0206,C14H12BrN3O3S
F6525-6775,C20H19FN4O3
F3215-0184,C18H13ClN4O2S
F5036-0758,C19H23N5O2S
F6200-0192,C20H21NO3S2
F2539-0793,C24H21FN2O2
F6764-0850,C17H19BrN4O2
F6529-3017,C19H22FN3O3S
F6788-2639,C21H28N8
F6441-2925,C19H23FN2O4S
F6473-0161,C23H29N3O3
F6430-0596,C23H19N5O2
F6478-5808,C19H18ClN5O3
F5269-0003,C20H20FN3O3S
F6503-4850,C23H21N3O4
F6656-3626,C23H27N5O2
F2277-0180,C19H21FN2O5S
F6439-0514,C22H23FN4OS
F6609-9400,C19H13F2N5O2S
F6561-5301,C23H29NO4S
F3342-0157,C21H23FN2O4S
F2539-1033,C19H20ClN3O4S
F6258-1349,C21H25N7O3
F6734-1368,C14H17BrF3N3O2S
F5264-0382,C23H31N3O5
F6750-6465,C22H24N8O2
F6709-4261,C15H12BrF3N2O3S
F3270-1927,C23H30N6O3
F0789-0050,C22H19ClN2O4S
F3222-5191,C22H21ClFN3O2S
F6512-5760,C17H22F2N4O4S2
F3406-6462,C23H29N5O3S
F2743-2284,C20H13BrF4N2O2
F0507-0909,C24H18ClFN4O2S
