# All user editable compound information in the PCDL Manager compounds tab can be imported
# A minimum of formula or mass plus one identifier must be populated for compound import (recommended is formula and at least one other identifier, see examples)
# Multiple synonyms can be entered into the Synonyms column when separated by ';' (e.g. L-Isoleucine; 2-Amino-3-methylvaleric acid)
# All compounds will be assumed to be of a neutral ion type, unless a 1 is entered in the Cation or Anion column
Name,Formula
F0745-1084,C16H14N2O
F6614-1353,C12H12F3N3
F6439-7660,C12H13N5O2
F6438-1304,C14H22N4O
F6709-4117,C17H18N2O
F6663-9080,C13H16F2N2O2
F6616-2110,C15H19N3O2
F6555-0839,C14H20N4O2
F6791-9584,C15H25N3O2
F6089-5595,C15H13N3OS
F6616-2190,C11H12BrFN2O
F6178-3986,C17H25N3O
F6478-2719,C13H14N4O2S
F6444-6296,C14H20N4O3
F6609-8249,C15H18ClNO3
F6472-0702,C13H19N3O3S
F6442-2107,C14H21NO4S
F6561-7735,C16H19N3OS
F5759-0393,C19H17N3O
F5657-0050,C17H13F3O2
F3058-0006,C19H20N2O2
F6550-1650,C14H15BrFNO
F6518-2132,C13H12ClNO2S2
F6672-1623,C19H26N2O2
F6556-5887,C19H28N2O2
F6194-0476,C17H22N2O4
F6451-3643,C16H20N2O5
F6844-0718,C14H13F3N6
F0777-2558,C15H17ClN2O2S
F2070-1414,C17H19N5O2
F2726-0899,C17H14FN3O3
F5831-9230,C19H21FN2O2
F6435-2546,C17H18N2O3S
F6796-9006,C17H22FN5O
F6722-1745,C16H14F3N5
F6357-1155,C15H14BrNOS
F6573-4176,C16H20N2O4S
F6802-6973,C16H23N3O3S
F6676-1261,C20H26N4O
F6436-3422,C18H16N2O3S
F2758-0469,C18H16FN3O3
F6524-6689,C16H18N6O3
F6812-1441,C19H17N7
F5868-0374,C14H11ClF3N3O2
F3406-8153,C17H13F3N4O
F6560-0866,C17H21N3O3S
F6244-3014,C22H24N2O2
F6442-0243,C16H15FN2O4S
F6791-7880,C19H21N5O2
F6812-1874,C17H16ClN7
F6257-4408,C20H26N4O2
F2879-5975,C19H20N2O5
F5030-1353,C17H18N4OS2
F6556-3426,C20H29N3O3
F6619-6622,C18H19N9
F6472-7093,C19H17N5O3
F5893-0020,C19H15N3O3S
F6445-7707,C20H22N4O3
F6089-9147,C16H15F3N4O3
F5097-2223,C21H27N3O3
F6559-2386,C16H17F4N5O
F6178-4132,C18H20BrN3O
F6564-2466,C22H22N4O2
F6783-5516,C16H15F3N8
F6556-6115,C13H19BrN2O2S2
F6761-7637,C17H16F3N5O2
F6605-2869,C21H28N6O
F6427-0265,C18H18N6O4
F3411-0200,C18H13BrN2O3
F6523-4260,C21H24ClN3O2
F6064-1453,C18H15ClFN5O2
F6524-4300,C19H24N4O3S
F6472-7288,C18H16Cl2N4O2
F6472-7831,C22H21N3O2S
F5772-0026,C23H28N4O2
F3394-0716,C22H22N2O3S
F6619-4253,C19H25N9O
F6791-7657,C16H18F3N7O2
F3328-0126,C20H21N3O2S2
F6472-7497,C18H19N5O4S
F6454-1471,C19H22FN5O2S
F6454-1041,C22H26F3N3O
F2730-0667,C21H20N4OS2
F3406-2144,C22H23ClN4O2
F6452-2431,C18H24BrNO3S
F5033-7753,C22H26FN3O2S
F6609-1636,C22H18N4O5
F5669-1382,C17H20BrN5O3
F6245-6298,C22H25N5O4
F5911-0069,C25H26N6O
F9994-0426,C23H31N3O3S
F6257-4121,C23H24N6O3
F6529-6516,C25H29N3O4
F5250-0113,C26H26N6O
F3382-7301,C20H19BrN4O3
F3300-0012,C19H19N5O4S2
F2496-1149,C21H18F2N2O5S
F1573-0251,C24H29N3O2S2
F2017-0005,C25H29N3O4S
F3330-0069,C25H29N5O3S
