# All user editable compound information in the PCDL Manager compounds tab can be imported
# A minimum of formula or mass plus one identifier must be populated for compound import (recommended is formula and at least one other identifier, see examples)
# Multiple synonyms can be entered into the Synonyms column when separated by ';' (e.g. L-Isoleucine; 2-Amino-3-methylvaleric acid)
# All compounds will be assumed to be of a neutral ion type, unless a 1 is entered in the Cation or Anion column
Name,Formula
F2130-0109,C15H12N2O2
F6677-1527,C15H20N4
F6502-2569,C12H16N6O
F6556-6426,C10H20N2O2S2
F1301-0059,C12H16N2O3S
F6608-1086,C16H21N3O
F6125-2559,C16H22N2O2
F6662-9686,C18H19N3
F6554-8446,C14H16ClNOS
F0647-0158,C16H13FN2S
F6492-0904,C15H18N4O2
F6514-7586,C15H20N4O2
F6475-7775,C13H13N3O3S
F6478-0376,C14H19N3O4
F5860-3087,C16H12N2O4
F6254-0008,C13H18N2O2S2
F0821-0075,C17H13FO4
F3382-3360,C15H15ClN4O
F6057-0148,C15H20N4OS
F1905-9013,C15H17NO4S
F6507-9016,C16H23NO3S
F0266-5490,C19H21NO3
F2879-6320,C17H19N3O3
F1316-0090,C17H21N3OS
F2197-4611,C14H18F3N3O2
F6433-0315,C16H13N7O
F6773-2996,C15H19N3OS2
F6436-1927,C16H15ClFNOS
F3225-1628,C18H20N4O2
F6481-3473,C18H18N2O2S
F6709-0183,C15H25N3O3S
F5058-0194,C17H13F2N3O2
F6502-6127,C17H22N4O3
F6446-1291,C16H20N4O2S
F0223-0075,C16H14O4S2
F6442-1851,C16H21N3O3S
F0655-0044,C18H28N2O2S
F5497-0009,C14H18N4O2S2
F5496-0572,C17H17N5OS
F6443-4164,C19H20N2O4
F6478-2467,C19H23N3O3
F6451-2869,C15H15ClFNO3S
F2262-0580,C18H17ClN2O3
F0589-0003,C21H16FN3O
F6619-5929,C15H21F3N4O2
F6469-3005,C16H13FN2O2S2
F5452-0124,C16H19N3O4S
F6788-3970,C16H20F2N6O
F6519-5818,C18H16N4O4
F6619-7944,C17H23N9
F2874-0148,C22H17N3O2
F1872-0954,C17H15N3O4S
F6503-5480,C19H26N4OS
F5033-2909,C19H24N2O3S
F2758-0573,C20H18N4O3
F6064-1607,C19H16N4O2S
F6806-6792,C17H21F2N5O2
F2884-0089,C20H18ClN3O2
F3237-0358,C19H32N2O3S
F2667-0011,C20H22N2O3S
F6443-7817,C19H21BrN2O
F1132-0435,C21H27NO3S
F6363-0733,C17H18FN5O2S
F6524-6020,C17H16ClN3O3S
F6513-5420,C16H22N6O3S
F6471-3150,C16H17BrN2O2S
F6473-6236,C20H19N3O5
F6442-0592,C17H15ClFNO4S
F6809-1216,C22H25ClN2O2
F5791-2188,C18H18N4O4S
F6526-0133,C20H25N3O3S
F6442-2435,C18H16FN3O4S
F6713-4677,C17H17F3N8
F6506-1789,C16H13BrN2O3S
F6411-5031,C21H19N3O5
F3386-3966,C17H18BrNO3S
F6188-1007,C22H24N2O3S
F5857-3723,C18H17F3N2O3S
F6713-1348,C21H29N5O3
F6476-2061,C20H23BrN2O2
F5098-0645,C21H19F3N2O3
F5860-2527,C23H23FN4O2
F6372-2464,C21H16ClN3O2S
F6564-2556,C20H18FN5O4
F3394-1421,C21H19ClN2O3S
F2849-0177,C21H28N4O3S
F2071-0085,C18H21N5O5S
F2342-0091,C21H18N4O2S2
F3225-6794,C24H28N2O5
F3379-0873,C25H29N7
F5097-2330,C27H30N2O3
F6559-2613,C23H27N7O2
F6178-1678,C18H20BrN3O3S
F5017-3881,C20H22ClFN2O4S
F2661-0156,C22H19ClFN3O2S
F6557-1985,C22H20ClFN2O3S
F6445-6863,C24H23N3O4S
F3168-0045,C24H33N3O4S
F1423-3039,C27H24N2O6
F5120-0002,C24H25ClN4O3S
