# All user editable compound information in the PCDL Manager compounds tab can be imported
# A minimum of formula or mass plus one identifier must be populated for compound import (recommended is formula and at least one other identifier, see examples)
# Multiple synonyms can be entered into the Synonyms column when separated by ';' (e.g. L-Isoleucine; 2-Amino-3-methylvaleric acid)
# All compounds will be assumed to be of a neutral ion type, unless a 1 is entered in the Cation or Anion column
Name,Formula
F6608-1799,C14H18FNO2
F5871-3570,C13H12N4O2
F6617-6606,C13H12N2O4
F6573-3200,C14H21N3O2
F5971-0089,C14H21NO4
F6745-9404,C15H17N3S
F6436-0282,C15H15FN2O2
F2167-4395,C12H17F2NO4
F6475-2615,C14H20N2O4
F6739-7874,C18H21NO2
F2493-3010,C16H18N2O3
F6524-1934,C14H16N4O3
F6472-2842,C13H18N6O2
F5959-0134,C14H16FN3OS
F6672-1735,C18H21N3O
F3097-3650,C19H23NO2
F6237-0416,C16H21N5O
F3331-3091,C13H7BrN2O2
F2616-0472,C16H14F2N2O2
F6089-9757,C17H26N2O3
F6561-1186,C17H15N3O3
F6793-6860,C15H16F3N3O
F5475-0087,C18H16FNO3
F6773-4256,C15H17N5OS
F3382-2419,C19H15N3O2
F6573-8570,C14H11F2N5O2
F6609-3622,C16H13ClFNO3
F6789-6009,C19H22N4O
F6525-2137,C16H16N6O2
F3385-0481,C18H15ClN2O2
F5033-3530,C15H19F2N3O3
F3088-1766,C18H13ClFNO2
F5788-0675,C17H19FN4O2
F6515-4518,C17H20N2OS2
F6441-5414,C19H27NO2S
F5521-0129,C16H18ClN3O3
F1684-0570,C19H20N4O2
F6215-0042,C14H15BrN2O3
F3222-4173,C18H17N3O2S
F6516-0496,C19H20N2O2S
F6783-6134,C16H19N7S
F5860-1721,C20H26N2O3
F6254-0259,C14H11F3N2O3S
F6293-0411,C17H19N3O3S
F6515-3978,C20H18N4O2
F6792-3289,C17H25N5OS
F6525-7813,C16H16FN3O3S
F6560-8275,C19H18N4O3
F5823-0653,C16H18Cl2N4O
F6381-4014,C20H20FN3O2
F6481-4021,C15H21N3O3S2
F6524-2013,C12H12BrN3O3S
F6259-1207,C18H22N4O2S
F6514-6510,C20H16N4O3
F1124-0021,C18H19ClN2O4
F6549-3496,C18H29N5O3
F5852-1386,C17H23N3O4S
F6413-2570,C20H17NO2S2
F6559-0860,C18H20N6O3
F3225-1334,C21H14N4O3
F6178-0834,C20H29N5O2
F5884-0193,C17H19F4N3O2
F6231-0885,C17H15ClFN5O2
F6727-5746,C22H24N4O2
F6249-0178,C19H17F3N2O3
F6037-0581,C22H25N3OS
F5319-0712,C20H16FN3O4
F6489-2092,C18H22N8O2
F5596-0641,C19H20N4O3S
F6619-6603,C15H15BrN8
F2830-0079,C23H21N3OS
F2815-0421,C16H14Cl2FNO3S
F6523-0488,C19H17F3N4O2
F6435-3437,C24H25NO4
F6556-0818,C19H23NO4S2
F5868-0263,C19H22N8O2
F0696-1776,C20H20N4O3S
F6785-7319,C20H27N7O2
F3292-0444,C22H25NO6
F6523-0979,C21H31N5O3
F1495-0924,C21H16N4O3S
F2224-0035,C25H18N4O2
F6617-6735,C22H24N4O4
F6469-0234,C21H18ClN3O2S
F6794-1177,C22H24FN3O4
F6561-5541,C21H24N2O5S
F6518-5919,C18H18BrN3O2S
F6438-3314,C19H27N5O4S
F2297-0123,C23H24N2O4S
F6805-3671,C22H25N3O4S
F6750-6348,C18H17F3N10
F5016-2514,C22H25F2N3O2S
F2272-0156,C23H24N4O5
F2736-2562,C24H29N3O3S
F5882-2387,C26H26N4OS
F6458-0386,C22H23N9O2
F2332-0441,C18H13BrFN3O5
F2029-0533,C25H22N4O3S
F3124-0962,C23H30N6O5
F3406-6483,C25H27FN4O3S
