# All user editable compound information in the PCDL Manager compounds tab can be imported
# A minimum of formula or mass plus one identifier must be populated for compound import (recommended is formula and at least one other identifier, see examples)
# Multiple synonyms can be entered into the Synonyms column when separated by ';' (e.g. L-Isoleucine; 2-Amino-3-methylvaleric acid)
# All compounds will be assumed to be of a neutral ion type, unless a 1 is entered in the Cation or Anion column
Name,Formula
F3097-5824,C17H19NO
F1076-0008,C14H11ClN2O
F6442-1579,C12H23NO3S
F6547-1137,C14H16FNO3
F6190-0238,C13H19NO3S
F0020-1576,C17H20O3
F3124-0673,C13H17N5O2
F6279-0448,C15H22N2O3
F2199-0317,C14H9F3O3
F6782-5974,C13H13ClFNO3
F0345-4941,C17H18ClNO
F6494-0408,C14H15N3O4
F6796-0919,C17H17N5
F2879-5986,C14H18N2O5
F0401-0010,C19H20O3
F1913-7942,C14H20F2N4O
F5600-0054,C16H20N4O2
F6788-1637,C15H22N6O
F1773-0165,C16H19NO3S
F6507-5363,C17H25NO4
F6512-1351,C14H13F3N4O
F6555-6416,C17H16N2O4
F6524-5887,C13H13F3N4O2
F6442-1964,C13H20N2O3S2
F6359-1574,C13H19ClN2O3S
F0806-0840,C15H10Cl2N2O2
F6680-9316,C18H19N5O
F6471-7310,C18H17N3O3
F6788-7938,C14H19N3O2S2
F3287-0712,C19H22N2O3
F6274-0666,C17H16N2O3S
F6464-0165,C18H20FN3O2
F6479-2730,C17H18ClN3O2
F6561-2136,C19H28N2O3
F6796-3181,C19H18N4S
F6603-9243,C18H21N7
F3382-3401,C19H16ClN3O
F6775-2359,C16H17F3N4O
F6549-2865,C19H21N3O3
F6783-7295,C20H28N4O
F6438-2920,C14H13F3N4O3
F6559-3450,C16H17N5O2S
F6560-5804,C19H16N6O
F3179-0235,C23H23NO2
F6560-4948,C15H17N5OS2
F6416-9435,C18H21ClN2O3
F5597-0122,C17H23N3O3S
F6200-3074,C19H17N3O2S
F6416-8924,C21H24N2O3
F6443-7774,C20H19FN2OS
F1219-1601,C15H9BrN4S
F3284-8584,C19H23N3O2S
F5896-0208,C21H17N3OS
F6442-0405,C15H20FNO4S2
F2743-1749,C16H11Cl2N3O3
F0916-6865,C19H20N6O2
F6523-3497,C18H14N4O3S
F5095-0142,C19H21N5O3
F6811-3724,C16H15F4N5O
F6619-7954,C20H30N6O
F6125-1997,C20H21FN2O4
F6479-3099,C19H19ClN2O4
F6548-2302,C23H25N3O2
F5835-0558,C21H19N3O4
F0655-1137,C20H34N4OS
F5854-0360,C22H21FN2OS
F5596-0813,C22H27N3O3
F2324-0068,C20H21N3O3S
F6515-3889,C20H17Cl2N3O
F6750-6445,C17H22N8OS
F6561-5873,C19H18Cl2N4O
F6519-7459,C18H23N5O3S
F6571-4521,C15H18ClNO5S2
F2514-0682,C21H17FN4O3
F6670-5131,C22H24FN5O
F6441-2400,C21H21N3O3S
F6556-0680,C18H17Cl2NO3S
F2880-4110,C22H26N2O3S
F5775-0124,C23H20N4O3
F6475-5128,C25H26N2O3
F1443-1497,C20H15N5OS2
F6559-2200,C19H17F4N5O
F6497-1032,C23H24FN3O3
F6443-7764,C20H21BrN4O
F6441-3593,C23H30N2O3S
F6555-0112,C19H23N5O4S
F2774-6549,C22H17FN4O2S
F6438-0728,C21H26N8O2
F6261-3530,C21H27N7OS
F6496-3480,C24H24N6O2
F5527-1063,C24H25N5OS
F6231-1033,C23H26N6O3
F6474-8147,C24H27N3O5
F2989-0054,C17H13Cl2N3O5S
F6279-0082,C19H16F4N2O2S2
F2580-1799,C19H15BrFN3O4
F3394-0731,C20H13ClN6OS2
F3234-0558,C21H23ClFN5O4
F2043-0015,C22H21FN2O5S2
F0665-0588,C25H20N4O3S2
