# All user editable compound information in the PCDL Manager compounds tab can be imported
# A minimum of formula or mass plus one identifier must be populated for compound import (recommended is formula and at least one other identifier, see examples)
# Multiple synonyms can be entered into the Synonyms column when separated by ';' (e.g. L-Isoleucine; 2-Amino-3-methylvaleric acid)
# All compounds will be assumed to be of a neutral ion type, unless a 1 is entered in the Cation or Anion column
Name,Formula
F6502-9222,C12H20N4O2
F6360-9578,C10H15N3O3S
F0266-5648,C13H11NO3S
F6540-9079,C12H19F3N2O
F6546-1388,C15H16N4O
F8890-6346,C14H12N2O2S
F6542-5729,C14H14ClN3O
F6481-3457,C13H14N2O3S
F6745-8161,C14H14F3N3
F6089-9753,C13H20N2O3S
F6752-3750,C18H26N2O
F5856-0136,C13H11N3OS2
F3250-0357,C15H12F3N3
F6672-0065,C19H23N3
F6724-3203,C16H16N4S
F6745-0340,C14H14N6S
F6788-9271,C12H17FN4O2S
F6725-1154,C15H18N4OS
F1917-5686,C17H24N2O3
F5827-0234,C16H13N5O2
F6696-0155,C17H19N5O
F5857-2656,C20H25NO2
F6390-2679,C19H23NO3
F6672-1973,C19H25NOS
F2227-0315,C20H19N3O
F1872-0914,C16H21N3O2S
F6553-0629,C15H19N3O3S
F6709-0098,C15H18ClN3OS
F6178-4205,C19H24N4O
F6518-4183,C18H18N2O4
F6805-9179,C19H25N3O2
F0911-4225,C19H20ClNO2
F6739-6911,C15H14BrN3O
F6573-1310,C17H18F2N4O
F6478-5781,C15H15ClN4O3
F6809-6879,C20H18FN3O
F0463-0262,C18H11NO4S
F6474-3516,C19H18N2O2S
F5860-2484,C20H18FNO3
F6475-3000,C18H20N4O3
F5857-6950,C21H27NO3
F6573-3541,C14H18ClN3O3S
F6524-0544,C18H17FN2O4
F6089-8121,C14H18F3N5O2
F6605-3907,C20H22N6
F5582-0158,C18H12F4N2O
F6475-0517,C15H19N5O3S
F6558-0128,C22H26N2O2
F6753-3380,C16H24N4OS2
F6519-4228,C17H14N4OS2
F6549-5473,C18H21N5OS
F2496-0416,C19H16FNO5
F6764-0820,C15H11BrFN5
F6619-6575,C19H20N8
F6222-0532,C18H18N8O
F6472-6099,C16H20N4O4S
F2442-0667,C20H23N5O2
F6560-1217,C18H17N5O4
F5679-0154,C16H11F4N3OS
F6564-8924,C20H23ClN4O
F5324-0166,C18H20N4OS2
F5832-3986,C24H27N3O
F5673-0121,C19H22ClN3O3
F6435-7524,C18H19NO6S
F6454-2310,C19H21F3N4O
F2646-0899,C17H20N2O4S2
F5461-2007,C21H23N3O2S
F6471-3833,C19H17N3O4S
F5772-6145,C17H28N4O4S
F6412-1682,C21H17F3N2O2
F6678-9857,C24H25N3O2
F2774-6092,C20H15N5O4
F6473-8706,C22H22N4O3
F6514-3204,C15H15F3N2O5S
F6571-2882,C19H24FN3O3S
F6481-4186,C19H22ClNO2S2
F6726-4249,C20H21FN6O2
F6478-3463,C20H19FN4O2S
F2972-0760,C19H17ClN4O2S
F6559-0655,C22H18N4O4
F6442-6840,C20H25FN4O2S
F6556-8840,C17H14BrNO2S2
F5330-1090,C19H18F3N3O2S
F6573-8346,C21H22FN5O3
F6252-5847,C22H18N6OS
F6520-1904,C17H14F3NO4S2
F6247-1832,C22H21N5O4
F2899-3730,C23H22N2O4S
F1420-0396,C21H19N3O3S2
F2972-0353,C20H20N4O3S2
F2053-0342,C21H19ClFN3O2S
F2515-3886,C19H22N4O4S2
F6548-0803,C20H24ClN3O4S
F1609-0007,C26H20N2O5
F2236-0366,C26H22ClN3O2
F5652-2135,C24H22N4O3S
F2235-0200,C24H27N5O4
F2047-0150,C22H20FNO5S2
F3406-3900,C26H24FN5O3
F2588-0553,C27H27N5O2S
