# All user editable compound information in the PCDL Manager compounds tab can be imported
# A minimum of formula or mass plus one identifier must be populated for compound import (recommended is formula and at least one other identifier, see examples)
# Multiple synonyms can be entered into the Synonyms column when separated by ';' (e.g. L-Isoleucine; 2-Amino-3-methylvaleric acid)
# All compounds will be assumed to be of a neutral ion type, unless a 1 is entered in the Cation or Anion column
Name,Formula
F2156-0029,C12H11ClN2O2
F6543-0880,C14H26N2O2
F3382-7696,C13H10FN3S
F6544-1388,C13H18N4S
F6744-9732,C10H14N6OS
F6177-0230,C14H11FN4O
F5860-4812,C11H19N3O3S
F3379-0368,C15H12N6
F1070-0203,C12H17N5O3
F6678-8889,C15H18N6
F6807-9612,C16H19N3O2
F5066-0022,C16H21N3O2
F6512-2914,C16H23N3O2
F6478-2665,C13H16N4O4
F6822-4811,C14H15Cl2N3
F6403-0558,C16H15N3OS
F6360-9422,C12H17N3O4S
F5860-2669,C15H15N3O4
F6724-2362,C14H17N5OS
F6808-5300,C16H27N5O
F6489-0017,C17H16N4O2
F6709-4925,C16H18N6O
F6752-2303,C14H24N4O2S
F0643-0085,C18H22N2O3
F6523-1028,C16H20N4O3
F1179-0006,C20H18N2O2
F6089-9740,C16H20N2O3S
F6480-4874,C13H15ClN6O2
F6752-6352,C17H23F2N3O
F6793-6854,C16H18F3N3O
F5854-5468,C15H18FNO2S2
F6562-7873,C16H19F3N2O2
F5448-0861,C15H14N4OS2
F6660-0497,C17H21N3O4
F6549-2131,C17H17ClFN3O
F5782-0208,C20H22N4O
F6258-0379,C15H17ClN4O3
F6441-3860,C17H23NO4S
F6786-5931,C19H22N4O2
F1888-0097,C17H10ClFN4O
F6037-0207,C18H16FN3OS
F6359-3479,C17H18N4O4
F3375-2943,C20H17N5O
F6438-3671,C16H24N8O
F6556-5201,C14H22N2O2S3
F6439-3166,C18H19ClFN3O
F6518-5969,C20H20N4O2
F3200-0007,C22H39NO2
F6709-0086,C18H20F3N3O
F5526-0559,C17H14F3NO4
F6617-2607,C21H23FN2O2
F6031-0179,C19H20N2O3S
F6481-4520,C14H18N2O3S3
F6764-1430,C19H25N3O2S
F6556-7771,C18H23N3O3S
F6796-3201,C19H17N5OS
F3225-5990,C20H12FNO3S
F6564-8411,C20H19FN4O2
F6556-0737,C17H15F3N2O2S
F6440-3526,C20H23N3O4
F2691-0469,C18H18ClN5O2
F3284-8603,C15H12BrN5S
F3406-9724,C19H23ClN4O2
F6525-6176,C18H18F2N4OS
F5604-0009,C21H23N5O2
F6416-5682,C19H16F3NO4
F6560-5299,C21H24N4O3
F6795-3610,C16H17F3N6S
F6812-1951,C22H21N7
F6519-5855,C23H19N3O3
F6411-0339,C17H14ClN5O2S
F6560-0834,C20H24N2O4S
F6802-6359,C21H31N3O4
F6482-2184,C18H21ClF3NO3
F6670-5825,C22H24N4O3
F6513-1501,C17H22N4O3S2
F6822-3710,C17H25F4N3O3
F6555-0653,C20H20ClN5O2
F6783-5177,C17H18BrN7
F6441-3466,C17H24BrNO3S
F6514-4050,C19H16F3N5O2
F2356-0501,C21H22F3N3O2
F6553-7314,C18H17ClN2O3S2
F3411-7430,C20H19ClN6O2
F1903-9734,C21H25FN6O2
F0396-0205,C24H21N3O2S
F0665-0103,C22H18N4OS2
F6796-7142,C21H24N8O2
F6726-0627,C21H22ClN7O
F6363-0781,C21H23ClN6O2
F3225-2725,C24H20FN5O2
F6513-3800,C20H19F3N6O2
F2465-0113,C24H25N3O3S
F3406-6833,C23H23FN4O4
F6064-4000,C25H23N5O3
F6604-2223,C20H28N8O2S
F6349-0541,C24H25N5O4
F6245-3358,C24H27ClN4O3
F0650-0239,C24H23ClN4O2S
F3143-0057,C29H26N4O3
