# All user editable compound information in the PCDL Manager compounds tab can be imported
# A minimum of formula or mass plus one identifier must be populated for compound import (recommended is formula and at least one other identifier, see examples)
# Multiple synonyms can be entered into the Synonyms column when separated by ';' (e.g. L-Isoleucine; 2-Amino-3-methylvaleric acid)
# All compounds will be assumed to be of a neutral ion type, unless a 1 is entered in the Cation or Anion column
Name,Formula
F5834-5455,C14H18FNO2
F1907-9522,C11H11F3N4
F6512-8934,C13H12N2O4
F6752-5374,C14H21N3O2
F6608-2431,C13H18FN3O2
F6559-1525,C12H15F2N3O2
F6564-7752,C13H14N4O3
F6201-0098,C15H16FNO3
F6540-9170,C12H19F3N2O2
F6556-7622,C18H21NO2
F6782-7734,C16H18N2O3
F6475-6368,C14H16N4O3
F6438-3199,C13H18N6O2
F6524-1933,C14H13F2N3O2
F6604-8514,C18H21N3O
F3095-3634,C19H23NO2
F6752-5232,C16H21N5O
F0119-0035,C19H27NO2
F6488-0428,C14H16N4O2S
F6677-0949,C19H22N4
F6681-3578,C15H14F3N3O
F6755-2433,C16H17N5S
F6436-0898,C13H19N3O4S
F6724-4143,C15H17N5OS
F3382-2420,C19H15N3O2
F6420-0109,C16H17NO4S
F6420-0756,C12H19NO3S3
F6748-0911,C19H22N4O
F6472-7289,C16H16N6O2
F0685-0051,C14H18N2O3S2
F6560-0354,C18H18FN3O2
F6451-2978,C13H16ClN3O3S
F2302-0668,C20H18N4O
F6521-5568,C14H18F2N2O3S
F6438-3484,C15H20FN7O
F6436-0331,C17H21NO2S2
F6559-1343,C19H20N4O2
F6808-9644,C13H15BrN4S
F0453-0203,C18H17N3O2S
F3257-0426,C19H20N2O2S
F6795-3190,C16H19N7S
F6475-0312,C20H26N2O3
F1813-0290,C17H13ClN2O2S
F6475-1008,C17H19N3O3S
F5833-5089,C20H18N4O2
F6559-6262,C20H21N5O
F6510-3697,C16H16FN3O3S
F5835-0499,C19H18N4O3
F3394-0508,C18H13FN4OS
F6515-4004,C23H19N3O
F5791-1744,C18H17N3O3S
F6507-5504,C10H16BrNO4S2
F5902-0094,C18H22N4O2S
F6678-8497,C18H15F3N4O
F6758-3846,C17H13F3N4O2
F6539-2713,C19H29N3O4
F6560-0375,C17H23N3O4S
F6414-0285,C17H18ClNO4S
F6178-7699,C18H28N2O2S2
F1190-0486,C20H18O7
F6788-4277,C20H29N5O2
F6678-8674,C20H18F3N3O
F6471-9091,C17H17N3O5S
F6656-3138,C22H24N4O2
F2539-0411,C19H17F3N2O3
F2738-2016,C22H25N3OS
F6469-1536,C21H14F3N3O
F6438-3556,C18H22N8O2
F6041-0235,C19H20N4O3S
F6359-1160,C16H19ClN2O3S2
F5226-0438,C20H19F2N3O3
F1132-0251,C15H13Cl2NO5S
F6411-1271,C19H23ClN4OS
F5630-0006,C19H26ClN5O2
F6441-2585,C19H23NO4S2
F6471-5685,C22H23FN4O2
F0463-0037,C23H16N4O3
F6438-3835,C20H27N7O2
F6481-1410,C23H26FNO2S
F5090-2576,C24H27N5O
F6192-0689,C19H20N2O4S2
F3406-2130,C20H26N2O3S2
F3226-1924,C22H24N4O4
F6441-4785,C16H20F3NO4S2
F6495-5946,C18H23N9OS
F1163-0012,C24H20N2O5
F6190-2305,C19H18BrNO3S
F6564-1913,C22H23N5O4
F6276-1346,C23H24N2O4S
F6548-1398,C22H25N3O4S
F6729-7416,C20H23FN6O2S
F5248-0673,C20H27N5O2S2
F6523-2135,C23H24N4O5
F6250-0141,C24H26FN3O4
F6783-6310,C21H26N6O3S
F0653-0017,C25H27N5OS
F5669-0332,C25H32N6O2
F6548-4336,C25H22N4O3S
F2920-0028,C24H30N4O4S
F5939-2778,C23H26N6O4S
