# All user editable compound information in the PCDL Manager compounds tab can be imported
# A minimum of formula or mass plus one identifier must be populated for compound import (recommended is formula and at least one other identifier, see examples)
# Multiple synonyms can be entered into the Synonyms column when separated by ';' (e.g. L-Isoleucine; 2-Amino-3-methylvaleric acid)
# All compounds will be assumed to be of a neutral ion type, unless a 1 is entered in the Cation or Anion column
Name,Formula
F6541-5786,C15H26N2O
F6451-0535,C13H21NO2S
F6209-0003,C14H17N3O2
F3349-0204,C12H13N3O2S
F9995-0411,C12H10ClNO2S
F6190-0425,C13H22N2O4
F6542-5887,C17H23NO2
F2145-0098,C13H9F2N3S
F6363-0465,C12H10F2N4O2
F6809-8026,C12H12F3N5
F1981-0011,C15H14N2O2S
F6244-0393,C12H14F2N2O2S
F6215-0166,C15H18N2O2S
F6677-1355,C15H24N4O2
F6420-0582,C15H21NO3S
F1174-3160,C17H16FN3O
F6760-2830,C16H17N3O3
F5319-0281,C16H19N3O3
F6554-0818,C15H21N5O2
F6561-0601,C14H18N4O2S
F6660-6228,C11H8ClN5S2
F1201-0002,C17H13NO5
F0674-0036,C16H12FN3OS
F2496-0040,C17H11F2NO3
F6507-8880,C14H17ClFNO2S
F5033-2537,C17H26N4O2
F3007-0052,C19H20N4O
F5882-7306,C16H22N2O3S
F6452-0252,C15H17FN2O3S
F2880-3024,C19H23N3O2
F6482-2451,C15H21NO5S
F6801-8019,C19H24N2O3
F6473-0702,C16H18N4O2S
F6550-5130,C14H13BrN4O
F6675-8681,C17H15N7O
F6436-0364,C16H17NO3S2
F6438-1891,C15H20N4O3S
F6478-0613,C18H19N5O2
F6523-3871,C14H14ClN3O3S
F6515-0867,C17H16N4O2S
F6105-0052,C15H20FN3O3S
F5857-7128,C19H22N2O4
F6782-5873,C19H22FN3O2
F6474-7433,C16H15N3O4S
F0612-0445,C18H22N2OS2
F6259-1265,C16H21N5O2S
F2890-0192,C12H9Cl2NO3S2
F6609-5605,C16H19ClN4OS
F6561-2466,C22H25NO3
F6791-7491,C15H20ClN5O3
F6374-5527,C16H18ClNO2S2
F6619-7900,C16H20N8S
F6443-6400,C17H18N4O3S
F6481-4050,C17H16N2O3S2
F6178-7410,C20H31N3O3
F6795-5256,C17H22FN5OS
F6571-5763,C21H19NO3S
F6753-2073,C18H24F2N4O2
F6245-4970,C19H20N4O2S
F6609-5355,C17H15BrN4O
F6442-1363,C21H25NO3S
F6539-3886,C19H19NO5S
F5095-0326,C23H26N4O
F3407-0274,C20H25ClN2O3
F6562-9021,C17H13F3N4OS
F6734-1448,C20H18FN5O2
F6451-0759,C17H20BrNO2S
F6556-6365,C19H27ClN2O2S
F3345-0003,C19H14ClFN4O2
F5626-0049,C19H23N5O4
F6557-0869,C20H21NO5S
F6791-7686,C17H23F3N4O3
F6403-1631,C18H19ClN4O2S
F5999-0210,C21H21N5OS
F0195-0022,C20H16BrN3O
F6225-0341,C21H22N4O2S
F1757-0161,C20H17BrN2O2
F6473-8180,C21H23N3O5
F5788-4171,C20H21N3O4S
F1608-0530,C23H19N3O4
F5788-4976,C21H23F2N3O3
F6419-0150,C19H16Cl2N2O4
F6166-0138,C22H21ClN4O2
F6594-0007,C22H26N4O2S
F3406-9950,C20H19N3O5S
F2890-0122,C16H17ClN2O3S3
F6456-1009,C22H22N6OS
F6469-3473,C17H17F2N7O2S
F6353-5734,C18H21BrN2O3S
F6435-2825,C19H22FNO5S2
F6249-1017,C19H15ClF4N2O3
F6471-8944,C16H20ClN3O5S2
F3411-3357,C22H17ClN4O4
F6565-1324,C18H13F4N5O4
F5017-2084,C20H21F3N2O4S
F6469-1472,C24H20FN5OS
F0556-0540,C25H21FN2O5
F5831-0145,C24H28N2O5S
F8890-1372,C25H29ClN4O3
F6043-0259,C26H32N4O3S
