# All user editable compound information in the PCDL Manager compounds tab can be imported
# A minimum of formula or mass plus one identifier must be populated for compound import (recommended is formula and at least one other identifier, see examples)
# Multiple synonyms can be entered into the Synonyms column when separated by ';' (e.g. L-Isoleucine; 2-Amino-3-methylvaleric acid)
# All compounds will be assumed to be of a neutral ion type, unless a 1 is entered in the Cation or Anion column
Name,Formula
F6190-1019,C12H13NO3S
F5490-1253,C14H17N5
F6747-5349,C13H17N5O
F6475-2775,C12H13N3O4
F5103-0079,C16H13NOS
F6201-0234,C11H13NO3S2
F6809-7782,C10H12BrFN2O
F6604-6806,C12H12ClN5O
F6436-0385,C13H16N2O3S
F6425-0287,C13H13N7O
F6201-0110,C15H14N2O4
F2716-0095,C15H16N2O2S
F6722-1044,C14H18N4OS
F5972-0036,C11H16ClNO4S
F6518-5598,C17H17N3O2
F6672-1689,C15H18F3N3
F6411-2616,C15H17N5O2
F6549-3828,C15H19N5O2
F6809-6129,C17H25N3O2
F6725-2258,C16H14N6O
F0464-0029,C13H15N3O2S2
F6360-9167,C16H13N3O4
F5659-1636,C16H12FN3O3
F6445-3611,C15H14ClN5O
F6435-0526,C13H19NO4S2
F6420-0639,C11H14BrNO3S
F6753-3378,C16H24N4OS
F6801-7986,C18H18N4O2
F6562-9061,C17H16N4OS
F5833-1219,C18H23N5O
F5806-0238,C15H16F3N3O2
F6199-0150,C18H24N4O2
F6752-3459,C15H20F2N2O2S
F6524-2615,C12H11F3N4O2S
F6257-2571,C16H17F2N5O
F6451-2703,C17H18ClNO2S
F6524-5465,C17H16N6O2
F6812-1352,C17H19N7O
F6443-6588,C15H15ClFN3OS
F2493-3376,C18H16N2O5
F6524-1903,C17H16FN5O2
F0696-4620,C18H22N4O3
F3348-0230,C21H21N5
F6192-0136,C18H16FNO3S
F6549-7427,C17H19ClN4O2
F5096-0192,C17H22ClN5O
F5857-0497,C16H16BrNO3
F6747-9483,C15H19ClN6S
F6689-3423,C20H25N5O
F6559-3659,C15H17F2N5O3
F6204-1021,C16H18FNO3S2
F6438-3840,C14H24N6O3S
F6519-5652,C18H19ClN4O2
F6504-1167,C17H17ClN4OS
F6480-5243,C15H15BrN4O2
F1219-0835,C21H21N3O3
F6525-7257,C20H19N3O2S
F6796-9401,C20H23FN6
F3406-3321,C19H20N4O2S
F6412-1981,C16H13F3N2O3S
F2024-1606,C20H22FN3O3
F6562-1142,C16H18F3N3O2S
F0630-1693,C16H14BrN3OS
F5882-0366,C23H24N2OS
F6524-2649,C17H13F3N4O3
F6438-3482,C16H22ClN7O2
F6415-1002,C18H14F3NO3S
F2602-0122,C21H23ClN4O
F2553-0175,C20H20N2O2S2
F6479-4287,C21H27N3O2S
F6660-0444,C18H21N5OS2
F6414-0496,C24H24N2O3
F5854-1816,C22H18N2O3S
F6525-2125,C20H18FN7O
F6806-8098,C15H19BrF3N3O
F6502-1116,C20H19FN6O2
F2371-0327,C18H18ClFN2O3S
F2236-1187,C20H23N5O4
F3273-0867,C19H21N5O3S
F6353-3391,C21H24ClN3O3
F6279-0068,C21H29N3O3S
F6562-7401,C16H17F3N2O5S
F6443-5584,C26H20N2O3
F6473-1098,C24H30N2O2S
F5871-4726,C15H22F3N3O5S
F6250-0058,C20H21BrN2O3
F6523-0177,C20H21F3N6O
F1754-0108,C23H20FN3O2S
F6439-8347,C18H15F3N4O3S
F1408-0285,C19H25NO6S2
F6223-0304,C19H19ClN6O2S
F6262-6167,C21H15F4N3OS
F6372-1726,C22H20N4O4S
F5530-0723,C23H16F3N3O3
F5521-0255,C21H22N4O5S
F6478-6156,C21H24ClN5O4
F5485-0309,C24H24N4O3S
F3409-0030,C28H32N4O2
F2258-1057,C21H19ClF3N3O2S
F3382-8291,C24H23N3O4S2
