# All user editable compound information in the PCDL Manager compounds tab can be imported
# A minimum of formula or mass plus one identifier must be populated for compound import (recommended is formula and at least one other identifier, see examples)
# Multiple synonyms can be entered into the Synonyms column when separated by ';' (e.g. L-Isoleucine; 2-Amino-3-methylvaleric acid)
# All compounds will be assumed to be of a neutral ion type, unless a 1 is entered in the Cation or Anion column
Name,Formula
F6543-4993,C14H18FNO2
F6555-6294,C13H12N4O2
F5067-0079,C13H12N2O4
F8889-9390,C14H21N3O2
F6752-7577,C13H21N3OS
F6672-1719,C15H17N3S
F0852-0149,C18H14N2O
F6451-3192,C15H16FNO3
F6549-7125,C14H20N2O4
F0413-0119,C18H21NO2
F2616-0784,C16H18N2O3
F6478-4033,C14H16N4O3
F6619-5851,C13H18N6O2
F6440-1918,C11H14F3N3O3
F0722-8872,C18H21N3O
F3096-0390,C19H23NO2
F6702-2082,C16H21N5O
F6789-6797,C18H27N3O
F6489-0601,C14H16N4O2S
F3083-0116,C17H26N2O3
F6709-4871,C15H14F3N3O
F5354-0173,C15H16F3N3O
F3323-0569,C18H16FNO3
F6773-2938,C15H17N5OS
F5893-0216,C19H15N3O2
F6435-2540,C16H17NO4S
F1113-0349,C19H12ClNO2
F6015-0282,C19H22N4O
F6231-0969,C16H16N6O2
F6472-0982,C14H18N2O3S2
F6807-7245,C18H18FN3O2
F3088-2897,C18H13ClFNO2
F6679-0079,C20H18N4O
F6561-7756,C17H20N2OS2
F6561-2398,C19H27NO2S
F3319-1147,C16H18ClN3O3
F6606-4994,C19H20N4O2
F6507-3772,C14H15BrN2O3
F3222-0645,C18H17N3O2S
F3320-0771,C19H20N2O2S
F6750-6475,C16H19N7S
F5857-5598,C20H26N2O3
F1855-0012,C17H13ClN2O2S
F6559-0111,C17H19N3O3S
F6515-3922,C20H18N4O2
F6798-4889,C17H22FN5O2
F6523-3196,C16H16FN3O3S
F6524-0555,C19H18N4O3
F2359-0106,C17H13ClN6O
F1011-1325,C20H20FN3O2
F6471-1057,C15H21N3O3S2
F6451-2756,C14H13BrClNO3
F6466-0384,C18H22N4O2S
F6482-6587,C20H16N4O3
F6416-7921,C18H19ClN2O4
F6619-7491,C18H29N5O3
F6507-1400,C17H23N3O4S
F6526-0350,C15H17N3O4S2
F5042-0556,C18H20N6O3
F6469-1681,C21H14N4O3
F6656-2824,C20H29N5O2
F6678-7918,C20H18F3N3O
F6231-0958,C17H15ClFN5O2
F5149-0381,C22H24N4O2
F6436-2207,C19H17F3N2O3
F6670-4883,C22H25N3OS
F3301-0181,C23H15N3O3
F6619-6749,C18H22N8O2
F5042-0071,C19H20N4O3S
F2537-1395,C19H15FN2O2S2
F6403-0912,C23H21N3OS
F2527-0092,C14H13Cl2N3O4S
F6225-0782,C17H22N6OS2
F5857-2743,C24H25NO4
F6442-2093,C19H23NO4S2
F6228-0800,C19H27FN4O2S
F6443-5581,C22H21ClN2O3
F6713-1953,C20H27N7O2
F3253-0002,C22H25NO6
F6574-1249,C22H31N3O4
F3385-5871,C23H17ClN2O3
F6658-4721,C19H23ClN4O4
F6785-6268,C22H24N4O4
F1806-0094,C17H16F3N5S2
F5033-7734,C22H24FN3O4
F2898-5482,C21H24N2O5S
F2601-0008,C18H18BrN3O2S
F6519-5878,C22H23N5O4
F6475-7958,C23H24N2O4S
F2870-0374,C22H25N3O4S
F6726-4460,C20H23FN6O2S
F1700-0010,C22H22F3N3O3
F5228-1299,C23H24N4O5
F0621-0664,C24H29N3O3S
F3406-7903,C26H23FN4O2
F6727-2163,C22H23N9O2
F3165-0288,C16H13Br2N5O
F0032-0042,C25H22N4O3S
F0660-1501,C28H27FN4O2
F5486-0992,C25H27FN4O3S
