# All user editable compound information in the PCDL Manager compounds tab can be imported
# A minimum of formula or mass plus one identifier must be populated for compound import (recommended is formula and at least one other identifier, see examples)
# Multiple synonyms can be entered into the Synonyms column when separated by ';' (e.g. L-Isoleucine; 2-Amino-3-methylvaleric acid)
# All compounds will be assumed to be of a neutral ion type, unless a 1 is entered in the Cation or Anion column
Name,Formula
F6414-2457,C12H18N2O2S
F5490-1346,C14H18N4O
F6549-3409,C12H14N4OS
F2158-2285,C11H10N2O4S
F3395-1586,C9H6ClF3O2S
F5965-0033,C12H16FNO3S
F6512-8991,C14H16N2O2S
F6791-3214,C14H12F3N3
F6666-9896,C14H16F2N2O2
F6507-5257,C14H20ClNO3
F6357-1545,C17H21NOS
F6436-2044,C15H19N3O3
F6748-0333,C14H14ClFN4
F6550-3062,C19H22N2O
F5304-0051,C13H13Cl2N3O
F6482-7676,C15H13N3O2S
F5832-0040,C13H19NO3S2
F0734-0012,C18H13N3S
F6561-3340,C17H23NO2S
F2146-0635,C14H14F2N4S
F5190-0976,C15H22N2O3S
F5833-6644,C18H20N2O3
F6512-0271,C16H18N4O3
F6782-3667,C19H16N4O
F5303-0235,C15H18N4O2S
F6471-3806,C14H16N4O3S
F6469-2615,C13H14N4O2S2
F6564-3169,C19H21N3O2
F6562-7605,C17H21ClFNO2
F6660-0701,C13H10ClNO3S2
F6713-5816,C16H17ClN6
F6804-4846,C19H24FN3O
F6446-0417,C17H21N3O2S
F1762-0429,C20H12FNO3
F6444-2302,C17H22N2O5
F6481-1567,C16H17FN2OS2
F6475-2517,C14H19N5O3S
F6037-0634,C19H19FN4O
F6573-7283,C20H25N3O2
F6371-0431,C17H15N3O3S
F6436-2208,C16H17F3N2O3
F5083-0178,C21H17N3O2
F3278-0082,C17H23F3N2O2
F6515-4345,C17H12ClFN2OS
F0630-1716,C20H17N3OS
F6443-7662,C19H19F3N2O
F6240-6592,C21H23N3O2
F6524-4301,C18H17N5O3
F2507-0403,C17H12ClN5S
F6808-2788,C19H22N4OS
F1800-0129,C16H18F2N2O3S
F6731-1043,C19H24FN5O
F6475-2575,C18H21N3O5
F6445-6208,C21H16FN3O2
F6508-0027,C21H17NO3S
F6559-6493,C19H24N8
F6222-0499,C18H18N6OS
F6558-0400,C19H33N3O4
F0550-0160,C20H23N3O2S
F6559-1987,C16H16F3N3O2S
F6713-5200,C20H20N8
F6436-0183,C19H22N2O4S
F6253-6238,C19H18ClFN2O3
F2205-0310,C23H23NO4
F6481-0740,C19H19ClFNO2S
F6312-0214,C21H21FN4O2
F6788-3438,C16H14ClF3N6
F5834-3090,C21H25N3O2S
F6245-6826,C18H19N5O3S
F5831-9051,C21H27FN4O2
F6524-5421,C18H18ClFN6O
F6562-0933,C22H23N5O2
F6257-6706,C18H19Cl2N5O
F6785-6594,C18H19F3N6O
F6782-3961,C20H15ClN4O3
F6612-0028,C20H21N5O4
F5788-1173,C18H15F4N3O3
F6506-2420,C16H14ClNO3S3
F6750-6444,C22H24N8
F6734-0828,C18H18ClN5O2S
F6448-2066,C22H19N3O5
F6475-5471,C22H25N5O3
F6481-4215,C18H22N2O3S3
F3411-0289,C21H24N4O3S
F5075-4037,C20H18ClN3O5
F6656-2403,C24H27N5O2
F6523-4587,C20H25FN4O3S
F0918-1213,C18H22ClN5O3S
F2493-1892,C25H18N2O5
F2637-0425,C21H23N3O3S2
F1885-0684,C20H18F2N4O3S
F2984-0132,C21H25NO5S2
F2270-0266,C23H22N2O5S
F5461-0244,C23H24FN3OS2
F3406-0905,C25H21FN4O3
F6513-5437,C20H25N5O5S
F3382-7640,C21H26F3N5OS
F3222-4875,C20H21ClFN5O3S
F3406-0567,C23H31N3O4S2
