# All user editable compound information in the PCDL Manager compounds tab can be imported
# A minimum of formula or mass plus one identifier must be populated for compound import (recommended is formula and at least one other identifier, see examples)
# Multiple synonyms can be entered into the Synonyms column when separated by ';' (e.g. L-Isoleucine; 2-Amino-3-methylvaleric acid)
# All compounds will be assumed to be of a neutral ion type, unless a 1 is entered in the Cation or Anion column
Name,Formula
F6546-0985,C15H14N2O2
F5937-0081,C15H18N2O2
F5600-0044,C12H14N4OS
F6540-4490,C11H11BrN2O
F6562-5745,C15H27NOS
F6363-0186,C13H11N3O4
F5831-1885,C14H16N2O2S
F6415-0796,C14H17NO3S
F5857-6048,C14H19ClN2O2
F6562-8281,C15H15N3O3
F6440-3285,C12H21N3O3S
F2783-1015,C15H19N3O3
F5857-0060,C14H16N2O3S
F6675-8106,C16H18N6
F6724-4057,C11H12BrN3O2
F6482-1823,C13H17NO3S2
F2189-0997,C16H15NO3S
F6724-2662,C15H14ClN3O2
F6356-0175,C20H19NO2
F6438-1334,C14H14ClFN4O
F5834-4653,C18H18N2O3
F6747-5825,C17H20N4S
F6752-3537,C14H17F3N4O
F6031-2300,C14H21FN2O3S
F6482-3548,C15H18N4O2S
F6574-0688,C14H16N4O3S
F6369-0084,C15H15ClN2O2S
F6451-0072,C17H25NO3S
F6512-3144,C13H19N5O3S
F6752-1150,C19H26N4O
F6573-3353,C14H15F3N4O2
F6015-0261,C17H23N5O2
F5496-1732,C17H21N3O2S
F5772-2767,C16H13F2N3OS
F6438-1823,C16H22N4O2S
F6279-0109,C16H11F3N2O3
F2024-2103,C16H20ClN3O3
F6359-4247,C17H18N6O2
F6619-7288,C16H21N9
F6502-7549,C17H15N3O3S
F6519-8228,C17H18N4O2S
F6764-3294,C19H16F3N3
F6753-3381,C18H24N4OS
F6556-8745,C16H14N2OS3
F6451-2824,C19H19ClFNO2
F6246-0208,C14H19F3N4O3
F6796-3670,C17H19N9
F6761-7660,C16H16F3N5O
F6467-0119,C15H10F3N3O2S
F6559-5754,C16H20F2N4O3
F2726-0839,C19H17FN2O2S
F3314-0270,C21H27NO4
F0589-0500,C22H18FN3O
F6574-0244,C19H15N5O3
F5857-3129,C18H18ClNO5
F6783-6496,C20H24N6O
F6617-2581,C20H18N2O5
F6619-6969,C18H25N9
F6573-4830,C23H19N3O2
F5832-8854,C19H18ClN3OS
F6474-7330,C19H24N4O4
F6561-7761,C19H22N2O4S
F6481-4485,C18H20N2O3S2
F6524-1173,C19H19N7O2
F6523-3785,C20H14ClN3O3
F0196-0566,C23H24O5
F6472-2945,C16H19ClN4O3S
F2073-0614,C24H21N3O2
F6761-7719,C16H18F3N5OS
F6438-2626,C19H26N6O3
F2527-0145,C18H20N4O4S
F6156-0643,C25H24FNO2
F6520-0834,C19H21NO4S2
F6791-9287,C19H20N8S
F6261-2163,C19H14F4N2OS
F6529-3989,C18H20F3N5O2
F6523-3476,C19H16FN5O2S
F6475-8330,C22H30N4O3
F5033-2769,C19H27F3N4O2
F6681-8863,C16H18BrN7O
F6441-3679,C17H27NO6S2
F6617-6303,C23H25N3O4
F5295-0091,C18H19ClN2O5S
F6559-0063,C24H20N4O3
F6441-2788,C21H18FNO5S
F1608-0329,C25H27N3O3
F5855-0829,C23H24N4O2S
F2515-2626,C22H18FN3O3S
F3406-8596,C21H19FN4O3S
F3165-0049,C21H20ClN3O5
F3225-0803,C20H21ClN4O3S
F1420-0976,C20H22FN3O3S2
F5072-7688,C19H23ClN4O4S
F2600-0032,C21H17F6N3O
F6436-2624,C26H24N2O3S
F5493-0345,C24H22FN5OS
F3411-0760,C21H22F3N3O3S
F0877-0155,C23H20BrN3O3
F2865-1386,C23H23N7O3S
