# All user editable compound information in the PCDL Manager compounds tab can be imported
# A minimum of formula or mass plus one identifier must be populated for compound import (recommended is formula and at least one other identifier, see examples)
# Multiple synonyms can be entered into the Synonyms column when separated by ';' (e.g. L-Isoleucine; 2-Amino-3-methylvaleric acid)
# All compounds will be assumed to be of a neutral ion type, unless a 1 is entered in the Cation or Anion column
Name,Formula
F6089-9713,C12H18N2O2S
F6541-4281,C14H18N4O
F6515-3514,C12H14N4OS
F2145-0487,C12H8F2N2OS
F6539-2580,C14H27N3O2
F6808-7066,C15H15NO2S
F6204-0409,C14H16N2O2S
F5490-1218,C14H12F3N3
F6663-4563,C14H16F2N2O2
F6435-1902,C15H15N3O3
F2032-0087,C17H21NOS
F6562-2586,C15H19N3O3
F6572-0908,C14H14ClFN4
F6802-7863,C14H22N4O3
F6822-8761,C13H13Cl2N3O
F2199-0591,C17H14ClNO2
F6357-0227,C13H19NO3S2
F5831-3148,C17H15ClFNO
F6452-0038,C17H20FNO3
F6435-2145,C14H11F3N4O
F2784-1354,C15H22N2O3S
F6604-0612,C14H16N8O
F6612-0005,C16H18N4O3
F2275-0947,C19H16N4O
F6443-6559,C15H18N4O2S
F6488-1491,C14H16N4O3S
F2487-0045,C15H15ClN2O2S
F6445-6101,C19H21N3O2
F2616-0469,C15H17F2N3O3
F6514-2921,C10H9BrF3NO3
F6673-9256,C16H17ClN6
F6679-0245,C22H23N3
F6381-0255,C17H21N3O2S
F6445-6474,C15H15N3O4S
F6561-2169,C17H22N2O5
F6481-1491,C16H17FN2OS2
F6786-5677,C14H19N5O3S
F6678-9188,C19H19FN4O
F6606-5217,C20H25N3O2
F6363-0391,C17H15N3O3S
F6415-0384,C16H17F3N2O3
F3128-0002,C21H17N3O2
F6454-0607,C17H23F3N2O2
F6482-6904,C17H12ClFN2OS
F6515-0795,C20H17N3OS
F6723-7566,C19H19F3N2O
F5772-0800,C21H23N3O2
F5228-1853,C18H17N5O3
F1639-0147,C16H16ClNO4S
F5119-0199,C19H22N4OS
F5954-0139,C17H11F3N6
F6454-1116,C19H24FN5O
F6556-4275,C18H21N3O5
F6549-1954,C16H19N5O3S
F6571-5756,C21H17NO3S
F6788-3073,C19H24N8
F6562-7358,C17H22N2O5S
F5040-0182,C21H29N5O
F6559-0047,C20H23N3O2S
F5382-0327,C16H16F3N3O2S
F5882-2130,C19H24N4O4
F6360-9398,C19H22N2O4S
F6473-4240,C19H18ClFN2O3
F2070-1376,C18H24ClN5O2
F6481-1281,C19H19ClFNO2S
F6514-2418,C21H21FN4O2
F6353-6274,C18H20ClFN2O2S
F5788-4837,C21H25N3O2S
F1607-0135,C20H20ClN3O3
F0696-3858,C24H26N4O
F6559-0227,C18H18ClFN6O
F5999-0032,C22H23N5O2
F6494-1159,C19H13F4N3O2
F6676-0569,C18H19F3N6O
F0679-0339,C20H15ClN4O3
F6514-4058,C20H21N5O4
F2024-1646,C18H15F4N3O3
F6403-1506,C14H14BrN3O2S2
F6619-6939,C22H24N8
F6209-0188,C20H19Cl2N3O2
F0696-3358,C22H19N3O5
F6619-6200,C20H24F3N5O
F6436-2502,C15H20F2N2O5S2
F3406-3358,C21H24N4O3S
F2580-0991,C20H18ClN3O5
F2077-0538,C24H27N5O2
F3407-4785,C23H24N4O2S
F6440-3630,C20H23Cl2N3O3
F6125-2115,C20H18F4N2O4
F2609-2779,C21H23N3O3S2
F1743-0039,C23H17FN4O2S
F5254-0665,C22H18FN5O2S
F6438-3838,C18H23ClN6O3S
F2068-0703,C20H22F3N3O3S
F6783-5078,C20H24N6O4S
F6709-2639,C20H25N5O5S
F3283-0261,C26H23N5O3
F5653-0077,C21H18F3N3O4S
F2068-0755,C26H27N3O4S
