# All user editable compound information in the PCDL Manager compounds tab can be imported
# A minimum of formula or mass plus one identifier must be populated for compound import (recommended is formula and at least one other identifier, see examples)
# Multiple synonyms can be entered into the Synonyms column when separated by ';' (e.g. L-Isoleucine; 2-Amino-3-methylvaleric acid)
# All compounds will be assumed to be of a neutral ion type, unless a 1 is entered in the Cation or Anion column
Name,Formula
F0722-4176,C17H18N2
F6724-1383,C12H18ClN3O
F6545-0242,C12H21NO3S
F3375-3010,C15H9N3O2
F6442-5769,C15H26N2O2
F6492-0358,C15H18N4O
F6619-5737,C14H19N5O
F1236-0045,C14H9Cl2NO
F6808-8536,C13H17BrN2
F5001-1826,C15H13N3O3
F6760-8071,C11H9F3N4O2
F6520-0530,C14H12N2O3S
F2011-0405,C15H18N2O2S
F5852-0558,C16H24N2O3
F5788-2251,C14H15F2N3O2
F6782-6956,C15H15N5O2
F2879-4473,C16H17N3O3
F6474-7162,C16H19N3O3
F3320-0855,C16H21N3O3
F5869-0031,C17H14N4O2
F6660-4690,C15H24N4O3
F6660-0659,C16H13N3O2S
F5139-0157,C12H15N3O3S2
F0303-0109,C16H13NO4S
F2545-0236,C13H16ClNO4S
F6747-5904,C15H22N6O2
F3350-1017,C20H20N2O2
F6443-5498,C19H18N2O3
F6561-1442,C18H16N2O2S
F6356-1120,C20H23NO3
F5857-3430,C16H16F3NO3
F6279-0181,C19H24N2O3
F6475-6289,C18H19ClN2O2
F6806-8142,C19H29N3O2
F6485-1265,C17H17F2N3O2
F1716-0197,C16H18BrNO2
F6464-0650,C17H21ClN2O3
F6658-4657,C18H19N5O2
F6414-0570,C15H14ClNO4S
F6523-4248,C17H16N4O2S
F2495-0224,C18H19N3O2S
F6555-0622,C18H22N4OS
F6513-1359,C17H21N5O3
F6252-1347,C17H13ClFN3O2
F6445-6837,C21H18N2OS
F6411-0887,C18H22ClN3O2
F6791-7253,C20H24N6
F2276-0344,C17H13F3N2O3
F6712-9030,C18H23F2N3O2
F6563-0304,C19H19N3O2S
F6481-4159,C16H15ClFNOS2
F5860-0263,C18H20N4O4
F6480-3474,C17H15FN4O4
F6573-9707,C16H13ClN4O2S
F6764-1989,C21H23N5O
F5327-0038,C20H20F3NO2
F6446-1136,C17H20ClN3O2S
F6514-4099,C19H22N6O2
F0914-6553,C21H20O6
F6561-0886,C13H15BrN4O2S
F6473-9376,C19H21N3O5
F6353-6166,C18H19N3O2S2
F6792-2519,C18H26N6OS
F6438-0550,C21H20N4O3
F6445-5042,C18H13F3N2O2S
F6670-6373,C18H22FN3O3S
F6473-8262,C16H16BrNO5
F6294-0431,C20H22N4O2S
F2744-0501,C20H17ClN2O2S
F6184-0600,C22H27NO3S
F2368-3072,C19H18FN3O3S
F6514-6704,C21H20N6O2
F2635-1624,C17H18N4O3S2
F6252-1657,C21H18FN5O2
F3097-0931,C17H16BrNO5
F5496-1609,C21H22N4O2S
F2056-0132,C17H14ClFN2O2S2
F2758-3018,C20H23N5O2S
F6353-6577,C18H20F3N3O2S
F6660-0436,C19H20FN5O2S
F2758-0743,C22H21N5O3
F6514-6888,C16H15BrN4O2S
F6784-2479,C18H21FN4O4S
F3407-3422,C25H22N4O2
F6441-3733,C16H22F3NO4S2
F5527-1239,C24H25N5O2
F6353-6245,C22H27ClN2O2S
F6442-2403,C17H19N5O6S
F1495-1624,C19H13BrN4OS
F6685-3758,C19H17N5O3S2
F6482-6977,C20H19BrN2O2S
F6619-6556,C23H28N8O
F5072-7698,C22H17ClN4O2S
F6477-0310,C19H16F3N3O2S2
F6609-5113,C22H17ClF2N4O2
F2019-3323,C22H24ClN3O3S
F3398-1851,C23H18ClFN6O
F3345-0018,C26H21ClN4O2
F6548-2538,C22H24N6O4S
F2282-0392,C26H28N2O5S
