# All user editable compound information in the PCDL Manager compounds tab can be imported
# A minimum of formula or mass plus one identifier must be populated for compound import (recommended is formula and at least one other identifier, see examples)
# Multiple synonyms can be entered into the Synonyms column when separated by ';' (e.g. L-Isoleucine; 2-Amino-3-methylvaleric acid)
# All compounds will be assumed to be of a neutral ion type, unless a 1 is entered in the Cation or Anion column
Name,Formula
F6666-1053,C14H10N2OS
F6540-9053,C12H13F3N2O
F2167-1119,C16H23NO2
F6806-6748,C13H19N3OS
F5772-7308,C14H15N5O
F6471-5813,C15H20N4O
F6549-2253,C15H21N3O2
F0174-0352,C13H10ClNO2S
F5001-0052,C16H14N2O3
F6609-8257,C16H12FNO3
F3055-0204,C16H17NO4
F6554-4682,C15H16FN3O2
F5630-0014,C15H25N5O
F6190-0374,C15H19FN2O3
F6573-0110,C17H20N4O
F6709-0374,C17H22N4O
F5882-6609,C14H28N4O3
F6554-2313,C10H13N3O4S2
F6518-2294,C15H19N3O2S
F5104-0158,C14H13ClN2O2S
F6573-8137,C13H18N4O3S
F6764-3265,C16H16N4O3
F2879-3965,C17H18N2O2S
F6241-0354,C14H15F3N2O3
F5581-0752,C15H15FN4OS
F6442-0015,C15H13FN2O3S
F6562-5776,C18H27NO2S
F6550-5171,C17H17N5O2
F6512-1366,C15H14F3N3O2
F6550-4454,C18H22N4O2
F2758-0604,C16H16N4O2S
F6416-8106,C19H23NO4
F2831-0700,C18H21NO3S
F0336-0204,C16H12ClNO3S
F6089-9741,C17H22N2O3S
F6396-1546,C14H12N2O2S3
F0608-0224,C18H15N3O4
F5875-0026,C18H18N4O3
F6796-3290,C18H21N5O2
F0748-0212,C14H16ClN3OS2
F6725-0006,C18H18N2O3S
F6573-2686,C15H16F3N3O3
F2416-0094,C22H20N2O2
F5868-0483,C16H23N7O2
F6773-4203,C16H15ClFN5O
F5832-0098,C18H21FN2O2S
F6125-0179,C19H19N5O2
F8890-6528,C15H15F2N5O3
F6796-6657,C19H24N6O
F5596-0639,C18H18N4O4
F1800-0094,C15H17ClN2O4S
F5831-6863,C19H23N3O4
F6523-3182,C18H18FN3O4
F2973-0169,C18H17ClFN3O2
F5539-0066,C17H15Cl2N3O2
F6415-0390,C22H24N2O3
F5854-1762,C20H18N2O3S
F6033-0434,C22H25NO4
F6448-1365,C17H18F3N3O3
F6539-3429,C17H13N3O3S2
F6514-8889,C22H20N4O2
F6764-1503,C18H19ClN4O3
F3354-0199,C22H33NO4
F2075-0043,C18H21ClFN5O
F6414-3191,C17H18BrNO4
F2928-0038,C19H20N6OS
F5287-0005,C14H15BrN4O2S
F6443-6788,C19H21N5O2S
F2004-0173,C19H19N3O2S2
F2880-3048,C23H22N4O2
F6411-2889,C21H16N4O2S
F6561-9384,C20H19N7O2
F6521-7957,C17H17ClF3NO2S
F5001-3090,C22H20N2O5
F6559-6105,C21H27N7O
F0696-3968,C20H21N5O2S
F6188-0756,C18H20ClNO3S2
F1673-5903,C22H26N2O5
F6496-2102,C20H24N4O5
F1673-0775,C23H34N2O4
F2708-0594,C19H20ClN3O3S
F6806-7027,C19H25N3O5S
F3395-0283,C20H26F3N5O
F3324-0289,C23H16N4O4
F3406-9019,C21H30N6O3
F6411-0521,C20H24FN5O2S
F1878-0744,C22H20N4O3S
F6436-3037,C17H14F5NO4S
F3382-4684,C18H11ClN6O3S
F6442-3097,C17H16ClNO6S2
F6438-1549,C23H25N7O2
F6764-3578,C17H18BrN5O2S
F6438-3630,C23H31N7O2
F5871-0154,C19H21Cl2N3O3S
F6167-0153,C21H21ClN4O3S
F5045-0060,C23H17N3O5S
F2019-1074,C23H24N4O4S
F3394-0929,C21H18Cl2N2O4S
F3407-0423,C26H25FN4O2S
F5315-0043,C24H32N4O5S
