# All user editable compound information in the PCDL Manager compounds tab can be imported
# A minimum of formula or mass plus one identifier must be populated for compound import (recommended is formula and at least one other identifier, see examples)
# Multiple synonyms can be entered into the Synonyms column when separated by ';' (e.g. L-Isoleucine; 2-Amino-3-methylvaleric acid)
# All compounds will be assumed to be of a neutral ion type, unless a 1 is entered in the Cation or Anion column
Name,Formula
F6521-4661,C13H19NO2S
F6540-9963,C15H19N3O
F8890-0950,C13H15N3O3
F6520-0523,C13H15NO3S
F1967-1134,C14H11N3O3
F6537-3127,C15H16N2O3
F6448-0283,C14H17N3O3
F6451-3358,C14H18N2O4
F6747-5851,C16H19N5
F6752-2597,C16H20N4O
F6210-0321,C12H12F3N3O2
F6132-0100,C13H14F3NO3
F6204-2182,C16H21NO2S
F3237-0012,C14H18N2O3S
F6713-5606,C16H16N4O2
F5839-0110,C16H18N4O2
F6201-0364,C17H20N2O3
F6796-9048,C16H19FN4O
F6730-4288,C15H13ClFN3O
F6672-2365,C16H19F2N3O
F3358-0062,C17H14N2O2S
F0643-0357,C17H16N2O2S
F3385-1134,C17H15ClN2O2
F5831-7582,C12H16N2O4S2
F0646-4153,C13H7FN4OS2
F6573-3235,C17H22FN3O2
F6481-0347,C17H23NO3S
F6415-0249,C16H21NO4S
F0212-0138,C18H15NO3S
F6573-5286,C19H22N2OS
F6254-0002,C14H12N6O2S
F6487-0925,C19H20FNO3
F6414-0097,C18H18ClNO3
F6744-6038,C17H24N4OS
F6573-4792,C20H18N2OS
F6629-8644,C19H21N5O
F0650-0060,C18H15N3O2S
F6473-7715,C19H18N2O4
F6724-5125,C18H21N5S
F6526-0290,C19H24N4O2
F6560-7424,C18H15ClN2O3
F6559-1857,C17H17N3O3S
F6550-7002,C17H20N4O2S
F6436-2748,C17H20FN5O2
F6574-1242,C16H18BrN3O
F6755-7419,C15H19F3N2O2S
F6125-1150,C20H19N3O3
F6436-3516,C18H19ClFNOS
F6559-7649,C16H19F3N6
F6411-4960,C20H19ClN2O2
F6792-2234,C19H25N5S
F6414-0712,C20H20FNO4
F5854-1115,C18H15F2N3OS
F6517-3185,C18H16ClNO3S
F6454-2821,C20H30N2O2S
F6241-0009,C20H20N4O3
F1301-0457,C19H14N2O2S2
F6677-0697,C18H20F3N3O2
F6512-1882,C17H18F3N3OS
F6523-1725,C20H26N4OS
F6374-0105,C20H24N2OS2
F6481-3476,C18H18N2O3S2
F6491-0612,C21H21N5O2
F6442-8403,C18H23N3O2S2
F5097-0840,C23H26N2O3
F2267-0718,C18H21FN2O4S
F6524-1711,C20H23N5O3
F6574-0103,C23H17N3O3
F6539-3256,C19H16BrNO3
F5033-7976,C21H23FN2O2S
F2373-0783,C16H18Cl2N2O5
F1407-0332,C19H23N3O4S
F0696-5181,C22H26N6O
F6369-0104,C19H16N6O2S
F6559-0722,C21H23N5O3
F6734-0834,C17H22ClN5O2S
F6497-0705,C22H28N4O3
F2751-0155,C18H26N2O6S
F2053-0216,C21H21FN2O3S
F6497-5778,C23H22N4O3
F1813-0446,C17H9Cl2N3O3S
F2829-0073,C23H21NO4S
F3385-6258,C23H23NO6
F2437-0256,C20H14Cl2N4O2
F5897-0012,C24H22N4O3
F3407-4548,C22H19N5O2S
F3371-0032,C18H14Cl2N4O2S
F6764-1718,C23H26N4O2S
F5871-1286,C21H23N5O5
F0590-0289,C23H25FN2O3S
F6554-1088,C21H25N3O5S
F3379-0413,C22H23ClN8
F6619-6902,C21H23N7O2S
F5604-0013,C24H23F3N4O
F6253-1995,C24H25N7O2
F6279-0156,C25H26N4O4
F3222-2968,C20H22ClN3O5S
F0577-0250,C25H23FN4O2S
F1414-0552,C25H21N3O5S
F3406-5870,C23H26ClN5O3S
