# All user editable compound information in the PCDL Manager compounds tab can be imported
# A minimum of formula or mass plus one identifier must be populated for compound import (recommended is formula and at least one other identifier, see examples)
# Multiple synonyms can be entered into the Synonyms column when separated by ';' (e.g. L-Isoleucine; 2-Amino-3-methylvaleric acid)
# All compounds will be assumed to be of a neutral ion type, unless a 1 is entered in the Cation or Anion column
Name,Formula
F2135-0851,C14H12N4O
F1957-0740,C9H12BrN3O
F5831-2997,C15H20N2O2
F6559-6011,C12H16N4OS
F6125-1749,C13H14F2N2O2
F6571-2400,C14H25NO4
F6438-6481,C9H11BrFN3O
F6540-3173,C15H23N3O2
F6445-0068,C15H11N3O3
F6556-3019,C13H17ClN2O3
F6356-0865,C17H22N2O2
F1905-8915,C16H21FN4
F6550-4789,C12H13N5O2S
F6471-2787,C18H19N3O
F6435-1928,C15H12N4O3
F1899-2463,C15H14N4OS
F0600-2293,C16H16N2O2S
F6360-9313,C16H15FN2O3
F1904-9824,C13H24N2O4S
F6793-6817,C12H16F3N3OS
F6492-0994,C18H19N3O2
F6512-0241,C18H21N3O2
F5475-0090,C19H20FNO2
F6724-3843,C16H18FN5O
F6573-2642,C16H19N3O4
F6571-6477,C17H21NO3S
F6512-0554,C17H12FN5O
F6556-8882,C15H17NO3S2
F6514-6774,C17H20N6O
F6400-1411,C15H22N2O2S2
F6774-4079,C17H21N5O2
F1318-0155,C15H21Cl2N3O
F6489-2090,C16H22N6O2
F6497-0412,C16H20N4O2S
F0643-0420,C16H12F2N2O2S
F6064-2385,C18H17N5O2
F6753-2184,C19H26F2N2O
F2749-0053,C15H18N2O5S
F2580-0818,C18H17N3O4
F5033-2863,C16H24N2O4S
F6514-6640,C18H23N5O2
F5787-1325,C14H12F3N3O2S
F6474-3459,C16H16N4O3S
F6474-8745,C17H19N3O5
F6497-0596,C17H22N4O4
F3309-3283,C16H16N2O3S2
F6436-2307,C21H19NO2S
F5075-4444,C20H22N4O2
F5854-3982,C17H21FN2O3S
F6814-6696,C20H27N5O
F2740-0805,C19H21N3O2S
F6349-0195,C18H16ClN3O3
F6057-0140,C19H26N4O3
F3267-0016,C21H20N4O2
F2781-0080,C17H22N4O3S
F2679-0151,C18H15F3N2O3
F6562-2611,C21H23N3O3
F6412-1870,C17H16F3N3O3
F0298-0264,C18H12BrNO3
F3371-0830,C21H22O6
F6617-6342,C19H17FN2O3S
F6656-1308,C23H23N3O2
F5537-0021,C18H21N3O4S
F6573-6823,C18H17Cl2N3O2
F5616-0001,C21H22N4OS
F6803-0138,C16H18BrFN4O
F3385-5810,C22H20FNO4
F6360-8116,C16H12F3N3O3S
F5097-0236,C21H24N2O5
F6512-2078,C20H22N2O2S2
F6560-2432,C22H21N5O2
F5114-0059,C22H16ClN3O2
F6514-1711,C23H22N2O4
F2640-0459,C17H17BrN2O2S
F6517-4839,C23H23NO3S
F1773-0292,C15H19Cl2NO5S
F6561-5847,C24H20N4O2
F2744-1472,C21H19ClN2O4
F6471-6150,C19H17BrN2OS
F6523-1802,C19H23BrN4O
F6245-1877,C20H19F3N4O2
F2602-0040,C23H26N4O3
F1673-1808,C19H20ClNO5S
F5688-0038,C21H22ClN5O2
F3406-4183,C20H19ClN4O2S
F1757-0129,C26H28N2O3
F6529-0144,C20H22FN3O4S
F5498-0263,C19H17F3N4O2S
F2672-0312,C24H32N4O3
F3411-7655,C20H17BrN2O4
F6609-1312,C19H15BrClN3O2
F2391-0672,C20H16F2N2O3S2
F6478-1904,C22H20BrN3O2
F3411-5285,C22H18F2N4O2S
F3071-0052,C20H21N5O3S2
F5017-2699,C22H23ClN2O4S
F6523-0472,C20H19F4N7O
F2378-0891,C21H21ClN4O4S
F0001-2392,C25H28N8O2
F5614-0777,C29H32N4O3
