# All user editable compound information in the PCDL Manager compounds tab can be imported
# A minimum of formula or mass plus one identifier must be populated for compound import (recommended is formula and at least one other identifier, see examples)
# Multiple synonyms can be entered into the Synonyms column when separated by ';' (e.g. L-Isoleucine; 2-Amino-3-methylvaleric acid)
# All compounds will be assumed to be of a neutral ion type, unless a 1 is entered in the Cation or Anion column
Name,Formula
F5061-0119,C9H11N5O2S
F2799-0175,C14H15N3O2
F6754-8612,C13H15N3OS
F6660-0704,C12H8ClNO2S
F5857-5266,C15H28N2O2
F6663-7997,C14H13ClN4
F6524-1952,C14H14FN3O2
F6549-3334,C13H12F2N4O
F6132-0110,C14H19NO5
F6708-8634,C17H20N2S
F2496-1279,C15H10FNO4
F6502-5934,C13H9F2N5O
F6516-0745,C15H17NO5
F6549-1010,C12H14N4OS2
F6436-2551,C14H20N2O3S
F2792-0157,C14H14N6O2
F6513-5976,C12H20N4O3S
F6438-0522,C15H18N4O3
F6411-4395,C14H9Cl2N3O
F5458-0028,C18H17N3O2
F2978-0011,C12H11BrN2OS
F0630-0831,C14H14ClFN2OS
F6440-4424,C19H27N3O
F6734-1465,C17H22FN5
F5096-0025,C16H20FN5O
F2148-0001,C17H22FN3S
F6439-7412,C17H15N5O2
F6796-1589,C14H12F3N5O
F2986-0026,C14H15NO4S2
F6502-9206,C15H17F3N4O
F6253-6596,C16H13BrN2O
F5526-0021,C18H19NO5
F6808-5883,C17H15Cl2N3
F6472-0723,C18H24N2O2S
F1028-0008,C16H18N2O4S
F2616-0786,C20H21N3O2
F6479-3219,C15H16ClN3O2S
F2302-0291,C20H19ClN2O
F1897-0381,C19H21N3OS
F5831-6344,C17H25FN2O2S
F2487-0225,C17H11ClN2O2S
F6522-0115,C18H17NO4S
F6444-0410,C15H24N2O3S2
F6112-0320,C18H23N3O2S
F6312-0200,C15H14BrN3O2
F6257-1848,C16H17ClN4O3
F6478-6125,C16H20ClN5O2
F2495-0152,C15H14ClN3O3S
F6792-2605,C18H20N6S
F5854-0899,C19H18N2OS2
F6805-5281,C17H21N7S
F6448-2026,C18H19N3O3S
F6562-8694,C17H14FN3OS2
F5033-2596,C20H32N4O2
F6764-4823,C21H22N4O2
F6178-2258,C17H21FN4O2S
F6436-2478,C19H28FN3O3
F6597-0521,C20H21N3O2S
F2874-0060,C19H16ClN3O3
F6485-2000,C16H26N4O4S
F6478-3474,C18H17FN4O4
F3411-2195,C15H11ClN6O2S
F2505-0069,C20H25NO4S
F5264-0496,C19H21Cl2N3O
F6524-3970,C21H22N4O3
F3406-9770,C17H18ClFN4O3
F6286-0150,C19H22F3N3O2
F6554-0292,C17H19F2N3O3S
F5832-0378,C22H28N2O4
F6438-3584,C15H20F2N6O2S
F6619-4080,C20H26FN5O2
F6412-1646,C21H18F3NO3
F5072-3643,C21H22N6O2
F2775-1923,C18H12F4N4O2
F6617-3207,C22H23N3O4
F6521-7914,C19H22ClNO4S
F6489-0778,C21H24N4O4
F0196-0644,C22H22O7
F5854-0977,C21H21ClN2O2S
F3305-0170,C23H22N4OS
F2392-1714,C20H28N4O3S
F3168-0592,C19H16ClF2N3OS
F6247-1046,C21H20ClN5O2
F6495-5627,C20H25N7O3
F3083-0492,C23H24ClFN2O2
F6469-0269,C21H15N5O3S
F3222-4953,C24H25N3O4
F6512-5451,C19H26N4O3S2
F5493-0490,C22H20FN3O3S
F2880-2700,C21H21FN4O3S
F5882-2013,C21H22ClN3O5
F2501-0065,C23H22N4O3S
F6810-6357,C21H22F3N3O2S
F5052-0153,C22H24N4O4S
F0919-4951,C26H25N3O2S
F6523-0482,C21H21F3N6O2
F2282-0453,C21H26N2O5S2
F3407-4119,C25H24FN5O3
F3188-0072,C26H22N2O5S
F3222-3213,C26H22N4O4S
