# All user editable compound information in the PCDL Manager compounds tab can be imported
# A minimum of formula or mass plus one identifier must be populated for compound import (recommended is formula and at least one other identifier, see examples)
# Multiple synonyms can be entered into the Synonyms column when separated by ';' (e.g. L-Isoleucine; 2-Amino-3-methylvaleric acid)
# All compounds will be assumed to be of a neutral ion type, unless a 1 is entered in the Cation or Anion column
Name,Formula
F6608-1045,C13H15FN2O2
F6363-0245,C14H13N3O2
F6482-3130,C12H13N5O2
F6752-3677,C14H22N4O
F6279-0223,C14H22N2OS
F6546-1387,C12H16F2N4O
F6210-1115,C15H19N3O2
F6752-4068,C14H20N4O2
F6752-2452,C14H25N5O
F0753-0042,C16H13NO4
F8889-8903,C11H15BrN2O2
F6676-2825,C18H29N3
F6446-1006,C10H18N4O2S2
F6752-7007,C14H20N4O3
F1566-1042,C13H17N3O3S
F5033-3511,C13H19N3O3S
F6571-6474,C14H21NO4S
F6549-2091,C16H19N3OS
F0035-0073,C18H22ClNO
F6809-1036,C16H16ClFN2O
F6178-6961,C16H24N2O2S
F6609-3964,C14H11F2NO3S
F5773-2080,C13H7N5O3S
F0715-0260,C12H7Cl2NO3S
F6743-7943,C18H28N4O
F1909-1796,C17H22N2O4
F6425-0282,C17H16N6O
F3316-0044,C15H19ClN4O2
F6412-1637,C15H11F3N2O3
F3162-0079,C17H19N5O2
F0816-0382,C17H17N3O2S
F6562-4263,C16H20N6O2
F6573-5135,C17H18N2O3S
F6548-3157,C18H25N3O3
F6756-2578,C18H15N5O2
F0919-2693,C15H14BrNO3
F5095-0913,C16H18ClFN4O
F6381-4173,C21H20FNO2
F0258-0023,C14H11BrClNO2
F6518-2193,C18H16N2O3S
F3406-7612,C18H16FN3O3
F6514-9355,C21H18N4O
F5832-4917,C15H25N3O4S
F6520-1639,C18H16ClNO2S
F3406-5425,C19H14N4O3
F6514-2821,C16H20F3NO4
F6464-0017,C19H28N2O2S
F6441-1080,C13H19FN2O4S2
F5999-0011,C19H21N5O2
F6451-2747,C21H20ClNO2
F6756-0479,C19H26N6O
F6559-2538,C17H17FN6O2
F5854-4925,C16H17F3N2O2S
F6110-1931,C21H33N3O2
F6472-7809,C22H23N3O2
F6502-0952,C19H17N5O3
F6521-9582,C18H20ClNO3S
F6178-5676,C20H22N4O3
F6439-4763,C13H19F3N4O3S
F3352-0033,C21H27N3O3
F6247-1836,C21H17N5O2
F6506-1753,C19H19NO3S2
F6764-3254,C22H22N4O2
F6475-0704,C22H20N2O4
F6473-4262,C16H15BrN2O4
F3319-0311,C18H22ClN3O4
F6516-0851,C15H12BrNO4S
F6454-1175,C20H19FN4O3
F6246-3057,C12H12ClF3N4O3S
F5094-2040,C19H23N5O2S
F6520-1178,C20H21NO3S2
F6525-0770,C19H24N4O3S
F6521-6700,C18H16Cl2N4O2
F6111-1810,C22H21N3O2S
F6442-6585,C21H32N2O5
F6441-2389,C22H22N2O3S
F2880-3240,C23H29N3O3
F6454-1551,C18H19F4N5O
F6481-4291,C20H21N3O2S2
F2645-0073,C23H19N3O2S
F6682-6471,C21H20F3N3O2
F2302-0019,C24H27N3O3
F6525-2188,C20H17ClN6O2
F6734-2461,C20H22N6O2S
F2258-0616,C18H21Cl2N3O2S
F6156-0405,C26H25NO4
F6680-3099,C19H22N4O5S
F6529-3707,C17H16ClF4N3O3
F8890-2651,C24H26FN3O3
F6442-6869,C25H31FN2O3
F6796-9354,C20H27F4N5O
F6403-1054,C28H24N4O
F6713-1363,C24H29N5O3
F2672-0496,C24H30N4O4
F2971-0149,C21H19ClN4OS2
F2238-0250,C20H20ClN5O3S
F6252-3323,C20H21ClN4O4S
F3382-7999,C24H29N3O4S
F3407-2237,C29H29N3O3
F2259-0435,C21H17BrN6O3
