# All user editable compound information in the PCDL Manager compounds tab can be imported
# A minimum of formula or mass plus one identifier must be populated for compound import (recommended is formula and at least one other identifier, see examples)
# Multiple synonyms can be entered into the Synonyms column when separated by ';' (e.g. L-Isoleucine; 2-Amino-3-methylvaleric acid)
# All compounds will be assumed to be of a neutral ion type, unless a 1 is entered in the Cation or Anion column
Name,Formula
F6660-1295,C15H15N3O
F6608-0967,C15H19N3O
F6559-3430,C12H15N5O2
F6733-1743,C13H10F3N3
F6436-3150,C11H15N3O3S
F6555-0810,C14H16N4O2
F6512-9209,C14H17N3O3
F6752-8017,C13H18N4O3
F6672-1787,C19H23NO
F6178-6947,C15H28N2O3
F5871-3573,C14H13N3O4
F6816-4428,C11H11F4N5
F6681-3614,C18H17N3O
F6544-0539,C14H18N2O3S
F6753-2591,C13H20N4O2S
F6725-2785,C16H18N4O2
F6713-4698,C15H17FN6
F6194-0462,C17H22N2O3
F6436-1823,C14H15N3O3S
F6619-7161,C16H17N7
F6739-8401,C15H16ClFN2O2
F1174-3216,C16H16N4OS
F6254-0016,C15H14N4O2S
F5140-0385,C13H17ClN2O3S
F3088-1794,C15H11ClN2O2S
F6708-8547,C19H21N5
F6359-0275,C19H19N3O2
F6754-9811,C16H16F3N3O
F0694-0136,C17H15N3O2S
F6481-2686,C19H22N2OS
F6725-1148,C16H16N4S2
F5854-4419,C19H23NO2S
F6435-2549,C16H17N3O3S
F6558-0388,C18H24N2O4
F6725-2695,C15H13F3N6
F6709-0294,C19H21N5O
F6525-7650,C18H15N3O2S
F6473-6232,C19H18N2O4
F5833-6207,C19H21N3O3
F6594-1671,C19H24N4O2
F6471-3802,C16H14N4O3S
F3386-2754,C16H22ClNO3S
F6573-2726,C17H20N4O2S
F1899-2028,C17H23N5OS
F6441-3092,C14H18FNO4S2
F5677-0011,C17H20N2O4S
F6403-1154,C20H19N3O3
F6512-0522,C15H17N3O5S
F6472-7306,C18H20N6O2
F6559-0705,C18H18N4O2S
F5882-0179,C20H25N3O3
F6089-7664,C20H23NO3S
F5794-0268,C17H17N3O4S
F5529-0005,C15H14F3NO4S
F3337-0039,C20H30N2O4
F1278-0568,C19H25ClN2O3
F6522-0510,C17H13F3N2O2S
F5860-0310,C20H21N3O4
F5490-0081,C19H19N3O3S
F6619-9152,C19H26N6S
F6619-7256,C17H20N6O2S
F5460-0056,C20H14N4O2S
F2074-0354,C20H26ClN3O2
F2758-0287,C20H16FN5O2
F6209-0478,C22H26N4O2
F6480-1609,C17H21ClN4O4
F6241-0312,C20H23N5O3
F6439-3573,C18H20F3N3OS
F6359-1711,C18H16BrN3O2
F6237-0929,C21H18N6O2
F6481-0594,C19H17ClN2O3S
F6438-1536,C19H21ClFN5O
F6502-2841,C22H26N6O
F6475-4407,C17H20ClF3N2O3
F6523-4230,C21H23N5O3
F6469-1812,C22H16F3N3O
F6726-0522,C21H28N6O2
F6411-1921,C19H22N6O2S
F6512-6012,C18H20N6O3S
F6464-0684,C22H27ClN2O3
F6415-0974,C18H16BrNO3S
F5729-1150,C20H20F3N3OS
F6548-0614,C23H24ClN3O2
F6679-2694,C19H17BrN4O2
F2276-0390,C22H26N2O6
F5753-0080,C21H24ClN3O2S
F5854-1854,C20H18Cl2N2O2S
F6726-5539,C22H23FN6O2
F5148-0188,C23H27N3O3S
F5235-0122,C20H24N6O3S
F6448-2092,C23H21N5O4
F5485-0143,C24H26N4O2S
F5652-2634,C24H24FN3O4
F5772-3453,C23H28N4O3S
F2024-1247,C27H29N3O3
F6442-7227,C24H31FN2O3S
F2927-0917,C22H21N5O2S2
F6089-8551,C27H30N2O5
F3382-4415,C23H21N7O5
F1873-1110,C26H25N5O3S
