# All user editable compound information in the PCDL Manager compounds tab can be imported
# A minimum of formula or mass plus one identifier must be populated for compound import (recommended is formula and at least one other identifier, see examples)
# Multiple synonyms can be entered into the Synonyms column when separated by ';' (e.g. L-Isoleucine; 2-Amino-3-methylvaleric acid)
# All compounds will be assumed to be of a neutral ion type, unless a 1 is entered in the Cation or Anion column
Name,Formula
F1501-0254,C16H15FN2
F6089-9807,C12H22N2O4
F0664-0085,C13H14N2O4
F3096-2934,C13H9F3N2O
F1773-0423,C11H11FN2O3S
F0173-0126,C14H15N3OS
F6015-0060,C15H17ClN2O
F5832-5000,C13H17N3O2S
F6708-8286,C17H18N2O2
F6725-2790,C14H15N5O2
F6806-6893,C14H17N5O2
F6617-5387,C14H19N5O2
F1016-0283,C13H16N4O2S
F6752-7612,C15H26N4O2
F6416-6522,C14H13F2NO2S
F2145-0999,C12H17N3O2S2
F1625-0019,C15H15N3O2S
F0725-0404,C18H13N3O2
F6446-0290,C16H23N3OS
F2716-0226,C18H16N2OS
F5001-0038,C17H18N4O2
F2487-0100,C18H20N2O3
F6709-0182,C13H22N4O3S
F6473-2100,C16H20N4OS
F6561-8105,C16H18N2O5
F6725-2314,C18H13FN4O
F5735-0140,C18H14N2O2S
F6104-0083,C16H22FN3O3
F6753-3431,C15H23N3OS2
F6735-2036,C16H14BrN3
F1411-0314,C18H20N2O2S
F6807-9865,C20H31N3O
F5086-1768,C19H17N5O
F2879-1062,C16H16ClN3O3
F5250-0664,C15H19FN6O2
F6752-5422,C16H21BrN2O
F6473-0772,C19H19N3OS
F2688-0016,C20H22N2O3
F6681-9230,C19H25N5O
F6445-6701,C19H19NOS2
F2751-0216,C15H22N2O5S
F6245-1222,C18H21N3O2S
F2090-0133,C20H20N6
F0643-0436,C17H15ClN2O2S
F6753-3265,C17H21N3OS2
F6031-0627,C18H21FN2O4
F6755-0316,C20H23N5O
F6482-6106,C20H18FN3O2
F6436-2116,C17H17ClFNO2S
F3386-0500,C17H26N2O4S
F6709-4187,C15H15F3N4O3
F6245-3784,C19H27N5O2
F6529-1195,C15H20F3N5O2
F0885-0026,C22H19NO4
F5875-0034,C20H17N3O2S
F6559-6496,C21H28N6
F6523-2881,C19H18N4O4
F6475-2923,C15H14BrFN2O3
F6231-0498,C17H19N7O3
F6517-3735,C20H18FNO3S
F5729-0075,C23H24N4O
F6791-9410,C18H19FN4O4
F6482-7904,C17H20N4O2S2
F6549-7200,C22H23N3O3
F6363-0121,C16H12F3N5O3
F2040-0038,C22H24N2O4
F6024-0936,C20H18N2O4S
F6562-0878,C23H21N5O
F6439-2008,C20H20FN3O2S
F2964-2983,C17H11BrFN3S
F6734-0667,C19H21ClN4O3
F6524-0510,C20H27N3O5
F6510-0932,C18H21N3O3S2
F5627-0035,C17H24N6O3S
F5033-2439,C18H20Cl2N4O2
F8890-2233,C22H22FN3O3
F6471-9437,C17H23N3O4S2
F0682-0891,C18H11ClFN5OS
F6709-4207,C15H11BrF3N3O2
F0375-0323,C22H17N3O3S
F6390-3590,C21H27NO3S2
F6658-5725,C21H25N7O2
F2036-0132,C18H22N2O5S2
F6788-7393,C20H24N6O2S
F5147-0231,C21H19ClFN3O3
F6803-2440,C15H14BrF3N4O2
F6493-1258,C21H23F3N4O2
F2200-0452,C22H21N3O4S
F6439-2998,C21H22N4O4S
F6481-2928,C22H21F2N3O2S
F3411-3725,C23H20N4O3S
F3168-1208,C25H19F2NO4
F5589-0333,C22H22N4O4S
F3407-2776,C23H24ClN3O4
F5560-0106,C21H25FN6O2S
F6233-1756,C22H21N7O4
F3406-3820,C20H15BrN4O4
F2233-0939,C24H23N3O7
F3406-1167,C23H19BrN4O3
