# All user editable compound information in the PCDL Manager compounds tab can be imported
# A minimum of formula or mass plus one identifier must be populated for compound import (recommended is formula and at least one other identifier, see examples)
# Multiple synonyms can be entered into the Synonyms column when separated by ';' (e.g. L-Isoleucine; 2-Amino-3-methylvaleric acid)
# All compounds will be assumed to be of a neutral ion type, unless a 1 is entered in the Cation or Anion column
Name,Formula
F6608-0416,C15H15N3O
F1913-7916,C15H19N3O
F6560-2303,C12H15N5O2
F6663-5625,C13H10F3N3
F6125-2775,C11H15N3O3S
F6752-4037,C14H16N4O2
F6564-8500,C14H17N3O3
F6806-8294,C13H18N4O3
F6672-2073,C19H23NO
F6752-2447,C15H28N2O3
F6262-1225,C14H13N3O4
F6478-1390,C13H12FN5O2
F3386-2591,C18H17N3O
F6507-5266,C14H18N2O3S
F6808-9082,C13H20N4O2S
F6660-6921,C16H18N4O2
F6712-3925,C15H17FN6
F6412-6613,C17H22N2O3
F6125-0710,C14H15N3O3S
F2792-0331,C16H17N7
F6471-0516,C16H14N4OS
F0745-0075,C16H16N4OS
F3385-4440,C15H14N4O2S
F2541-0195,C13H17ClN2O3S
F2806-0187,C15H11ClN2O2S
F3394-1300,C19H21N5
F6525-4364,C19H19N3O2
F6424-0705,C18H17N3O3
F1142-0709,C17H15N3O2S
F6279-0311,C19H22N2OS
F0755-0105,C15H12F4N2O2
F1900-3882,C19H23NO2S
F6680-3023,C16H17N3O3S
F1243-0051,C18H24N2O4
F6808-1495,C15H13F3N6
F6676-2799,C19H21N5O
F5517-0006,C18H15N3O2S
F6443-4987,C19H18N2O4
F6525-7308,C19H21N3O3
F6681-9868,C19H24N4O2
F3411-6411,C16H14N4O3S
F6443-4177,C19H15F2NO3
F6478-4399,C17H20N4O2S
F6502-3150,C17H23N5OS
F6441-4673,C14H18FNO4S2
F6194-0396,C17H20N2O4S
F5883-0135,C20H19N3O3
F6677-0680,C17H19Cl2N3O
F6561-6573,C18H20N6O2
F6549-2377,C18H18N4O2S
F6497-0703,C20H25N3O3
F6560-0929,C20H23NO3S
F3407-5027,C17H17N3O4S
F6192-1123,C18H16FNO2S2
F6818-1024,C21H26N6
F6451-3021,C19H25ClN2O3
F6261-4282,C17H13F3N2O2S
F6246-5174,C20H21N3O4
F6521-9134,C19H19N3O3S
F6788-1257,C19H26N6S
F6514-4338,C17H20N6O2S
F6442-0348,C17H15FN4O3S
F5033-1470,C20H26ClN3O2
F1142-1797,C20H16FN5O2
F6526-0090,C22H26N4O2
F6475-4412,C17H21ClN4O4
F6785-7188,C20H23N5O3
F2580-2002,C20H18FN3O4
F6444-1976,C16H16FNO5S2
F3329-0180,C21H18N6O2
F0344-1202,C19H17ClN2O3S
F0696-3867,C19H21ClFN5O
F2791-0589,C22H26N6O
F5939-2562,C18H18F2N4O2S
F6524-3960,C21H23N5O3
F2879-4944,C19H17F4N3O2
F6523-0824,C21H28N6O2
F3371-0822,C23H23FO5
F6734-0645,C18H20N6O3S
F6549-3913,C20H26N4O3S
F6521-4304,C18H16BrNO3S
F3290-0230,C20H20F3N3OS
F2880-3020,C23H24ClN3O2
F3406-7314,C19H17BrN4O2
F5027-0097,C22H26N2O6
F6438-3490,C16H19ClF3N7O
F6359-4942,C19H21BrN2O2S
F5861-0532,C22H23FN6O2
F6294-0525,C23H27N3O3S
F5238-0131,C20H24N6O3S
F6523-2103,C23H21N5O4
F5681-0102,C21H27FN4O3S
F5069-0425,C24H24FN3O4
F5773-0042,C23H28N4O3S
F2519-0039,C27H29N3O3
F5591-0339,C24H26N6O3
F0916-4418,C23H21N3O5S
F3395-0438,C24H29F3N4O2
F2210-0376,C27H25NO7
F5030-0726,C26H25N5O3S
