# All user editable compound information in the PCDL Manager compounds tab can be imported
# A minimum of formula or mass plus one identifier must be populated for compound import (recommended is formula and at least one other identifier, see examples)
# Multiple synonyms can be entered into the Synonyms column when separated by ';' (e.g. L-Isoleucine; 2-Amino-3-methylvaleric acid)
# All compounds will be assumed to be of a neutral ion type, unless a 1 is entered in the Cation or Anion column
Name,Formula
F6448-0790,C12H19N3O3
F5002-0243,C13H10N2O2S
F6561-2615,C15H19NO3
F6212-0410,C12H15N3O4
F3097-2319,C16H15NO3
F6438-7212,C16H17FN2O
F6512-1279,C13H17N5O2
F6473-3754,C15H22N2O3
F6760-6013,C13H9ClF2N2O
F6608-0271,C11H16BrN3O
F3348-0667,C18H13N3O
F6540-9063,C12H14F3N3O2
F8887-2824,C16H21NO4
F6353-7315,C13H18N4O2S
F6681-3560,C15H16N6O
F6222-0357,C15H18N6O
F6564-3401,C16H20N4O2
F6560-4288,C16H22N4O2
F5791-2747,C14H16ClN5O
F6472-7822,C19H21N3O
F6443-4383,C14H18N2O4S
F6400-0117,C15H21ClN2OS
F6477-5313,C14H14N6OS
F3371-0847,C16H16N2O3S
F6439-4933,C12H13F3N4OS
F6619-4437,C17H29N5O
F6556-2702,C17H23NO5
F5054-0061,C18H17N3O3
F6512-0482,C14H16FN3O3S
F6619-6674,C15H18N8O
F6415-0841,C17H16N2O3S
F6438-3207,C16H19N5O3
F6564-3554,C17H18ClN3O2
F2370-1229,C19H25FN2O2
F6502-6048,C14H18N6O2S
F6816-3644,C18H21N7
F6481-3800,C17H17F2NO2S
F5857-0987,C16H22N2O4S
F6549-5308,C19H21N3O3
F6752-6416,C17H26F2N4O
F6807-7316,C17H15ClN4O2
F3382-3139,C18H18ClN3O2
F6475-2991,C18H20N2O5
F6676-1012,C18H23N3O4
F6279-0679,C15H16F3NO3S
F0817-0557,C19H16N4O3
F6436-1021,C17H23N3O3S
F6756-2573,C19H14FN3O3
F6539-3476,C21H24N2O3
F5597-0247,C15H19FN4O3S
F6619-6005,C18H25N7O
F5534-0058,C19H23N3O2S
F6549-3654,C16H17N5O3S
F6805-9104,C17H20BrN3O
F6553-7202,C12H14ClN3O4S2
F5234-0051,C19H20N6O2
F6519-4363,C16H13F3N4OS
F6811-1571,C17H20F3N5O
F5526-0432,C18H18F3NO4
F6398-0187,C21H27FN4O
F6443-4120,C23H20N2O3
F6724-0478,C18H19ClN4OS
F6658-3873,C19H21N9
F6200-3451,C19H18F3N3O2
F6442-6610,C24H30N2O2
F3406-4411,C20H20N4O2S
F5033-3634,C22H27N3O3
F6245-1110,C20H21N3O3S
F6481-1147,C16H20ClN3O2S2
F3225-6389,C24H22N2O3
F6125-2386,C19H17ClN2O5
F6372-1552,C21H19N5O3
F3386-2495,C15H15Cl2NO5S
F2296-0087,C19H21FN2O4S
F5868-0475,C20H23N7O2
F1872-0339,C21H21N3O3S
F2508-0304,C17H12BrN5O2
F5033-7991,C22H23FN2O4
F6439-2434,C21H19F3N4O
F6594-1391,C21H22N8O
F6806-7515,C16H19BrF3N3O
F6390-3375,C21H26ClNO3S
F6259-1389,C18H27N5O4S
F6261-2444,C20H17FN4OS2
F6235-0230,C22H22N8O
F6557-0813,C22H27NO3S2
F3226-2311,C23H17FN2O3S
F6252-5844,C22H26N6O3
F6252-5860,C24H23N7O
F5097-2328,C24H29ClN2O3
F5596-0849,C24H22FN5O2
F6514-2309,C26H27FN2O3
F6617-3005,C23H27N5O2S
F3398-1492,C22H28N6O4
F6359-5054,C18H16BrF3N2O3
F6481-3347,C17H16BrF2NO2S2
F2559-0423,C24H29N5O4
F3385-5966,C25H21NO6S
F2521-0638,C20H17ClN4O4S2
F3411-3645,C22H22BrClN4O2
