# All user editable compound information in the PCDL Manager compounds tab can be imported
# A minimum of formula or mass plus one identifier must be populated for compound import (recommended is formula and at least one other identifier, see examples)
# Multiple synonyms can be entered into the Synonyms column when separated by ';' (e.g. L-Isoleucine; 2-Amino-3-methylvaleric acid)
# All compounds will be assumed to be of a neutral ion type, unless a 1 is entered in the Cation or Anion column
Name,Formula
F6617-2850,C12H11ClN2O2
F2145-0468,C10H9NO5S
F0578-0031,C12H10ClN5
F2784-0580,C14H18N2O3
F5490-1322,C12H12F2N4O
F1670-0107,C16H15ClN2
F6743-9909,C11H19N3O3S
F6448-1023,C13H16N4O3
F5304-0065,C17H17N3O
F3394-0015,C18H22N2O
F6751-4259,C16H19N3O2
F6672-2352,C16H21N3O2
F6558-0358,C16H23N3O2
F6300-0188,C18H16N2O2
F3358-0123,C17H13NO2S
F6512-0726,C16H15N3OS
F6562-8094,C17H17NO2S
F6507-5294,C14H20ClNO4
F6573-1405,C14H17N5OS
F1562-0101,C19H31NO2
F6284-0398,C17H16N4O2
F6743-7983,C15H23ClN4O
F6743-9063,C14H24N4O2S
F6471-7098,C18H22N2O3
F1909-1436,C16H20N4O3
F0306-0567,C20H18N2O2
F6374-5509,C16H20N2O3S
F6660-2092,C16H16F2N2OS
F6788-1641,C17H21N7
F6549-6961,C18H19N3O3
F2529-0019,C17H14ClN3O2
F6549-7169,C18H20N2O4
F6471-6241,C17H12F2N2OS
F6764-3317,C18H17N7
F6725-1175,C17H20ClN3S
F6549-2265,C20H22N4O
F5852-1911,C15H17ClN4O3
F6441-4798,C17H23NO4S
F6560-0370,C19H22N4O2
F6435-7823,C14H16N2O4S2
F6440-4149,C15H17F2N3O2S
F6257-2839,C17H18N4O4
F6482-5997,C20H17N5O
F6814-6712,C19H28N4O2
F2376-0753,C16H12F2N4O3
F6679-0127,C19H17N5S
F3277-0507,C20H20N4O2
F0013-1113,C15H12BrClN2O
F6749-0773,C18H20F3N3O
F2537-1557,C20H16FNO2S
F6514-2499,C21H23FN2O2
F6517-0590,C19H20N2O3S
F6476-6104,C18H15ClN2O2S
F6791-7490,C16H21N7O3
F1205-0015,C18H23N3O3S
F2506-0686,C19H17N5OS
F6436-3387,C14H14F3NO5S
F6446-1303,C20H22N4OS
F2493-1900,C19H16N2O4S
F6473-4372,C20H23N3O4
F6218-0239,C18H18ClN5O2
F6481-3144,C16H14ClF2NOS2
F6555-0883,C17H22N6O2S
F6412-2048,C20H16N4O4
F6727-5115,C21H23N5O2
F2265-0137,C21H17NO6
F1907-0996,C21H24N4O3
F3375-1065,C20H19ClN4O2
F6726-0508,C19H22FN7O
F6782-2758,C23H19N3O3
F6573-6819,C18H18BrN3O2
F5027-0472,C20H24N2O4S
F3348-0279,C24H31N5
F6125-2812,C16H20F3N3O3S
F3407-3335,C22H24N4O3
F6443-6633,C17H22N4O3S2
F5097-1432,C22H25N3O4
F6789-8053,C18H19N7O2S
F6548-2384,C20H18ClN3O2S
F6481-4417,C18H18F3NO2S2
F6727-8558,C19H16F3N5O2
F2040-0344,C23H23N3O4
F5033-8025,C18H18BrFN2O3
F6412-2248,C22H19FN2O5
F2356-1083,C22H28N4O4
F5096-0198,C18H21ClF3N5O
F3237-0235,C17H27BrN2O3S
F3368-0106,C25H28N2O4
F6444-1892,C23H22FN3O4
F6796-7172,C19H22N8O2S
F5461-1985,C24H23N5OS
F6235-0123,C20H19F3N6O2
F5017-3608,C21H26FN3O4S
F6526-1543,C23H26N4O3S
F6726-0635,C22H27N5O3S
F5754-0715,C24H27F3N4O
F2790-0472,C21H29N5O4S
F0528-0554,C24H27FN4O2S
F6169-0261,C22H22N6O4S
F2086-0718,C27H31FN4O3
