# All user editable compound information in the PCDL Manager compounds tab can be imported
# A minimum of formula or mass plus one identifier must be populated for compound import (recommended is formula and at least one other identifier, see examples)
# Multiple synonyms can be entered into the Synonyms column when separated by ';' (e.g. L-Isoleucine; 2-Amino-3-methylvaleric acid)
# All compounds will be assumed to be of a neutral ion type, unless a 1 is entered in the Cation or Anion column
Name,Formula
F6608-0933,C13H18N2OS
F1967-2611,C14H13N3O2
F0343-0001,C17H13N3
F6752-5373,C14H22N4O
F6544-0614,C16H18N4
F6544-0530,C16H18N2O2
F3284-5613,C15H19N3O2
F6709-3715,C14H20N4O2
F6752-2438,C14H25N5O
F6561-5160,C11H16F3NO2S
F2106-0059,C16H11ClO3
F6438-6725,C10H10BrFN2O2
F5854-4308,C15H15FN2OS
F6524-1845,C14H20N4O3
F6190-1551,C13H17N3O3S
F6554-4691,C18H16FNO2
F5857-5884,C14H21NO4S
F6725-1413,C13H15N7O2
F6805-9186,C16H21N3OS
F6744-7802,C14H15FN4OS
F6244-3518,C16H24N2O2S
F3406-6575,C13H14ClN3O2S
F6064-0007,C12H12ClN3O3S
F3394-0131,C13H11Cl2NO2S
F6560-4092,C18H28N4O
F6805-3168,C18H18N6
F6721-9365,C16H21ClN4O
F6555-1064,C13H18N6O2S
F6481-2881,C15H14F2N2O2S
F6471-2306,C17H19N5O2
F6515-0753,C17H17N3O2S
F6524-1758,C16H20N6O2
F6200-4044,C17H18N2O3S
F6244-2683,C18H25N3O3
F6488-0892,C18H15N5O2
F2020-0243,C14H13N3OS3
F6796-3191,C17H16N6S
F6723-0108,C16H18F3N5
F2537-1544,C14H11BrFNOS
F6357-1161,C18H16N2O3S
F6288-0464,C18H19N3O2S
F1345-0295,C21H18N4O
F2592-0005,C16H21N7S
F5854-2370,C18H16ClNO2S
F6475-3121,C18H19ClN2O3
F6571-6514,C19H22FNO2S
F6441-5686,C19H28N2O2S
F5852-1446,C17H16ClFN2O3
F6295-0771,C19H21N5O2
F5882-5047,C19H19N3O2S
F6734-2868,C19H26N6O
F6439-7463,C19H21ClN4O
F5672-0073,C18H18N2O4S
F2399-0044,C12H9ClN2O3S3
F3334-3709,C22H23N3O2
F3411-2934,C18H22ClN3O3
F2254-0456,C16H19N3O3S2
F6514-1875,C20H22N4O3
F6512-1722,C18H19F3N2OS
F6658-5891,C21H27N3O3
F5788-1940,C20H22ClN3O2
F6245-1842,C14H14F3N5O2S
F5882-3041,C22H22N4O2
F6517-0507,C22H20N2O4
F6556-9062,C17H15ClN2O2S2
F0654-0074,C16H21N5O4S
F6524-6028,C14H12BrN3O3S
F5596-0129,C20H19FN4O3
F6521-8166,C16H17ClN2O3S2
F6524-5680,C19H23N5O2S
F6506-0664,C20H21NO3S2
F5496-1695,C19H24N4O3S
F6782-5739,C18H15FN2O5S
F6496-4149,C19H22FN3O3S
F6792-2961,C21H28N8
F6436-1541,C22H22N2O3S
F6680-8778,C23H29N3O3
F6247-0783,C23H19N5O2
F6374-1530,C17H22FN3O3S2
F6764-4021,C20H20FN3O3S
F6178-5757,C23H21N3O4
F3023-0115,C24H27N3O3
F5855-0875,C22H20N2O4S
F6064-3394,C19H21F3N4O3
F6523-3333,C18H15ClF3N3O3
F6562-0690,C24H22FN5O
F6560-0774,C24H22N2O3S
F6439-1424,C17H19ClF3N3O2S
F6798-4620,C21H25N7O3
F6506-2325,C18H15Cl2NO3S2
F1614-0203,C25H27N5O2
F6445-3053,C25H25FN4O2
F6786-6294,C23H29N7O2
F6089-8619,C26H34N2O2S
F5591-0384,C19H19BrN6O2
F6469-0350,C23H16FN5O2S
F1016-0686,C23H20N4O2S2
F3222-5172,C23H29N5O3S
F3408-0031,C27H37N3O4
F3167-0513,C21H21ClN2O7S
