# All user editable compound information in the PCDL Manager compounds tab can be imported
# A minimum of formula or mass plus one identifier must be populated for compound import (recommended is formula and at least one other identifier, see examples)
# Multiple synonyms can be entered into the Synonyms column when separated by ';' (e.g. L-Isoleucine; 2-Amino-3-methylvaleric acid)
# All compounds will be assumed to be of a neutral ion type, unless a 1 is entered in the Cation or Anion column
Name,Formula
F5857-6101,C13H16ClNO2
F6760-2449,C13H15N5O
F6666-5235,C12H14F3NO2
F6804-8532,C10H11ClF3N3
F6666-2562,C11H9F2N3OS
F6804-8541,C10H11F3N6
F6540-3055,C14H17N3OS
F1249-0021,C14H18N2O2S
F6186-0080,C15H23NO2S
F5857-7164,C17H20N2O2
F6525-7615,C14H13N3O2S
F6471-3346,C14H15N3O2S
F6448-1881,C12H16F3N3O2
F6793-7737,C14H15FN2O2S
F6516-4609,C16H16N4O2
F6436-3131,C17H18N2O3
F6357-1460,C17H20N2OS
F1673-7254,C20H18N2O
F6677-3207,C13H12ClN5S
F6752-4238,C15H21N3O2S
F6467-0219,C15H10N4O2S
F2493-1557,C16H12N2O5
F3375-0331,C16H11ClN2O3
F2031-1016,C16H25N7
F6658-5679,C16H23N5O2
F6795-5705,C14H21N7S
F6806-6221,C14H19N5O2S
F0674-0028,C18H17N3OS
F5965-0103,C12H14F3NO4S
F2024-1188,C17H18N4O3
F3367-0065,C17H13ClN2O3
F6724-2974,C16H19N5OS
F5854-3147,C16H17N3OS2
F6438-1581,C20H20N4O
F6454-0586,C15H18ClF3N2O
F6518-4604,C20H21N3O2
F6549-4914,C16H17Cl2N3O
F6561-7690,C18H18N4OS
F5343-0072,C20H21NO4
F6810-0537,C16H20N8O
F6445-2733,C17H14N2O2S2
F6804-8576,C15H16F3N3OS
F6478-1192,C17H17FN4O3
F6275-0093,C17H22F3NO3
F6420-0333,C14H15F2NO3S2
F6514-6720,C19H16N4OS
F6441-4517,C18H23NO4S
F6805-3086,C14H18BrN5O
F6349-0555,C19H20N4O3
F0582-0172,C19H18N2O3S
F6102-0229,C20H22FN3O2
F6444-6514,C17H19N5O2S
F6517-3706,C19H15ClFNO3
F6609-3671,C17H16BrNO3
F6752-0690,C18H26N4O2S
F3406-9268,C19H17FN6O
F6679-2453,C15H15BrN2O2S
F6478-1176,C19H18FN5O2
F5450-0404,C19H19N3OS2
F6374-1807,C21H26N2O2S
F5086-0695,C18H20N4O3S
F6752-4534,C16H20Cl2N2O2S
F3225-6958,C22H21N3O3
F6420-0199,C16H19N5O4S
F6559-6485,C18H21F3N6
F6482-4154,C16H20N4O5S
F6200-3350,C21H23N3O4
F6390-3360,C19H20F3NO2S
F5822-1942,C22H32N4O2
F6411-1273,C19H22N4O3S
F6436-3033,C15H12BrF3N2O2
F5777-0145,C22H19N3O4
F6363-0906,C20H22N8O
F2574-0185,C19H21ClN2O3S
F6727-2413,C20H20FN7O
F6672-1129,C18H22ClN3O3S
F6439-3249,C22H25FN4O2
F5655-0374,C20H22N4O3S
F2444-0102,C20H18ClFN4O2
F6604-2277,C17H22N8O2S
F2040-0176,C25H28N2O3
F6359-0436,C19H16F3N3O2S
F1479-0012,C25H19N3O3
F3395-0086,C22H32F3N3O
F5031-0229,C25H22N2O4
F6517-0696,C24H19NO4S
F3188-0013,C21H29N3O6
F6529-3516,C20H21F3N4O3
F1417-0206,C22H23N3O4S
F6438-3387,C17H19F3N6O4
F2095-0186,C25H21NO6
F6245-6823,C22H22N6O2S
F2659-0102,C24H24ClN3O3
F6497-2312,C23H25FN4O2S
F2372-0375,C26H25N3O4
F5755-0132,C25H26N4O2S
F2972-0193,C24H26N4O3S
F2052-0168,C21H22N2O4S3
F3406-5484,C26H27ClN6O
F2540-0019,C29H30N2O3S
