# All user editable compound information in the PCDL Manager compounds tab can be imported
# A minimum of formula or mass plus one identifier must be populated for compound import (recommended is formula and at least one other identifier, see examples)
# Multiple synonyms can be entered into the Synonyms column when separated by ';' (e.g. L-Isoleucine; 2-Amino-3-methylvaleric acid)
# All compounds will be assumed to be of a neutral ion type, unless a 1 is entered in the Cation or Anion column
Name,Formula
F6807-4746,C12H12F2N4
F6507-8989,C12H17NO3S
F6667-3431,C15H14FNO2
F6515-2158,C14H22N4O
F6753-0659,C12H18N4O3
F6525-0709,C11H18N4O2S
F6435-9035,C13H23NO3S
F6210-0507,C15H20N2O3
F3260-0734,C13H21N5O2
F6554-8593,C13H17NO2S2
F1957-0300,C8H4Br2N2
F6356-0612,C18H25NO2
F6451-2634,C15H15ClN2O2
F2879-6747,C15H20N2O4
F6404-4878,C16H13N3O3
F6412-1465,C16H15N3O3
F6791-6565,C15H14FN5O
F6439-3091,C16H19N3OS
F6583-6060,C14H17N5O3
F5831-9176,C15H15FN2O2S
F6708-8306,C19H20N2O2
F3055-0615,C15H10BrN3
F6064-0341,C11H12BrN3OS
F6805-5289,C16H22N6O
F6808-5277,C16H24N6O
F6791-8349,C16H22N4OS
F5526-0834,C17H18F2N2O2
F5854-0281,C19H18N2OS
F6471-3903,C14H16N2O3S2
F6439-5719,C17H19N5O2
F6442-1074,C15H21NO3S2
F6514-4071,C17H20N4O3
F0537-0301,C17H18N2O3S
F3055-0114,C19H25NO4
F5267-0441,C18H20FNO2S
F5529-0132,C12H11ClFNO3S2
F6472-0593,C16H20N2O4S
F6573-4469,C16H20FN3O4
F6395-3930,C21H26N2O2
F5860-2187,C13H16F4N2O2S
F6555-6328,C21H15N3O2
F6795-6456,C14H17F3N6O
F5033-3577,C18H21N3O4
F6471-2681,C16H16BrN3O
F6436-3666,C17H18N2O4S
F6240-4857,C17H21N3O3S
F6245-4004,C17H24N4O4
F0594-1686,C17H13F3N2OS
F6755-0003,C17H20F3N5
F6357-1795,C17H23NO3S2
F6526-1371,C20H26N4O2
F5097-1422,C19H20N2O5
F3321-0068,C20H14N4OS
F6619-4309,C17H25N7O2
F6619-4265,C16H23N7OS
F6773-4144,C17H16F3N5O
F2496-2894,C19H15N3O3S
F6676-0578,C18H21F3N4O
F5645-0002,C19H17ClN4O2
F5321-0487,C21H24FN3O2
F6403-0718,C19H21N3O3S
F5857-3505,C17H15F4NO2S
F5621-0034,C20H21F3N4
F6482-6485,C21H17FN4O2
F6679-2725,C15H12BrClN4O
F6502-0936,C18H17N7OS
F6454-2478,C22H28N4O2
F6517-4625,C21H22N2O3S
F5854-1031,C15H13ClN2O2S3
F6240-1093,C19H20FN5O3
F2750-0115,C18H17N3O5S
F6525-0026,C19H24N4O3S
F2706-0119,C19H16ClFN2O2S
F6111-0877,C21H23ClFNO3
F6241-0055,C24H28N2O3
F6473-0668,C20H21F3N2OS
F6252-1198,C20H25N7O2
F5883-0794,C21H23N3O3S
F6806-6763,C17H19F2N3O4S
F6529-1016,C16H18F3N5O2S
F6252-5697,C22H21N5OS
F5237-0060,C21H23N7O2
F3055-0861,C24H16N4OS
F6433-0214,C23H18N6O2
F6435-2800,C18H20ClNO4S2
F6658-6201,C20H25N5O3S
F6476-2934,C20H17F3N4O3
F5772-5865,C19H20ClN3O2S2
F6523-0532,C20H24F3N5O2
F0920-6604,C23H30N4O2S
F5532-0075,C26H27N3O3
F3382-7496,C21H28N4O4S
F5614-0685,C27H25N5O
F1425-2071,C25H30N2O5
F2391-0952,C19H20Cl2N2O4S
F6441-6840,C19H21F2NO5S2
F0347-1493,C20H15F3N4O3S
F3222-4370,C23H23ClFN5O2
F5493-0309,C25H26FN3O3S
F3398-2890,C25H29N5O3S
