# All user editable compound information in the PCDL Manager compounds tab can be imported
# A minimum of formula or mass plus one identifier must be populated for compound import (recommended is formula and at least one other identifier, see examples)
# Multiple synonyms can be entered into the Synonyms column when separated by ';' (e.g. L-Isoleucine; 2-Amino-3-methylvaleric acid)
# All compounds will be assumed to be of a neutral ion type, unless a 1 is entered in the Cation or Anion column
Name,Formula
F3237-0024,C11H12N2O3S
F6244-1280,C16H20N2O
F6807-6912,C13H16N4O2
F5791-2709,C13H16N2O2S
F6573-8762,C15H12N2O3
F6482-3477,C14H17N5O
F6480-0649,C16H22N2O2
F6573-3113,C14H19N3O3
F1872-0837,C12H12ClN3OS
F6515-0542,C15H12N2O2S
F5490-1276,C15H18N4O2
F5959-0244,C15H20N4O2
F3386-4746,C11H14ClNO4S
F6514-7348,C13H19N5OS
F6482-6853,C15H12N4OS
F0109-0019,C16H14N2O2S
F5835-0410,C13H17ClN2O2S
F0439-0009,C14H14N4O2S
F6559-1659,C15H17FN4O2
F6478-1330,C14H14FN3O2S
F6471-2668,C17H18F3NO
F5033-3363,C14H21N3O5
F6036-1430,C17H19N3O3
F6476-0983,C17H18FN3O2
F6685-9099,C17H20ClN3O
F6479-3170,C16H18ClN3O2
F6471-9258,C13H15N5O3S
F3375-3013,C17H10ClN3O2
F6037-0050,C18H20N4O2
F6515-1406,C18H15FN2O3
F6521-3834,C18H21N3O3
F6512-0676,C17H16ClN3O2
F5072-3143,C17H22N4O3
F6445-2657,C19H16N4O2
F2537-1096,C15H11ClN2OS2
F6562-8291,C19H17N3O3
F6812-1657,C17H20N8
F6573-6761,C17H14N4O2S
F6573-1601,C17H17N5OS
F6454-0595,C17H19F3N2O2
F2774-3411,C19H23N3O3
F6573-8236,C10H12F3N3O3S2
F6506-1684,C17H16N2O4S
F6564-8475,C18H20ClN3O2
F6783-8172,C16H19FN6O2
F6660-0706,C13H9BrN4O3
F6524-5661,C14H16ClN7O2
F5001-1888,C21H22N2O3
F6420-0909,C16H20N2O5S
F6619-7962,C18H23N7O
F6412-1393,C20H21NO3S
F6200-2080,C17H15ClF3NO2
F6245-4473,C17H22N6O3
F2744-0388,C22H20N2O3
F2751-0110,C18H22N2O4S
F2391-1045,C17H20N2O3S2
F6190-2107,C22H23NO4
F5857-3133,C18H16F3NO4
F6514-7181,C19H24N6O2
F6454-2685,C18H24ClFN2OS
F5849-0703,C19H14F2N2O2S
F6604-9644,C20H19N7O
F6734-1502,C19H19ClFN3O2
F2093-0206,C17H16ClN3OS2
F6559-2202,C17H17F3N6O
F1115-0152,C23H29N3O2
F6258-1146,C18H18F3N3O3
F6390-3409,C16H18BrNO3S
F6556-1265,C18H28N2O3S2
F6573-8482,C17H15FN6O2S
F2495-0933,C20H25N3O3S
F6523-4010,C19H14ClF2N3O2
F5978-0150,C19H23ClN4O3
F6796-3980,C20H25N9
F6525-7272,C19H18F3N3O3
F9995-0192,C17H12BrClFNO2
F5792-0409,C21H21FN4OS
F6471-8102,C16H19ClN4O4S
F5614-0498,C24H25N5O
F5725-0063,C20H14N6O2S
F6476-4407,C22H20N4O2S
F6448-1531,C19H26N4O4S
F2774-1273,C20H16BrN3O2
F0442-0028,C21H21N3O4S
F2986-0174,C17H19ClN2O4S2
F6687-6916,C22H28N2O4S
F6523-2319,C19H19ClFN5O3
F6567-9201,C17H19BrN4O2S
F2773-0449,C21H24N6O4
F2880-2266,C23H29N3O5
F6442-8767,C22H30N4O3S
F6793-7296,C22H26F3N5O
F6570-2914,C17H16BrN3O2S2
F3226-1220,C22H20N2O4S2
F6444-2036,C18H18FNO7S2
F2972-0422,C20H19ClN4O2S2
F3382-3498,C23H20ClN5O3
F1316-0084,C26H25N3O3S
F0844-0003,C25H20N4O4S
F0508-5125,C21H17BrN4OS2
