# All user editable compound information in the PCDL Manager compounds tab can be imported
# A minimum of formula or mass plus one identifier must be populated for compound import (recommended is formula and at least one other identifier, see examples)
# Multiple synonyms can be entered into the Synonyms column when separated by ';' (e.g. L-Isoleucine; 2-Amino-3-methylvaleric acid)
# All compounds will be assumed to be of a neutral ion type, unless a 1 is entered in the Cation or Anion column
Name,Formula
F6608-1321,C12H13F2N3O
F6420-0527,C13H23NO2S
F6614-1348,C11H14F3N3O
F6668-0578,C12H12FN3OS
F1192-0018,C12H15NO4S
F6253-6773,C15H16N2O3
F6677-0515,C15H18ClN3
F6549-1099,C13H18N4OS
F6751-4242,C17H19N3O
F6680-9324,C16H20N4O
F6226-0022,C15H13NO5
F6524-1949,C14H15N3O2S
F6677-3232,C14H18ClN5
F6724-4355,C17H14N2O3
F6782-0700,C16H16N4O2
F6564-5073,C16H18N4O2
F6760-5684,C16H17FN4O
F6064-0980,C14H18N6O2
F1016-0362,C16H16ClNOS
F6549-3323,C17H17N5O
F6555-6439,C12H14N4O4S
F6436-3129,C17H16N2O2S
F2493-1650,C16H14N2O3S
F6471-3819,C15H12N2O2S2
F6556-3502,C18H27N3O2
F3394-1320,C20H21N3O
F6266-0188,C20H19NO3
F1787-0935,C19H17NO4
F6548-3541,C17H12FN3OS
F5833-1260,C14H22N4O3S
F6522-0995,C17H16N2OS2
F6709-4830,C17H19N3O4
F2982-0197,C17H17NO4S
F6471-5118,C20H20N4O
F6515-2579,C15H18N4O3S
F6610-1929,C19H21N5O
F6520-1260,C16H19NO3S2
F5854-2108,C17H17F3N2O2
F6702-2049,C18H18FN5O
F6475-2951,C20H24N2O3
F6476-3122,C15H13F3N2O2S
F6261-4612,C17H17N3O3S
F2085-0166,C17H20N4O2S
F6670-7028,C20H19N5O
F6571-5719,C18H15ClFNOS
F6523-2978,C15H17ClN6O2
F0827-0033,C20H19N3O3
F6488-1373,C16H15ClFN3O3
F6794-3043,C21H21FN2O2
F5001-0775,C19H18N2O3S
F2791-1016,C17H21N7O2
F6488-1926,C18H19N3O5
F2265-1244,C18H17NO5S
F3375-2920,C16H13Cl2N5O
F6791-7273,C19H22N8
F6549-7625,C18H19F3N4O
F6225-1292,C15H15ClN4OS2
F6606-1930,C19H21N5OS
F1835-0334,C21H15N5S
F6523-4421,C20H23FN4O2
F6471-6167,C23H20N2OS
F6752-5318,C17H19BrN4O
F6788-7397,C19H25N3O3S
F3382-3934,C21H19N3O2S
F6445-3047,C20H22N6O2
F2493-2475,C21H20N2O3S
F5857-2408,C26H23NO2
F6680-2486,C16H16F3N5O3
F6442-3104,C16H16ClNO4S2
F6475-6956,C19H22N4O3S
F5072-6154,C18H14Cl2N4O2
F6441-7665,C19H23N3O4S
F2024-0752,C23H26N4O2
F6571-0262,C19H21FN2O2S2
F6673-4787,C19H22F3N5O
F6351-0155,C16H13F4N7O
F5329-0132,C23H28N2O4
F6353-6418,C17H26N4O3S2
F0654-0254,C19H20N4O4S
F5755-0041,C21H21F3N4O
F6811-1713,C23H28N6O
F6709-4209,C16H20F3N3O4S
F6561-5470,C22H23N3O3S
F5014-0073,C18H13BrN4O3
F3406-5696,C19H22N6O5
F6359-4338,C20H20FN3O4S
F6523-0807,C21H33N5O2S
F5033-5477,C24H26N2O3S
F5496-1468,C21H23N5O3S
F0650-0238,C21H24N4O4S
F2580-1350,C24H21N3O5
F3225-1730,C23H22N4O5
F1127-0752,C23H23N3O6
F3226-1710,C24H25FN2O5
F2947-0855,C23H29N3O6
F2740-0696,C23H25F3N4O2
F2189-0071,C20H22BrNO4S
F2061-0003,C22H21F3N4O2S
F1058-0173,C22H22BrNO4S
F3394-0919,C24H23ClFN3O3S
