# All user editable compound information in the PCDL Manager compounds tab can be imported
# A minimum of formula or mass plus one identifier must be populated for compound import (recommended is formula and at least one other identifier, see examples)
# Multiple synonyms can be entered into the Synonyms column when separated by ';' (e.g. L-Isoleucine; 2-Amino-3-methylvaleric acid)
# All compounds will be assumed to be of a neutral ion type, unless a 1 is entered in the Cation or Anion column
Name,Formula
F2163-0211,C9H7BrN2O2
F6573-5167,C14H14N2OS
F6560-8774,C14H19N3O2
F5791-1352,C16H15N3O
F6125-2290,C15H15N3O2
F6015-0062,C16H20N2O2
F6412-1294,C16H21NO3
F6672-1762,C19H22N2
F6514-7917,C11H14N4O3S
F0349-3671,C15H12ClN3O
F5222-0092,C15H17N3OS
F5831-2323,C16H19NO2S
F6491-2012,C15H21N3O3
F6221-0304,C15H14N6O
F6395-1467,C18H20N2O2
F6546-0875,C15H26N2O2S
F6789-3975,C17H21FN4
F6752-3505,C17H26N4O
F6801-7737,C16H19NO3S
F6031-1317,C16H25N3O3
F2274-0330,C16H14N4O3
F6524-6154,C14H20N2O4S
F6494-0884,C12H18N4O4S
F3328-0149,C15H16N4O2S
F6204-0479,C16H18N2OS2
F0654-1420,C13H12N4O2S2
F5614-0053,C18H19N5O
F6571-1774,C16H21NO6
F6435-1514,C15H19NO5S
F6782-8210,C19H22N2O3
F6816-4443,C14H12F4N4O
F6473-1224,C18H23N3OS
F5788-2639,C14H16F3N3O3
F6735-2044,C14H12BrN3S
F6215-0196,C20H18N2O3
F5033-2553,C18H29N3O3
F6734-1452,C14H16FN5O2S
F5937-0239,C18H18N4O3
F6681-9810,C16H25N3O3S
F0780-0242,C15H13Cl2NO2S
F6516-1961,C18H15FN2O4
F6524-5499,C16H17N5O2S
F6415-0168,C15H24N2O5S
F6480-5994,C17H23N5O3
F6451-2722,C18H18ClNO4
F6512-1236,C16H20N4O3S
F6064-2278,C19H19N5O2
F6472-0798,C16H21N3O2S2
F6472-7806,C20H24N4O2
F6395-4212,C16H22N2O5S
F1858-0204,C15H14ClFN2OS2
F6514-6632,C21H19N5O
F6390-3334,C19H21NO4S
F5622-0045,C20H15N3O2S
F6472-0788,C15H19Cl2NO3S
F6752-3887,C18H22F2N4O2
F6559-6896,C15H13F3N6S
F6240-4986,C19H21N5O3
F5591-0114,C18H19N5O2S
F3371-0768,C17H14BrN3O2
F5831-6941,C20H24N2O3S
F0745-0770,C22H15FN2O3
F6442-8502,C20H29N3O2S
F6727-8414,C19H16FN7O
F6573-8421,C14H11BrFN5O2
F3222-1620,C21H21ClN4O
F6619-5154,C20H27N7O
F6494-0935,C19H18FN5O3
F6064-0555,C17H15N5O4S
F3083-0019,C21H26N2O3S
F6374-3604,C19H20N2O3S2
F5016-0892,C20H24FN3O2S
F6436-3441,C17H18BrN3O3
F6444-6509,C21H20N4O2S
F1727-0284,C23H27N3O3
F5832-4291,C18H25N3O3S2
F0662-0811,C19H16BrN3O2
F6428-0282,C24H22N4O2
F5501-0130,C20H24N4O3S
F6478-1016,C24H26N4O2
F6517-1722,C20H20ClNO4S
F2672-0254,C20H26ClN3O2S
F6609-5718,C22H24FN5O2
F6523-3265,C19H16F4N2O4
F5527-0237,C25H26N4O2
F8890-7675,C20H24ClN5O3
F2371-0337,C20H21FN2O5S
F6276-0724,C16H11BrClN3O2S
F0265-1350,C25H31NO5
F5855-0064,C27H28N2O3
F5023-0058,C22H29N3O4S
F6178-3346,C25H30N4O3
F6559-0457,C28H27N3O2
F6681-8709,C17H20BrN3O4S
F6471-1148,C18H25BrN2O4S
F6481-3193,C19H17F4NO3S2
F2728-0206,C22H20N4O3S2
F2323-1840,C27H21N5O3
F3222-4563,C24H20N4O5S
F3398-3872,C27H25FN4O2S
