# All user editable compound information in the PCDL Manager compounds tab can be imported
# A minimum of formula or mass plus one identifier must be populated for compound import (recommended is formula and at least one other identifier, see examples)
# Multiple synonyms can be entered into the Synonyms column when separated by ';' (e.g. L-Isoleucine; 2-Amino-3-methylvaleric acid)
# All compounds will be assumed to be of a neutral ion type, unless a 1 is entered in the Cation or Anion column
Name,Formula
F1902-0116,C10H8BrNO2
F6672-1463,C14H15N3S
F6550-4683,C11H11N5OS
F1900-9645,C14H20N2O3
F1909-1859,C11H19F3N2O2
F6667-0820,C12H14ClFN2O2
F1906-0114,C8H16F3N3O2S
F6617-5112,C13H14N2O3S
F6512-0850,C16H15N3O2
F5791-2650,C15H16N4O2
F6660-2190,C11H5N5OS2
F1018-1022,C15H12ClNO3
F6480-3738,C14H14FN3O3
F6110-1864,C17H31N3O
F5860-2596,C17H16N2O3
F6530-6149,C15H14N4O3
F2783-0308,C16H16N2O4
F5857-6552,C16H18N2O4
F6255-0008,C16H24N4O2
F6791-6746,C13H17N5O2S
F6788-1651,C16H19N7
F6752-2286,C19H25N3O
F6383-0180,C18H23N3O2
F6494-1752,C16H21N5O2
F6549-4997,C17H20FN3O2
F6203-0074,C18H19F2NO2
F6802-9533,C15H19N3O3S
F6802-6958,C12H16F3N3O2S
F6713-7197,C18H24N6
F6521-3656,C18H18N2O4
F2070-1400,C18H25N5O
F6571-0200,C17H19N3O2S
F6415-0847,C17H14ClNO2S
F5479-0042,C16H20N4O4
F6574-1714,C18H14N4OS
F6529-6490,C16H21N3O5
F6573-3315,C14H16BrN3O2
F6418-2929,C19H18N2O2S
F6523-0425,C15H16F3N5O
F6284-0195,C18H20N4O3
F6807-7271,C20H27N3O2
F5319-0720,C17H14FN3O2S
F6609-0203,C18H20N2O3S
F6560-7521,C21H19N3O2
F1904-9840,C18H26N4O3
F0777-1488,C20H16N2O2S
F6446-0221,C20H19N3OS
F1125-0015,C19H30N2O4
F6412-2346,C20H20N2O4
F6412-1934,C16H13F3N2O2S
F6803-0165,C18H21N5OS
F6415-0310,C16H20FNO5S
F6037-0529,C16H14BrN3O2
F6451-1562,C20H25FN2O3
F6515-1704,C22H22N2O3
F3287-0694,C21H20N2O2S
F6796-0746,C19H23N7O
F6484-2000,C15H21N5O4S
F5854-5743,C17H14F3NO3S
F1403-0021,C22H26O3S
F6520-2053,C19H20N2O4S
F6792-3798,C20H28FN5O
F6502-6894,C17H21N5O3S
F3407-1735,C19H15N5O2S
F6796-8668,C19H21F3N4O
F6502-5348,C17H15F3N4OS
F6506-0161,C22H23NO5
F5857-4001,C18H22ClNO4S
F6512-1834,C22H28N2O2S
F2211-0166,C23H18N2O4
F6411-0527,C24H25N3O2
F6539-2190,C16H24ClN3O4S
F6795-5895,C20H19FN8
F3406-7025,C17H17ClN4O3S
F6469-1685,C24H19N5O
F1142-1861,C21H17NO5S
F5754-0019,C22H25ClN4O
F5593-0004,C19H19ClN6O2
F6475-4177,C18H16ClF3N2O3
F3225-0086,C19H22N4O4S
F6414-0992,C24H24N2O4
F6523-3449,C16H14BrN3O3S
F5870-0463,C20H24ClNO4S
F6783-6654,C21H25N5O2S
F3126-1245,C20H19FN4O5
F2710-0600,C19H16ClN3O4S
F2716-0163,C24H25N3O2S
F2337-0595,C18H20F2N6O2S
F6617-8964,C19H21ClFN3O3S
F5013-1832,C21H21ClN4O2S
F6481-3265,C20H18F5NO2S
F6480-4917,C23H19ClN4O3
F6262-6365,C23H20FN3O3S
F3407-4877,C23H22ClFN4O2
F6441-4091,C22H25N3O5S
F2758-3084,C21H26N4O3S2
F5047-0399,C26H31N3O4
F5528-1687,C22H19ClF3N5O
F2542-1354,C26H27N5O4
F2902-0241,C26H27N7O3
