# All user editable compound information in the PCDL Manager compounds tab can be imported
# A minimum of formula or mass plus one identifier must be populated for compound import (recommended is formula and at least one other identifier, see examples)
# Multiple synonyms can be entered into the Synonyms column when separated by ';' (e.g. L-Isoleucine; 2-Amino-3-methylvaleric acid)
# All compounds will be assumed to be of a neutral ion type, unless a 1 is entered in the Cation or Anion column
Name,Formula
F2158-1771,C14H21ClN2
F3292-0463,C14H11NO4
F6683-1868,C16H24N2O
F6662-0378,C14H20N2OS
F2879-2090,C13H17FN2O3
F5657-0009,C16H13ClO2
F6661-7972,C12H12F3NO3
F1174-3158,C16H10N2OS
F6471-2586,C15H14F3NO
F6709-3616,C16H16N2O3
F6722-1152,C16H22N4O
F6667-1293,C11H10BrF2NO
F5965-0068,C15H17NO3S
F6178-6949,C15H23N3O3
F6169-0061,C14H12N6O2
F6125-2700,C13H18N2O4S
F6471-2255,C15H16N4OS
F6482-3245,C15H18N4OS
F6722-8696,C19H20N4
F6436-0857,C11H21N3O3S2
F6244-3039,C17H19N5O
F6791-4538,C17H21N5O
F6573-4532,C14H23N3O5
F6258-0679,C17H21N3O3
F6488-1514,C15H19N5O3
F1716-0140,C18H22ClNO2
F5871-2029,C18H15N3O3
F0326-0493,C15H17NO5S
F6356-1280,C20H24N2O2
F6178-4272,C17H18N4OS
F6672-1831,C20H25NO3
F6472-0905,C15H23NO3S2
F6716-9544,C12H9BrF3N3
F3375-3060,C18H16N6O
F6724-0183,C15H19BrN4
F6752-2888,C15H21N5O2S
F6560-8799,C15H16BrNOS
F1609-0140,C19H15FN2O3
F5303-0118,C15H21N3O4S
F6519-5358,C18H20N4O3
F6753-2154,C17H25F2N3O2
F6680-2775,C13H12F3N5OS
F6782-4107,C16H16N4O5
F5870-0401,C19H23NO3S
F5598-0082,C18H23FN4O2
F6523-2841,C16H14ClFN4O2
F6507-6116,C17H20ClN3O3
F6604-0726,C19H22N6O
F6512-1813,C19H20N4OS
F0594-1800,C16H10F4N2OS
F6796-6675,C18H18FN5O2
F6549-3238,C17H16ClN5O2
F0597-0027,C13H11Cl2N3OS2
F6363-0541,C20H20N6O
F6573-2394,C19H18N6O2
F6524-2481,C19H16N4O4
F6606-1485,C20H23N5O2
F1673-7302,C21H21NO3S
F5882-3004,C16H17Cl2N3OS
F5860-4094,C20H22N2O5
F6478-3494,C18H17FN4O2S
F6812-1407,C21H23N7
F6390-3387,C20H25NO2S2
F6681-8867,C16H20BrN5O
F5239-0030,C20H19FN6O
F0537-1915,C20H16N2O4S
F5228-0857,C21H20FN3O3
F6560-1299,C18H14FN5O2S
F5967-0065,C20H24N4O4
F5596-0982,C19H19FN4O2S
F6619-4266,C18H25N7OS
F5882-7415,C18H19N3O5S
F6089-2284,C22H22N4O3
F3118-0015,C18H17ClN2O4S
F2758-0916,C22H23N3O2S
F6557-1738,C17H18ClN3O4S
F1808-0056,C22H24N2O5
F6094-0623,C20H19ClN4O3
F6413-2965,C20H17ClN2O3S
F1835-0130,C21H18N6OS
F2442-0663,C20H25ClN4O3
F5755-0205,C24H30N4O2
F6374-5651,C19H23NO5S2
F6670-4552,C22H25N3O3S
F6559-0942,C20H22N4O2S2
F5450-0410,C18H16BrN3O2S
F6760-4629,C21H18FN7O2
F6497-0166,C22H19FN4O2S
F2773-0688,C19H15F4N3O2S
F1723-0112,C21H20N2O4S2
F6418-1674,C22H22ClNO2S2
F6445-0709,C20H17F3N4O2S
F5447-0022,C22H19N3O5S
F2971-0229,C22H21FN4O3S
F2775-1274,C22H22FN3O4S
F2898-4709,C22H23FN2O5S
F5788-2136,C26H25F2N3O2
F3408-0063,C26H25FN4O3
F0653-0735,C25H23N5O3S
F3398-2151,C27H23N3O6
