# All user editable compound information in the PCDL Manager compounds tab can be imported
# A minimum of formula or mass plus one identifier must be populated for compound import (recommended is formula and at least one other identifier, see examples)
# Multiple synonyms can be entered into the Synonyms column when separated by ';' (e.g. L-Isoleucine; 2-Amino-3-methylvaleric acid)
# All compounds will be assumed to be of a neutral ion type, unless a 1 is entered in the Cation or Anion column
Name,Formula
F6752-8509,C12H18N4O2
F6550-4370,C13H13N5O
F6435-0316,C12H21NO3S
F9995-0410,C13H13NO3S
F6556-6004,C15H26N2O2
F6752-3522,C15H18N4O
F6730-0994,C14H19N5O
F6723-5533,C8H5F2N3O2S2
F6482-3159,C12H10ClFN4O
F2518-0324,C15H13N3O3
F3146-0797,C11H14N2O5S
F0913-1725,C14H12N2O3S
F6549-6825,C15H15FN2O3
F6507-1512,C16H24N2O3
F5835-0771,C17H14FN3O
F6561-6331,C15H15N5O2
F6681-3359,C16H17N3O3
F1827-0006,C16H19N3O3
F6796-9089,C15H18FN5O
F6390-2780,C15H18N2O3S
F6619-5845,C15H24N4O3
F3222-5347,C16H13N3O2S
F6822-4809,C14H14Cl2FN3
F5857-3421,C14H12F3NO2S
F6617-2740,C16H13Cl2N3
F6671-3471,C15H22N6O2
F6521-9351,C20H20N2O2
F6412-6636,C19H18N2O3
F6451-3548,C15H14F2N2O4
F6785-1511,C16H19N7O
F6517-3825,C16H16F3NO3
F6752-7652,C17H23F3N2O
F6803-2434,C16H15FN4O3
F5016-0133,C19H29N3O2
F6573-6424,C17H17F2N3O2
F6200-0807,C12H17NO6S2
F5228-0429,C18H16N4O3
F6560-6042,C18H19N5O2
F1175-0106,C18H14BrNO
F0790-0027,C17H16N4O2S
F3406-0114,C18H19N3O2S
F6523-4505,C18H22N4OS
F5852-1573,C17H21N5O3
F6574-0192,C17H13ClFN3O2
F6416-5933,C18H16F2N2O3
F6805-9088,C18H22ClN3O2
F6753-3409,C18H28N4OS
F6524-0459,C17H13F3N2O3
F6244-3086,C21H22FN3O
F3222-5514,C19H19N3O2S
F6561-3411,C15H18BrNO2S
F6782-5734,C18H20N4O4
F6597-2639,C15H17F3N4OS
F6481-4070,C17H16N2OS3
F3407-5004,C21H23N5O
F6560-1349,C18H17N7O2
F5461-0091,C17H20ClN3O2S
F6811-1669,C19H22N6O2
F5882-5185,C17H24N2O3S2
F0359-0174,C18H11ClN2OS2
F6734-1515,C20H22FN3OS
F3165-1145,C18H19N3O2S2
F6564-5340,C21H22N6O
F5835-0516,C21H20N4O3
F6481-0944,C18H19ClN2OS2
F6436-1866,C21H21N3O2S
F6247-0409,C17H14BrF2NO2
F6670-4630,C20H22N4O2S
F5833-4699,C15H17ClN4O4S
F6412-1403,C25H23NO3
F6524-4011,C19H18FN3O3S
F6471-0680,C21H20N6O2
F3118-0017,C19H19ClN2O3S
F6660-1625,C24H17N5O
F6573-7849,C16H16BrN3O2S
F6125-1772,C21H19FN4O3
F2032-0288,C16H17BrN2O3S
F6411-0495,C20H23N5O2S
F6480-3841,C18H17F4N3O3
F6478-3460,C19H20FN5O2S
F6443-6342,C22H21N5O3
F6560-5681,C16H15BrN4O2S
F3406-1329,C21H20N4O3S
F1190-0268,C24H26O6
F6412-1635,C19H18F3NO4S
F6111-0989,C24H30FNO2S
F5033-5475,C22H27ClN2O2S
F5792-0434,C21H19N5OS2
F1219-1549,C13H6Br2N4OS
F6442-1522,C16H20F3NO5S2
F5030-1402,C19H15ClN4O2S2
F6363-0819,C24H28N6O2
F6353-6422,C17H19F3N2O4S2
F0696-0161,C19H13ClF3N3O4
F9995-4310,C21H23BrN4O2
F6510-3243,C20H20FN5O4S
F2347-0684,C23H20N4O4S
F2206-0308,C25H20N4O3S
F3382-6002,C24H24N2O6S
F3406-4723,C25H25FN4O3S
