# All user editable compound information in the PCDL Manager compounds tab can be imported
# A minimum of formula or mass plus one identifier must be populated for compound import (recommended is formula and at least one other identifier, see examples)
# Multiple synonyms can be entered into the Synonyms column when separated by ';' (e.g. L-Isoleucine; 2-Amino-3-methylvaleric acid)
# All compounds will be assumed to be of a neutral ion type, unless a 1 is entered in the Cation or Anion column
Name,Formula
F1125-0010,C15H25NO2
F6608-0979,C15H16N2O2
F6540-4188,C12H15F3N2O
F6617-2058,C13H13ClN2O2
F6617-2760,C11H12N2O2S2
F5490-1167,C15H17N3O2
F6782-7250,C14H18N4O2
F0827-0029,C15H19NO4
F1130-0110,C15H24N2O3
F6512-9014,C10H9BrN2O3
F6561-6604,C15H18N4O2
F6473-4004,C16H20N2O3
F6266-0428,C17H26N2O2
F6560-9042,C14H19N3O2S
F6554-9295,C9H16N2O5S2
F1916-0178,C12H15BrN2O2
F0789-0113,C12H13ClN2OS2
F6415-1189,C15H14N2O3S
F5831-2142,C16H17FN2O3
F6412-1965,C12H12F3NO3S
F6796-0938,C16H15N5O2
F6804-8559,C14H16F3N5
F3097-5043,C18H19NO4
F2812-1633,C18H21NO2S
F6754-6314,C16H19N3O2S
F6475-2267,C15H17N3O3S
F6796-0382,C14H13ClFN5O
F6516-0068,C14H10ClNO2S2
F6530-0484,C19H20N2O3
F6709-4899,C17H15ClN4O
F1478-0267,C16H25NO4S
F6524-0539,C16H15N3O3S
F6561-8154,C18H22N2O4
F3311-0018,C17H20N2O3S
F8890-0729,C18H27N3O3
F3157-0100,C20H17NO4
F6619-5830,C18H20N6O
F6755-0836,C15H16Cl2N4O
F6414-0569,C19H17NO5
F6676-1325,C18H20N4OS
F6155-0054,C19H23N3OS
F0715-0206,C14H11Cl2NO3S
F6244-3037,C18H17ClN2OS
F6521-9410,C19H20FNO2S
F5017-1472,C17H22N4O2S
F6454-3067,C19H29N3OS
F6472-7066,C18H15N5OS
F6573-4348,C17H22N2O6
F2775-2239,C18H16N4O2S
F6485-0381,C20H23N3O3
F6469-3130,C19H18FN3OS
F6677-3769,C16H16BrN5
F0662-1190,C18H22N4O4
F6556-5170,C19H24N2OS2
F6403-1141,C20H18N4OS
F6573-2210,C19H13FN4OS
F6504-1389,C16H23N5O3S
F6473-0824,C17H16F3N3OS
F6549-2332,C20H24N4O3
F5580-2964,C19H18N2O6
F6178-7590,C15H21BrN2O2S
F6482-8073,C21H19N5O2
F6523-3205,C18H18FN3O3S
F6089-7697,C12H12BrNO2S3
F5089-0766,C17H22N4O4S
F6670-6004,C21H25N5O2
F3398-0615,C22H15N5O2
F6798-4662,C19H26N8O
F6225-0041,C20H21FN4OS
F6167-0048,C18H18N4O2S2
F2547-0118,C18H29NO4S2
F5646-0013,C18H16ClN3O3S
F6444-6726,C18H22N4O4S
F6764-1943,C22H25N5O2
F6561-8726,C20H16FN5O3
F6523-1154,C21H26N6O2
F2024-2238,C21H21ClN4O2
F3406-3572,C19H15ClN4O2S
F6713-5277,C22H21N7O
F6438-2261,C19H16Cl2N4O2
F6413-2644,C23H20N2O3S
F6523-1905,C21H22N6OS
F6518-4465,C17H16BrNO4S
F1787-0027,C23H16F3NO3
F5016-1084,C23H31N3O4
F6475-4330,C21H25ClN4O3
F3398-4410,C22H17N3O4S
F6573-8575,C20H28FN5O4
F5689-1120,C21H21FN6O3
F5016-1696,C23H26FN3O4
F6495-5938,C22H22N8O2
F5501-0166,C20H27N5O4S
F6523-0781,C23H28N6OS
F5939-1157,C22H17ClN2O4S
F6608-3915,C22H30F4N4O
F6608-3712,C25H31N7O
F6609-6711,C22H19ClF3N3O2
F3222-0489,C22H21NO6S2
F1605-0570,C28H25NO6
F3406-4247,C24H26ClN5O2S
