# All user editable compound information in the PCDL Manager compounds tab can be imported
# A minimum of formula or mass plus one identifier must be populated for compound import (recommended is formula and at least one other identifier, see examples)
# Multiple synonyms can be entered into the Synonyms column when separated by ';' (e.g. L-Isoleucine; 2-Amino-3-methylvaleric acid)
# All compounds will be assumed to be of a neutral ion type, unless a 1 is entered in the Cation or Anion column
Name,Formula
F2167-4207,C12H20N4O2
F6416-8941,C12H16ClNO3
F2135-0179,C13H11NO3S
F1905-3631,C12H19F3N2O
F6573-5358,C15H16N4O
F6512-9142,C14H12N2O2S
F6681-3588,C14H14ClN3O
F3072-0109,C13H14N2O3S
F6745-8166,C14H14F3N3
F3083-0480,C13H20N2O3S
F2271-0037,C18H26N2O
F9995-0269,C15H12ClNOS
F6451-0771,C12H21NO3S2
F6745-4816,C19H23N3
F6525-1495,C11H16N6O2S
F6675-8069,C14H14N6S
F6806-6455,C12H17FN4O2S
F6773-2804,C15H18N4OS
F6482-2407,C17H24N2O3
F6262-2463,C16H13N5O2
F6807-7247,C17H19N5O
F0848-0071,C20H25NO2
F6172-0083,C19H23NO3
F6672-2142,C19H22FNO2
F5865-0040,C20H19N3O
F6525-6480,C16H21N3O2S
F5087-0292,C15H19N3O3S
F6724-5208,C15H18ClN3OS
F6748-9513,C19H24N4O
F6516-2052,C18H18N2O4
F6443-1474,C19H25N3O2
F6519-5764,C17H16FN3O3
F6760-1573,C15H14BrN3O
F6438-0067,C17H18F2N4O
F6809-7957,C11H13F3N6OS
F6515-3893,C20H18FN3O
F6360-9508,C15H13Cl2N3O2
F1142-0234,C19H18N2O2S
F5831-9134,C20H18FNO3
F6443-6261,C18H20N4O3
F0075-0042,C21H27NO3
F6452-1405,C14H18ClN3O3S
F6441-5679,C16H19F3N2OS
F6178-0886,C14H18F3N5O2
F3305-0051,C20H22N6
F2774-1695,C18H12F4N2O
F5118-0382,C15H19N5O3S
F1175-0495,C22H26N2O2
F5854-0311,C21H18F2N2O
F1154-0050,C19H15ClN2OS
F6559-3628,C15H19F2N5O3
F6412-2209,C19H16FNO5
F3386-4503,C15H15Cl2NO3S
F6792-1928,C19H20N8
F6604-0769,C18H18N8O
F6223-0131,C16H20N4O4S
F6497-0403,C20H23N5O2
F6246-1178,C18H17N5O4
F3398-1424,C16H11N5O4S
F6564-4618,C20H23ClN4O
F6374-1420,C18H20N4OS2
F2583-0531,C19H27N5O3
F3375-2530,C20H17N5O3
F6442-4256,C21H16ClN3O2
F6439-3429,C19H21F3N4O
F2671-0129,C17H20N2O4S2
F6515-4653,C21H23N3O2S
F2748-0232,C19H17N3O4S
F6539-2553,C17H28N4O4S
F6446-1256,C19H22N4OS2
F3243-0306,C24H25N3O2
F6571-5937,C20H23NO3S2
F6178-4394,C22H22N4O3
F6454-1194,C17H18BrFN4O
F6726-5635,C20H17F2N7
F6287-0647,C17H18FN3O3S2
F6235-0378,C20H21FN6O2
F5042-0459,C20H19FN4O2S
F2575-0028,C19H17ClN4O2S
F6529-0839,C17H18F4N4O3
F3382-4531,C20H25FN4O2S
F6481-3982,C13H14BrNO3S3
F6439-3729,C19H18F3N3O2S
F0916-6926,C24H21N5O2
F3406-6837,C21H20ClFN4O2
F6286-0191,C16H15BrF3N3O2
F3345-0080,C22H21N5O4
F5576-0029,C18H22N4O6S
F0695-0253,C21H19N3O3S2
F6548-3513,C20H20N4O3S2
F6496-3986,C21H19ClFN3O2S
F5099-0164,C21H23ClN2O4S
F5337-0152,C19H18F3N5O2S
F5097-2587,C24H19F3N2O3
F6372-2025,C24H18FN5O3
F3139-1407,C26H22O7
F6246-3593,C24H27N5O4
F3394-0364,C21H20ClN3O3S2
F8890-5459,C26H24FN5O3
F2074-0564,C26H29ClFN3O3
