# All user editable compound information in the PCDL Manager compounds tab can be imported
# A minimum of formula or mass plus one identifier must be populated for compound import (recommended is formula and at least one other identifier, see examples)
# Multiple synonyms can be entered into the Synonyms column when separated by ';' (e.g. L-Isoleucine; 2-Amino-3-methylvaleric acid)
# All compounds will be assumed to be of a neutral ion type, unless a 1 is entered in the Cation or Anion column
Name,Formula
F6666-4165,C13H16F2N2O
F1912-0138,C13H18N6
F6142-0238,C13H15ClN4
F2150-0007,C15H10N2O3
F2827-0083,C13H10N4OS
F6609-4075,C15H15NO4
F6204-2747,C13H16N4OS
F6573-3115,C13H17N3O2S
F6709-4109,C17H18N2O2
F6222-0265,C14H15N5O2
F6482-3938,C14H17N5O2
F6482-3847,C14H19N5O2
F5479-0015,C13H16N4O2S
F6808-5469,C14H26N6O
F6725-1667,C14H11N5OS
F2032-0270,C17H14FNOS
F6573-7235,C15H15N3O2S
F3097-6307,C17H18ClNO2
F6482-2079,C17H23NO4
F5860-3522,C15H17FN2O2S
F6739-7759,C17H18N4O2
F0376-0272,C15H24N2O3S
F2721-0535,C15H20F2N2O3
F5860-0067,C15H19F3N2O2
F1799-0031,C16H18N2O5
F0919-6822,C18H16N4S
F0918-3695,C18H14N2O2S
F6807-7011,C16H25N3O2S
F6469-2549,C15H15N7O2
F6190-0196,C14H18BrNO3
F2394-0874,C18H20N2O2S
F1696-0214,C11H11BrN2O3S
F6507-5483,C15H25NO5S
F6169-0475,C14H15N5O3S
F6805-5260,C15H22N6OS
F1540-0048,C15H14F2N4OS
F6562-0848,C19H19N3OS
F6516-3690,C20H22N2O3
F3348-0840,C19H25N5O
F0216-0024,C18H16ClN3O2
F6240-7000,C16H18N6OS
F6515-4500,C18H21N3O2S
F6721-9434,C19H25ClN4
F6252-5923,C16H12ClFN4O2
F6445-1384,C17H21N3OS2
F2392-0103,C18H24N2O3S
F6178-4479,C20H23N5O
F6559-3677,C17H19F2N3O3
F6783-0017,C15H16FN3O2S2
F6464-1363,C17H26N2O4S
F6514-6503,C18H17FN4OS
F6808-5322,C19H27N5O2
F6539-2119,C14H25N5O4S
F6252-5790,C20H16FN5O
F2716-0166,C20H17N3O2S
F6420-0820,C12H16BrNO3S2
F6782-0636,C19H18N4O4
F6803-2417,C14H14BrFN4O2
F5327-0185,C21H23NO5
F6451-0354,C17H19F2NO4S
F6389-0420,C23H24N4O
F5882-5212,C18H22N4O3S
F6514-2902,C19H15F3N2O3
F6241-0139,C22H23N3O3
F6390-3214,C18H21NO4S2
F5860-4142,C22H24N2O4
F6562-0116,C18H15FN6OS
F6448-0263,C20H22FN5O2
F6525-6117,C20H23N3OS2
F5323-0204,C17H14BrN3OS
F6524-5455,C17H20N6O3S
F5865-0312,C21H23N7O
F1777-0225,C18H21N3O3S2
F6037-0539,C22H21FN4O2
F6442-0395,C18H19FN2O5S
F6287-0539,C22H25N3O2S
F6727-8374,C19H16FN5O4
F6557-0227,C17H18FNO3S3
F3394-0745,C18H12ClN3O2S2
F5583-0266,C19H21N3O3S2
F5610-0241,C21H19N5O4
F6783-6574,C23H29N5O2
F3222-5698,C21H16F2N4OS
F6726-0474,C20H24N6O2S
F6571-0423,C21H22ClN3O2S
F6178-7771,C16H23BrN2O2S2
F6523-3006,C23H24N4O4
F6516-0203,C22H21N3O4S
F6372-0519,C21H22N4O4S
F6443-9928,C19H22F3N3O3S
F1154-0006,C22H25ClN2O3S
F6559-0601,C22H21N5O3S
F5023-0239,C21H27ClN2O4S
F5234-0086,C21H21ClFN7O
F0528-1244,C23H29ClN4OS
F6111-0733,C23H29NO6S
F2815-0897,C23H19ClN2O4S
F5533-0046,C25H27N3O4S
F1443-3966,C20H19ClN4O6S
