# All user editable compound information in the PCDL Manager compounds tab can be imported
# A minimum of formula or mass plus one identifier must be populated for compound import (recommended is formula and at least one other identifier, see examples)
# Multiple synonyms can be entered into the Synonyms column when separated by ';' (e.g. L-Isoleucine; 2-Amino-3-methylvaleric acid)
# All compounds will be assumed to be of a neutral ion type, unless a 1 is entered in the Cation or Anion column
Name,Formula
F2173-0960,C16H14O3
F6561-4705,C15H18N2O2
F6190-1510,C13H14N2O2S
F5822-2400,C14H23N3O2
F6672-1681,C15H19N5
F6522-1046,C14H11NO3S
F6760-5240,C14H13FN2OS
F6471-5391,C11H13N5O2S
F6514-6708,C15H14N4O2
F6796-1594,C14H15N5S
F6002-0215,C15H17N3O3
F6791-8245,C14H16FN5O
F1316-0060,C16H12N4S
F6573-6566,C16H20F2N2O
F6561-2172,C16H28N2O3
F5773-0290,C12H14ClN3O2S
F6617-3392,C15H12FN3OS
F1036-0036,C13H18ClNO3S
F6524-0570,C15H19N3O4
F6773-2928,C13H16N4OS2
F2783-0227,C18H18N2O3
F6573-4714,C18H20N2OS
F6476-3162,C15H17F3N2O2
F6184-0736,C17H20N2O2S
F6549-6861,C16H18N2O3S
F6502-5876,C15H11F3N4O
F5283-0225,C12H11BrN4O2
F1589-0299,C20H21NO3
F6481-3464,C16H23NO2S2
F6676-1452,C20H26N2O2
F2751-0884,C14H20N2O5S
F6257-4555,C17H23N5O2
F6478-1510,C17H18FN3O3
F1358-0196,C16H15NO5S
F2880-2577,C16H19FN4O3
F1899-2263,C15H11F3N4S
F6724-1261,C15H14F3N5O
F6502-1272,C17H18N6O2
F0913-2039,C21H25NO3
F6514-9160,C18H13ClFN3O
F6514-6898,C17H18N4O2S
F3366-5376,C19H19ClFN3
F6658-5663,C18H21FN4O2
F1284-0662,C11H8BrClN2O2S
F6709-4759,C17H18ClN3O3
F6363-0931,C15H20N6O2S
F6445-3201,C18H19N7O
F2805-0123,C16H21N3O4S
F6724-2993,C14H16BrN3OS
F6064-5354,C17H18N6O3
F5001-0431,C19H17ClN2O3
F6573-5014,C23H23N3O
F6675-9561,C19H22ClN3O2
F6525-1188,C17H14F3N5O
F5788-1639,C17H18ClN3O2S
F6438-0704,C20H24N6O
F5857-7157,C18H17F3N2O3
F6783-7179,C20H25N5O2
F3386-4361,C21H23NO3S
F6446-0966,C15H18FN3O3S2
F6789-6545,C20H25ClN4O
F5190-0623,C19H22N2O4S
F6562-0104,C17H17ClN4O2S
F6676-4815,C17H20F5N3O
F3222-0301,C18H13ClF3N3O
F5854-0951,C22H24N2O2S
F2879-3682,C17H13F3N2O5
F6774-4145,C19H21N5O4
F5251-0076,C14H20ClN7O2S
F3406-6430,C20H26N4O4
F6471-0812,C19H15F3N4O2
F6497-0070,C20H24FN3O4
F6617-6849,C17H18ClN5O2S
F6752-3352,C18H24N4O4S
F1051-0040,C17H16ClFN4O2S
F6796-7828,C19H21N7OS
F6609-4669,C20H19N3O2S2
F3305-0124,C25H26N4O
F3395-0111,C19H27F3N4S
F6477-0251,C19H18ClN3OS2
F6784-3426,C21H16FN5O3
F6443-9571,C21H24F3N3O2
F0676-0710,C20H15ClN4O2S
F1607-0871,C22H24N2O4S
F2332-0385,C20H15ClFN3O4
F5670-0464,C20H27N5O3S
F5775-0118,C24H24N2O3S
F6195-3965,C20H17N5O4S
F6471-9117,C17H22N4O5S2
F6286-0661,C18H18F3N3O4S
F5575-0175,C20H20N2O5S2
F2548-0145,C21H19F2NO5S
F5042-0053,C19H17F3N4O3S
F5490-0704,C22H20FN3O4S
F0666-1602,C22H24N2O6S
F6713-1745,C20H25N5O3S2
F2815-0862,C23H20ClN3O3S
F3395-0413,C22H27F3N6O2
F0590-0094,C25H23N3O3S2
F1739-0085,C27H28ClN5O2
