# All user editable compound information in the PCDL Manager compounds tab can be imported
# A minimum of formula or mass plus one identifier must be populated for compound import (recommended is formula and at least one other identifier, see examples)
# Multiple synonyms can be entered into the Synonyms column when separated by ';' (e.g. L-Isoleucine; 2-Amino-3-methylvaleric acid)
# All compounds will be assumed to be of a neutral ion type, unless a 1 is entered in the Cation or Anion column
Name,Formula
F6190-0460,C13H17FN2O2
F5791-1348,C13H11N3OS
F6541-5789,C14H20N4O
F6436-3653,C12H16N4O3
F6555-6391,C16H16N2O2
F0853-0268,C13H9BrN2
F6724-4076,C13H13N3O2S
F6542-4492,C11H11BrN4
F6478-6089,C13H16ClN3O2
F8890-4282,C15H13FN4O
F6525-4589,C16H22N4O
F6523-1540,C16H24N4O
F6390-2690,C15H17NO3S
F3095-2990,C16H23NO4
F6089-5681,C17H16N2OS
F6443-4959,C16H14N2O4
F3366-5756,C17H17ClN2O
F6564-2575,C15H15FN4O2
F6512-1852,C17H24N2OS
F5284-0074,C14H17N3O3S
F6561-7906,C15H23N3O2S
F6802-8115,C15H25N3O2S
F6682-6585,C16H19N5O2
F5791-3339,C17H21N3O3
F6559-0196,C15H19N5O3
F6246-1812,C19H17N3O2
F6573-4898,C16H14F3N3O
F6481-3068,C16H15F2NO2S
F6805-5253,C16H20N8
F5772-5874,C17H18N4OS
F6523-4445,C16H21N7O
F6524-5888,C13H14F3N5O2
F6523-1622,C17H26N6O
F6381-4286,C18H21FN2OS
F6773-3032,C12H13F3N4O2S
F3375-0927,C18H17N5O2
F6474-7279,C13H12BrN3O3
F6523-3337,C16H19ClN2O4
F6125-2401,C18H17N3O4
F3375-1344,C18H20N4O3
F5649-0103,C18H23N5O2
F6522-0596,C18H17NO2S2
F6560-1361,C15H16N6O2S
F6412-1369,C22H19NO3
F6438-1866,C21H22N4O
F1008-0242,C17H14F2N2O2S
F6524-0424,C18H15N5O3
F6812-1347,C19H22N6O
F6372-0684,C19H17FN4O2
F0596-0100,C18H11ClN2O2S
F5343-0200,C20H21NO5
F6481-4048,C18H19N3OS2
F6795-4556,C19H27FN6
F6680-8777,C20H22F2N2O2
F6559-7651,C17H17F3N6
F5772-8623,C20H14F2N4O
F6747-6409,C20H23N5O2
F6495-5102,C17H17N7OS
F6357-0143,C17H17Cl2NO2S
F3164-1209,C19H22N4O2S
F6471-9212,C16H16N6O3S
F6503-2692,C22H23N5O
F6675-8565,C18H16F3N5O
F6156-0458,C19H17ClFNO4
F5001-2069,C22H22N2O4
F6469-1048,C19H16N4OS2
F6488-1208,C19H19N5O4
F3394-0635,C19H17N3O2S2
F6814-2960,C21H22F2N4O
F6523-0361,C17H15F5N4O
F6524-1158,C21H21N7O
F6529-3669,C16H18F3N3O3S
F6473-4203,C22H22N4O3
F6359-4806,C16H17BrN4O3
F6764-1565,C20H20ClN7
F3382-4861,C16H15ClFN5O2S
F3406-3510,C21H24N4O2S
F6184-1062,C18H23FN2O3S2
F1608-0237,C18H17BrN4O2
F2496-1541,C23H18N2O5
F2631-0145,C19H24N4O4S
F5266-0387,C21H31ClN4O2
F6497-0522,C19H21Cl2N3O3
F3023-0922,C22H22FN3O4
F2476-0108,C21H22N2O3S2
F0874-0012,C25H37FN2O2
F5016-2147,C19H22FN5O3S
F2018-4289,C19H23ClN4O3S
F5319-0773,C19H12ClF4N3O2
F2262-0277,C21H21BrN2O3
F5031-0156,C21H18ClNO5S
F6761-0299,C18H18F4N2O4S
F2773-0692,C20H18F3N3O3S
F6513-4915,C18H19F3N6O2S
F2631-0608,C21H22FN5OS2
F6671-3340,C18H21F3N4O4S
F5253-0647,C22H28FN3O4S
F6548-4416,C25H24N4O3S
F3411-1448,C22H18F3N5O2S
F3382-2317,C24H24ClN3O4S
