# All user editable compound information in the PCDL Manager compounds tab can be imported
# A minimum of formula or mass plus one identifier must be populated for compound import (recommended is formula and at least one other identifier, see examples)
# Multiple synonyms can be entered into the Synonyms column when separated by ';' (e.g. L-Isoleucine; 2-Amino-3-methylvaleric acid)
# All compounds will be assumed to be of a neutral ion type, unless a 1 is entered in the Cation or Anion column
Name,Formula
F6571-2192,C13H19NO4
F6619-0788,C10H11BrO3
F6793-5989,C14H16FN3O
F6610-2611,C14H16FNOS
F6760-2192,C13H11N5O2
F6523-4176,C14H16N4O2
F6802-6967,C11H21N3O3S
F6541-1553,C15H22N2OS
F0469-0034,C11H11BrN2S
F6190-1067,C12H12ClNO3S
F6481-0282,C16H17NO2S
F6549-7665,C13H15N5OS
F6561-2934,C15H21N3OS
F5893-0501,C16H14N4O2
F6556-3023,C14H20N2O5
F6478-0819,C16H18N4O2
F2740-0123,C16H20N4O2
F6806-8295,C16H22N4O2
F6455-1496,C15H16ClN3O2
F6411-5652,C19H21N3O
F6357-1967,C15H16F2N2OS
F6560-5766,C16H16N4OS
F6660-6927,C16H15ClN4O
F6745-1685,C15H16N4S2
F6246-1452,C14H14N4OS2
F6619-5765,C16H25N5O2
F6452-0062,C16H20FN3O3
F1801-0065,C18H17N3O3
F6495-9669,C17H15N3O2S
F6502-0208,C16H18N6O2
F6457-0459,C17H16N2O3S
F6564-2547,C16H19N5O3
F6156-0665,C18H18FNO2S
F6246-0017,C17H24N4O3
F6683-1345,C16H19ClN4O2
F6753-3317,C16H25N5OS
F5583-0041,C15H19N3O2S2
F2380-0030,C16H22N2O4S
F5543-0102,C19H21N3O3
F6237-0329,C18H24N6O
F2646-0368,C18H18N2OS2
F6791-9211,C14H16F3N5S
F5033-3431,C16H19F3N2O3
F6448-0108,C18H23N3O4
F6677-3763,C15H18BrN5
F6555-0748,C17H18ClFN4O
F6743-9804,C17H23N3O3S
F6517-3159,C17H21NO3S2
F6809-6786,C20H21FN4O
F5338-0377,C18H18N4O2S
F5476-0543,C19H25N5O2
F3320-0959,C22H19N3O2
F6200-0160,C19H21NO2S2
F6438-0531,C14H14F3N3O3S
F6539-3787,C16H14BrNO2S
F5033-1075,C22H24N2OS
F6677-3469,C15H19BrN4O2
F6571-1849,C19H26ClNO4
F0741-0006,C19H19N3O3S
F6792-3745,C18H23FN8
F6245-1625,C16H19F3N4O3
F6516-0700,C18H18N2O5S
F6724-1689,C19H26ClN5O
F6796-8974,C20H19N5OS
F6795-5137,C21H26N6O
F2442-0308,C20H20N4O2S
F6783-7138,C21H24FN5O
F0453-0383,C20H21N3O3S
F6571-3511,C14H18F3NO4S2
F5607-0068,C18H22N6O2S
F3406-4220,C18H17ClN4O2S
F3407-0154,C21H19N5O3
F6520-1184,C17H14BrNOS2
F2661-0048,C22H20N2O3S
F6089-6701,C23H24FN3O2
F5318-0302,C21H18FN3O4
F6516-0334,C15H12BrNO3S2
F5075-4303,C20H22N4O5
F3385-5962,C24H20N2O4
F6560-6023,C22H22N6O2
F6473-6451,C16H14F3NO6S
F2202-0368,C22H21N3O3S
F0885-0034,C22H23N3O5
F6296-1171,C20H17ClN4O2S
F6523-4711,C22H27ClN4O2
F6178-6274,C20H23N3O5S
F6353-5876,C17H19F3N2O3S2
F5610-0183,C23H26N4O4
F6497-0195,C22H24FN5O3
F6727-3449,C19H24N8O2S
F6239-0474,C20H20F3N7O
F2238-0342,C23H26N6OS
F2068-0736,C24H27N3O3S
F6525-8149,C21H27F3N4O3
F6559-0266,C22H33N7O3
F3406-6337,C26H30N4O3
F2902-0363,C22H22FN7OS
F5831-1576,C22H22FNO3S3
F3382-8193,C27H29N3O5
F3366-5524,C29H30FN3O3
