# All user editable compound information in the PCDL Manager compounds tab can be imported
# A minimum of formula or mass plus one identifier must be populated for compound import (recommended is formula and at least one other identifier, see examples)
# Multiple synonyms can be entered into the Synonyms column when separated by ';' (e.g. L-Isoleucine; 2-Amino-3-methylvaleric acid)
# All compounds will be assumed to be of a neutral ion type, unless a 1 is entered in the Cation or Anion column
Name,Formula
F3348-0726,C16H17N3
F6555-6367,C13H12N4O2
F0664-0060,C13H12N2O4
F6709-0104,C14H21N3O2
F6544-1128,C15H17N5
F6559-1506,C14H16F3NO
F6739-7736,C15H15FN2O2
F6357-1532,C15H19NO2S
F6562-6892,C14H20N2O4
F5526-0057,C18H21NO2
F6014-0048,C16H18N2O3
F6448-1451,C11H20N4O3S
F3046-0552,C18H18N4
F6724-2994,C14H16FN3OS
F6244-0308,C18H21N3O
F5823-0090,C18H23N3O
F6744-6571,C16H21N5O
F9995-1016,C13H9F3O3S
F6200-1416,C13H15F3N2O3
F5526-0778,C17H26N2O3
F6230-0047,C17H15N3O3
F5304-2878,C15H16F3N3O
F6471-1908,C15H20FNO3S
F6436-1870,C15H17N5OS
F5852-2562,C16H16FN3O3
F6496-1498,C16H15ClFN3O
F6725-2060,C13H16BrN5
F6492-0493,C19H22N4O
F6514-6692,C16H16N6O2
F5791-0069,C18H15ClN2O2
F6244-3384,C18H21N3OS
F3186-0012,C16H12FN3O2S
F6495-2098,C17H19FN4O2
F6481-2329,C17H20N2OS2
F6791-7514,C16H23N5O3
F5857-1073,C16H18ClN3O3
F5554-0003,C19H20N4O2
F0862-0019,C18H11ClN2OS
F6562-8663,C18H17N3O2S
F6442-1412,C16H21FN2O3S
F6553-0897,C20H20FNO3
F6241-0114,C20H26N2O3
F6471-3614,C14H11F3N2O3S
F6473-4378,C17H19N3O3S
F3382-3369,C20H18N4O2
F6814-2940,C19H23F2N3O
F6573-7129,C16H16FN3O3S
F6560-7698,C19H18N4O3
F5854-0888,C19H16N2O3S
F6556-1915,C20H20FN3O2
F5857-2368,C20H18FNO2S
F2775-0282,C16H12BrN3S
F6709-0152,C18H22N4O2S
F6561-6405,C20H16N4O3
F5287-0009,C16H18N4O4S
F1907-0989,C23H29N3O
F6812-1911,C18H19N7S
F6442-0180,C17H18FNO3S2
F6445-3730,C18H20N6O3
F6549-1130,C16H17F3N4OS
F6619-6153,C19H29N7O
F2516-0134,C22H19N3O3
F3257-0033,C19H19Cl2N3O
F5788-0010,C22H24N4O2
F6435-3420,C21H18N2O5
F6178-7826,C19H26FN3O2S
F5228-0783,C20H16FN3O4
F6617-2642,C22H26N2O4
F5772-6493,C19H20N4O3S
F5448-0322,C18H15ClN4O2S
F6089-8322,C17H20F3N3O4
F6510-2150,C14H13ClFN3O3S2
F6439-3582,C19H17F3N4O2
F3250-0147,C25H21N5
F6443-8176,C19H15F4N3O2
F6438-0786,C19H22N8O2
F5599-0618,C20H20N4O3S
F0535-0502,C24H31NO4
F3406-5438,C23H21N5O2
F3058-0089,C26H31N3O
F5099-0106,C20H21ClN2O3S
F5088-0875,C22H19FN4O3
F5788-4949,C19H28N4O4S
F1885-0715,C21H15F2N3O2S
F5533-0044,C22H27N3O3S
F2670-0178,C21H24N2O5S
F6764-0754,C20H14BrN5O
F6529-2457,C24H24FN3O3
F6237-3049,C18H19F3N6O3
F1199-0103,C22H25N3O4S
F6795-5816,C18H17F3N10
F8890-5679,C24H23N3O5
F5492-0066,C23H24N4O5
F6125-2974,C24H29N3O3S
F6473-7682,C22H26N4O6
F1425-2038,C26H27N3O4
F2024-2406,C19H17BrFN3O4
F0187-0405,C22H26N4O3S2
F2708-0363,C17H15BrClN3O2S2
F3406-0029,C28H26N4O4
