# All user editable compound information in the PCDL Manager compounds tab can be imported
# A minimum of formula or mass plus one identifier must be populated for compound import (recommended is formula and at least one other identifier, see examples)
# Multiple synonyms can be entered into the Synonyms column when separated by ';' (e.g. L-Isoleucine; 2-Amino-3-methylvaleric acid)
# All compounds will be assumed to be of a neutral ion type, unless a 1 is entered in the Cation or Anion column
Name,Formula
F6807-5761,C14H15N5
F6754-5202,C8H7F5N2S
F3229-0186,C15H19NO3
F6810-2297,C11H15N5OS
F3007-0419,C15H15N3S
F6617-8398,C14H16N4O2
F1016-0129,C16H21NOS
F5490-1257,C17H18N4
F2158-2288,C13H11ClO3S
F1374-1121,C11H12ClN3O2S
F6521-9307,C16H17NO2S
F6443-6537,C13H15N5OS
F6438-3509,C12H17N7O2
F6573-8415,C13H15FN4O3
F6796-1108,C15H16N6O
F6743-5922,C13H22N4O2S
F6753-2604,C16H20N4O2
F6676-1389,C16H22N4O2
F6524-2710,C12H14F3N3O3
F0651-0543,C19H21N3O
F2487-0264,C17H14N2O4
F6439-5488,C16H16N4OS
F6748-0390,C16H15ClN4O
F2416-0945,C16H16N2O3S
F2145-0283,C13H13F3N2O2S
F6490-1030,C16H25N5O2
F6571-0460,C16H23N3O2S
F6573-5243,C18H17N3O3
F6469-1045,C17H15N3O2S
F6561-6913,C16H18N6O2
F6520-0568,C17H16N2O3S
F6239-0023,C16H19N5O3
F6184-0513,C18H21NOS2
F6381-3628,C22H24N2O
F6258-0908,C16H19ClN4O2
F6480-3227,C17H25N3O4
F6574-0653,C15H19N3O2S2
F5033-6884,C16H22N2O4S
F6475-2879,C19H21N3O3
F6796-6653,C18H24N6O
F6436-3513,C18H18N2OS2
F6726-0813,C18H18ClN3O2
F0915-4927,C18H20N2O5
F6559-1856,C18H23N3O4
F6559-1378,C16H17N3O2S2
F6495-9639,C19H16N4O3
F6353-5757,C17H23N3O3S
F6436-0978,C17H21NO3S2
F6619-6769,C17H20N8O
F6359-4276,C18H18N4O2S
F6658-6026,C19H25N5O2
F6680-3121,C19H20FN3O3
F5226-0032,C18H18ClN3O3
F2805-1698,C16H15N3O5S
F3099-0611,C16H14BrNO4
F6556-5080,C19H28N2OS2
F6442-0816,C16H18N2O4S2
F6726-5281,C18H18FN7O
F6258-2561,C16H20FN3O4S
F6381-4289,C22H27FN2O2
F6488-1605,C18H20N4O5
F6241-0363,C18H18N2O5S
F5857-2400,C24H25NO3
F6561-6467,C20H19N5OS
F5016-0790,C19H30N4O4
F2005-0268,C20H20N4O2S
F6619-5143,C18H23N9O
F6036-2060,C20H21N3O3S
F6734-1228,C16H16BrN7
F6670-6628,C20H23FN4OS
F2550-0052,C18H17ClN4O2S
F6349-0041,C21H19N5O3
F6517-1184,C17H14BrNO3S
F0742-0063,C22H20N2O3S
F2392-0371,C23H27N3OS
F6523-3059,C21H21N3O3S
F0326-1149,C16H10Cl2FN3O2S
F3162-0006,C25H22N2O3
F2270-0146,C21H24N2O4S
F6783-8133,C19H23FN6O3
F2873-0060,C18H16ClN3O4S
F6473-8840,C22H21N3O3S
F2724-0227,C22H21F2N5O
F6436-1459,C21H21BrN2O2
F6057-0039,C20H26N6O2S
F3083-0307,C17H27N3O5S2
F5313-0565,C18H18Cl2N6O2
F6727-2408,C21H23FN8O
F5542-0179,C23H27N3O5
F6043-0429,C25H24N4O3
F5871-0002,C22H29N3O2S2
F3407-5156,C24H26N4O4
F0535-0701,C23H26F3NO4
F3345-0519,C23H28N4O5
F2536-1848,C17H11Cl2FN2O3S2
F6619-7686,C24H30N8O
F0554-0586,C25H29N3O3S
F3398-2817,C20H22ClN5O2S2
F3406-3248,C26H29N5O4
F5528-2283,C27H33N7O2
