# All user editable compound information in the PCDL Manager compounds tab can be imported
# A minimum of formula or mass plus one identifier must be populated for compound import (recommended is formula and at least one other identifier, see examples)
# Multiple synonyms can be entered into the Synonyms column when separated by ';' (e.g. L-Isoleucine; 2-Amino-3-methylvaleric acid)
# All compounds will be assumed to be of a neutral ion type, unless a 1 is entered in the Cation or Anion column
Name,Formula
F6561-2613,C12H16N2O2S
F6547-0044,C15H20N4
F6789-0786,C14H17FN4
F6760-2158,C15H12N4O
F5791-1986,C14H12N4O2
F6760-1558,C16H21N3O
F6312-0399,C15H22N4O
F2146-0601,C15H23N3S
F2189-0242,C13H15NO4S
F1981-0053,C12H16N2O4S
F6524-1180,C14H18N6O
F6560-5483,C15H20N4O2
F6666-9830,C15H11F2NO3
F6356-0631,C19H19NO2
F2834-0106,C13H16N2O4S
F3385-4424,C17H14O5
F2879-5561,C13H17ClN2O4
F6725-2763,C12H13F3N4O2
F6561-7750,C15H20N4OS
F1016-0419,C15H17NO4S
F6512-0626,C18H19N3O2
F6813-8066,C17H18FN5
F6760-2870,C17H19N3O3
F3098-1788,C18H21NO4
F6708-9689,C14H18F3N3O2
F5831-3184,C20H17NO3
F6554-4385,C17H14F3NO2
F3227-1557,C18H10FNO4
F6755-7383,C15H24N4O2S
F0463-0222,C18H18N2O2S
F6612-0046,C17H21N5O2
F6524-2645,C14H14F3N3O3
F6549-5501,C17H22N4O3
F6549-3599,C16H20N4O2S
F6482-3876,C14H15BrN4O
F6502-2715,C16H21N3O3S
F6680-8901,C20H24N4O
F5857-2252,C16H16F2N2O2S
F6515-2742,C17H17N5OS
F6675-8499,C17H17FN6O
F2135-0808,C17H20FN7
F3394-0252,C15H12F3NO3S
F6412-1513,C18H17ClN2O3
F9994-8280,C18H17F2N3O2
F6482-3874,C17H22N4O4
F6807-5353,C16H17BrN2O2
F3328-0042,C16H19N3O4S
F6178-4593,C20H22N4O2
F2580-1282,C20H17FN2O3
F6554-0237,C21H27N3O2
F2434-1135,C22H17N3O2
F6125-0515,C14H19N3O4S2
F6436-1762,C20H26N2O4
F6465-0248,C19H24N2O3S
F6471-0745,C20H18N4O3
F6519-5835,C19H16N4O2S
F6672-0471,C19H22F3N3O
F6494-1048,C18H17N5O2S
F2672-0001,C21H28N4O2
F6374-0136,C20H22N2O3S
F6799-8645,C15H15F3N4O2S
F6813-8320,C19H24FN5S
F5771-1048,C19H16F3N3O2
F6521-8088,C14H20ClN3O3S2
F5788-1228,C21H19FN4O2
F6738-2339,C15H17BrN4OS
F6734-0726,C20H20ClN5O
F0473-0354,C18H13N3O3S2
F3406-4812,C20H24N4O2S
F6435-7688,C18H18N4O4S
F6761-7676,C20H20F3N5
F6415-0962,C20H20ClNO3S
F6795-5818,C17H17F3N8
F0838-0043,C16H13BrN2O3S
F5027-0802,C21H19F4NO2
F6517-2272,C18H15ClFNO2S2
F6381-4336,C19H25FN2O4S
F6225-1110,C20H19ClN4OS
F6786-6283,C21H29N5O3
F5773-0373,C19H19FN4OS2
F6812-1524,C19H16F4N6
F6112-0295,C22H25F3N2O2
F5033-5893,C18H20ClN3O2S2
F6178-7870,C19H26ClN3O3S
F6517-4558,C21H19ClN2O3S
F6240-2832,C23H24N6O2
F5596-0979,C23H18FN3O4
F6474-3481,C20H17F3N2O3S
F6726-0643,C22H25FN6O2
F6564-5736,C15H17BrN4O2S2
F3407-3218,C26H30N4O2
F2374-0224,C16H13Cl3N2O4S
F6441-4257,C17H18F3NO5S2
F3118-0085,C20H19F3N2O4S
F1805-0140,C21H19ClFN5OS
F6513-1096,C20H23BrN4O3
F2574-0252,C21H27N3O4S2
F2029-0320,C19H14BrClN4OS
F6166-0266,C25H24N6O2S
F2093-0654,C24H28N4O3S2
