# All user editable compound information in the PCDL Manager compounds tab can be imported
# A minimum of formula or mass plus one identifier must be populated for compound import (recommended is formula and at least one other identifier, see examples)
# Multiple synonyms can be entered into the Synonyms column when separated by ';' (e.g. L-Isoleucine; 2-Amino-3-methylvaleric acid)
# All compounds will be assumed to be of a neutral ion type, unless a 1 is entered in the Cation or Anion column
Name,Formula
F0840-0059,C15H25NO2
F6782-8217,C15H16N2O2
F6541-5908,C13H16N4S
F2774-3994,C13H13ClN2O2
F5857-8645,C11H12N2O2S2
F3406-7194,C15H17N3O2
F6668-2789,C14H18N4O2
F1572-0095,C15H19NO4
F1441-0043,C15H24N2O3
F3370-0001,C11H7BrF2N2
F6525-5301,C15H18N4O2
F6791-5002,C15H20N4S
F3278-0075,C17H26N2O2
F6244-2680,C14H19N3O2S
F5104-0037,C13H10F2N2O2S
F1757-0356,C12H15BrN2O2
F1441-0170,C12H10Cl2N2O3
F6451-3242,C15H14N2O3S
F5577-0010,C16H17FN2O3
F1443-1109,C15H8F3NO3
F6436-0378,C16H23NOS2
F6796-1100,C14H16F3N5
F1189-0016,C18H19NO4
F5854-4122,C18H21NO2S
F6490-0754,C16H19N3O2S
F6473-6857,C15H17N3O3S
F6797-2739,C14H13ClFN5O
F6522-0068,C14H10ClNO2S2
F6556-7654,C19H20N2O3
F6561-6481,C17H15ClN4O
F6200-0790,C16H25NO4S
F3385-3213,C18H16ClNO3
F6687-6913,C16H21F3N2O2
F0808-0449,C17H20N2O3S
F1911-5822,C18H27N3O3
F6482-4030,C15H18ClN5O2
F6812-1666,C18H20N6O
F6722-5443,C15H16Cl2N4O
F5857-0480,C17H16F3NO3
F6472-7166,C18H20N4OS
F6027-0166,C19H23N3OS
F6577-0733,C11H10BrN3O3S
F6523-3947,C16H13FN4O2S
F6482-2317,C16H18F3NO4
F6475-7005,C17H22N4O2S
F6444-1408,C19H29N3OS
F6478-0703,C17H17ClFN3O2
F6564-5565,C16H17F3N6
F6523-3432,C18H16N4O2S
F6488-0258,C20H23N3O3
F0187-0269,C19H18FN3OS
F6724-2754,C16H16BrN5
F6257-1720,C18H22N4O4
F0050-0032,C18H20N2O6
F0603-0030,C20H18N4OS
F2370-0667,C18H15ClF2N2O2
F6564-2839,C16H23N5O3S
F6471-8332,C14H17N5O5S
F6789-2192,C20H24N4O3
F6514-2313,C20H19FN2O2S
F2879-0564,C16H12ClF3N2O3
F5230-1464,C21H19N5O2
F2434-1196,C21H17N3O2S
F3072-0022,C22H36N2O3
F2031-0490,C20H19ClN6
F6658-5616,C21H25N5O2
F5940-2077,C16H22F3NO4S
F6608-4010,C20H26N6O2
F6446-1262,C20H21FN4OS
F6477-0223,C18H18N4O2S2
F6796-4913,C19H22FN5OS
F6476-5778,C18H16ClN3O3S
F5248-0072,C18H22N4O4S
F6495-4156,C22H25N5O2
F3385-0981,C22H19NO6
F6400-0583,C24H30N2OS
F0662-0417,C21H21ClN4O2
F3222-1062,C19H15ClN4O2S
F6812-1420,C22H21N7O
F2135-1302,C20H19ClN2OS2
F0715-0419,C23H20N2O3S
F6454-1216,C20H24ClFN4O2
F6481-1917,C17H16BrNO4S
F6195-7609,C21H21N3O2S2
F5016-1878,C23H31N3O4
F6514-4075,C22H20N6O3
F6481-3166,C20H19F2N3OS2
F6480-3165,C23H27N5O3
F2323-2484,C21H21FN6O3
F3407-3808,C26H25N3O3
F6235-0543,C22H22N8O2
F2074-0346,C22H28ClN3O4
F6619-5237,C23H28N6OS
F3382-7632,C22H17ClN2O4S
F6152-0185,C22H30N6O4
F5824-0104,C26H31N5O2
F2334-0162,C20H15F4N5O3
F3382-0006,C22H21NO6S2
F3375-1940,C28H25NO6
F3406-3104,C24H26ClN5O2S
