# All user editable compound information in the PCDL Manager compounds tab can be imported
# A minimum of formula or mass plus one identifier must be populated for compound import (recommended is formula and at least one other identifier, see examples)
# Multiple synonyms can be entered into the Synonyms column when separated by ';' (e.g. L-Isoleucine; 2-Amino-3-methylvaleric acid)
# All compounds will be assumed to be of a neutral ion type, unless a 1 is entered in the Cation or Anion column
Name,Formula
F0907-2490,C12H12ClNO3
F3386-2396,C12H19NO3S
F6494-0227,C13H12FN3O2
F6438-3605,C12H20N6O
F6809-2312,C16H20N4
F6210-0139,C12H11F3N2O2
F6720-4936,C12H13N5O3
F6666-9917,C14H12F2N2O2
F6753-0900,C13H19N3O2S
F6617-7534,C15H16N4O2
F1475-0080,C11H14ClN3O2S
F6810-0119,C13H12ClN5O
F2158-0572,C14H17N3O2S
F2479-0025,C16H10N2O2S
F6556-2927,C14H17FN2O4
F6672-1535,C17H18N2OS
F6444-6297,C15H16N4O3
F6713-4686,C14H18N6S
F6677-0800,C17H28N4O
F6415-0094,C16H18FNO4
F2438-0346,C16H24FN3O2
F3229-0225,C12H13BrN2O3
F6539-2792,C15H27N3O4
F6513-5723,C16H21N5O2
F6194-0116,C18H23NO4
F6795-5714,C15H21N5OS
F6682-6347,C15H19N3O3S
F3386-2684,C16H18FNO3S
F2463-0476,C15H13Cl2NO3
F2158-0804,C15H22N2O4S
F6561-3000,C21H29NO2
F5225-0456,C17H19N3O2S
F3055-0123,C16H11F2N3OS
F5001-0185,C21H20N2O2
F6445-0054,C19H14N2O4
F3088-1539,C21H21NO3
F2496-1359,C16H10F3NO4
F3385-4130,C20H18O5
F6488-1189,C17H17N5O3
F6436-3116,C20H21FN2O2
F6482-3562,C11H11BrN4O2S
F6221-0151,C16H14ClN5O2
F5611-0300,C18H20N2O3S
F6472-0781,C18H23N3O2S
F6411-4390,C15H11BrFN3O
F6471-3600,C17H20N2O2S2
F6446-1228,C17H23N3OS2
F6564-2427,C14H14BrN3O3
F6559-3860,C17H24N2O4S
F5854-2217,C16H19ClN2O3S
F6445-0278,C19H21N3O4
F6496-2712,C18H19N3O3S
F0326-1183,C17H14ClN3O2S
F6788-2989,C21H24N6
F6708-8335,C19H26N2O3S
F6809-6774,C20H17FN4O2
F6813-8160,C21H24FN5
F6353-3095,C20H21N3O2S
F6554-0527,C15H19N3O4S2
F6241-0369,C19H22N4O4
F6507-7913,C16H24N2O4S2
F6432-0210,C14H11BrN6O2
F5496-0582,C19H25N3OS2
F2182-0047,C21H19N3S2
F2775-2260,C21H22N4O3
F6791-2843,C16H20N4O3S2
F6492-0913,C20H23N5OS
F6510-3880,C18H17N5O3S
F6798-5348,C21H25FN4O2
F6414-4056,C20H22N2O4S
F6791-7496,C18H25N7O3
F6682-6368,C19H20FN3O3S
F6438-0309,C19H26N4O3S
F2265-0445,C21H16N2O4S
F6523-0647,C21H23N5OS
F6403-0738,C18H16F3N3O2S
F5257-0130,C21H24N4O4
F6244-3167,C21H22N2O4S
F3382-7995,C19H17ClN4O4
F6556-1225,C21H26N2O2S2
F5782-0353,C23H24N4O3
F6204-1092,C16H16F3NO4S2
F6795-0873,C20H19N5O3S
F6526-1460,C22H23F2N5O
F2393-0554,C22H26N2O2S2
F5447-0124,C19H19N3O4S2
F5857-3946,C22H29NO5S
F2206-0313,C22H22N4O3S
F5729-0741,C22H24BrN3O
F5833-3561,C22H21FN2O4S
F6473-0120,C22H23Cl2N3O2
F6441-3368,C18H27FN2O5S2
F1805-0147,C22H20FN5O2S
F5594-0250,C22H24N4O4S
F2583-0036,C24H21N5O4
F6064-3490,C22H21F3N4O3
F3411-3264,C22H19BrN4O2
F5481-0668,C24H23N5O3S
F3398-5260,C22H20ClFN4O3S
F3398-1856,C23H22N2O8S
