# All user editable compound information in the PCDL Manager compounds tab can be imported
# A minimum of formula or mass plus one identifier must be populated for compound import (recommended is formula and at least one other identifier, see examples)
# Multiple synonyms can be entered into the Synonyms column when separated by ';' (e.g. L-Isoleucine; 2-Amino-3-methylvaleric acid)
# All compounds will be assumed to be of a neutral ion type, unless a 1 is entered in the Cation or Anion column
Name,Formula
F6554-4809,C12H15FN2O3
F6439-7488,C14H18N4O
F8890-2454,C12H14N4OS
F2585-0375,C12H11ClN2OS
F6191-0455,C14H27N3O2
F6562-8063,C15H15NO2S
F6661-9107,C14H16N2O2S
F6572-0911,C14H12F3N3
F6555-6428,C17H15FN2O
F6539-3286,C15H15N3O3
F6089-0656,C17H18FNO2
F6064-0324,C15H19N3O3
F6471-7905,C14H16N2O3S
F2382-0251,C14H22N4O3
F3095-0665,C13H16BrNO2
F3244-0246,C17H14ClNO2
F2189-0051,C13H16FNO4S
F5791-1991,C15H11F2N3O2
F6619-3584,C13H19N7S
F6471-1386,C11H20N2O4S2
F6435-1483,C15H22N2O3S
F6619-5833,C14H16N8O
F6524-4298,C16H18N4O3
F5835-0694,C19H16N4O
F6561-7707,C15H18N4O2S
F6488-1177,C14H16N4O3S
F6480-0840,C15H15ClN2O2S
F5833-6795,C19H21N3O2
F6678-7865,C18H16FN3O2
F0161-0303,C13H8BrClFNO
F6721-9275,C16H17ClN6
F6803-0229,C17H23N5O2
F6353-3440,C17H21N3O2S
F6414-0562,C17H16ClNO4
F6507-4122,C17H22N2O5
F2879-3948,C16H14F2N2O2S
F6349-0678,C14H19N5O3S
F2740-0049,C19H19FN4O
F6031-0241,C20H25N3O2
F5679-0134,C17H15N3O3S
F5875-0105,C19H16F2N2O2
F2073-0297,C21H17N3O2
F5033-0212,C17H23F3N2O2
F5860-1056,C17H12Cl2N2O2
F6471-2123,C20H17N3OS
F6430-0883,C17H16N8O
F6443-7923,C21H23N3O2
F6488-1389,C18H17N5O3
F6660-1459,C16H16ClNO4S
F6808-3854,C19H22N4OS
F1142-0990,C19H17FN2O2S
F6726-5433,C19H24FN5O
F6752-3944,C16H23F2N3O2S
F5303-0220,C16H19N5O3S
F3227-1511,C21H14FNO4
F5882-2971,C18H28N4O4
F5882-5660,C17H22N2O5S
F6619-4204,C21H29N5O
F6521-8947,C22H24ClNO2
F2775-1530,C19H15F2N3OS
F5262-0391,C19H24N4O4
F2783-1328,C19H22N2O4S
F1607-0162,C22H17ClN2O2
F6464-0967,C21H22F3NO2
F5530-0701,C20H14FN3O2S
F6560-6733,C24H20N4O
F6573-8359,C19H15FN4O2S
F6178-5711,C21H22FN3O3
F2783-0836,C20H20ClN3O3
F6523-4423,C24H26N4O
F3222-3472,C18H20N4O4S
F6252-1170,C22H23N5O2
F6608-2492,C14H16F3N5O3S
F6685-8697,C18H19F3N6O
F6557-1496,C18H19FN2O3S2
F6448-2324,C20H21N5O4
F6442-4285,C21H14F3N3O2
F6247-0343,C16H12BrClFNO3
F6574-0335,C21H28N4O4
F6064-1744,C19H18ClN3O3S
F5882-6195,C20H18F3N3O3
F6796-4010,C21H25N7S
F2407-0103,C21H18N2O3S2
F5687-0036,C21H24N4O3S
F6435-2807,C21H21NO4S2
F2074-0417,C22H31N3O3S
F5782-0030,C23H24N4O2S
F6510-3264,C19H22FN3O3S2
F1413-0007,C23H17F3N2O3
F6444-1913,C21H20FN3O4S
F2445-0206,C20H21ClN4O3S
F1562-0175,C20H26BrN3O3
F5581-0579,C22H22N4O2S2
F3385-6185,C25H19N3O5
F6658-3448,C20H24N6O4S
F6512-8005,C20H25N5O5S
F5832-1665,C24H24FN3O3S
F3222-1153,C24H17ClFN3O4
F1109-0184,C26H27N3O4S
