# All user editable compound information in the PCDL Manager compounds tab can be imported
# A minimum of formula or mass plus one identifier must be populated for compound import (recommended is formula and at least one other identifier, see examples)
# Multiple synonyms can be entered into the Synonyms column when separated by ';' (e.g. L-Isoleucine; 2-Amino-3-methylvaleric acid)
# All compounds will be assumed to be of a neutral ion type, unless a 1 is entered in the Cation or Anion column
Name,Formula
F6437-0166,C10H11N3OS2
F6487-0282,C15H15NO3
F6204-0397,C14H15NO2S
F6755-0602,C13H20N4O2
F6560-8760,C17H20N2O
F2513-0114,C13H12N4OS
F5857-1162,C15H17NO2S
F2447-0156,C12H14N4O2S
F1836-0048,C16H15N3O2
F5871-3586,C15H16N4O2
F6790-0200,C11H15BrFN3
F2616-0925,C14H12ClN3O2
F5854-2265,C14H17N3O2S
F3139-0957,C15H12Cl2O2
F6539-3299,C17H16N2O3
F6802-6928,C12H18N4O3S
F6031-2154,C13H20N2O4S
F6755-2661,C16H19ClN4
F6556-5996,C18H25FN2O
F6156-0179,C19H17NO3
F6677-2536,C19H23N3O
F1371-0369,C17H29NO4
F6246-4073,C17H23N5O
F2070-1448,C16H21N5O2
F6676-1362,C17H23N3OS
F6478-3724,C15H18FN5O2
F6353-7160,C15H19N3O3S
F3127-0060,C19H14FNO3
F6553-7061,C15H13Cl2NOS
F6186-0388,C15H22N2O4S
F6775-2346,C18H25N5O
F1837-0008,C17H19N3O2S
F6554-9238,C13H17NO5S2
F6713-5673,C16H21ClN6
F6512-1700,C17H19ClN2OS
F6683-1396,C16H22ClN5O
F3394-0143,C16H16ClNO3S
F6524-5880,C14H13F3N6O
F6465-0003,C17H17N5O3
F6512-6366,C15H24N4O3S
F3254-0111,C22H31NO2
F5854-1968,C17H17N3OS2
F6414-2372,C18H20N2O3S
F6485-0165,C18H20FN3O3
F6724-4667,C11H11BrClN3OS
F1174-1811,C16H16N2O7
F6713-4831,C15H14F3N7
F5854-5699,C14H10ClF4NOS
F6809-6689,C18H17FN6O
F2962-0180,C17H14N4O3S
F3222-2325,C19H21N3O4
F5836-0014,C21H15N3O3
F6681-2173,C14H14BrN7
F6411-1266,C19H28N4OS
F6441-3480,C19H26N2O3S
F6374-3546,C18H24N2O2S2
F6783-6717,C19H23N7O
F5317-0180,C20H18FN3O3
F2450-0580,C18H15N3O4S
F5860-0328,C19H22N4O4
F2487-0317,C19H20N2O4S
F5773-1108,C12H8Cl2N4O2S2
F6785-7974,C17H16F3N7
F1725-0026,C19H24BrNO2
F6247-1003,C21H22N4O3
F6472-0609,C18H21ClN2O3S
F6295-1083,C20H23N5OS
F0696-0471,C20H18ClN3O3
F6495-4134,C24H24N4O
F6435-7701,C20H22N2O4S
F5860-0095,C21H29N3O2S
F2816-0221,C22H19N3O2S
F6673-4713,C19H26N4O3S
F6436-2779,C19H15F3N2O2S
F6658-4054,C21H23N5OS
F2392-1280,C18H19ClFN3O2S
F5596-1077,C19H23F3N4O2
F6244-3110,C21H22N2O4S
F5578-2406,C19H21BrN4O
F6443-9707,C19H17F3N6O
F3237-0864,C21H28N2O4S
F3406-7099,C17H15Cl2N5OS
F6169-0618,C18H15F4N5O2
F6783-8347,C20H22FN7O2
F2898-4717,C22H23FN2O3S
F5461-0703,C20H20ClN3OS2
F6560-1405,C21H21N7O3
F6510-4031,C22H22N4O3S
F5328-0141,C20H24ClNO5S
F6471-9333,C20H20N4O5S
F6608-2485,C18H20F3N3O4S
F6441-2909,C21H23FN2O5S
F6469-0620,C20H19N7O3S
F1525-0105,C24H25ClN2O4
F6523-1096,C22H23F2N5OS
F6726-5477,C20H23FN6O3S
F2671-0120,C20H16ClFN2O3S2
F2652-1175,C22H27N3O4S2
F2042-0326,C23H20ClFN2O4S
F2805-0337,C20H18ClF3N4O3S
