# All user editable compound information in the PCDL Manager compounds tab can be imported
# A minimum of formula or mass plus one identifier must be populated for compound import (recommended is formula and at least one other identifier, see examples)
# Multiple synonyms can be entered into the Synonyms column when separated by ';' (e.g. L-Isoleucine; 2-Amino-3-methylvaleric acid)
# All compounds will be assumed to be of a neutral ion type, unless a 1 is entered in the Cation or Anion column
Name,Formula
F5831-1839,C15H14N2O2
F1913-7966,C15H18N2O2
F2447-0093,C12H14N4OS
F6723-5591,C9H6N4O2S2
F6666-7193,C18H23NO
F6554-5525,C13H14ClF2NO
F3098-5733,C14H16N2O2S
F6554-8785,C14H17NO3S
F6172-0224,C14H19ClN2O2
F6363-0228,C15H15N3O3
F1193-0033,C14H22ClNO3
F6608-0745,C13H18F3N3O
F6518-2293,C14H16N2O3S
F6745-1632,C16H18N6
F6724-3588,C11H12BrN3O2
F6789-6354,C13H12ClF2N3O
F6609-3956,C16H15NO3S
F2449-0044,C15H14ClN3O2
F6796-3706,C16H15N7
F3386-0190,C14H16N2O4S
F5053-0076,C18H18N2O3
F6724-3867,C17H17FN4O
F6796-3208,C15H18N6S
F6279-0364,C17H20N2O2S
F6756-2482,C18H14N4O2
F6549-6785,C14H16N4O3S
F6553-7200,C15H15ClN2O2S
F6521-4797,C17H25NO3S
F6438-1829,C13H19N5O3S
F6617-6356,C19H26N4O
F6246-1539,C14H15F3N4O2
F6774-4164,C17H23N5O2
F6802-9532,C17H21N3O2S
F3055-0121,C16H10F3N3O2
F6799-8781,C16H22N4O2S
F6481-0910,C16H17ClN2O2S
F3375-2059,C17H15N5O3
F6805-7996,C17H18N6O2
F6796-7422,C16H21N9
F5679-0045,C17H15N3O3S
F6445-0662,C17H18N4O2S
F5074-0118,C16H17N5O4
F6658-5763,C18H24N4OS
F2646-0041,C16H14N2OS3
F6521-9493,C19H19ClFNO2
F0653-0098,C20H20N4S
F6604-0838,C17H19N9
F6222-0612,C16H16F3N5O
F6718-1477,C16H17BrFNO2
F6573-5252,C21H23ClN2O
F6451-3586,C16H15F3N2O4
F6672-1844,C21H27NO4
F0877-0163,C22H18FN3O
F6230-0261,C19H15N5O3
F6439-4865,C14H16F3N3O3S
F6658-0017,C20H24N6O
F6435-3621,C20H18N2O5
F5882-0447,C17H29N5O4
F3225-6735,C23H19N3O2
F0599-0494,C19H18ClN3OS
F6448-0300,C19H24N4O4
F2817-0330,C19H22N2O4S
F2781-0061,C18H20N2O3S2
F6604-1184,C19H19N7O2
F3374-0425,C20H14ClN3O3
F6524-1198,C19H20N6O3
F5066-0177,C16H19ClN4O3S
F6561-1568,C24H21N3O2
F6443-9536,C16H18F3N5OS
F5033-1363,C22H30N2O2S
F6774-4130,C18H20N4O4S
F6672-0281,C20H27N3O3S
F6520-0828,C19H21NO4S2
F6619-7069,C19H20N8S
F6507-8201,C18H19ClN2O4S
F6734-0895,C18H20F3N5O2
F5529-0463,C21H19NO5S
F6497-0786,C22H30N4O3
F6178-8455,C23H24N6O
F6681-8833,C16H18BrN7O
F5485-0598,C20H24ClN3O2S
F6443-8480,C23H25N3O4
F2541-0214,C18H19ClN2O5S
F6660-0374,C19H20F4N4O2
F3386-4141,C18H22ClNO6S
F3320-0727,C25H27N3O3
F6278-0041,C23H21FN4O3
F2407-0890,C22H18FN3O3S
F3309-4046,C21H19FN4O3S
F6279-0231,C19H22ClF2N3O2S
F5796-1031,C18H19F3N2O5S
F6529-0206,C20H22FN3O3S2
F6529-3793,C17H16F6N4O3
F5287-0063,C21H20FN5O3S
F2540-0079,C26H24N2O3S
F5493-0320,C24H22FN5OS
F3398-4837,C26H19N3O5
F3407-2995,C20H15ClF3N5OS
F3398-2905,C25H24ClN5O3
