# All user editable compound information in the PCDL Manager compounds tab can be imported
# A minimum of formula or mass plus one identifier must be populated for compound import (recommended is formula and at least one other identifier, see examples)
# Multiple synonyms can be entered into the Synonyms column when separated by ';' (e.g. L-Isoleucine; 2-Amino-3-methylvaleric acid)
# All compounds will be assumed to be of a neutral ion type, unless a 1 is entered in the Cation or Anion column
Name,Formula
F6435-1823,C14H10N4O
F6754-9002,C14H13N3S
F6755-5759,C11H12F3N3O
F6244-0509,C15H19FN2O
F6788-8842,C12H18N4OS
F6445-6114,C14H14N4O2
F6755-2666,C15H19N3S
F2158-0326,C15H20N2O3
F6541-4903,C14H21N3O3
F6554-8334,C13H14FNOS2
F6244-1485,C17H23N3O
F6363-0627,C15H21N5O
F5860-3542,C14H14N2O3S
F6709-3933,C17H16N4O
F6356-0277,C14H17NO4S
F2368-0386,C16H15N3O3
F3225-5885,C16H17N3OS
F6489-1521,C14H15N5O3
F6554-8357,C17H21NO2S
F0600-1378,C14H14N2O4S
F2491-0096,C16H16N6O
F6564-5566,C17H22N6
F6619-5760,C18H24N4O
F6617-6952,C17H22N4O2
F2879-3991,C18H24N2O3
F6573-5311,C19H18N4O
F6754-7735,C15H20N4O2S
F2629-0126,C14H18N4O3S
F3308-1105,C15H14ClFN2OS
F6752-2970,C15H23N3O3S
F6441-7892,C10H21N3O5S2
F6178-3174,C17H20N4O3
F6108-0098,C15H20Cl2N2O2
F6482-5815,C21H21N3O
F6089-7173,C16H19N3O3S
F6619-3513,C16H26N6O2
F6515-1138,C19H16N2O4
F6515-1983,C19H19N3O3
F6806-7513,C17H24F2N4O
F6471-5931,C14H17ClN4O2S
F6774-4055,C14H14F3N5O2
F6125-0329,C19H22N2O2S
F6448-1329,C18H21N3O4
F6420-0288,C14H16ClNO3S2
F6475-6375,C17H18N2O4S
F6441-4545,C17H21N3O3S
F6675-7931,C19H20N6O
F6515-4580,C19H14N2OS2
F6471-1368,C17H25N3O3S
F6516-1231,C20H19NO3S
F6472-8711,C21H26N2O3
F6125-0496,C18H20N4O2S
F6390-2916,C18H18N2O2S2
F6452-2218,C21H29NO2S
F6787-1299,C17H23N5O2S
F6619-6682,C18H17N7S
F6553-0336,C17H19NO4S2
F6395-2506,C18H26N2O4S
F6481-3113,C17H18F2N2O3S
F6734-0197,C17H22F3N5O
F3334-2766,C19H18FN3O4
F6515-0401,C18H16ClN3O2S
F6171-0191,C20H26N2O3S
F6796-6824,C17H15F3N6O
F6556-1495,C20H31N3O2S
F2696-0913,C18H19F2N3O2S
F5003-0249,C17H28N6O2S
F5033-0905,C19H21F3N2OS
F6523-4615,C21H29N5O2
F2258-0520,C20H23N3O3S
F2605-0149,C19H18ClN3O2S
F6523-3605,C22H20N4O3
F6747-5891,C17H19BrN4S
F6064-8204,C20H17N5O4
F6523-0629,C21H24N6O2
F6411-1703,C20H18N4O5
F5823-0262,C21H25N5O3
F5033-7989,C21H20FN3O4
F6262-3326,C20H18ClN3O4
F6439-2046,C20H20FN3OS2
F6761-2909,C17H21N7O3S
F5614-0065,C19H27N5O3S
F6557-2020,C19H21ClN2O4S
F3225-0744,C21H22N4O3S
F5857-4038,C17H20BrNO4S
F5096-0439,C21H20F3N5O
F5857-2610,C21H17F3N2O4
F6660-0167,C17H16BrN3O3S
F3406-7886,C22H25N5O2S
F3407-4644,C23H24F2N4O2
F6245-3424,C24H23N5O3
F5614-0667,C23H24N6OS
F6257-3061,C22H25N7OS
F2204-0560,C23H26N4O5
F3386-5292,C16H15BrN2O4S2
F6474-8179,C17H18BrF2N3O4
F2411-0088,C19H17FN4O2S3
F3394-0846,C23H22ClN3O3S
F3411-1845,C23H22ClN5O2S
F0652-0022,C25H25N3O5S
