# All user editable compound information in the PCDL Manager compounds tab can be imported
# A minimum of formula or mass plus one identifier must be populated for compound import (recommended is formula and at least one other identifier, see examples)
# Multiple synonyms can be entered into the Synonyms column when separated by ';' (e.g. L-Isoleucine; 2-Amino-3-methylvaleric acid)
# All compounds will be assumed to be of a neutral ion type, unless a 1 is entered in the Cation or Anion column
Name,Formula
F6561-3841,C12H17N3OS
F3257-0249,C15H13ClN2
F2585-0196,C13H12N2O2S
F6190-0089,C15H21NO3
F2135-0795,C17H17NO2
F6572-1377,C12H12F3N3O
F6512-8875,C14H14N2O4
F6549-3540,C12H15N5OS
F6708-8366,C14H20N2O2S
F1852-0012,C15H17N5O
F6439-5423,C13H14N6O2
F5831-2219,C15H16N2O4
F6573-3126,C14H18N4O3
F1756-0423,C15H16FNO2S
F1913-0945,C14H21N3O4
F6430-0865,C16H19N5O
F5854-2267,C17H21N3O2
F6680-8912,C17H23N3O2
F6443-5871,C15H16N2O3S
F6658-4392,C17H18N6
F2543-0328,C17H15N3OS
F1736-0781,C18H17NO4
F6472-7357,C15H15N5OS
F6464-0716,C15H22ClNO2S
F6561-1992,C17H19NO3S
F5475-0100,C17H15ClFNO2
F2496-1154,C15H9F2NO3S
F6445-0103,C20H22N2O2
F6549-5639,C14H20N4O3S
F8890-1175,C17H14N2O3S
F5095-0884,C16H17N5O3
F3296-0051,C17H12ClNO4
F5832-0350,C18H22N2O2S
F2879-2056,C15H16N4O3S
F6482-3470,C19H19N5O
F6064-4671,C15H17N3O4S
F6619-5678,C17H19F3N4
F5854-0505,C21H27N3O
F6608-2920,C16H16ClF2N3O
F6471-1289,C14H20N4O4S
F6485-0109,C18H19N3O4
F6656-3115,C17H22N6O2
F0346-0596,C12H7BrCl2N2O
F6472-0925,C15H23NO4S2
F6442-1791,C18H22N2O3S
F6438-3801,C15H21N7O3
F6806-6858,C14H15ClF3N3O2
F6562-7029,C17H22N2O4S
F6617-4146,C17H12N4O3S
F3375-0887,C16H18F3N5O
F6493-0899,C18H17N3O3S
F5831-3404,C24H24N2O
F5644-0013,C21H18N4O2
F3385-5874,C21H16N2O4
F6471-3603,C18H19ClN2O2S
F6312-0269,C22H25N3O2
F6474-7213,C20H19N3O4
F6415-0192,C16H18BrNO4
F6211-0415,C19H20N4O4
F6357-1919,C17H17F3N2O2S
F6658-5653,C19H25N5O3
F6734-0720,C18H20ClN5O2
F5773-0203,C17H17N3O3S2
F5017-0769,C20H28N2O3S
F6525-3113,C20H18N4O2S
F6660-0118,C20H21N5O3
F6414-6166,C21H19NO4S
F6523-0206,C17H21F3N6O
F6796-3215,C17H19F3N4OS
F6515-1178,C18H15BrN2O3
F5854-2164,C20H22ClN3O3
F6452-2605,C22H32N2O4
F1520-0875,C19H22N2O5S
F5822-0453,C23H25N3OS
F6489-1625,C17H19N3O6S
F6235-0020,C20H22N6O3
F6359-0608,C19H19F3N2O2S
F6445-0194,C22H27N3O4
F2871-0062,C24H21N3O3
F6456-0832,C23H23N5O2
F6159-0127,C20H18ClFN2O2S
F6761-7734,C16H21F3N4O3S
F6368-0206,C23H25ClN4O
F6529-0235,C17H18ClN3O3S2
F5620-0028,C20H23N5O3S
F5775-0087,C22H16F4N2O2
F6245-4083,C20H30N6O4
F2670-0360,C23H23N3O5
F3407-0663,C22H21ClN4O3
F2359-0606,C20H22ClN7O2
F6246-2906,C21H23FN4O3S
F3305-0110,C24H23N3O3S
F5528-1163,C23H24N4O3S
F6442-6883,C24H26FN3O2S
F6503-3892,C22H26N4O4S
F0478-0028,C26H24FN3O3
F2337-1580,C24H28N6OS
F3062-0126,C22H19ClN2O5S
F1602-0580,C26H22N4O3S
F3386-2830,C21H26N2O7S2
