# All user editable compound information in the PCDL Manager compounds tab can be imported
# A minimum of formula or mass plus one identifier must be populated for compound import (recommended is formula and at least one other identifier, see examples)
# Multiple synonyms can be entered into the Synonyms column when separated by ';' (e.g. L-Isoleucine; 2-Amino-3-methylvaleric acid)
# All compounds will be assumed to be of a neutral ion type, unless a 1 is entered in the Cation or Anion column
Name,Formula
F6300-0134,C11H9ClN2O3
F6608-0097,C14H16N4O
F5067-0181,C14H16N2O3
F6663-5611,C14H11F3N2
F0537-0396,C15H12N2OS
F5490-1303,C14H17N5O
F6543-0011,C13H20F2N2O2
F6681-3382,C14H19N3O3
F5865-0391,C12H9Cl2N3O
F6808-8412,C12H17BrN2O
F6284-0352,C15H18N4O2
F6451-3213,C16H20N2O3
F0017-1156,C18H30N2O
F6246-0825,C16H15N5O
F6556-9026,C13H16N2O2S2
F0001-2421,C17H14O3S
F3374-0404,C14H9ClN4O2
F3320-0884,C16H15ClN2O2
F3412-0062,C18H16N4O
F5467-0007,C15H17NO2S2
F6549-5206,C13H19N5O2S
F6359-1861,C16H17N5O2
F6723-0958,C16H19N5S
F6612-0006,C15H17N5O3
F6230-0033,C18H15N5O
F6204-0480,C17H18FNO2S
F6436-3256,C16H19NO2S2
F5475-0108,C16H12Cl2FNO
F6186-1352,C16H24N2O3S
F6286-1120,C14H13F3N4O2
F5940-0357,C18H21N3O3
F6436-0430,C13H19N3O3S2
F6619-6472,C19H18N6
F6808-5840,C17H15F3N4
F3368-0012,C21H35NO2
F6805-9119,C17H19ClFN3O
F6753-2640,C16H24N4O4
F0682-0877,C16H11FN6S
F6442-1852,C16H21NO5S
F5674-0052,C18H20N4OS
F3099-7073,C20H23NO4
F6747-5426,C11H14BrN5OS
F1813-0725,C17H16N2O4S
F6515-1264,C19H15N5O2
F6495-4280,C19H18N6O
F6656-3883,C19H29N3O3
F6562-8812,C18H15N5OS
F5560-0147,C15H22N6O2S
F6515-4639,C20H17FN2OS
F6493-1206,C19H23N5O2
F6675-8379,C18H18ClN5O
F6184-0773,C16H17F2NO2S2
F6436-1540,C20H23FN2O3
F6782-5909,C21H17FN4O
F6089-6768,C16H18F4N2O3
F5834-0457,C20H16N2O3S
F6037-0588,C21H23N3OS
F6502-7470,C19H17N3O3S
F6726-4912,C18H21FN8
F6471-6655,C18H24Cl2N2O2
F6469-2958,C18H16N2O3S2
F6513-1261,C18H23N5O2S
F6443-3995,C22H17NO5
F3098-1851,C17H16BrNO4
F6057-0598,C17H22N4O4S
F6523-1108,C20H25N7O
F6727-8234,C19H19N5O2S
F6556-8950,C16H14ClNO2S3
F6250-0148,C21H24N2O3S
F2514-0243,C22H15ClN4O
F6570-2473,C23H21N3O3
F6452-1398,C17H18ClF2NO3S
F6561-7165,C18H17F3N6O
F6806-7550,C21H27F2N3O2
F1874-0975,C20H19N5O2S
F5016-0310,C23H30N4O2
F6438-3783,C16H21FN6O3S
F6416-9301,C17H19ClN2O5S
F2372-0468,C22H26FN3O3
F6681-8873,C17H19BrN6O
F6559-1792,C19H21ClN4O4
F5528-1260,C22H22N4O4
F1872-0593,C18H14Cl2FN3OS
F6680-2739,C19H17F4N3O3
F3406-4456,C18H15BrN4OS
F5882-6319,C25H24N2O4
F2633-0369,C23H18ClN3O3
F6441-3350,C24H39NO3S
F2444-0022,C22H24N4O5
F5614-0658,C25H25N5O2
F6125-1268,C25H26N4O3
F2790-0561,C21H28FN5O2S
F6149-0014,C23H28N6O3
F6411-5012,C18H15F3N4O4S
F1673-5176,C17H18BrNO4S2
F5570-0326,C17H13F3N2O5S2
F6609-1062,C24H20FN3O3S
F6617-3829,C22H25N3O4S2
F6617-2681,C28H29N3O4
F0561-0846,C25H29N3O5S
