# All user editable compound information in the PCDL Manager compounds tab can be imported
# A minimum of formula or mass plus one identifier must be populated for compound import (recommended is formula and at least one other identifier, see examples)
# Multiple synonyms can be entered into the Synonyms column when separated by ';' (e.g. L-Isoleucine; 2-Amino-3-methylvaleric acid)
# All compounds will be assumed to be of a neutral ion type, unless a 1 is entered in the Cation or Anion column
Name,Formula
F6539-3813,C12H15NO3S
F6360-9441,C14H15N3O2
F6492-0133,C13H15N3OS
F6754-8477,C12H12ClN3S
F6616-3170,C10H12BrN3O
F6543-8899,C15H16N2OS
F6789-0087,C14H17N3OS
F3375-1261,C17H14N2O2
F6725-1298,C14H15N7
F6555-0556,C14H16N6O
F6725-1620,C12H10ClN7
F0405-2686,C16H16ClNO2
F6677-1162,C13H17N5OS
F6617-2060,C14H15ClN2O3
F5228-2270,C16H16N4O2
F2879-0109,C17H18N2O3
F6476-0338,C17H17FN2O2
F6222-0026,C15H18N4O3
F6435-5803,C12H16ClNO2S2
F6445-0096,C18H17N3O2
F3284-8524,C15H10N4S2
F6274-0686,C15H12N4O2S
F6793-8565,C12H12BrFN2S
F2158-0872,C18H25N3O2
F9994-6553,C17H23N3O3
F6678-8710,C17H17N7
F6353-6275,C14H19N5O2S
F6514-7597,C13H17N5O3S
F6200-1252,C15H16ClNO3S
F6288-0431,C17H18N4O3
F0804-1775,C17H13ClN2OS
F6178-4039,C18H20ClN3O
F6286-0042,C12H12F3N5OS
F6203-1451,C18H24N2O2S
F6477-5315,C17H14N6S
F6244-3040,C20H21N3O2
F3406-8615,C15H13F2N3O2S
F5882-0709,C18H18N4OS
F6559-0677,C16H17N7O2
F2009-0169,C17H20N6O2
F6473-3931,C14H15ClN2O4S
F6797-3116,C16H14FN5OS
F6561-1525,C20H16N4O2
F5323-0127,C18H23N3O2S
F6522-1160,C17H14ClNO3S
F5679-0076,C19H16N4OS
F6451-2358,C18H23NO4S
F6516-0133,C19H13NO4S
F6445-7602,C19H20N4O3
F6809-6746,C18H15FN4OS
F6555-0269,C18H21N5O3
F6805-5252,C15H18F3N5S
F6677-2914,C15H13ClF3N3O2
F0793-0136,C13H16BrNO4S
F6560-6054,C21H22N4O2
F6514-2230,C21H20N2O4
F6747-5485,C14H12BrClN4O
F6806-7022,C17H22FN3O3S
F6562-1874,C19H16FN3O2S
F5855-0764,C21H23FN2O3
F6445-6332,C18H20N4O3S
F6550-8089,C15H13F3N2O4S
F6503-4311,C20H23ClFN3O
F5857-2113,C19H23NO3S2
F6629-8749,C21H22N4O3
F2628-0047,C20H14F2N4O2
F3319-0437,C21H23N3O4
F6481-4056,C20H21N3OS2
F1664-0034,C21H28N4O3
F6478-3692,C19H19FN4O4
F6608-3881,C21H33N5O2
F5033-8111,C20H21ClFN3O2
F5236-0041,C21H22N6O2
F5652-2148,C20H16N4O3S
F6475-6466,C22H23N3O4
F6411-2022,C21H18ClN3O3
F5855-0260,C23H25FN2O3
F5069-0021,C20H19FN4O4
F3375-1384,C20H20N2O5S
F6559-0606,C20H18N8O2
F2031-0128,C22H24N6O2
F5687-0521,C17H18ClN5O3S
F6529-0722,C18H18F3N5O3
F6656-2780,C23H29N3O4
F6252-4688,C20H22N4O6
F6529-2583,C21H21Cl2N3O2
F6368-0407,C23H25N5O3
F2337-1028,C21H22N6O2S
F5834-0347,C25H19N3O4
F6556-4231,C22H24N2O5S
F6713-5006,C19H16F3N7O2
F6444-0522,C22H27ClN2O3S
F6556-1370,C20H27N3O4S2
F6259-0950,C21H24N6O3S
F3406-0041,C25H22FN5O2
F2334-0132,C20H23FN6O5
F1122-0915,C25H26N2O4S
F6279-0709,C26H31N5O3
F3398-3772,C26H23FN4O2S
F3411-7903,C27H26N4O3S
