# All user editable compound information in the PCDL Manager compounds tab can be imported
# A minimum of formula or mass plus one identifier must be populated for compound import (recommended is formula and at least one other identifier, see examples)
# Multiple synonyms can be entered into the Synonyms column when separated by ';' (e.g. L-Isoleucine; 2-Amino-3-methylvaleric acid)
# All compounds will be assumed to be of a neutral ion type, unless a 1 is entered in the Cation or Anion column
Name,Formula
F1917-9693,C13H13F3N2
F6546-1089,C15H18N2O2
F5103-0220,C13H14N2O2S
F6546-1701,C14H23N3O2
F6791-6525,C15H19N5
F6435-0326,C11H15NO3S2
F6677-2810,C13H13ClN4O
F5868-0131,C13H11F2N3O2
F6512-0882,C15H14N4O2
F2616-0029,C15H15N3O3
F6395-0061,C15H17N3O3
F6676-2789,C14H19N5S
F2015-1255,C17H12N2O3
F6808-7770,C16H20F2N2O
F2630-0045,C10H8BrN3OS
F5787-0183,C15H13N3S2
F6724-3115,C15H15N3S2
F6516-0579,C16H11F2NO3
F3401-0003,C15H19N3O4
F6555-6384,C15H11F3N2O2
F6556-7478,C18H18N2O3
F6507-9276,C15H21FN2O2S
F5834-0128,C17H18N2O4
F6443-1043,C17H20N2O2S
F6518-2296,C16H18N2O3S
F3393-0008,C15H11F3N4O
F6550-6757,C12H11BrN4O2
F6412-1406,C20H21NO3
F6441-5726,C16H23NO2S2
F6244-1446,C20H26N2O2
F6524-1215,C15H16N6OS
F6443-1617,C17H23N5O2
F6356-0685,C19H22ClNO2
F1637-0020,C16H13ClFN3O2
F5598-0145,C16H22N4O2S
F6475-1223,C16H14ClFN2O3
F6796-1580,C15H14F3N5O
F6573-1835,C17H18N6O2
F5343-0339,C21H25NO3
F6608-2774,C14H20BrN3O2
F0599-0138,C17H18N4O2S
F6775-2584,C14H16F3N5O2
F5033-2351,C18H21FN4O2
F0715-0151,C13H12Cl2N2OS2
F6478-5861,C17H18ClN3O3
F6438-3149,C15H20N6O2S
F5526-0549,C22H23NO3
F6471-8522,C16H21N3O4S
F9995-1802,C16H12BrN5
F6813-8180,C17H18F4N4
F3411-8414,C19H17ClN2O3
F6675-9558,C20H24FN3O2
F6709-0154,C19H22ClN3O2
F6286-0100,C17H14F3N5O
F1664-0002,C17H18ClN3O2S
F6783-6624,C20H24N6O
F3255-0037,C18H17F3N2O3
F5016-1414,C20H25N5O2
F6363-0678,C19H17F2N5O
F6481-4597,C15H21N3O2S3
F6805-5621,C20H25ClN4O
F6436-0039,C19H22N2O4S
F6573-0453,C17H17ClN4O2S
F5777-0067,C22H20FN3O2
F6436-3890,C21H17NO2S2
F6400-1387,C19H28N2O2S2
F6609-4434,C20H15FN2O3S
F2070-0528,C19H21N5O4
F6411-0416,C19H19N3O4S
F6798-4311,C21H22N8
F6709-4343,C19H15F3N4O2
F6524-6248,C20H27N3O3S
F3385-5901,C22H17NO4S
F6246-2819,C18H24N4O4S
F3165-0044,C19H14ClF3N2O2
F6495-4176,C19H21N7OS
F1142-6626,C20H19N3O2S2
F6712-4063,C22H27FN4O2
F6798-5336,C21H25FN4O3
F0596-0016,C19H12F3N3O2S
F2947-0870,C20H21ClFN3O3
F6443-3486,C23H25N3O4
F6436-2160,C21H19BrN2O2
F6561-5428,C22H24N2O4S
F1872-0815,C20H18ClN3O3S
F5110-0141,C20H27N5O3S
F1673-3594,C21H25FN2O4S
F3382-4550,C19H22ClN3O4S
F5824-0088,C21H23BrN4O
F6443-9948,C18H18F3N3O4S
F2984-0168,C20H20N2O5S2
F5912-0070,C21H17ClF3N3O2
F6471-1175,C18H22ClF3N2O3S
F6279-0348,C22H23N3O3S2
F6497-2302,C22H22ClFN4O3
F2300-0066,C22H23F2N3O3S
F2742-0142,C23H20FN3O2S2
F3320-0263,C29H28N4O2
F3382-0130,C26H21F2N3O2S
F3411-4451,C26H27N5O5
