# All user editable compound information in the PCDL Manager compounds tab can be imported
# A minimum of formula or mass plus one identifier must be populated for compound import (recommended is formula and at least one other identifier, see examples)
# Multiple synonyms can be entered into the Synonyms column when separated by ';' (e.g. L-Isoleucine; 2-Amino-3-methylvaleric acid)
# All compounds will be assumed to be of a neutral ion type, unless a 1 is entered in the Cation or Anion column
Name,Formula
F2070-1307,C11H19N5O2
F6668-0573,C12H10N4OS
F2879-1581,C14H19N3O2
F6416-6672,C14H19NO2S
F6672-1454,C13H14F3N3
F6541-3897,C15H17FN4
F6708-8507,C18H17N3
F5831-6295,C14H22N4O2
F6471-7064,C13H12ClFN2O2
F6562-9203,C14H11N3O2S
F3097-5825,C17H18ClNO
F6451-3513,C14H15N3O4
F6142-0209,C17H17N5
F6415-0068,C14H18N2O5
F6675-6592,C17H17FN4
F5857-7169,C18H22N2O2
F6752-1027,C13H24N4O2S
F6619-7329,C15H22N6O
F5857-6279,C16H19NO3S
F1087-0002,C17H25NO4
F6681-3601,C14H13F3N4O
F5857-0860,C17H16N2O4
F6755-3185,C16H15FN4S
F5097-1226,C17H17ClN2O2
F0643-0178,C16H12F2N2O3
F6573-5361,C14H13BrN2O2
F6515-2352,C18H19N5O
F2167-1226,C17H22ClNO3
F6436-1677,C14H19N3O2S2
F2616-1141,C19H22N2O3
F2487-0110,C14H17FN2O4S
F5937-0184,C18H20FN3O2
F6489-0350,C17H18ClN3O2
F5857-5227,C19H28N2O3
F6438-3463,C15H19ClN6O
F6568-3417,C18H21N7
F6435-9096,C16H19NO5S
F6677-1244,C16H17F3N4O
F6359-2796,C19H21N3O3
F6110-1895,C20H28N4O
F5791-1756,C17H15FN4OS
F6774-4141,C16H17N5O2S
F6014-0012,C19H16N6O
F6436-2244,C20H24FNO3
F5083-0276,C17H12F3N3O2
F6806-6588,C16H20N4O3S
F6619-7210,C17H21ClFN5
F5835-0560,C19H17N3O2S
F0649-0077,C21H24N2O3
F6473-4049,C19H18N2O5
F6549-7124,C13H13BrN2O3S
F1899-1318,C19H23N3O2S
F6471-6199,C21H17N3OS
F6359-1467,C14H20ClN3O4S
F6556-8782,C17H14FNOS3
F5889-0207,C19H20N6O2
F6668-2858,C14H19BrN6O
F6524-3946,C19H21N5O3
F6262-1771,C18H16FN5O3
F3366-5236,C22H34N4O
F6523-3200,C20H21FN2O4
F6556-4542,C19H19ClN2O4
F1501-0014,C23H25N3O2
F6524-4275,C21H19N3O4
F3386-3596,C14H12Cl3NO3S
F6473-4091,C21H20N2O5
F6549-2697,C22H27N3O3
F6014-0074,C20H21N3O3S
F5286-0391,C20H16FNO4S
F6556-6410,C19H25F3N2OS
F0882-0511,C22H16N2O3S
F1880-0700,C18H23N5O3S
F5062-0117,C14H14BrN7O2
F6609-9643,C21H17FN4O3
F6617-6498,C22H24FN5O
F2873-0048,C21H21N3O3S
F6521-8102,C16H16ClN3O3S2
F5780-0050,C22H26N2O3S
F6252-1889,C20H21FN4O4
F6493-1236,C25H26N2O3
F5839-0273,C19H14F3N3O2S
F6252-1400,C21H18FN5O3
F6473-0607,C23H27N3O2S
F2602-0223,C20H21BrN4O
F3235-0983,C20H26N6O4
F5860-2458,C24H20FN3O3
F6727-4061,C17H15F3N8S
F6250-0196,C25H30N2O4
F3395-0572,C20H26F3N5O2
F3406-7678,C24H24N6O2
F6456-1092,C24H25N5OS
F2329-0046,C23H26N6O3
F6247-2106,C22H24FN7O2
F2722-0175,C20H13BrFN3O3
F0662-0936,C20H18BrFN4O2
F6529-2413,C19H18BrN3O3S
F1443-0976,C19H21BrN2O4S
F3406-5042,C23H21N5O6
F5565-0087,C20H15F3N6O3S
F5030-1113,C23H19F3N4O3S
