# All user editable compound information in the PCDL Manager compounds tab can be imported
# A minimum of formula or mass plus one identifier must be populated for compound import (recommended is formula and at least one other identifier, see examples)
# Multiple synonyms can be entered into the Synonyms column when separated by ';' (e.g. L-Isoleucine; 2-Amino-3-methylvaleric acid)
# All compounds will be assumed to be of a neutral ion type, unless a 1 is entered in the Cation or Anion column
Name,Formula
F6608-0475,C9H7ClF3NO2
F6756-1107,C11H16FN3OS
F6663-4423,C12H11F4NO
F6395-1805,C13H20N4O2
F6675-9231,C14H16N6
F5791-2240,C13H12N4OS
F5831-9793,C15H17NO2S
F6755-3673,C14H15ClN2O2
F5831-1893,C16H15N3O2
F6573-4869,C15H16N4O2
F0817-0010,C15H10ClNOS
F5882-4172,C12H13F2NO3S
F5857-0818,C14H17N3O2S
F0848-0240,C13H11BrO3
F2265-0510,C17H16N2O3
F6262-1733,C15H14N4O3
F0050-0037,C16H16N2O4
F1318-0203,C16H18N2O4
F6752-8035,C16H24N4O2
F6550-3023,C17H19ClFNO
F6190-0179,C20H23NO2
F6752-2296,C19H25N3O
F6597-2118,C18H23N3O2
F6524-1724,C16H21N5O2
F6755-3225,C17H23N3OS
F6495-1972,C18H17N5O
F6414-2049,C15H19N3O3S
F2590-1704,C14H17N3O4S
F2394-0076,C13H12BrNO2S
F6782-6955,C19H14N6
F5096-0118,C18H25N5O
F6556-7519,C17H19N3O2S
F6200-0101,C14H18ClNO2S2
F6488-1421,C16H20N4O4
F6381-6201,C18H14N4OS
F6773-4184,C17H17N7O
F6439-4826,C12H11F4N3O2S
F6476-3632,C19H18N2O2S
F6474-7203,C17H17N5O3
F6604-7120,C15H24N4O3S
F6713-1436,C19H27N5O
F6571-5714,C19H18ClNOS
F9994-0641,C18H20N2O3S
F5033-7639,C18H20FN3O3
F1916-7866,C17H26N6O2
F2784-1443,C17H17FN2O3S
F6482-5849,C20H19N3OS
F6516-0135,C14H10BrNO3S
F6553-1208,C20H20N2O4
F6550-8071,C15H15FN2O5S
F6597-2732,C17H20F3N3O2
F6525-1298,C17H16FN5OS
F6806-6579,C13H18BrN3O2S
F6502-2692,C22H24N4O
F6480-0731,C22H22N2O3
F2392-0665,C18H21FN2O3S
F6658-5777,C19H23N7O
F3167-0014,C20H18FN3O3
F6472-0946,C14H18F3NO3S2
F5596-0416,C19H22N4O4
F6573-4277,C19H20N2O4S
F6573-4970,C21H31N3O3
F6513-5349,C17H21N5O3S
F5676-0043,C18H20ClN3O2S
F3407-4684,C21H22N4O3
F2758-0325,C19H16N4O3S
F6252-4206,C20H20FN5O2
F6573-8610,C16H13F4N5O2
F6481-2735,C22H28N2O2S
F6353-6206,C20H22N2O4S
F1911-2928,C21H26FN3O3
F6445-0738,C22H19N3O2S
F5871-2351,C19H26N4O3S
F3329-0315,C19H13ClN6O2
F6037-0522,C23H24ClN3O
F6411-2723,C21H18ClN3OS
F6619-6168,C20H24N6OS
F2662-0021,C22H20F2N2OS
F3406-7037,C18H16N4O5S
F0666-0598,C24H19FN2O3
F2036-0376,C21H28N2O4S
F6523-3239,C17H15BrFN3O3
F6276-1857,C18H23N3O4S2
F5889-0519,C22H25N3O5
F6441-6710,C20H22N4O4S
F6481-0561,C18H18F3NO3S2
F6442-7215,C21H26FN3O3S
F1551-0039,C24H23ClN2O3
F6225-0502,C19H18F3N3O3S
F6564-5757,C18H19F3N4O3S
F6660-2097,C21H19ClFN3O4
F3379-0177,C20H18ClF3N6
F1684-0269,C23H23N3O2S2
F6441-4895,C20H28N2O5S2
F5833-4590,C22H25N3O5S
F3226-2800,C25H22N2O6
F3407-4701,C25H31N5O3
F0859-0006,C25H23N3O4S
F6089-8669,C18H23BrN2O2S3
F3382-1660,C21H16BrFN4O2S
