# All user editable compound information in the PCDL Manager compounds tab can be imported
# A minimum of formula or mass plus one identifier must be populated for compound import (recommended is formula and at least one other identifier, see examples)
# Multiple synonyms can be entered into the Synonyms column when separated by ';' (e.g. L-Isoleucine; 2-Amino-3-methylvaleric acid)
# All compounds will be assumed to be of a neutral ion type, unless a 1 is entered in the Cation or Anion column
Name,Formula
F2189-0321,C16H16N2O
F6666-7377,C12H13ClFNO2
F6515-2679,C14H20N4O
F6754-9742,C13H14F2N4
F6253-5778,C16H16N2O2
F0647-0204,C11H10Cl2N2S
F6360-9517,C13H13N3O2S
F2960-0034,C12H7ClN2O2S
F6574-0014,C14H11N5O2
F6262-1390,C13H12N6O2
F6747-5876,C16H22N4O
F6660-6546,C16H24N4O
F6226-0238,C15H17NO3S
F6571-2227,C16H23NO4
F2135-1541,C17H16N2OS
F6215-0212,C16H14N2O4
F6439-5455,C15H13FN4O2
F2274-0949,C18H14N4O
F2883-0004,C17H24N2OS
F3083-0325,C14H17N3O3S
F6753-3489,C15H23N3O2S
F1900-9644,C15H22FN3O3
F6496-1535,C16H19N5O2
F5596-0098,C17H21N3O3
F6401-0035,C18H23NO2S
F2348-0320,C19H17N3O2
F2775-0049,C16H20ClN3S
F6412-1918,C16H12F3NO3
F2199-0370,C15H24N4O4
F6246-4252,C17H18N4OS
F6571-2409,C15H25N3O5
F6442-1633,C15H20FNO4S
F1904-6362,C18H26N4O2
F6089-9755,C15H19F3N2O3
F6562-0291,C15H12F2N4OS
F6524-4318,C18H17N5O2
F6514-2937,C12H11BrF3NO2
F6788-8149,C12H17F3N4O2S
F6573-6951,C18H17N3O4
F6560-4868,C16H19F3N4O
F6492-0955,C18H23N5O2
F6516-0121,C18H17NO2S2
F6515-3731,C15H16N6O2S
F6192-0137,C22H19NO3
F5999-1220,C21H22N4O
F6415-1148,C17H14F2N2O2S
F5836-0046,C18H15N5O3
F6562-4220,C19H22N6O
F6094-0669,C19H17FN4O2
F3411-0874,C15H12ClFN2OS2
F6436-3663,C18H20F3NO3
F6287-0126,C18H19N3OS2
F6454-0639,C19H29F3N2O
F6619-2806,C18H24N4O2S
F1406-0156,C19H23FN2O2S
F5496-1747,C17H21ClN4OS
F6670-6045,C20H23N5O2
F6773-4246,C17H17N7OS
F2812-1636,C17H17Cl2NO2S
F2440-0107,C19H22N4O2S
F6519-6107,C18H17ClN4O3
F6747-6126,C22H23N5O
F6472-7383,C18H16F3N5O
F6482-7772,C18H14F3N3OS
F6482-6408,C22H22N2O4
F6519-7899,C19H16N4OS2
F6442-1151,C19H27NO3S2
F6480-5747,C16H18ClN3O4S
F6513-1609,C19H24N6OS
F6240-7648,C17H18N6O3S
F6529-2407,C20H25N3O5
F5773-4830,C21H15N3O5
F6439-2406,C22H22N4O3
F6488-0728,C17H14Cl2N4O3
F6660-4421,C19H24ClN3O4
F3398-2908,C19H14ClN5OS
F6261-1857,C21H24N4O2S
F6481-2799,C21H22N2O2S2
F6673-9082,C16H18Cl2N4O2S
F6445-7715,C21H17F3N2O3
F6752-4453,C19H24N4O4S
F6600-4586,C22H26N6O2
F6473-0626,C18H20FN3O3S2
F6359-1633,C25H21N3O3
F6523-4508,C20H23BrN4O
F2672-0365,C23H33FN4O2
F6562-1132,C22H21N5O2S
F5022-0173,C21H24Cl2N2O3
F6713-0184,C17H20BrN3O3S
F6252-4938,C20H17ClN4O3S
F6442-2802,C19H17ClF3NO3S
F6469-1361,C24H19FN2OS2
F2481-0803,C21H19N5O2S2
F6727-4067,C18H19F3N6O2S
F6245-1840,C18H20F3N5O3S
F2849-0183,C21H20F2N4O3S
F6041-0279,C25H27N3O3S
F3139-1654,C27H24O7
F3406-3136,C21H24BrN5O3
F3398-2681,C23H23N3O5S2
