# All user editable compound information in the PCDL Manager compounds tab can be imported
# A minimum of formula or mass plus one identifier must be populated for compound import (recommended is formula and at least one other identifier, see examples)
# Multiple synonyms can be entered into the Synonyms column when separated by ';' (e.g. L-Isoleucine; 2-Amino-3-methylvaleric acid)
# All compounds will be assumed to be of a neutral ion type, unless a 1 is entered in the Cation or Anion column
Name,Formula
F6448-0862,C12H17N3O3
F6435-5400,C11H16N2O3S
F6608-0756,C11H14F2N2OS
F6677-1239,C14H21N3O2
F6492-0153,C16H17N3O
F5285-0014,C13H13N5O2
F5791-2644,C13H14N4O3
F6543-1497,C13H16ClN5
F6549-1734,C13H20N4OS
F6550-3064,C18H21NO2
F6608-1325,C14H17F3N2O
F6363-0463,C14H16N4O3
F6549-9727,C16H22N2OS
F6525-2303,C12H15N5O2S
F3208-0003,C18H21N3O
F6813-7704,C15H19N7
F6594-2120,C16H21N5O
F6676-1413,C16H23N5O
F6564-7778,C14H16N4O2S
F6806-6751,C17H23FN2O2
F6764-3374,C16H15N5S
F6753-4303,C15H19ClFN3O
F6721-9906,C16H16ClN5
F6507-5447,C14H21NO5S
F6573-8975,C19H15N3O2
F0016-0081,C16H17NO4S
F6502-8956,C14H16BrN3O
F6730-4557,C19H22N4O
F6178-7487,C16H24N2OS2
F6125-3094,C14H18N2O3S2
F2593-0711,C18H18FN3O2
F6420-0257,C14H16FNO3S2
F6678-8402,C20H18N4O
F2879-5037,C14H15F3N2O4
F6436-1753,C17H23N3O4
F5857-1630,C17H21NO2S2
F6485-0017,C19H20N4O2
F6261-3239,C14H15BrN2OS
F5659-4711,C18H17N3O2S
F6415-0861,C19H20N2O2S
F6250-0268,C15H23N3O4S
F6752-2419,C18H25F3N2O
F6805-9857,C14H18BrClN2O
F0346-4516,C19H20ClNO3
F6573-6878,C20H18N4O2
F6549-3523,C20H21N5O
F5246-0096,C19H15N3O2S
F6525-0686,C17H17F3N4O
F6549-1615,C15H17ClN4O2S
F6753-3383,C15H23N5O3S
F6481-3774,C18H17N3O3S
F6788-2722,C19H28N6O
F6802-8061,C18H22N4O2S
F6502-0587,C18H15F3N4O
F6559-7982,C17H13F3N4O2
F6658-5776,C21H25N5O
F6507-5867,C17H23N3O4S
F6441-3976,C17H18ClNO4S
F6609-0201,C21H24N2O2S
F6374-5609,C16H22N2O4S2
F6474-7124,C21H29N3O3
F2746-0041,C17H19N5O5
F5869-0048,C18H12F3N3O3
F6514-2404,C22H24N4O2
F6473-4088,C19H17F3N2O3
F6562-0871,C22H22FN3O2
F6357-0806,C18H23NO4S2
F5330-0800,C21H26N4OS
F5671-0009,C19H20N4O3S
F5838-0047,C19H15ClN2O3S
F6363-0579,C18H21N5O3S
F6549-4136,C13H16BrN3O2S2
F6471-0798,C20H18N6OS
F6617-5949,C20H21N7O2
F5260-0386,C18H24BrN3O2
F6676-1205,C22H23FN4O2
F3263-0022,C18H24N2O4S2
F6438-1667,C18H31N5O3S
F5871-0667,C18H29N3O3S2
F0655-0720,C22H31N3O2S
F6752-7989,C18H21BrN4O2
F5332-0024,C20H23FN2O4S
F5981-0239,C22H24N4O4
F6443-4416,C19H16F3NO4S
F6445-7783,C25H23N3O3
F1621-0012,C20H24N4O2S2
F6557-0562,C16H18ClNO4S3
F6252-2905,C22H23N5O4
F2471-0804,C23H21FN2O5
F5005-0093,C22H25N3O4S
F5615-0322,C23H22N6OS
F5281-0597,C23H23N5O2S
F6734-0187,C21H23F3N4O3
F2881-0470,C27H25N3O3
F5251-0262,C21H26N6O3S
F6252-2367,C25H24FN5O2
F6438-3848,C23H28N8O2
F2393-0647,C23H26N2O4S2
F1604-0285,C25H30N2O5S
F2237-0404,C24H26N4O5S
