# All user editable compound information in the PCDL Manager compounds tab can be imported
# A minimum of formula or mass plus one identifier must be populated for compound import (recommended is formula and at least one other identifier, see examples)
# Multiple synonyms can be entered into the Synonyms column when separated by ';' (e.g. L-Isoleucine; 2-Amino-3-methylvaleric acid)
# All compounds will be assumed to be of a neutral ion type, unless a 1 is entered in the Cation or Anion column
Name,Formula
F1907-9021,C12H17FN4O
F6516-0721,C14H11NO4
F6676-1423,C16H24N2O
F6441-5564,C14H20N2OS
F6724-2082,C16H16N2O2
F6665-8891,C10H10F2N4OS
F0301-0170,C15H11F2NO2
F6808-1418,C11H10N4O3S
F6221-0168,C13H11N7O
F2784-0423,C16H16N2O3
F6482-3168,C16H22N4O
F2774-1290,C12H8BrN3O
F6390-2732,C15H17NO3S
F6753-2759,C15H23N3O3
F6441-5706,C14H20N2OS2
F2761-0136,C13H18N2O4S
F6312-0039,C15H16N4OS
F6549-2454,C15H18N4OS
F6619-5557,C19H20N4
F2496-1050,C16H15F2NO3
F6724-4780,C17H19N5O
F6729-7050,C17H21N5O
F6789-0168,C18H20FN3O
F5228-2112,C17H21N3O3
F6502-1007,C15H19N5O3
F5759-0407,C19H17N3O2
F6525-7492,C18H15N3O3
F6279-0678,C15H17NO5S
F2266-0240,C20H24N2O2
F6549-4764,C17H18N4OS
F5882-5607,C20H25NO3
F6521-1783,C15H23NO3S2
F0486-1733,C20H34N4
F6221-0156,C18H16N6O
F6425-0122,C14H9F3N6O
F6752-2051,C15H21N5O2S
F1423-1023,C15H13BrFNO2
F6609-8305,C22H14N2O2
F6529-0173,C15H21N3O4S
F6519-5211,C18H20N4O3
F6549-2219,C20H24FN3O
F6418-2518,C18H17NO2S2
F6617-5947,C16H16N4O5
F5857-1642,C19H23NO3S
F6389-1217,C21H22N4O
F6475-0427,C16H16N2O5S
F6240-4736,C17H20ClN3O3
F6523-1856,C19H22N6O
F5833-2204,C19H20N4OS
F6521-8232,C15H15ClN2O4S
F6491-1015,C18H18FN5O2
F6363-0045,C17H16ClN5O2
F3386-3664,C13H11BrFNO3S
F6796-3300,C20H20N6O
F6491-0592,C19H18N6O2
F6411-2776,C19H16N4O4
F6561-6192,C20H23N5O2
F6395-3856,C21H21NO3S
F6523-2615,C17H12ClN5OS
F6475-3889,C20H22N2O5
F6789-7878,C18H17FN4O2S
F6795-3487,C21H23N7
F6760-1801,C18H16F3N5O
F6804-4823,C16H20BrN5O
F3406-9302,C20H19FN6O
F6481-3247,C18H18F2N2OS2
F5596-0123,C21H20FN3O3
F5777-0034,C20H15ClFN3O2
F2880-2290,C20H24N4O4
F5461-2098,C19H19FN4O2S
F6805-5613,C20H26ClN5O
F6510-3918,C18H19N3O5S
F6656-4496,C22H22N4O3
F2373-1583,C18H14ClFN2O5
F6496-3500,C22H23N3O2S
F6559-0123,C17H18ClN3O4S
F5860-4312,C20H23F3N2O3
F6523-4262,C20H19ClN4O3
F2743-0649,C20H14ClFN2O4
F2784-1320,C20H22N2O5S
F3407-0167,C21H20N6O3
F0266-1446,C24H30N4O2
F6374-5594,C19H23NO5S2
F6571-0414,C22H25N3O3S
F3411-6091,C20H22N4O2S2
F3406-7624,C18H16BrN3O2S
F3139-0599,C23H21N3O5
F3406-8552,C22H19FN4O2S
F6475-4338,C18H20ClN3O5S
F6680-2672,C18H16ClF3N4O3
F6435-7090,C18H26BrNO4S
F0507-3611,C20H20ClFN4O2S
F2537-1484,C23H20FN3OS2
F6529-3721,C19H19F3N4O5
F6523-3929,C22H22FN3O4S
F6041-0487,C25H22N2O4S
F6043-1949,C21H28FN5O3S
F3398-4541,C23H29ClN4O4
F3411-7904,C25H23N5O3S
F0653-0588,C26H23N5O3S
