# All user editable compound information in the PCDL Manager compounds tab can be imported
# A minimum of formula or mass plus one identifier must be populated for compound import (recommended is formula and at least one other identifier, see examples)
# Multiple synonyms can be entered into the Synonyms column when separated by ';' (e.g. L-Isoleucine; 2-Amino-3-methylvaleric acid)
# All compounds will be assumed to be of a neutral ion type, unless a 1 is entered in the Cation or Anion column
Name,Formula
F6540-1126,C12H16N2O2S
F6789-0763,C15H20N4
F6713-5341,C12H16N6O
F6555-6304,C15H12N4O
F6142-0242,C12H11F3N4
F6806-8110,C16H21N3O
F6222-0100,C15H22N4O
F6808-6000,C18H19N3
F6357-1537,C12H15N3OS2
F6226-0210,C15H12N2O4
F6696-0233,C17H19FN2O
F6610-2844,C15H20N4O2
F3386-0735,C12H18ClNO3S
F1673-6537,C19H19NO2
F1800-0078,C13H16N2O4S
F3139-1542,C17H14O5
F6286-0016,C12H11F3N4O2
F6560-3157,C13H14N6OS
F6554-0801,C15H20N4OS
F6522-0228,C15H17NO4S
F6210-0813,C18H19N3O2
F6609-3237,C19H21NO3
F6436-2039,C17H19N3O3
F6436-2340,C16H20F3NO2
F6793-7043,C14H18F3N3O2
F6773-4699,C15H18ClN5O
F1174-3204,C15H19N3OS2
F6525-0134,C15H15Cl2N3O
F6550-6648,C18H20N4O2
F6516-1108,C18H18N2O2S
F6525-1764,C17H21N5O2
F6403-1839,C12H19N5O2S2
F6475-4892,C17H22N4O3
F6443-1400,C16H20N4O2S
F6246-1134,C15H12Cl2N4O
F5860-4140,C16H21N3O3S
F6752-0375,C18H28N2O2S
F6412-1876,C16H13F3N2O3
F6562-0969,C17H17N5OS
F6562-8297,C19H20N2O4
F6484-0161,C19H23N3O3
F5142-0173,C13H14FN3O3S2
F6521-4097,C18H17ClN2O3
F5833-5815,C18H17F2N3O2
F6514-7294,C17H22N4O4
F6507-9298,C14H18Cl2N2O2S
F6529-1737,C16H19N3O4S
F6792-2070,C16H18N10
F6515-2600,C15H20N4O4S
F5831-6665,C21H27N3O2
F0806-0337,C22H17N3O2
F6557-2048,C16H20ClNO4S
F6752-2450,C18H25F3N2O2
F6188-1008,C19H24N2O3S
F6515-1769,C20H18N4O3
F6525-6858,C19H16N4O2S
F6792-1340,C17H24FN5OS
F6284-0507,C20H18ClN3O2
F5831-8675,C21H28N4O2
F2262-0252,C20H22N2O3S
F6451-3124,C17H16ClF3N2O2
F6564-5518,C19H21F2N5O
F6442-2029,C16H25NO5S2
F1716-0180,C18H20BrNO3
F6752-6230,C16H19F5N4O
F3406-3989,C18H13BrN4O
F6252-1353,C20H19N3O5
F0745-0476,C18H13N3O3S2
F6475-7396,C20H24N4O2S
F6574-0104,C18H18N4O4S
F6275-0012,C19H24F3NO4
F6481-0931,C20H20ClNO3S
F6750-6351,C17H17F3N8
F6506-1189,C16H13BrN2O3S
F6454-0840,C16H22F3N3O3S
F6414-1317,C17H18BrNO3S
F5855-0332,C22H24N2O3S
F6444-1981,C17H19FN2O6S
F6246-4133,C21H29N5O3
F6559-7987,C20H19ClN2O5
F2548-0140,C23H20N2O5
F6796-7103,C20H22N8O2
F5256-0006,C18H17ClFN3O3S
F5041-0262,C20H21N5O3S
F6253-1094,C21H19ClN2O3S
F6475-4860,C22H28N2O6
F6178-5482,C21H20F3N3OS
F6469-1016,C21H18N4O2S2
F5250-0081,C25H24N6O
F6571-0836,C16H17BrN2O3S2
F6560-1507,C21H30N6O4
F6368-0297,C25H31N5O2
F6195-1994,C18H16FN3O5S2
F5142-0230,C18H24N4O3S3
F6525-6651,C19H20F3N3O2S2
F6444-6450,C20H23BrN4O3
F6495-4567,C22H20FN7OS
F6782-7920,C26H29N5O3
F6609-0126,C24H26ClFN4O3
F3411-2908,C27H24N4O3S
