# All user editable compound information in the PCDL Manager compounds tab can be imported
# A minimum of formula or mass plus one identifier must be populated for compound import (recommended is formula and at least one other identifier, see examples)
# Multiple synonyms can be entered into the Synonyms column when separated by ';' (e.g. L-Isoleucine; 2-Amino-3-methylvaleric acid)
# All compounds will be assumed to be of a neutral ion type, unless a 1 is entered in the Cation or Anion column
Name,Formula
F2183-0231,C14H12N4O
F1558-0119,C17H24N2
F2257-0183,C15H20N2O2
F6244-0172,C14H17ClN2O
F6172-0202,C13H17ClN2O2
F6789-0647,C16H21N3O
F0852-0104,C17H26N2O
F0050-0071,C16H23NO3
F2113-0652,C13H10F3N3O
F3385-4068,C17H13FO3
F6561-6893,C14H18N6O
F6791-8294,C14H20N6O
F5103-0390,C15H17NOS2
F1907-2300,C13H19N5O3
F6524-6276,C10H20N2O4S2
F6471-5319,C15H14N4OS
F6210-1088,C16H16N2O2S
F6677-3242,C14H15ClN6
F6517-0473,C16H20N2O4
F6036-1409,C15H15ClFN3O
F6244-3181,C18H19N3O2
F0638-0520,C18H21N3O2
F5831-8634,C14H23N3O3S
F3348-0683,C19H17N5
F5868-0038,C16H19N3O4
F5857-3810,C17H21NO3S
F6226-0184,C19H15NO4
F2889-0323,C15H14FNO4S
F6244-3339,C20H21FN2O
F3379-0791,C16H12F2N6
F6438-0043,C17H21N5O2
F6809-1164,C16H16ClN5O
F6452-0081,C19H23FN2O2
F6774-4211,C16H20N4O2S
F6125-0426,C16H15ClN2O2S
F6539-3266,C21H18FNO2
F6554-0636,C20H24N4O
F6482-8288,C18H15ClN4O
F6677-2514,C16H16F3N3O2
F5607-0173,C17H17FN6O
F6656-3230,C18H23N5O2
F6515-4659,C17H14ClN3OS
F6274-0682,C16H16N4O3S
F6549-2676,C18H20FN3OS
F6438-2924,C17H22N4O4
F6549-4891,C15H17BrN4O
F6036-1521,C16H19N3O4S
F6463-0619,C20H22N4O2
F6561-1247,C20H20N2O2S
F6556-1917,C21H27N3O2
F6709-5146,C19H18FN3O3
F6523-0298,C14H14F3N5OS
F6438-1062,C18H23FN6O
F6482-8083,C21H20N4O2
F6561-6407,C20H18N4O3
F6443-8015,C18H21ClN2O2S
F6475-1493,C21H23N3O3
F3407-1171,C20H15F2N3O2
F6178-4635,C22H32N4O
F6415-1157,C20H22N2O3S
F6471-1084,C16H21ClN2O4S
F6812-1547,C19H19N9
F0902-2233,C20H22ClNO4
F6374-3618,C17H19N3OS3
F6529-3338,C18H20F2N4O3
F0307-0848,C18H12N4O2S2
F5049-0285,C17H23N3O5S
F3382-2278,C19H14ClN3O2S
F6485-1447,C17H25FN4O3S
F6471-2643,C20H19FN2O3S
F6524-4327,C22H21N5O2
F5860-4878,C20H17F2NO3S
F6472-8114,C21H21F3N2O2
F6515-0806,C18H14Cl2N2O2S
F5570-1094,C18H23N3O5S
F6656-2675,C16H18BrN3O2S
F2267-0559,C19H28N2O3S2
F6252-1439,C20H13F3N4O2
F6443-8044,C15H17BrN2O2S2
F6443-5936,C20H19FN2O4S
F2417-0767,C20H24N2O5S
F6440-3047,C21H25F3N4O
F6360-7636,C18H14F3N3O3S
F5615-0025,C22H22FN3O2S
F6521-7557,C18H17F3N2O4S
F5911-0401,C23H24N6O2
F5655-1553,C23H21N3O3S
F6441-7873,C16H23FN2O6S2
F6525-5011,C27H28N4O
F2254-1145,C17H17ClN2O5S2
F3386-4950,C14H11BrClN3O4S
F3222-1691,C20H13ClF2N2O3S
F1016-0649,C22H16FN3O2S2
F3406-6946,C22H21ClN4O2S
F6557-1762,C22H22ClN3O3S
F5594-0395,C21H23ClN4OS2
F2465-0215,C23H23N5O3S
F2270-0388,C21H17ClN2O6S
F1038-0035,C28H28N2O5
F1759-0030,C24H28N4O5S
