# All user editable compound information in the PCDL Manager compounds tab can be imported
# A minimum of formula or mass plus one identifier must be populated for compound import (recommended is formula and at least one other identifier, see examples)
# Multiple synonyms can be entered into the Synonyms column when separated by ';' (e.g. L-Isoleucine; 2-Amino-3-methylvaleric acid)
# All compounds will be assumed to be of a neutral ion type, unless a 1 is entered in the Cation or Anion column
Name,Formula
F5857-6781,C12H16N2O2S
F6547-0244,C15H20N4
F6660-1287,C14H17FN4
F6665-6159,C15H12N4O
F6473-2042,C14H12N4O2
F6672-2276,C16H21N3O
F6752-5200,C15H22N4O
F2182-0074,C15H23N3S
F6554-9031,C13H15NO4S
F5835-0445,C12H16N2O4S
F6438-2469,C14H18N6O
F6525-6982,C15H20N4O2
F1773-0263,C15H14FNO2S
F6420-0573,C16H23NO2S
F6125-2784,C13H16N2O4S
F6574-0330,C15H11FN4O2
F6568-3433,C14H13ClN6
F1874-0456,C15H15FN4S
F6559-1401,C17H18F2N2O
F5103-0004,C15H17NO4S
F6525-4719,C18H19N3O2
F3386-2638,C16H25NO3S
F6562-8295,C17H19N3O3
F3097-4779,C18H21NO4
F0696-0918,C16H19N3O4
F3385-5748,C20H17NO3
F6438-2201,C14H16ClN5O2
F6724-4655,C13H14ClN5OS
F5871-4102,C15H24N4O2S
F2640-0118,C18H18N2O2S
F6562-2032,C17H21N5O2
F6287-0059,C17H16FN3OS
F6359-2830,C17H22N4O3
F5852-1376,C16H20N4O2S
F6482-3234,C14H15BrN4O
F6574-1461,C16H21N3O3S
F6597-0669,C20H24N4O
F0882-0428,C18H14N2O5
F6482-6096,C19H15F2N3O
F6726-4714,C17H17FN6O
F6813-8306,C17H20FN7
F6514-3122,C12H13F4NO4S
F6360-9192,C18H17ClN2O3
F2879-4834,C18H17F2N3O2
F6440-3425,C17H22N4O4
F2434-1534,C17H11ClF2N2O2
F6473-7391,C16H19N3O4S
F6439-2335,C20H22N4O2
F6445-0089,C20H17FN2O3
F6675-9689,C21H27N3O2
F5641-0006,C22H17N3O2
F6451-0761,C19H19NO2S2
F6414-0380,C20H26N2O4
F6400-1414,C19H24N2O3S
F5689-0072,C20H18N4O3
F2342-0215,C19H16N4O2S
F6713-0313,C19H22F3N3O
F6439-8135,C18H17N5O2S
F6656-3591,C21H28N4O2
F0582-0071,C20H22N2O3S
F2493-0687,C19H17ClN2O4
F6525-7338,C18H23N5O4
F6525-6090,C19H19F2N3OS
F6436-1842,C19H17ClFNO2S
F6562-2452,C21H19FN4O2
F6253-1976,C15H17BrN4OS
F6594-1382,C20H20ClN5O
F3083-0089,C16H19BrClN3O
F6525-6574,C20H24N4O2S
F6359-0612,C18H15F5N2O2
F6609-3748,C21H25NO6
F2343-0073,C18H19N3O3S2
F6619-7604,C17H17F3N8
F6471-3681,C15H13BrN4O2S
F6257-3278,C21H20ClN5O
F0630-1722,C17H15Cl2N3O2S
F6523-0521,C17H19F3N6O2
F6247-1051,C20H19ClN4OS
F6438-3708,C20H29N7O2
F5004-0100,C18H18N4O5S
F6400-1499,C18H23F3N2O3S
F2471-2039,C24H26N2O4
F6519-3912,C18H20ClN3O2S2
F6565-2671,C19H20F3N3O4
F6685-8911,C18H20ClFN2O4S
F3406-9529,C23H24N6O2
F6525-8233,C18H21F4N3O2S
F0344-1359,C20H17F3N2O3S
F5332-0216,C21H32N2O5S
F6476-1463,C17H15BrF2N2O2S
F5016-3318,C23H31FN4O3
F2743-0874,C19H13BrClFN2O2
F3406-6549,C19H17ClFN3O4S
F5624-0008,C19H22Cl2N4O4
F6510-2413,C18H22FN3O5S2
F6274-0241,C21H22N2O5S2
F6353-5741,C21H27N3O4S2
F2042-0033,C20H17BrN2O4S
F2213-0521,C24H23F3N4O3
F2504-0189,C25H26ClFN4O3
