# All user editable compound information in the PCDL Manager compounds tab can be imported
# A minimum of formula or mass plus one identifier must be populated for compound import (recommended is formula and at least one other identifier, see examples)
# Multiple synonyms can be entered into the Synonyms column when separated by ';' (e.g. L-Isoleucine; 2-Amino-3-methylvaleric acid)
# All compounds will be assumed to be of a neutral ion type, unless a 1 is entered in the Cation or Anion column
Name,Formula
F6818-1946,C14H15N5
F6657-1519,C11H12ClFN2S
F3145-3337,C15H19NO3
F5772-7262,C13H13F2N3O
F0906-0675,C16H15NO3
F6541-5551,C11H20N4O2S
F6211-0004,C13H17N5O2
F6507-8742,C15H22N2O3
F6553-7179,C11H11ClN4OS
F6822-4716,C12H13Cl2N3O
F6452-0246,C13H18FNO3S
F6245-0120,C12H14F3N3O2
F6473-7738,C16H21NO4
F6806-8348,C15H19ClN2O2
F6619-8019,C15H16N6O
F6573-6342,C15H20F2N2O2
F2879-5221,C16H20N4O2
F6773-4815,C16H22N4O2
F6561-7816,C15H16FN3OS
F6284-0584,C19H21N3O
F6473-4386,C14H18N2O4S
F6246-1740,C16H16N4OS
F6573-1841,C14H14N6OS
F6508-0638,C16H16N2O3S
F3329-0227,C16H10N6S
F6191-0480,C18H29N3O2
F5303-0021,C16H23N3O2S
F6125-1100,C18H17N3O3
F6494-1103,C17H15N3O2S
F6725-1159,C18H22N4S
F6521-4172,C17H16N2O3S
F6438-2453,C16H19N5O3
F6204-0513,C18H21NOS2
F6381-3588,C22H24N2O
F3385-1752,C21H18O4
F6497-0693,C17H25N3O4
F6562-8300,C17H14F3NO3
F6482-1840,C16H22N2O4S
F6549-2134,C19H21N3O3
F6257-1566,C18H24N6O
F6520-0477,C18H18N2OS2
F6738-0954,C18H18ClN3O2
F6475-1231,C18H20N2O5
F6473-3858,C18H23N3O4
F2496-0055,C18H12F3NO3
F6469-1740,C19H16N4O3
F5823-0740,C17H23N3O3S
F6680-3203,C14H17N5O4S
F3156-0022,C19H23F3N2O
F6573-5652,C18H18N4O2S
F6619-4917,C18H25N7O
F2271-0321,C19H23N3O2S
F6619-5799,C16H17N5O3S
F6506-0729,C18H16FNO4S
F6473-6279,C16H14BrNO4
F6444-6357,C19H20N6O2
F5871-1550,C15H15ClF4N2O2
F6451-1231,C22H22FNO3
F6524-6229,C16H23N3O3S2
F6796-3464,C19H26N6O2
F6685-9075,C18H21ClN6O
F3358-0272,C19H14N6OS
F6479-4489,C18H25N5O4
F6562-2573,C19H18F3N3O2
F6792-2816,C20H26N8
F5871-3321,C20H20N4O2S
F2372-0128,C22H27N3O3
F5791-0997,C20H21N3O3S
F6747-6611,C17H15N5O2S2
F6512-5375,C16H26N4O5S
F6443-1195,C19H21BrN2O2
F6559-0624,C21H19N5O3
F2397-0209,C16H14BrN3O2S
F5529-0161,C19H21FN2O4S
F6242-0562,C20H23N7O2
F2189-0192,C21H21N3O3S
F6564-8761,C15H16BrN3O3S
F6241-0343,C25H22N2O3
F6523-0382,C16H19F3N6O3
F5266-0212,C21H24F2N4O2
F3256-0709,C18H19N3O2S3
F6249-0349,C22H21N3O3S
F6560-1252,C21H23N5O4
F6502-0451,C17H15F3N4O3S
F6257-3555,C22H22N8O
F6443-9816,C20H18F3N5O2
F2960-0102,C20H21ClN2O4S
F6245-5001,C22H26N6O3
F1700-0029,C23H27N3O5
F5266-0453,C22H25FN4O4
F6559-0490,C24H22FN5O2
F3406-5923,C21H30N4O4S
F5782-0239,C23H27N5O2S
F6442-6884,C25H29FN2O4
F2696-0722,C20H17BrN2O3S
F2738-1405,C18H11BrFN3OS2
F6548-2163,C24H26FN5O3
F0590-0042,C24H21N3O3S2
F3382-5463,C19H17BrN4O2S2
F3083-0081,C18H22BrClN4O3S
