# All user editable compound information in the PCDL Manager compounds tab can be imported
# A minimum of formula or mass plus one identifier must be populated for compound import (recommended is formula and at least one other identifier, see examples)
# Multiple synonyms can be entered into the Synonyms column when separated by ';' (e.g. L-Isoleucine; 2-Amino-3-methylvaleric acid)
# All compounds will be assumed to be of a neutral ion type, unless a 1 is entered in the Cation or Anion column
Name,Formula
F3308-0948,C12H11FN2OS
F1957-0156,C10H14BrN3
F6661-7224,C11H14FNO3S
F1915-6821,C14H18N2O3
F5735-0044,C16H14N2O2
F6844-0878,C14H14N4S
F6561-9362,C13H15N5O2
F3349-0244,C18H16N2O
F6739-6810,C17H17N3O
F6676-2820,C17H22N4
F6549-6665,C15H19N5O
F2879-3982,C16H21N3O2
F6438-2576,C15H23N5O
F2414-0075,C18H16N2O2
F6512-9222,C13H14ClN3O3
F6356-0637,C15H14F3NO2
F6442-1595,C14H18FNO3S
F6660-3200,C12H19N3O4S
F6549-2396,C13H16F3N3O2
F2487-0061,C11H12Cl2N2O2S
F2822-0031,C17H16N4O2
F1911-3042,C14H22N4O4
F2031-0932,C16H20N6O
F8890-7639,C17H22N4O2
F6452-0481,C18H21FN2O2
F6556-7492,C20H18N2O2
F6726-4839,C13H16F4N4O
F2434-0020,C18H14N2O4
F6190-0193,C21H25NO2
F6244-2603,C18H19N3O3
F6574-1703,C15H13N5O2S
F6473-4022,C18H20N2O4
F3406-8154,C16H12ClFN4O
F6619-7294,C15H21N7S
F6561-1354,C19H15N3O3
F6518-6063,C20H22N4O
F6764-3259,C18H16N4OS
F6435-7333,C14H27NO4S2
F6554-0254,C19H22N4O2
F6524-5870,C14H11F3N4OS
F5860-2549,C17H15F4NO2
F6490-0848,C14H22N4O4S
F6670-5231,C17H18FN5O2
F6442-6093,C21H32N2O2
F2825-0011,C19H14N4OS
F6562-5273,C20H17N3O3
F6483-0311,C20H20N4O2
F6523-2802,C13H11BrN4O3
F6597-2612,C18H20F3N3O
F5866-0390,C19H16ClN3O2
F5017-0337,C18H27FN2O2S
F6554-4272,C16H21FN2O4S
F6515-0618,C18H15FN2OS2
F6312-0068,C21H21N5O
F3347-0148,C19H23NO6
F6562-1812,C18H16F3N3O2
F6525-7803,C16H16ClN3O3S
F6775-2559,C20H22N4OS
F0060-0012,C19H16N2O4S
F5097-2721,C20H23N3O4
F5854-5748,C18H20F3NO2S
F6190-2125,C18H16BrNO3
F6725-1181,C22H22N4S
F6549-7814,C17H20N4O4S
F6606-1330,C21H23N5O2
F6755-1875,C17H16F3N5S
F6523-1714,C21H24N4O3
F6523-2905,C18H18N6O2S
F6506-5002,C23H26FNO3
F6262-2257,C23H19N3O3
F5027-0688,C18H14ClF4NO2
F6523-4566,C20H22ClFN4O
F5836-0105,C16H11BrN2O3S
F6764-4112,C21H18ClN5O
F6764-4080,C22H24N4O3
F6249-1129,C19H17F3N2O4
F6560-0260,C22H25N3O4
F6469-1688,C23H16FN5O
F6471-8740,C17H19ClFN3O3S
F3382-8273,C19H16ClN3O5
F6443-9966,C16H20F3N5O2S
F6617-2944,C24H19N7
F6668-2870,C17H21BrN4OS
F6443-5652,C22H22N2O4S
F2075-1011,C21H28N6O3
F6673-9024,C17H26ClN5O3S
F6236-0161,C18H19ClN6O2S
F5754-0713,C24H28N4O3
F6548-4527,C23H25N3O3S
F5939-2671,C23H26N2O4S
F6286-0553,C23H22F3N3O2
F6481-2863,C22H28N2O3S2
F6372-0560,C21H21N7O4
F5331-0174,C23H26N4O3S
F5088-3086,C24H23N7O2
F6670-5480,C26H28N4O3
F2090-1225,C23H25N7O3
F6609-0094,C24H27FN4O4
F5120-0350,C24H26N4O4S
F1412-0009,C23H18BrN3O4
