# All user editable compound information in the PCDL Manager compounds tab can be imported
# A minimum of formula or mass plus one identifier must be populated for compound import (recommended is formula and at least one other identifier, see examples)
# Multiple synonyms can be entered into the Synonyms column when separated by ';' (e.g. L-Isoleucine; 2-Amino-3-methylvaleric acid)
# All compounds will be assumed to be of a neutral ion type, unless a 1 is entered in the Cation or Anion column
Name,Formula
F6125-2609,C9H18N2O4S
F9995-2552,C12H17NO3S
F2879-2839,C13H13N3O3
F6190-0083,C15H22N2O2
F6807-6966,C12H18N4O3
F6743-9760,C11H18N4O2S
F3207-0012,C16H19NO3
F3366-5782,C15H20N2O3
F1911-5811,C19H21NO
F6539-3095,C16H13NO2S
F6755-0686,C16H23N5
F6672-2294,C17H22FN3
F6573-8489,C13H11FN4O3
F6451-2460,C15H20N2O4
F6512-0806,C16H13N3O3
F6445-6277,C16H15N3O3
F5857-6545,C17H17NO4
F5854-3812,C16H19N3OS
F6438-3236,C14H17N5O3
F6036-1505,C13H14N4O3S
F6491-2020,C14H20N4O4
F6512-0870,C12H7Cl2N3OS
F5882-2953,C15H28N4O3
F6438-2899,C16H22N6O
F6489-2004,C17H24N4O2
F5882-7730,C16H22N4OS
F6223-0017,C15H20N4O2S
F6507-8763,C16H16F2N2O3
F1591-0182,C14H16N2O3S2
F6745-1703,C17H19N5O2
F6435-3309,C18H17NO3S
F6564-8061,C17H20N4O3
F6571-5685,C17H18N2O3S
F6619-7273,C15H21N7O2
F6156-0627,C18H17F2NO3
F6724-4978,C13H10BrN3OS
F6561-1415,C19H16N2O4
F6573-7027,C19H19N3O3
F6683-1693,C21H26N2O2
F0317-0211,C16H15F3N2OS
F6801-3376,C16H15F4N3O
F6573-5607,C19H22N2O2S
F6473-9218,C18H21N3O4
F3232-0037,C13H16ClN3O2S2
F6473-7557,C17H18N2O4S
F6353-5749,C17H21N3O3S
F6503-2376,C19H20N6O
F6473-0564,C17H16ClFN2OS
F5958-0093,C17H25N3O3S
F6805-7875,C15H14F3N5O2
F6554-0943,C20H26N4O2
F6436-3032,C17H19F3N2O3
F6514-7418,C14H19ClN4O3S
F6747-6231,C20H26FN3O2
F2617-1117,C23H23NO3
F6374-5441,C19H22FNO3S
F6247-0457,C18H17ClFNO4
F6619-4028,C19H22N6S
F6439-8139,C19H17ClN4O2
F6564-3304,C19H23N5O3
F3371-0819,C19H21N3O3S
F6024-0471,C17H15N3O5S
F6184-0902,C20H26N2O3S
F2442-0061,C18H21ClN4O3
F6473-3952,C11H11BrN2O4S2
F5004-0115,C17H21N3O5S
F6796-6928,C21H25FN6
F6474-3405,C21H22N2O3S
F6274-0709,C15H10Cl2N2O2S2
F6524-1015,C22H19N5O2
F3375-2769,C20H18ClNO5
F6479-3043,C21H25ClN2O3
F6473-7279,C18H19BrN2O3
F5599-0036,C17H21N5O4S
F6594-1125,C20H24N8O
F6438-3763,C17H20ClFN6O2
F6806-6833,C20H27F2N3O3
F5461-1589,C21H23N3O3S
F6442-0326,C20H18FN3O3S
F6192-0686,C24H19NO3S
F5033-7724,C21H23ClFN3O2
F2392-0374,C24H27N3OS
F3309-0376,C21H17ClN4O3
F0473-0383,C22H22N2O6
F6764-3545,C18H16BrN5O2
F6475-5299,C22H26ClN3O3
F6523-0491,C20H17F3N4O3
F6517-2753,C20H20ClNO3S2
F6476-3871,C23H25N3O5
F3289-0977,C21H26N6O4
F6497-0907,C23H23N7O2
F6512-7030,C21H28N4O4S
F6564-5467,C22H25N7O3
F6442-7155,C24H27FN4O3
F6442-2732,C18H19ClN2O5S2
F6519-3968,C18H18F3N3O3S2
F0526-0712,C21H21ClN2O3S2
F2880-3284,C24H23ClFN3O3
F3382-6217,C24H23ClFN5O2
F3406-5868,C22H30ClN5O3S
