# All user editable compound information in the PCDL Manager compounds tab can be imported
# A minimum of formula or mass plus one identifier must be populated for compound import (recommended is formula and at least one other identifier, see examples)
# Multiple synonyms can be entered into the Synonyms column when separated by ';' (e.g. L-Isoleucine; 2-Amino-3-methylvaleric acid)
# All compounds will be assumed to be of a neutral ion type, unless a 1 is entered in the Cation or Anion column
Name,Formula
F1957-0558,C10H9BrN2O
F6543-8733,C12H20N2O2S
F6790-0266,C12H15F3N2O
F6660-4375,C13H13ClN2O2
F0015-0392,C12H13ClN2OS
F6616-6323,C15H17N3O2
F2183-0492,C14H18N4O2
F1967-3057,C15H19NO4
F6743-8131,C14H24N4O2
F1016-0434,C11H9ClN2OS2
F6064-0080,C15H18N4O2
F5857-0347,C16H20N2O3
F6725-0285,C16H26N4O
F5753-0025,C14H19N3O2S
F1913-7959,C13H17BrN2O
F6788-8805,C11H15BrN4O
F0454-0022,C14H9ClN4S
F2135-1565,C15H14N2O3S
F6436-0798,C16H20N2O2S
F2795-0458,C14H11ClFN3O2
F6211-0018,C16H15N5O2
F6513-5492,C16H17N5O2
F6416-5500,C18H19NO4
F6609-0173,C18H21NO2S
F6472-0563,C16H19N3O2S
F5686-0421,C15H17N3O3S
F6507-5466,C13H20ClNO4S
F6730-4757,C13H11BrFN3O
F1558-0166,C19H20N2O3
F6617-6594,C14H16ClFN4O2
F6753-4282,C16H20F3N3O
F3382-0665,C16H15N3O3S
F6444-2345,C18H22N2O4
F6178-6475,C17H20N2O3S
F6089-9799,C17H27N5O2
F6539-3175,C20H17NO4
F6713-5249,C18H20N6O
F6708-9951,C15H16Cl2N4O
F6416-5542,C19H17NO5
F5772-5877,C18H20N4OS
F6446-0178,C19H23N3OS
F1061-0157,C16H10BrNO3
F6240-6952,C16H16N4OS2
F6156-0629,C19H20FNO2S
F6480-6188,C17H22N4O2S
F6556-5340,C19H29N3OS
F6560-3056,C18H15N5OS
F6562-2553,C18H18N6O2
F5860-2900,C18H16N4O2S
F6709-4822,C20H23N3O3
F3077-0939,C19H18FN3OS
F6452-0282,C16H17ClFNO3S
F6658-4741,C18H22N4O4
F5860-3711,C19H16N6O2
F5118-0164,C20H18N4OS
F6660-4245,C17H17ClN2O5
F3375-2985,C24H19N3O
F2368-0349,C19H14FN3O4
F6488-2684,C20H24N4O3
F6481-4068,C20H22N2OS2
F6562-7369,C15H17ClN2O5S
F6037-0033,C21H19N5O2
F0577-0290,C18H18FN3O3S
F1374-0015,C15H9BrClN3O2
F6562-7290,C17H22N4O4S
F6658-5595,C21H25N5O2
F6524-1099,C19H16FN5O3
F2262-0026,C23H30N2O3
F5854-0365,C22H19F3N2O
F6563-0399,C18H18N4O2S2
F6244-3084,C21H20F3N3O
F6240-6840,C18H16ClN3O3S
F6443-5163,C23H19FN2O3
F6617-4329,C22H25N5O2
F0651-0239,C22H20ClN3O2
F6526-1309,C21H26N6O2
F6209-0399,C21H21ClN4O2
F6390-3492,C18H20Cl2N2O2S
F6539-2209,C18H29N3O5S
F6805-3270,C16H18BrF3N4
F5834-0487,C23H20N2O3S
F6564-3046,C20H21F3N4O2
F0187-0310,C17H13Cl2N3O3S
F6726-0808,C20H18ClN5O3
F6436-1276,C23H31N3O4
F2238-0008,C19H24N6O3S
F6446-1567,C17H20F3N3O2S2
F6442-7051,C25H28FN3O2
F6495-2822,C21H21FN6O3
F6452-0463,C23H26FN3O4
F2617-0208,C26H26N2O4
F1805-0254,C20H27N5O4S
F5579-1275,C24H28N4O4
F2036-0167,C19H21ClN2O4S2
F6608-3980,C26H30N6O
F3407-0026,C25H31N7O
F3309-0665,C24H20ClN3O4
F2639-0210,C22H16F3N3O3S
F2575-0019,C26H25N5O2S
F3382-5283,C25H29N3O3S2
