# All user editable compound information in the PCDL Manager compounds tab can be imported
# A minimum of formula or mass plus one identifier must be populated for compound import (recommended is formula and at least one other identifier, see examples)
# Multiple synonyms can be entered into the Synonyms column when separated by ';' (e.g. L-Isoleucine; 2-Amino-3-methylvaleric acid)
# All compounds will be assumed to be of a neutral ion type, unless a 1 is entered in the Cation or Anion column
Name,Formula
F6521-4123,C12H13NO3S
F6793-6767,C13H19F2N3
F6677-2708,C15H18FN3
F6544-0443,C12H14ClN5
F6512-0489,C10H13N5O2S
F6542-6282,C12H14ClNO2S
F1115-0127,C14H11ClN2S
F6204-2704,C14H15NO3S
F6537-3105,C13H16N2O3S
F1217-0005,C17H17NO3
F6192-0027,C15H14N2O4
F6553-0596,C15H16N2O2S
F6523-1643,C14H18N4OS
F1358-0212,C14H12FNO3S
F1626-0005,C17H17N3O2
F6360-9522,C17H19N3O2
F5791-2627,C15H17N5O2
F6807-6934,C15H19N5O2
F6656-3795,C17H25N3O2
F6725-2257,C16H14N6O
F1107-0088,C15H10F3NO3
F6513-5977,C11H16F3N3O2S
F6573-8961,C16H15N3O2S
F1565-0183,C20H13NO3
F6246-3067,C8H14F3N5O3S
F6554-5253,C12H12BrF2NO2
F3325-0059,C17H24N2O4
F6478-3196,C18H18N4O2
F6471-5201,C17H16N4OS
F6786-5673,C18H23N5O
F6754-9197,C15H16F3N3O2
F6560-4332,C18H24N4O2
F6521-3665,C17H18N2O5
F5001-1817,C16H13ClN2O4
F6813-8153,C16H20FN5S
F1837-0148,C15H17N3O2S2
F6806-6578,C14H20N6O2S
F6604-8670,C17H19N7O
F6724-2157,C15H12F3N3OS
F6473-6247,C18H16N2O5
F6561-9481,C17H16FN5O2
F6446-0395,C18H22N4O3
F6438-2536,C18H22FN5O
F6418-0555,C18H16FNO3S
F5897-0169,C20H15FN4O
F6747-9531,C17H22ClN5O
F6520-1644,C17H13ClFNO2S
F6436-1493,C20H18N2O2S
F6110-1920,C19H27F2N3O
F6525-2187,C18H19N5OS
F6442-1777,C16H18FNO3S2
F6495-3926,C22H20N4O
F6799-8659,C16H18N6O2S
F6113-0457,C17H14F2N4OS
F0646-8698,C16H14N2O4S2
F2289-0074,C21H21N3O3
F2553-0346,C20H19N3O2S
F2356-0690,C21H26N4O2
F6400-0558,C18H25ClN2O2S
F2005-0315,C18H15ClN4OS
F6564-8271,C20H25N3O2S
F0556-0444,C20H20ClNO4
F6517-3745,C17H14BrNO4
F6494-1463,C18H19F3N6
F5557-0008,C20H15FN4OS
F5882-2643,C21H21N3O4
F0303-0102,C20H15NO5S
F6444-0477,C18H26N2O5S
F6041-0458,C20H20N2O2S2
F6495-4964,C18H23N7O3
F2744-1262,C20H16F3N3O2
F5097-0748,C24H24N2O3
F2816-0234,C22H18N2O3S
F5875-0198,C19H25N3O4S
F3371-0777,C21H13ClFN3O2
F6525-5330,C22H23ClN4O
F6374-0291,C18H21ClN2O2S2
F6247-1982,C20H23N5O4
F6433-0159,C19H21N5O3S
F2135-1559,C19H23N5O3S
F6479-4576,C21H29N3O3S
F6764-1600,C18H19ClN4O3S
F5033-5195,C23H24N2O3S
F6523-0225,C19H25F3N6O
F6517-1726,C22H23NO5S
F5857-3744,C18H16ClF3N2O4
F6525-8025,C20H21F3N6O
F6411-5712,C22H19N3O6
F6155-0695,C21H17FN4OS2
F6519-7590,C20H21N5O2S2
F5822-0018,C20H23BrN4O2
F0529-0154,C23H19N3O2S2
F3382-0587,C22H20N4O4S
F6682-6400,C20H20F3N3O3S
F6042-0756,C21H23ClN6OS
F6559-0281,C19H23N7O4S
F6043-0665,C21H28N4O3S2
F1804-0310,C18H17Cl2N3O3S2
F6548-1245,C23H20ClN3O4S
F1821-0028,C24H23N3O4S2
