# All user editable compound information in the PCDL Manager compounds tab can be imported
# A minimum of formula or mass plus one identifier must be populated for compound import (recommended is formula and at least one other identifier, see examples)
# Multiple synonyms can be entered into the Synonyms column when separated by ';' (e.g. L-Isoleucine; 2-Amino-3-methylvaleric acid)
# All compounds will be assumed to be of a neutral ion type, unless a 1 is entered in the Cation or Anion column
Name,Formula
F2106-0089,C15H10O4
F6614-1593,C12H16F2N2S
F6789-0108,C15H23N3O
F2150-0003,C14H19NO4
F2158-2269,C14H15N5O
F6744-5928,C15H20N4O
F6561-2660,C15H21N3O2
F3168-1726,C15H9N3OS
F5067-0089,C16H14N2O3
F2554-0213,C16H15NO2S
F6555-0363,C14H14FN5O
F6610-2819,C15H16FN3O2
F1562-0105,C18H29NO2
F6442-5782,C15H22N2O2S
F6443-7864,C17H20N4O
F6284-0356,C17H22N4O
F6436-1623,C10H8BrNOS2
F6716-8462,C14H14BrN3
F0550-0042,C15H19N3O2S
F5104-0069,C14H13ClN2O2S
F2513-0561,C13H18N4O3S
F2199-0441,C16H16N4O3
F6571-0199,C17H18N2O2S
F6125-2651,C14H15F3N2O3
F5882-6311,C17H13F3N2O
F5672-0096,C15H16N2O2S2
F2746-0102,C15H23N5O3
F6559-1054,C17H17N5O2
F0624-0079,C17H15N3O4
F6752-4150,C18H22N4O2
F6562-0057,C16H16N4O2S
F1405-0074,C20H19N5
F6481-3758,C18H21NO3S
F2758-0564,C15H12ClN3O2S
F6089-9862,C17H22N2O3S
F6471-7606,C14H13BrN2O3
F2752-0101,C18H15N3O4
F6515-1357,C18H18N4O3
F6680-3401,C18H21N5O2
F6171-0124,C15H16ClNO4S
F1849-0281,C18H18N2O3S
F6549-4856,C18H18FN3OS
F1175-0070,C22H20N2O2
F3412-0132,C20H27NO4
F6516-1160,C21H17NO2S
F6561-7759,C18H21FN2O2S
F6606-4966,C19H19N5O2
F6471-0557,C18H17N5OS
F6670-6199,C19H24N6O
F6673-9240,C18H19ClN6
F0698-0348,C18H16N2O2S2
F6529-2408,C19H23N3O4
F5833-6600,C18H21N3O3S
F6561-9343,C19H15N5OS
F6247-0245,C16H18BrN3O2
F6753-3477,C19H28N2O3S
F5854-0914,C20H18N2O3S
F1142-4568,C23H21N5
F6806-6793,C17H18F3N3O3
F1835-0443,C17H11ClFN5S
F5834-3166,C22H20N4O2
F1609-0382,C18H16F2N4O3
F5033-2628,C21H33N3O3
F6750-6295,C19H19N7S
F6571-5919,C18H18ClNO2S2
F6694-7642,C18H19F3N4O2
F2992-0131,C19H14N2OS3
F3406-6098,C19H21N5O2S
F6524-2250,C19H19N3O2S2
F5652-0007,C23H22N4O2
F5597-0065,C18H17FN4O3S
F6514-4030,C20H19N7O2
F6672-0773,C16H18BrN5O2
F6559-6839,C18H16F4N6
F0265-0972,C25H31NO3
F6513-5144,C20H21N5O2S
F1806-0093,C16H14F3N5S2
F6439-7266,C23H22N6O
F2711-1640,C20H24N4O5
F6557-0185,C14H14BrNO4S2
F1562-0159,C20H24BrNO3
F0594-0503,C19H25N3O5S
F6178-4515,C22H27N5O3
F6559-0127,C20H20N4O4S
F3398-1216,C17H11BrFN5S
F6727-4008,C18H18F3N9
F2875-0042,C22H20N4O3S
F3077-1183,C18H22BrN3O2S
F3406-3651,C17H16ClFN4O2S2
F6510-2807,C17H17Cl2N3O4S
F6559-2167,C19H28F3N5O3
F6442-1039,C17H16F3NO5S2
F6473-3975,C19H16Cl2N2O4S
F3243-0034,C21H20BrN3O3
F6436-2581,C22H25BrN2O3
F6277-0040,C20H16F3N5O2S
F3285-1124,C25H25FN2O3S
F0630-0489,C20H21BrN2O4S
F0682-0231,C25H25FN6OS
F0918-7030,C24H16ClN5O3S
