# All user editable compound information in the PCDL Manager compounds tab can be imported
# A minimum of formula or mass plus one identifier must be populated for compound import (recommended is formula and at least one other identifier, see examples)
# Multiple synonyms can be entered into the Synonyms column when separated by ';' (e.g. L-Isoleucine; 2-Amino-3-methylvaleric acid)
# All compounds will be assumed to be of a neutral ion type, unless a 1 is entered in the Cation or Anion column
Name,Formula
F6667-1878,C13H16FNO3
F6608-1044,C15H19N3O
F6215-0060,C13H15N3O3
F6451-0537,C13H15NO3S
F2182-0083,C12H16ClN3S
F6300-0166,C15H16N2O3
F5228-2332,C14H17N3O3
F6559-1477,C15H16F2N2O
F6808-6067,C16H19N5
F6482-3252,C16H20N4O
F6512-0837,C15H11F2N3O
F6445-1681,C11H19N3O2S2
F6441-5349,C16H21NO2S
F6506-2102,C14H18N2O3S
F6782-4070,C16H16N4O2
F6682-6575,C16H18N4O2
F1183-0091,C17H20N2O3
F5302-0053,C16H19FN4O
F6473-6323,C15H15NO4S
F6550-6728,C17H17N5O
F0674-0133,C17H14N2O2S
F3394-0476,C17H16N2O2S
F0612-0072,C13H18N2O3S2
F2773-0164,C15H12N2O4S
F1791-0441,C14H11BrN2S
F6573-2720,C17H22FN3O2
F6561-3584,C17H23NO3S
F3237-0069,C16H21NO4S
F6513-2374,C15H17Cl2N3O
F2662-0018,C19H22N2OS
F6609-4522,C17H16N2OS2
F5263-0628,C19H20FNO3
F0173-0134,C19H13N3O3
F6773-4818,C17H24N4OS
F3222-3731,C20H18N2OS
F6681-9738,C19H21N5O
F6390-2632,C17H17ClFNO3
F6200-3566,C19H18N2O4
F6559-3700,C15H19F2N5O2
F6443-7919,C19H24N4O2
F3216-0966,C18H15ClN2O3
F5860-0411,C17H17N3O3S
F6525-7361,C17H20N4O2S
F6438-0366,C17H20FN5O2
F6677-3666,C16H18BrN3O
F5001-2071,C20H16N2O4
F2260-0072,C20H19N3O3
F1897-0036,C19H14FN3OS
F6619-6374,C16H19F3N6
F6761-7727,C16H17F3N4S
F6787-0724,C19H22FN5O
F6685-9063,C18H20ClN5O
F6477-0421,C16H17N5OS2
F6796-0541,C15H16BrN5O
F6454-2669,C20H30N2O2S
F3225-1608,C20H20N4O3
F6808-5961,C18H15BrN4
F6549-7503,C19H21N5OS
F6360-8008,C17H15F4N3O2
F6656-3281,C20H26N4OS
F6473-6308,C19H20N2O6
F6171-0165,C18H18N2O3S2
F6471-0690,C21H21N5O2
F6245-0987,C18H23N3O2S2
F6619-7459,C19H22N8O
F6445-6874,C21H20N2O3S
F6448-1070,C20H23N5O3
F6676-0543,C18H17F4N3O2
F3375-1768,C19H16BrNO3
F6658-2444,C19H20ClFN6
F3406-4436,C18H14ClFN4OS
F5656-0057,C19H23N3O4S
F5607-0004,C22H26N6O
F6560-1432,C19H16N6O2S
F6523-0620,C21H23N5O3
F6473-6186,C22H18FNO5
F5882-6649,C22H28N4O3
F6240-7704,C19H19FN6O3
F6474-3201,C24H20N2O2S
F2758-0748,C23H22N4O3
F6413-1644,C17H12BrNO2S2
F5094-0117,C18H22ClN5O2S
F0535-0706,C21H22F3NO4
F3411-6148,C19H13FN4O2S2
F6523-2091,C24H22N4O3
F1379-0001,C21H23NO6S
F3118-0043,C18H17BrN2O3S
F3398-1061,C23H26N4O2S
F6726-4556,C22H24FN5OS
F6557-1579,C23H25FN2O3S
F5775-0117,C21H25N3O5S
F6808-5456,C19H26ClF3N4O2
F6609-6625,C23H24ClN5O2
F3406-9043,C22H25FN6OS
F6456-1028,C24H25N7O2
F5788-4474,C25H26N4O4
F2047-0079,C24H21NO4S2
F3168-1213,C25H23ClN4O3
F5834-3738,C23H20F3N3O3S
F3222-2033,C27H22FN3O3S
