# All user editable compound information in the PCDL Manager compounds tab can be imported
# A minimum of formula or mass plus one identifier must be populated for compound import (recommended is formula and at least one other identifier, see examples)
# Multiple synonyms can be entered into the Synonyms column when separated by ';' (e.g. L-Isoleucine; 2-Amino-3-methylvaleric acid)
# All compounds will be assumed to be of a neutral ion type, unless a 1 is entered in the Cation or Anion column
Name,Formula
F6252-8263,C11H11ClN4O
F6511-9287,C11H11ClFN3O
F1317-0051,C13H13N3OS
F6571-6142,C14H18N2O3
F5857-6789,C13H18N2O2S
F6660-6479,C15H14N2O3
F6555-0015,C13H15N5O2
F6548-2557,C15H17FN2O2
F2182-0057,C14H21N3OS
F6616-3158,C10H10BrN3S
F6222-0558,C15H19N5O
F6343-0078,C16H21N3O2
F6665-8531,C10H8F2N2O2S2
F2487-0124,C15H20N2O2S
F0430-0100,C16H13N3OS
F6221-0266,C15H12FN5O
F5773-2246,C14H13N5O3
F6356-1099,C17H19NO2S
F6036-1416,C15H17N3O4
F6675-9257,C11H11BrN6
F2275-0592,C17H16N4O2
F6562-7649,C19H22N2O2
F0037-0136,C19H24N2O2
F6514-2480,C17H22N4O2
F6810-2230,C15H20N6O2
F6244-2542,C17H22N2O2S
F6573-7379,C18H16N4O2
F0020-1034,C15H18N2O4S
F6244-0843,C20H25N3O
F5857-0449,C18H19N3O3
F6473-3824,C14H12F3N3O3
F6442-1803,C15H24N2O4S
F6685-3693,C13H13F3N4OS
F6549-3542,C16H21N5O3
F3098-1796,C18H20ClNO3
F6436-0568,C17H26N4OS
F6760-1508,C18H16N4OS
F6722-3175,C17H18F3N3O
F6515-2884,C19H22N4O2
F6471-2625,C15H17ClN2O3S
F6296-1326,C17H16ClN5O
F1768-0128,C22H18N2O2
F6676-2459,C19H22ClN3O
F3139-2478,C17H9Cl2NO3
F6774-4129,C16H15FN4O2S
F5882-5173,C17H21N3O3S
F6436-2753,C17H21FN4O3
F0359-0199,C16H15ClN2OS2
F2073-0357,C20H21N3O3
F6064-0768,C17H15N5O2S
F6523-0989,C18H22N6O2
F6445-0237,C21H16N4O2
F5950-0332,C17H15ClN4OS
F6811-1403,C18H25N5OS
F6568-0192,C20H19N5O2
F6372-0022,C20H17N3O4
F6813-8071,C15H17BrFN5
F6458-0209,C17H18N8O2
F6438-2077,C15H17ClN4O5
F6497-0656,C20H23N3O4
F5230-0327,C18H15F2N5O2
F6617-2755,C17H16BrN3O2
F5882-0549,C18H22N4O5
F2004-0112,C17H20N4O4S
F6502-2799,C20H23N7O
F6473-6488,C18H21NO6S
F2880-0870,C23H25FN2O2
F6360-7896,C17H17F3N4O3
F6658-5887,C20H25N5O3
F5788-1179,C20H20FN3O4
F6378-0266,C18H17N3O3S2
F6448-2090,C22H20N4O3
F3351-0324,C16H12BrFN4O2
F6204-0956,C23H21NO3S
F3407-5169,C22H24N4O3
F6473-1496,C19H23FN2O2S2
F5607-0124,C20H22FN7O
F6438-3363,C17H18F3N5O3
F6293-0320,C17H16F3N3O3S
F6681-8905,C18H20BrN5O
F2599-0032,C18H21N5O4S
F2495-1906,C20H27N3O4S
F6192-1407,C19H15F3N2O3S
F1142-1690,C24H18N4O3
F3395-0143,C21H31F3N4O
F3406-4347,C22H20F3N3O2
F5854-2558,C20H22N2O4S2
F5754-0186,C24H28N4O3
F6523-2118,C23H25N3O3S
F6525-4738,C22H26N4O3S
F5226-0106,C25H23N3O4
F6478-3765,C24H21FN4O3
F3225-4850,C23H25N5O2S
F6713-4934,C18H21F3N8O2
F6442-1206,C25H31NO4S
F2337-0469,C22H32N6O2S
F6617-2982,C27H25N7
F5028-0192,C15H13BrF3NO3S2
F1601-0028,C26H34N4O4
F0301-0267,C24H21N3O4S2
