# All user editable compound information in the PCDL Manager compounds tab can be imported
# A minimum of formula or mass plus one identifier must be populated for compound import (recommended is formula and at least one other identifier, see examples)
# Multiple synonyms can be entered into the Synonyms column when separated by ';' (e.g. L-Isoleucine; 2-Amino-3-methylvaleric acid)
# All compounds will be assumed to be of a neutral ion type, unless a 1 is entered in the Cation or Anion column
Name,Formula
F6608-0839,C11H11ClN2OS
F6660-1804,C13H11FN4O
F6793-5980,C16H20FNO
F6546-1684,C16H15N3O
F6178-1902,C12H19N3O2S
F6547-0021,C15H20N4O
F6541-3892,C14H18FN5
F6556-5567,C16H26N2O2
F6752-7892,C12H15ClN4O2
F2157-1641,C12H10F3N3O2
F6559-1447,C14H16F3NO2
F6519-5891,C13H15N5O3
F6708-8499,C19H21N3
F6724-2498,C18H18N2O2
F6184-0793,C15H24N2O2S
F6554-1035,C17H22N4O
F6752-3399,C15H28N2O2S
F6555-6314,C13H10BrN3O
F6793-6928,C13H18F3N3S
F2708-0034,C13H9ClN2O3S
F6530-5877,C16H14N4O3
F6502-9134,C14H15F3N4O
F3243-0327,C17H18N2O2S
F6125-0146,C15H16N4O2S
F6252-5410,C13H14N6O2S
F1787-0368,C14H13ClN4OS
F6814-2948,C17H21F2N3O
F3375-0866,C17H17N5O2
F6675-7720,C16H15N5OS
F6435-0645,C16H26N2O3S
F5097-0729,C18H17ClN2O2
F6549-5297,C18H23N3OS
F6257-2568,C16H18ClN5O
F2537-0644,C16H12ClNOS2
F6507-4025,C17H19FN2O4
F3368-0255,C20H33NO3
F6488-0139,C16H14F3N3O2
F6443-3415,C18H18N4O3
F6550-4673,C18H21N5O2
F5854-4524,C15H16ClNO2S2
F6481-3495,C18H18N2O3S
F6502-6545,C16H17N5O2S
F6448-0366,C17H20N4O4
F6549-2305,C22H23N3O
F6573-7642,C16H17N3O4S
F6515-3362,C16H20N4O3S
F6523-2876,C19H19N5O2
F6200-4090,C18H16F3NO3
F5791-1063,C20H24N4O2
F6814-3078,C16H20F2N4OS
F3358-0013,C15H11F3N2O3S
F6564-5540,C18H23N5OS
F6037-0478,C19H16F3N3O
F6562-6221,C16H24ClNO2S2
F6734-1286,C15H15BrFN5
F6381-4389,C22H24N2O3
F6438-0678,C16H19ClN4O2S
F1411-0278,C21H25N3OS
F6514-4138,C18H19N5O2S
F6445-6192,C16H14BrN5O
F6811-1581,C15H19F3N6O2
F6125-1937,C19H19FN2O3S
F6454-0932,C18H28F3N3O2
F6564-8673,C18H23N3O4S
F6204-0578,C17H18BrNO2S
F5870-0452,C18H24N2O5S
F6792-2860,C22H31N5O
F6788-9516,C19H21N5O2S
F2605-0249,C19H16FN3O3S
F6559-0252,C19H20F2N6O
F6524-5909,C14H15F3N6O2S
F6619-5912,C18H18F3N7
F0696-3101,C18H12ClF2N3O3
F6476-2888,C20H19F3N2O3
F2158-0382,C22H27N5O2
F3406-9297,C20H18FN5O3
F6416-7627,C18H17Cl2NO5
F6513-5089,C21H26N4O2S
F5040-0608,C22H20N6O2
F6731-1048,C20H27FN6O2
F2580-1842,C22H16ClN3O3
F5490-0131,C22H21N3O5
F2271-0505,C23H27N3O4
F1094-0298,C21H20N2O5S
F6497-2899,C22H30N4O2S
F6559-0684,C23H20FN5O2
F5882-5902,C20H19F3N4OS
F6672-1073,C18H19BrClN3O2
F6747-5459,C15H15BrN4O2S2
F6559-3741,C20H30F2N4O4
F6559-1262,C24H25N5O3
F2605-0280,C18H15BrClN3OS
F5016-2418,C25H31N3O4
F6557-0936,C20H21Cl2NO4S
F3406-7354,C20H17FN4O5S
F2580-0870,C21H19Cl2N3O4
F5315-0103,C20H25ClN4O4S
F3222-4376,C25H29N5O2S
F3385-0890,C27H24O8
F3398-3778,C27H28N4O3S
