# All user editable compound information in the PCDL Manager compounds tab can be imported
# A minimum of formula or mass plus one identifier must be populated for compound import (recommended is formula and at least one other identifier, see examples)
# Multiple synonyms can be entered into the Synonyms column when separated by ';' (e.g. L-Isoleucine; 2-Amino-3-methylvaleric acid)
# All compounds will be assumed to be of a neutral ion type, unless a 1 is entered in the Cation or Anion column
Name,Formula
F1907-2536,C12H8F2N2O2
F1915-2661,C12H8F3NS
F6543-4813,C14H13NO2S
F0349-0613,C14H18N2O3
F0917-7629,C16H14N2O2
F6789-0795,C14H14N4S
F1915-8725,C12H19NO6
F6523-2821,C13H16N4O3
F6512-0699,C17H17N3O
F6556-4969,C15H26N2OS
F6793-5284,C18H20FNO
F6677-1159,C16H21N3O2
F6676-2512,C16H23N3O2
F6573-4677,C18H16N2O2
F5285-0003,C12H8F3N5O
F5882-0911,C16H15N3OS
F6442-0007,C14H18FNO3S
F6125-2537,C12H19N3O4S
F6730-4489,C16H15F2N3O
F1190-0469,C14H11BrO3
F6675-7695,C17H16N4O2
F6672-0084,C18H19FN4
F6559-1560,C16H22F2N2O2
F6442-1429,C15H26N2O3S
F6015-0233,C21H20N2O
F0651-0240,C20H18N2O2
F6810-5864,C16H18ClFN4
F1301-0120,C18H14N2O4
F5860-1588,C21H25NO2
F2199-0388,C18H19N3O3
F6617-2735,C17H14ClN3O2
F5834-5129,C18H20N2O4
F6252-7783,C16H12ClFN4O
F6550-2984,C22H21NO2
F6515-1302,C19H15N3O3
F6454-0073,C20H22N4O
F6451-3103,C17H18ClFN2O2
F6734-2401,C18H19N5S
F6496-0897,C19H22N4O2
F6524-5764,C14H11F3N4OS
F0624-0020,C17H15N3O5
F6478-4304,C14H22N4O4S
F6523-2965,C17H18FN5O2
F6795-4729,C18H28N6O
F5791-1298,C19H14N4OS
F6555-6402,C20H17N3O3
F6678-9815,C20H20N4O2
F0174-0150,C15H11ClN2O2S2
F5860-1969,C18H20F3N3O
F6445-6605,C20H19NOS2
F3072-0059,C21H26N2OS
F6192-1461,C19H20N2O3S
F2357-0221,C18H12F2N2O2S
F2724-1745,C21H21N5O
F6452-0159,C20H24FNO2S
F6184-1249,C18H22ClN3OS
F6436-3928,C14H17F2NO4S2
F6446-1267,C20H22N4OS
F6508-0047,C19H16N2O4S
F2973-0067,C20H23N3O4
F6516-1731,C23H17NO4
F5002-0082,C17H12ClN3O3S
F6796-4332,C19H20F2N4O2
F6475-7891,C17H20N4O4S
F6480-6360,C21H23N5O2
F6390-3441,C19H22FNO2S2
F6178-4371,C21H24N4O3
F6764-1478,C20H19ClN4O2
F6539-2881,C18H29N3O4S
F6064-8325,C23H19N3O3
F6469-0638,C19H15ClFN3OS
F5190-0647,C20H24N2O4S
F5836-0128,C16H11BrN2O3S
F3250-0309,C21H18ClN5O
F6497-1096,C22H24N4O3
F6521-9222,C19H17F3N2O4
F3408-0075,C22H25N3O4
F6558-0321,C19H25Cl2N3O2
F6445-0550,C20H18ClN3O2S
F1595-0035,C21H15N5S2
F2565-0337,C21H17N5O4
F6178-5764,C23H23N3O4
F6413-3659,C21H16N2O3S2
F2794-0010,C22H22N2O4S
F6796-7309,C20H25FN8O
F3398-4844,C25H21NO5
F6525-2568,C20H20Cl2N4O2
F1677-0627,C22H32N2O4S
F6562-0714,C23H25N3O3S
F1142-4970,C23H26N2O4S
F2504-0303,C23H22F3N3O2
F5017-2788,C22H28N2O3S2
F6442-8797,C21H29N3O3S2
F6471-8861,C23H26N4O3S
F6548-1175,C23H27N3O6
F5621-0394,C26H28N4O3
F2902-0463,C23H25N7O3
F3406-3831,C27H26N4O3
F2052-0375,C22H30N2O5S2
F1243-0148,C18H15Br2N3O3
