# All user editable compound information in the PCDL Manager compounds tab can be imported
# A minimum of formula or mass plus one identifier must be populated for compound import (recommended is formula and at least one other identifier, see examples)
# Multiple synonyms can be entered into the Synonyms column when separated by ';' (e.g. L-Isoleucine; 2-Amino-3-methylvaleric acid)
# All compounds will be assumed to be of a neutral ion type, unless a 1 is entered in the Cation or Anion column
Name,Formula
F6754-5192,C9H8F5N3
F6395-0019,C14H15N3O2
F6541-4286,C13H15N3OS
F6435-1851,C11H8ClN3OS
F6471-6508,C15H28N2O2
F3342-0453,C11H16N2O4S
F6739-7742,C14H14FN3O2
F6541-3876,C13H15FN4S
F6473-2232,C15H15N5O
F6190-0922,C11H19F3N2O3
F6192-0029,C15H13NO3S
F1408-0225,C12H16FNO4S
F6230-0037,C16H13N5O
F6608-1307,C14H12F2N2OS
F6472-0612,C14H20N2O3S
F2792-0393,C14H14N6O2
F6802-6991,C12H20N4O3S
F6739-8081,C15H18N4O3
F6730-4742,C13H12BrN3O
F6562-8238,C18H17N3O2
F2978-0010,C12H11BrN2OS
F6720-2182,C14H11F3N2OS
F6454-2274,C19H27N3O
F6562-6072,C16H29NO3S
F6057-0487,C16H20FN5O
F2783-1076,C16H21N3O4
F6514-9280,C17H15N5O2
F6844-6026,C14H12F3N5O
F8890-1116,C14H15NO4S2
F0679-0215,C17H18N4O3
F1218-0392,C16H13BrN2O
F6727-7949,C19H15N5O
F6482-2458,C14H18ClNO4S
F5033-1261,C18H24N2O2S
F6249-0324,C16H18N2O4S
F6678-8494,C20H21N3O2
F6484-0264,C15H16ClN3O2S
F6244-2888,C20H19ClN2O
F6230-0248,C19H21N3OS
F6252-6526,C17H20N6O2
F3386-1286,C17H11ClN2O2S
F1902-0081,C18H17NO4S
F6556-0266,C15H24N2O3S2
F6411-0897,C18H23N3O2S
F6445-6110,C15H14BrN3O2
F6523-3326,C16H17ClN4O3
F6438-1809,C16H20ClN5O2
F0405-0458,C16H18BrNO3
F6594-1694,C17H19F3N4O
F5882-7106,C16H19FN2O2S2
F6604-1299,C17H21N7S
F3238-0131,C15H20FN3O4S
F6574-1627,C17H14FN3OS2
F6619-5355,C19H32N6O
F6549-5482,C21H22N4O2
F6559-7522,C15H15F3N8
F6712-3783,C21H27N5O
F3091-0062,C20H21N3O2S
F2674-0196,C19H16ClN3O3
F6806-6641,C16H26N4O4S
F6200-3855,C20H21ClN2O3
F6677-0456,C14H14BrF3N4
F3386-4666,C20H25NO4S
F6673-9011,C17H20ClN5OS
F6403-2539,C21H22N4O3
F6523-2399,C18H16N6O2S
F5532-0019,C21H23N3O4
F6478-4011,C17H19F2N3O3S
F6687-6895,C22H28N2O4
F6570-2628,C20H17F3N4O
F6751-9656,C20H29N5OS
F6514-4364,C18H20ClN5O3
F6445-3200,C21H22N6O2
F3382-6482,C18H12F4N4O2
F3351-0301,C22H23N3O4
F6451-2850,C19H22ClNO4S
F6564-5106,C21H24N4O4
F6478-3891,C18H18F4N4O2
F6497-2051,C19H20N4O2S2
F6502-7812,C23H22N4OS
F6225-0972,C20H28N4O3S
F3406-6261,C19H13N5O4S
F5072-5432,C21H20ClN5O2
F3291-0073,C20H25N7O3
F1743-0060,C24H22N4OS
F2019-1531,C20H20ClN3O3S
F6178-8164,C22H22FN7O
F6512-6030,C19H26N4O3S2
F6445-2479,C22H20FN3O3S
F6438-1064,C18H20ClF3N6O
F6435-0859,C19H21N5O5S
F5461-2022,C23H22N4O3S
F5033-5959,C23H23N3O4S
F3407-4581,C22H24N4O4S
F6442-7328,C23H26FN3O3S
F6175-0289,C21H21F3N6O2
F2898-5503,C23H22N4O4S
F2204-0452,C25H24FN5O3
F0688-0094,C23H24ClFN4O2S
F3406-0733,C26H22N4O4S
