# All user editable compound information in the PCDL Manager compounds tab can be imported
# A minimum of formula or mass plus one identifier must be populated for compound import (recommended is formula and at least one other identifier, see examples)
# Multiple synonyms can be entered into the Synonyms column when separated by ';' (e.g. L-Isoleucine; 2-Amino-3-methylvaleric acid)
# All compounds will be assumed to be of a neutral ion type, unless a 1 is entered in the Cation or Anion column
Name,Formula
F3167-0669,C11H9ClN2O3
F6541-5768,C14H16N4O
F6194-0025,C14H16N2O3
F6790-0503,C11H12F4N2O
F1656-0032,C15H12N2OS
F6525-1367,C14H17N5O
F6806-6950,C13H20F2N2O2
F6573-2598,C14H19N3O3
F6547-0765,C10H12BrN5
F6790-0522,C12H17BrN2O
F6475-5878,C15H18N4O2
F6201-0478,C16H20N2O3
F2147-0374,C10H6BrN5O
F3375-1300,C16H15N5O
F1016-0281,C13H16N2O2S2
F6663-9718,C14H10F4N2O
F2005-0805,C14H12N4S2
F6681-3312,C16H15ClN2O2
F6445-6216,C18H16N4O
F6204-2708,C15H17NO2S2
F6554-1149,C13H19N5O2S
F6573-1568,C16H17N5O2
F6724-3048,C16H19N5S
F5788-0316,C15H17N5O3
F5835-0584,C18H15N5O
F2161-0093,C17H13N5O2
F6374-5512,C16H19NO2S2
F2733-0043,C14H8F3N3OS
F6521-5555,C16H24N2O3S
F6448-2045,C16H14N4O4
F6573-5034,C18H21N3O3
F6442-1910,C13H19N3O3S2
F3379-0404,C19H18N6
F6722-1753,C17H15F3N4
F1604-0472,C14H11BrN2OS
F6549-5420,C17H19ClFN3O
F6383-0678,C16H24N4O4
F2556-0060,C15H18N2O3S2
F5791-2270,C17H17N5OS
F6803-4489,C18H20N4OS
F6734-1384,C18H20FN5O
F5028-0041,C14H14ClNO3S2
F3406-8933,C17H16N2O4S
F6424-0185,C19H15N5O2
F6495-5342,C19H18N6O
F5033-3537,C19H29N3O3
F0676-0696,C18H15N5OS
F6560-5479,C20H19FN4O
F6412-1245,C19H16N2O5
F6564-3185,C19H23N5O2
F6510-3910,C15H21N3O5S
F2743-0667,C18H13ClFN3O2
F6374-5519,C20H26N2O2S
F6513-1399,C15H19F3N4O3
F6476-3563,C21H18N2O4
F6539-3374,C20H16N2O3S
F6515-0370,C21H23N3OS
F5777-0259,C19H17N3O3S
F6792-4971,C18H21FN8
F6349-0466,C19H16F2N4O2
F0698-0517,C18H16N2O3S2
F6685-8558,C17H22F3N3O3
F2210-0104,C22H17NO5
F6445-6967,C18H16ClNO2S2
F6438-1508,C17H20ClFN6O
F6604-2317,C20H25N7O
F6225-0265,C19H19N5O2S
F6609-4084,C16H12BrF2NO3
F3386-2665,C21H24N2O3S
F3350-0696,C19H18N2O5S
F6178-7938,C18H24F3N3OS
F6037-0492,C19H17Cl2N3O2
F6559-2507,C18H17F3N6O
F6530-0556,C20H29N3O5
F6559-1242,C20H19N5O2S
F5309-0305,C23H30N4O2
F6752-0312,C18H25ClN4O2S
F0725-0505,C23H14N2O3S
F3371-0843,C22H29N3O2S
F6204-0967,C20H19ClN2O3S
F0914-1493,C25H16N4O2
F6209-0407,C22H22N4O4
F5383-0032,C16H16BrN3O5
F6503-9001,C19H20F3N3O2S
F3286-0050,C20H12ClFN2O3S
F2269-0122,C25H24N2O4
F3162-0115,C21H17N5O3S
F5854-1088,C17H15BrN2O2S2
F5564-0189,C23H20N8O
F6252-4697,C25H25N5O2
F5855-0463,C25H26N4O3
F6548-2304,C25H27N3O4
F6442-7091,C25H29FN4O2
F6161-0726,C21H17FN4O2S2
F2569-0735,C18H15ClFNO5S2
F6436-2621,C20H19BrN2O3S
F6529-2744,C21H21F2N3O4S
F1604-0121,C24H21N5O3S
F3406-2228,C27H29N5O3
F3411-7125,C27H25N5O4
