# All user editable compound information in the PCDL Manager compounds tab can be imported
# A minimum of formula or mass plus one identifier must be populated for compound import (recommended is formula and at least one other identifier, see examples)
# Multiple synonyms can be entered into the Synonyms column when separated by ';' (e.g. L-Isoleucine; 2-Amino-3-methylvaleric acid)
# All compounds will be assumed to be of a neutral ion type, unless a 1 is entered in the Cation or Anion column
Name,Formula
F6200-3958,C13H17NO4
F1126-0547,C13H12N4S
F1724-0605,C14H13ClN2O
F5857-5738,C15H21NO3
F6436-0946,C14H21NO2S
F6554-2294,C11H17N3O3S
F1908-3243,C14H14N2O4
F5490-1326,C14H13F2N3O
F6439-5415,C16H16N4O
F6739-6666,C15H17N5O
F6550-5070,C13H14N6O2
F6793-6864,C12H15F3N4O
F6246-1166,C14H18N4O3
F1967-2627,C14H15NO6
F0687-0454,C19H21NO2
F6786-5970,C16H19N5O
F6549-5250,C17H21N3O2
F6514-7326,C16H23N5O
F6464-0289,C16H17ClN2O2
F6752-3562,C15H22N4O3
F6481-0860,C16H20ClNOS
F6186-1101,C15H21NO4S
F8890-5409,C14H14F3N3O2
F6743-6399,C13H21N3O2S2
F2394-0125,C17H19NO3S
F6230-0396,C15H14FN3O2S
F6512-0981,C14H12ClN3O2S
F6550-1819,C17H23FN2O3
F5475-0143,C19H17FN2O2
F6724-4929,C17H14N2O3S
F6524-4334,C16H17N5O3
F6356-0810,C14H16ClNO4S
F6464-1167,C18H22N2O2S
F5791-1568,C15H16N4O3S
F6808-5286,C16H23N5OS
F6482-2019,C12H21N3O4S2
F2740-0594,C19H20N4O2
F6802-7860,C18H31N3O3
F6363-0156,C16H13N5O4
F5854-0605,C19H17FN2O3
F6573-7287,C18H19N3O4
F3348-0679,C22H22N4
F6215-0340,C12H13BrN2O3S
F6381-6182,C20H15N3O3
F6354-0487,C18H22N2O3S
F3348-0774,C20H21N5O
F2537-0125,C17H19NO3S2
F6441-4551,C17H22N2O4S
F6420-0402,C16H17ClN2O3S
F6656-2518,C16H18F3N5O
F6369-0220,C18H17N3O3S
F5298-0860,C18H24N6O2
F6791-7421,C18H19FN4O3
F2783-1269,C18H20N2O4S
F6515-0487,C16H18N4O2S2
F6808-6045,C22H25N3O2
F3222-5482,C20H19N3O4
F6481-4161,C17H18ClNO2S2
F6808-1031,C19H21ClN6
F6125-2327,C19H18N2O4S
F6513-1313,C19H25N5O3
F6192-0297,C20H23NO4S
F6414-3676,C19H18FNO2S2
F6619-7733,C18H20N10
F2432-0062,C20H18N4O2S
F6497-1573,C20H21N5O3
F3407-0125,C19H13F2N5O2
F6525-1468,C19H22N6O3
F5658-0104,C21H21ClN2O3
F6412-6663,C18H15BrN2O3
F6232-0170,C18H21N5O3S
F2573-0050,C21H32N4O3
F5033-6992,C19H22N2O5S
F3188-0006,C19H25N3O6
F6436-3892,C20H18F3NO2S
F6514-4570,C20H22N6O3
F6556-7786,C21H20N2O4S
F6089-9477,C22H27N3O4
F6353-3389,C21H25N3O3S
F3406-5487,C23H23N5O2
F2373-1585,C19H17ClN2O6
F6512-6995,C18H22N4O5S
F5911-0067,C21H24N6OS
F1495-1604,C20H18BrN3O2
F0660-2463,C25H23N3OS
F6441-3956,C21H21FN2O4S
F5754-0424,C25H30N4O2
F6245-6437,C21H20FN7O2
F6529-0708,C19H19F3N4O4
F3167-1537,C25H21N3O4
F1150-0010,C25H22N2O5
F6464-0537,C23H28ClNO3S
F3406-5811,C20H28N4O3S2
F6473-7616,C23H25N3O6
F0015-1012,C22H26N4O4S
F6442-8562,C23H31N3O2S2
F6166-0409,C25H28N4O4
F5833-3590,C23H20ClFN2O3S
F3411-8478,C27H22N2O6
F6660-0134,C25H24ClFN4OS
