# All user editable compound information in the PCDL Manager compounds tab can be imported
# A minimum of formula or mass plus one identifier must be populated for compound import (recommended is formula and at least one other identifier, see examples)
# Multiple synonyms can be entered into the Synonyms column when separated by ';' (e.g. L-Isoleucine; 2-Amino-3-methylvaleric acid)
# All compounds will be assumed to be of a neutral ion type, unless a 1 is entered in the Cation or Anion column
Name,Formula
F6541-1628,C13H17NO2S
F6300-0138,C11H7F3N2O2
F3358-0346,C13H9ClN2S
F6416-7447,C14H17NO4
F6604-6801,C14H13N5O
F6733-1946,C11H14FN3O2S
F1016-0139,C13H14N4OS
F6448-1777,C13H15N3O2S
F6512-9000,C17H16N2O2
F6475-6261,C16H17N3O2
F6564-2716,C11H18N4O3S
F5086-0836,C14H16N4OS
F6791-6942,C13H15FN6O
F1721-0008,C16H11N3O3
F6482-3885,C16H17N5O
F1630-0007,C16H24ClNO2
F6416-5681,C18H21NO3
F6507-1099,C15H27NO3S
F3324-0082,C15H16N2OS2
F1607-0258,C18H18N4O
F3386-4249,C15H16FNO3S
F5882-3959,C17H17N3OS
F6809-1030,C17H16ClN3O
F6562-2570,C16H17N3O2S
F6681-3479,C16H16ClN3O2
F5303-0157,C12H12F3N3O2S
F1441-0027,C18H28N2O3
F6814-3005,C16H20F2N4O
F6525-0191,C15H15F3N4O
F6521-7788,C14H15ClN2O3S
F6412-1398,C19H18FNO3
F2245-1234,C13H12ClNO3S2
F6448-0273,C13H22N4O4S
F0630-1472,C14H15F3N2O2S
F6752-7524,C17H23N3O2S
F6481-0844,C16H18ClN3OS
F6436-2295,C20H20N2O3
F5596-0219,C17H27N3O2S
F3382-4626,C15H18ClN3O2S
F6424-0821,C17H16N4O4
F6244-2688,C16H18F3N3O2
F6574-1436,C18H22N4O3
F6560-4315,C18H25N5O2
F6445-3466,C16H16ClN5O2
F1396-0192,C18H22N2O3S
F6494-0511,C21H21N3O2
F5947-0225,C16H13ClFN3O3
F6485-1368,C16H19FN4O2S
F6521-7835,C15H13ClN2O4S
F5001-1077,C19H19N3O4
F6192-1099,C19H17NO4S
F6812-1350,C21H20N6
F6188-0983,C19H22N2O3S
F6515-0723,C20H16N4OS
F6619-8118,C16H19BrN4O
F6151-0200,C19H21N7O
F6252-5685,C19H19N5OS
F6764-3573,C14H14BrN3O2S
F6523-1672,C17H19F3N4O2
F6469-1694,C21H14N4OS
F6676-1415,C18H24F3N3O2
F6445-6841,C22H19N3OS
F6514-2350,C17H18BrN3O2
F6658-3165,C19H20N8O
F6549-8827,C18H22N2O3S2
F6782-4938,C23H22FNO3
F6522-0202,C20H16FN3O2S
F5596-1162,C20H22N4O4
F6553-1170,C20H20N2O4S
F6436-1282,C20H27N5O3
F5882-5663,C19H21N3O4S
F1125-0099,C22H29ClN2O2
F5228-2084,C21H18N4O2S
F6525-7672,C21H21N5O3
F5676-0023,C18H20ClN3O3S
F6713-0123,C21H22N4O4
F5839-0114,C20H17ClN4O3
F6560-5585,C24H23N5O
F6416-5650,C25H21NO4
F3398-5165,C24H23N3O3
F3358-0314,C18H14Cl2N4OS
F6539-4024,C20H17F3N2O4
F3235-0178,C22H24N4O2S
F1804-0267,C15H14BrN3O2S2
F6245-1126,C21H23N3O4S
F6441-4107,C18H19F3N2O4S
F6758-4605,C24H26N4O3
F6523-2309,C22H20FN5O3
F6454-2807,C20H29BrN2OS
F6475-4471,C21H22ClN5O3
F5594-0335,C21H23FN4OS2
F2517-0869,C21H18F3N3O4
F0777-2779,C21H28N2O4S2
F6155-0245,C23H25N3O4S
F6252-5061,C24H19FN6O2
F6175-0778,C23H23N7OS
F5017-3889,C23H29FN2O4S
F3071-0024,C25H23N5O2S
F2068-0013,C23H36ClN3O3S
F0452-5570,C20H14ClF3N4O3S
