# All user editable compound information in the PCDL Manager compounds tab can be imported
# A minimum of formula or mass plus one identifier must be populated for compound import (recommended is formula and at least one other identifier, see examples)
# Multiple synonyms can be entered into the Synonyms column when separated by ';' (e.g. L-Isoleucine; 2-Amino-3-methylvaleric acid)
# All compounds will be assumed to be of a neutral ion type, unless a 1 is entered in the Cation or Anion column
Name,Formula
F6064-0464,C11H14N4OS
F3375-0333,C15H13NO3
F6445-7173,C13H13N3O3
F6559-1567,C12H20F2N2O2
F6541-5821,C11H17F3N2O2
F6312-0015,C14H14N4O2
F6541-4859,C15H19N3S
F6561-2633,C15H20N2O3
F6480-5462,C14H21N3O3
F2545-0118,C12H13NO5S
F6549-9824,C17H23N3O
F6676-2851,C15H21N5O
F2616-0867,C14H14N2O3S
F6573-8430,C14H17FN4O2
F6418-0509,C14H17NO4S
F5857-9128,C16H15N3O3
F1839-0139,C16H17N3OS
F1222-0160,C19H15N3O
F6356-0172,C17H21NO2S
F2158-0845,C14H15ClN4S
F6550-4568,C16H16N6O
F6677-0954,C17H22N6
F2713-0776,C18H24N4O
F8890-0825,C17H22N4O2
F6752-7948,C17H24N4O2
F6745-8897,C19H18N4O
F6448-1403,C15H20N4O2S
F6360-9647,C14H18N4O3S
F2004-0352,C16H12N4S2
F6472-0676,C17H24FNO2S
F6414-2061,C18H17NO3S
F6483-0299,C17H20N4O3
F6562-9627,C16H12F2N4O2
F6492-0128,C21H21N3O
F6556-0560,C16H19N3O3S
F0919-5670,C19H30N2O3
F6560-7408,C19H16N2O4
F6573-9145,C19H19N3O3
F6752-8491,C16H26N4O4
F6515-2591,C14H17ClN4O2S
F6796-9033,C17H16FN5S
F6680-9242,C19H22N2O2S
F6562-5271,C18H21N3O4
F6556-8743,C17H15NOS3
F6415-1241,C17H18N2O4S
F6471-1272,C17H21N3O3S
F6495-4391,C19H20N6O
F1301-0464,C19H14N2OS2
F3386-3042,C17H25N3O3S
F6660-0991,C20H19NO3S
F6539-3982,C21H26N2O3
F6294-0398,C18H20N4O2S
F2505-0099,C18H18N2O2S2
F6619-5011,C19H23F2N5
F6680-8729,C19H21F2N3O2
F5526-0208,C22H18FNO3
F6395-3084,C17H19NO4S2
F6521-9447,C18H26N2O4S
F6734-0690,C17H16ClF3N4
F5806-0622,C19H23N5O3
F2947-0656,C19H21N3O3S
F6416-9135,C17H15ClF3NO3
F6171-0148,C20H26N2O3S
F6525-1471,C17H15F3N6O
F6673-4812,C22H27N5O
F3406-8253,C20H17N3O5
F3319-0287,C18H28N4O5
F6444-1883,C21H19FN2O4
F6796-3370,C21H29N5O2
F6761-7502,C20H18F3N5
F6685-8849,C19H18ClN3O2S
F0657-0144,C22H20N4O3
F2966-0455,C18H18N2O2S3
F5834-5266,C19H22ClN3O4
F6252-6914,C21H24N6O2
F6539-2296,C15H21F3N4O3S
F5669-0345,C21H25N5O3
F6523-2105,C21H20FN3O4
F5788-2164,C18H14F5N3O2
F5575-0047,C19H19N3O5S
F6444-1654,C21H22FNO6
F6787-1300,C19H27N5O3S
F2373-1594,C19H15F3N2O5
F2232-0104,C21H22N4O3S
F1899-2279,C16H11ClF3N5OS
F6761-7635,C21H20F3N5O
F6349-0899,C23H19ClN4O2
F6561-5388,C19H20BrNO3S
F6676-4769,C21H24F3N3O3
F6513-1397,C22H26N4O5
F6359-4009,C24H23N5O3
F2774-4902,C24H24N4O4
F5579-0624,C23H25N5O4
F6609-6446,C23H27ClN6O
F0666-0607,C20H12BrFN2O4
F5245-0112,C20H16FN3O4S2
F3382-8062,C20H12ClF3N4O3
F2233-0328,C23H16F3N3O4
F6241-0209,C22H21N5O5S
F3062-0288,C24H25N5O4S
