# All user editable compound information in the PCDL Manager compounds tab can be imported
# A minimum of formula or mass plus one identifier must be populated for compound import (recommended is formula and at least one other identifier, see examples)
# Multiple synonyms can be entered into the Synonyms column when separated by ';' (e.g. L-Isoleucine; 2-Amino-3-methylvaleric acid)
# All compounds will be assumed to be of a neutral ion type, unless a 1 is entered in the Cation or Anion column
Name,Formula
F6755-7559,C11H9F3N4
F6544-1432,C10H18N4O2S
F0900-1866,C14H11ClO3
F6554-4799,C15H20FNO2
F0451-4565,C17H19NO2
F1913-7923,C10H8ClNO4S
F1174-2942,C13H9ClN2OS
F6416-9138,C14H14ClNO3
F6617-3595,C13H18N2O3S
F6312-0255,C15H15N3OS
F6660-5647,C15H17N3O3
F1872-0210,C15H19N3OS
F2146-0584,C13H13ClN4S
F6680-9285,C17H18N4O
F6123-0447,C15H24N2O4
F0382-0131,C11H7BrFNOS
F1977-0013,C12H13Cl2N3O2
F2135-1554,C15H13NO4S
F3371-0251,C17H15N5O
F6436-3923,C14H16N2O2S2
F6560-2333,C15H14N6O2
F6526-0154,C13H20N4O3S
F6439-7404,C16H18N4OS
F6773-4131,C14H16N6OS
F5104-0156,C16H18N2O3S
F2245-0888,C16H17ClN2OS
F6494-1666,C19H23N5
F6748-8303,C16H22ClN3O2
F6441-4594,C14H19N3O4S
F6491-0418,C18H22N4O2
F6125-3824,C16H16N4O2S
F6473-3854,C18H23N3O3
F6734-1550,C15H17F4N3O
F6516-0248,C16H15NO3S2
F6709-4783,C19H18N4O2
F6805-3314,C14H13ClN4O2S
F6524-1996,C15H19N3O4S
F5735-0127,C20H19FN2O2
F6760-5946,C20H22FN3O
F5787-0143,C17H15N3OS2
F6709-4394,C15H14F4N4O
F6210-1170,C14H21N3O5S
F6033-0785,C19H24N2O2S
F6442-6049,C19H27N3O3
F6481-4334,C18H21NO2S2
F6523-2763,C18H16N6O2
F5791-3330,C21H20FN3O
F6760-2348,C17H16F3N3O2
F3237-0128,C19H32N2O2S
F5833-6683,C20H22N2O2S
F0537-4467,C18H16N2O4S
F5978-0070,C18H23N5O3
F3318-0444,C18H21N3O3S
F3393-0297,C20H15N3O4
F3139-2832,C21H14ClNO3
F6680-8887,C21H24N4O2
F6525-7197,C19H18N4O2S
F6293-0449,C21H25N3O3
F6712-9050,C19H20ClN5O
F6709-4296,C16H13ClF3N3O2
F6514-3983,C19H24N4O2S
F3174-0093,C20H17F3N2O2
F3411-6063,C16H16N4OS3
F6464-0711,C19H24ClN3O3
F6524-6076,C17H15ClFN3O2S
F6381-4294,C20H20F4N2O
F6510-3363,C15H15FN4O3S2
F2482-0294,C18H18FN7O2
F5546-0029,C21H15N5OS
F6475-2137,C21H26N2O5
F6412-1675,C20H15F3N2O3
F6436-0321,C21H27NO4S
F6480-0532,C18H18ClN3O3S
F6673-9215,C19H22ClFN4O2
F6553-7337,C17H15ClN2O3S2
F6608-2523,C19H20F3N3O3
F5729-0038,C20H20BrN3O
F5262-0026,C21H26N4O4
F1396-0054,C22H28N2O3S
F6609-4639,C18H12Cl2FN5O
F2884-0167,C20H15F4N3O2
F6795-1591,C18H20F3N7O
F6510-0830,C15H15BrN4O3S
F5860-1644,C21H21ClN4O3
F2375-0293,C17H13Cl2F2N3O3
F6656-4523,C21H27N3O4S
F0915-4909,C20H24N2O6S
F2496-3392,C21H17N3O5S
F6041-0644,C22H16F2N2O3S
F5291-0476,C20H16ClN3O4S
F6089-8139,C24H37N3O4
F3284-8579,C22H17N3O3S2
F6529-1308,C16H18ClF3N4O3S
F6783-6217,C19H20BrN7O
F6497-8004,C19H20F4N4O2S
F2598-0358,C22H20F3N3O2S
F2382-0398,C28H28N4O2
F3398-4439,C25H24N2O5S
F3406-4730,C27H32N4O2S
F2829-0945,C23H27N3O5S2
