# All user editable compound information in the PCDL Manager compounds tab can be imported
# A minimum of formula or mass plus one identifier must be populated for compound import (recommended is formula and at least one other identifier, see examples)
# Multiple synonyms can be entered into the Synonyms column when separated by ';' (e.g. L-Isoleucine; 2-Amino-3-methylvaleric acid)
# All compounds will be assumed to be of a neutral ion type, unless a 1 is entered in the Cation or Anion column
Name,Formula
F6617-2015,C12H11FN2OS
F3097-0533,C12H8F3NO2
F6521-4846,C11H17NO2S2
F5857-0777,C14H18N2O3
F5852-0770,C13H15FN2O3
F6573-6510,C13H13F3N2O
F6476-0289,C13H15N5O2
F2880-0115,C15H17FN2O2
F6559-5310,C14H18FN3O2
F6789-4543,C17H22N4
F6806-6689,C15H19N5O
F6472-9030,C16H21N3O2
F6743-8126,C17H27N3O
F6415-0354,C15H17FN2O3
F6436-3134,C15H15ClFNO2
F6443-4252,C17H15NO4
F6186-0131,C14H21NO2S2
F6436-2338,C17H19NO2S
F1608-0487,C15H17N3O4
F6512-0050,C12H11BrN4O
F6573-4878,C17H16N4O2
F6619-5704,C15H18N8
F6796-6628,C16H20N6O
F5095-0313,C17H22N4O2
F6549-9747,C18H24N2OS
F6561-8350,C17H19FN2O3
F6514-8760,C18H16N4O2
F6186-0488,C13H17F3N2O2S
F6443-7938,C20H25N3O
F6526-0078,C18H19N3O3
F6502-9256,C14H18ClN3O2S
F6266-0194,C18H20N2O4
F6725-1135,C16H15ClN4S
F6188-0984,C19H25NO2S
F5058-0262,C19H15N3O3
F8890-7417,C20H22N4O
F6411-2767,C18H16N4OS
F6559-1473,C17H18F3N3O
F6764-3967,C19H22N4O2
F6454-0596,C13H16ClF3N2OS
F6561-6732,C17H16ClN5O
F6478-1145,C14H22N4O4S
F6795-2209,C17H18FN5O2
F5105-0099,C12H12BrNO2S2
F6514-9162,C19H14N4OS
F5876-0035,C20H17N3O3
F5600-0188,C20H20N4O2
F6204-2741,C15H15BrN2OS
F6246-1701,C20H21N3O3
F5863-0122,C19H16ClN3O2
F6564-3309,C18H22N6O2
F6503-9090,C14H15F3N6O2
F2536-1586,C17H14N2O5S
F6454-1274,C18H22FN5O2
F6756-2644,C20H19N5O2
F6573-7475,C18H16F3N3O2
F6573-7661,C16H16ClN3O3S
F6526-1327,C20H22N4OS
F6420-0191,C16H20N2O4S2
F6381-4423,C20H23N3O4
F6708-8388,C20H21NO4S
F2545-0159,C15H20BrNO3S
F3406-0535,C19H23FN4OS
F6510-3886,C17H20N4O4S
F5264-0619,C23H24FN3O
F5517-0038,C21H18ClN3O2
F5016-1499,C18H28N4O3S
F6559-2210,C17H17F3N4O3
F6445-3247,C20H25N5O3
F6478-3478,C20H20FN3O4
F6517-4770,C20H18ClNO3S
F6525-4907,C20H19F3N4O
F0882-0917,C18H12Cl2N2O2S
F6471-8568,C18H21N3O5S
F6549-4984,C22H24N4O3
F6275-0173,C16H21F3N2O4S
F6573-4499,C22H25N3O4
F6517-3917,C22H23NO4S
F5308-0287,C17H22ClN3O2S2
F6442-0345,C19H16FN3O4S
F5542-0048,C20H22ClN3O4
F2495-1907,C20H27N3O4S
F6473-4288,C19H18Cl2N2O4
F2784-1592,C22H22N2O4S
F0696-4926,C26H28N4O
F5528-1223,C23H21N5OS
F6668-2912,C19H23BrN4O2
F6617-6418,C24H28N4O3
F6548-2701,C23H25N3O3S
F3385-3771,C24H26O7
F5062-0238,C20H24ClN7O2
F6374-0179,C22H28N2O3S2
F3395-0312,C21H24F3N5S
F5089-1539,C23H26N4O3S
F5252-0114,C21H24FN7O3
F5591-1539,C25H28N6O2
F3406-5573,C25H29N5OS
F2319-0186,C23H30N6O2S
F6245-7333,C23H26N6O3S
F3407-2997,C21H17ClF3N5OS
