# All user editable compound information in the PCDL Manager compounds tab can be imported
# A minimum of formula or mass plus one identifier must be populated for compound import (recommended is formula and at least one other identifier, see examples)
# Multiple synonyms can be entered into the Synonyms column when separated by ';' (e.g. L-Isoleucine; 2-Amino-3-methylvaleric acid)
# All compounds will be assumed to be of a neutral ion type, unless a 1 is entered in the Cation or Anion column
Name,Formula
F2158-0647,C14H11N3O2
F3296-0362,C13H15N5O
F6608-1606,C12H14F3NO2
F1084-0585,C13H12FNO2S
F6438-7069,C12H16BrNO
F6782-0711,C15H16N2OS
F6261-3542,C14H17N3OS
F5857-6503,C14H18N2O2S
F6562-6000,C15H23NO2S
F6660-1887,C17H20N2O2
F6064-1878,C14H13N3O2S
F6156-0199,C14H15N3O2S
F6733-1923,C15H15F2N3O
F3202-0436,C17H14N2OS
F6512-1095,C16H16N4O2
F6436-3646,C17H18N2O3
F6573-4773,C17H20N2OS
F6743-9895,C12H22N4O3S
F1478-0160,C12H16ClNO4S
F6573-2858,C15H18FN3O3
F6356-0407,C14H12ClFN2O3
F0344-0847,C17H13FN2OS
F2079-0078,C12H9F3N4OS
F6808-5266,C17H25N5O
F6713-1538,C16H23N5O2
F1407-0059,C21H21NO2
F6774-4132,C14H19N5O2S
F6549-7223,C15H15F2N3O3
F6359-2730,C13H15N3O3S2
F6562-9348,C17H18N4O3
F6480-4474,C12H17BrN4O2
F6403-1376,C16H19N5OS
F2493-3323,C16H14FN3O2S
F2740-0134,C20H20N4O
F6724-2156,C16H13F3N4O
F6359-5392,C20H21N3O2
F3375-1046,C17H12ClN5O
F6560-6033,C18H18N4OS
F3055-0010,C18H20F3NO2
F6791-7942,C16H20N8O
F6747-5418,C16H15BrN4
F6471-2675,C17H17ClF3NO
F6680-3225,C17H17FN4O3
F6524-1251,C15H19N7O3
F6556-8867,C17H14FNO2S2
F6515-0763,C19H16N4OS
F5857-3958,C18H23NO4S
F5857-3100,C17H15ClFNO4
F6681-3536,C19H20N4O3
F5286-0312,C19H15FN2O4
F2740-0019,C23H21N3O
F2545-0422,C16H23NO6S
F6521-7971,C14H18ClN3O4S
F3386-0886,C17H12ClNO4S
F6612-0057,C18H26N4O2S
F6252-0847,C19H17FN6O
F6414-2155,C15H15BrN2O2S
F2095-0132,C21H21NO5
F6374-0164,C19H19N3OS2
F6472-0861,C21H26N2O2S
F6562-1038,C18H20N4O3S
F3225-0053,C17H15ClN4O2S
F3248-2147,C22H21N3O3
F6812-1708,C19H16ClN7
F6619-6307,C18H21F3N6
F6448-2317,C16H20N4O5S
F6676-1043,C21H23N3O4
F0866-0182,C24H17NO4
F5831-9049,C22H29FN4O
F6472-7488,C19H22N4O3S
F6764-3563,C16H13BrN4OS
F2348-0190,C20H18F3N3O2
F5604-0006,C23H23FN4O
F1757-0043,C19H21ClN2O3S
F6125-1817,C19H24FN3O5
F6481-1033,C18H22ClN3O3S
F6561-0858,C20H24N6O3
F6510-0809,C20H22N4O3S
F6556-0935,C20H20N2O5S
F3225-6358,C24H22N2O4
F2660-0057,C25H28N2O3
F6225-1356,C19H16F3N3O2S
F5468-0069,C20H27NO4S2
F0417-2543,C24H33N3OS
F5626-0025,C20H23ClN6O2
F6517-1212,C24H19NO4S
F6687-5380,C20H26F5N3O
F6792-0935,C18H26N6O2S2
F3407-2781,C22H23N3O4S
F6497-0303,C22H22ClFN4O2
F6287-0575,C21H25N3O3S2
F5795-1104,C21H26N2O6S
F5599-0534,C22H20FN5O4
F5871-3104,C20H23F3N4O4
F6472-6147,C26H25N3O4
F6442-6901,C24H28ClFN2O3
F3411-2974,C24H26N4O3S
F3382-2030,C21H14ClF3N4OS
F3382-0756,C26H26N4O5
F3407-3018,C27H26N4O5
