# All user editable compound information in the PCDL Manager compounds tab can be imported
# A minimum of formula or mass plus one identifier must be populated for compound import (recommended is formula and at least one other identifier, see examples)
# Multiple synonyms can be entered into the Synonyms column when separated by ';' (e.g. L-Isoleucine; 2-Amino-3-methylvaleric acid)
# All compounds will be assumed to be of a neutral ion type, unless a 1 is entered in the Cation or Anion column
Name,Formula
F1903-9721,C11H11ClN2OS
F6617-5985,C13H11FN4O
F6708-9207,C16H20FNO
F6666-7724,C13H16FN3O2
F6543-1563,C12H19N3O2S
F6555-0114,C15H20N4O
F6677-2583,C14H18FN5
F6190-0958,C16H26N2O2
F0738-0080,C17H14O4
F6573-6345,C14H14ClF2NO
F6438-6393,C14H16F3NO2
F6448-0541,C13H15N5O3
F6807-9861,C19H21N3
F6724-4787,C18H18N2O2
F6571-1085,C15H24N2O2S
F6773-4835,C17H22N4O
F6279-0474,C17H24N4O
F6554-8824,C12H11ClFNO3S
F6806-8300,C15H16FN3O3
F6660-0195,C14H10Cl2N2O2
F6525-2864,C16H14N4O3
F6722-1936,C14H15F3N4O
F6739-8327,C17H18N2O2S
F6443-8163,C15H16N4O2S
F6190-0986,C14H20Cl2N2O2
F6502-5864,C14H10F2N4OS
F6814-2953,C17H21F2N3O
F3375-2810,C17H17N5O2
F6471-0857,C16H15N5OS
F6420-0877,C16H26N2O3S
F6452-1090,C18H17ClN2O2
F6752-5281,C18H23N3OS
F6734-0814,C16H18ClN5O
F3334-1630,C15H9Cl2N3O2
F5526-0764,C17H19FN2O4
F6558-0327,C19H33N3O2
F6478-2442,C16H14F3N3O2
F2774-3280,C18H18N4O3
F6475-6310,C18H21N5O2
F6204-0644,C15H16ClNO2S2
F2373-0136,C18H18N2O3S
F0521-0314,C16H17N5O2S
F6549-7172,C17H20N4O4
F6656-2581,C19H24FN3O2
F6510-4374,C16H17N3O4S
F6064-1089,C16H20N4O3S
F6564-7892,C19H19N5O2
F6414-0140,C20H17NO5
F5476-0541,C20H24N4O2
F5652-0411,C18H18N4O4
F2726-0821,C18H13FN2OS2
F6656-3244,C18H23N5OS
F0660-0786,C19H16F3N3O
F6481-0232,C19H20FNOS2
F6520-0724,C18H15ClFNO2S
F6562-8146,C22H24N2O3
F6549-1088,C16H19ClN4O2S
F6245-4992,C18H21N7O2
F6799-8734,C18H19N5O2S
F6525-5284,C16H14BrN5O
F6791-8054,C15H19F3N6O2
F6524-5763,C17H13F3N6O
F5016-1662,C20H29N3O4
F0920-4957,C18H23N3O4S
F6560-0809,C17H18BrNO2S
F6412-1452,C18H24N2O5S
F6608-3845,C22H31N5O
F3040-3372,C19H21N5O2S
F2098-0135,C19H16FN3O3S
F6796-9167,C19H23FN6S
F6064-8452,C18H17ClN4O4
F6619-7783,C18H18F3N7
F6524-2310,C18H15ClFN3O2S
F6473-4325,C20H19F3N2O3
F6734-2744,C22H27N5O2
F3406-9299,C20H18FN5O3
F6473-7788,C18H17Cl2NO5
F5620-0120,C21H26N4O2S
F6559-0696,C22H20N6O2
F6782-0786,C21H30N4O4
F3085-0057,C22H16ClN3O3
F5228-0427,C22H21N3O5
F6475-5488,C23H27N3O4
F2374-0373,C21H20N2O5S
F6764-2082,C22H30N4O2S
F3406-3466,C23H20FN5O2
F5679-0067,C20H19F3N4OS
F5831-0809,C19H18ClNO4S2
F5324-0064,C17H16Cl2N4OS2
F6228-0586,C24H33ClN4O
F6245-3466,C24H25N5O3
F2018-2737,C16H13Cl2F2N3OS2
F3395-0235,C25H31N3O4
F6510-1897,C18H20ClN3O4S2
F6559-0220,C19H21BrN6O2
F6444-2087,C19H17F4NO5S
F3284-1648,C25H19F3N2O3
F5317-0326,C26H29N3O5
F2431-0654,C25H24N4O4S
F2068-0246,C24H29FN4O4S
