# All user editable compound information in the PCDL Manager compounds tab can be imported
# A minimum of formula or mass plus one identifier must be populated for compound import (recommended is formula and at least one other identifier, see examples)
# Multiple synonyms can be entered into the Synonyms column when separated by ';' (e.g. L-Isoleucine; 2-Amino-3-methylvaleric acid)
# All compounds will be assumed to be of a neutral ion type, unless a 1 is entered in the Cation or Anion column
Name,Formula
F3088-1704,C11H13N3O2S
F3395-2055,C16H21N3
F6513-5720,C15H21N3O
F5860-3932,C13H14FN3O2
F6554-2257,C13H17NO3S
F1641-0051,C15H13NO2S
F3162-0084,C13H11ClN4O
F5857-8327,C11H19NO3S2
F6525-2664,C12H16N4O2S
F5860-2073,C14H21NO3S
F6230-0233,C14H14N4O3
F6660-4522,C10H11F3N6O
F6709-5047,C16H16F2N2O
F6435-2025,C13H12FN3O2S
F6753-2720,C14H21N3O2S
F6479-2635,C17H19N3O2
F6550-6840,C15H17N5O2
F6764-3292,C20H19N3
F6477-5231,C13H12N4OS2
F5791-2702,C16H19FN2O3
F0326-1037,C14H16ClN3OS
F6518-2129,C15H21NO2S2
F5860-4390,C16H15N3O2S
F6436-3656,C17H17NO3S
F0555-0085,C20H12FNO2
F6724-4754,C14H14BrN3O
F6796-8804,C18H20N6
F6031-1438,C17H20F2N2O2
F2210-0039,C18H16N2O4
F6744-6587,C19H27N5
F6523-4079,C17H17N3O4
F6619-5835,C17H24N6O
F6747-5925,C17H19ClN4O
F5092-0041,C16H16N2O2S2
F5889-0351,C20H19N3O2
F3284-8043,C16H17NO5S
F6764-3956,C19H17FN4O
F5832-5027,C20H23N3O2
F6562-8557,C16H15F2NO3S
F3375-2997,C18H17ClN4O
F6713-6151,C17H19N5OS
F6259-1099,C18H22N4O3
F6033-0447,C19H25N3O3
F6523-3745,C15H15N5O3S
F6425-0274,C17H14N8O
F6194-0176,C19H25NO3S
F6225-0141,C16H13ClFN3OS
F5854-0306,C21H19ClN2O
F5264-0053,C22H29N3O
F6178-7918,C17H24ClN3OS
F2083-0144,C18H17N3OS2
F6178-4922,C19H24N4OS
F6791-8035,C17H19ClN6O
F3309-1234,C18H17FN2O3S
F6782-7652,C17H19BrN2O2
F6259-1260,C20H21N5O2
F6617-6188,C21H19NO5
F5236-0007,C20H26N6O
F6521-9706,C20H20N2O5
F2726-0795,C19H15FN2O3S
F6573-0405,C22H21N5O
F1787-0730,C19H19NO7
F0818-0071,C18H14ClNO4S
F6252-5856,C20H20N6O2
F2493-1739,C21H18N2O3S
F6178-6571,C21H21N3O4
F3382-2722,C17H14F3N3O2S
F6658-3225,C19H22N6OS
F6438-3786,C14H20N6O3S2
F5033-7409,C21H27N3O4
F5947-0183,C22H17N3O4
F2794-0100,C21H28N2O3S
F5017-3394,C16H23FN2O4S2
F6676-0580,C19H20F3N5O
F6246-1885,C15H15F4N3O3S
F6246-0189,C19H21F3N4O2
F6469-1018,C20H14F2N4OS
F6474-3728,C25H23N3O2
F6471-6361,C24H21N3OS
F2947-1028,C20H23N3O6
F6573-0106,C23H25N5O2
F6245-5806,C16H18ClF3N4O3
F6529-6862,C19H25ClN4O4
F1032-0034,C24H30N2O4
F6349-0173,C24H19N3O4
F0737-0119,C20H20N2O4S2
F2040-0181,C25H26N2O4
F6683-1361,C21H20ClN7O
F2267-0738,C20H22ClFN2O3S
F6521-1866,C20H26FNO4S2
F5871-2047,C20H22N4O3S2
F5254-0108,C23H19N3O4S
F6660-6409,C20H19F3N4O4
F5777-0320,C23H22ClN3O4
F6475-4278,C22H23ClN4O4
F5047-0388,C23H22F3N3O3
F6473-6142,C22H28N2O6S
F2334-0338,C21H20ClN5O5
F2096-0432,C23H24ClN5O2S
F3411-4048,C24H24ClN5O4
