# All user editable compound information in the PCDL Manager compounds tab can be imported
# A minimum of formula or mass plus one identifier must be populated for compound import (recommended is formula and at least one other identifier, see examples)
# Multiple synonyms can be entered into the Synonyms column when separated by ';' (e.g. L-Isoleucine; 2-Amino-3-methylvaleric acid)
# All compounds will be assumed to be of a neutral ion type, unless a 1 is entered in the Cation or Anion column
Name,Formula
F6559-1735,C10H21FN2O2S
F6435-5632,C12H13F2NOS
F6543-0084,C13H22F2N2O
F6125-2154,C14H17FN2O2
F6555-6177,C16H16N2O2
F6755-5429,C14H12N2S2
F5871-1825,C13H13N3O2S
F2616-0932,C13H11ClN2O3
F6550-1490,C15H17ClFNO
F6808-5879,C15H16N4S
F6755-2735,C16H22N4O
F0715-0244,C11H6Cl2FNOS
F5103-0216,C15H17NO3S
F6796-1615,C17H19N5
F6816-4484,C12H11F3N6
F6721-9337,C16H15ClN4
F6403-1411,C15H16N4OS
F3382-8406,C15H18N4OS
F6561-0977,C14H20N6O2
F2624-0026,C14H17N3O3S
F6549-3840,C17H19N5O
F6610-2098,C17H21N5O
F6443-7933,C18H20FN3O
F6660-4634,C17H21N3O3
F6438-3115,C15H19N5O3
F2744-0083,C19H17N3O2
F3055-0722,C18H15N3O3
F6482-5961,C18H14ClN3O
F6414-1072,C20H24N2O2
F6722-1088,C17H18N4OS
F5940-0520,C20H25NO3
F6442-1752,C15H23NO3S2
F6743-7995,C19H30N4O
F6560-8085,C18H16N6O
F6523-3247,C16H15FN2O3S
F5885-0084,C17H22ClN3O2
F6296-1138,C14H12ClN3OS2
F0550-0202,C14H18N4O4S
F6807-7050,C18H18ClN5
F6562-2732,C18H20N4O3
F6555-0949,C18H23N5O2
F6522-1154,C18H17NO2S2
F5337-0306,C17H17FN4OS
F6451-0132,C19H23NO3S
F6844-1512,C21H22N4O
F6276-1583,C16H16N2O5S
F6480-1421,C17H20ClN3O3
F6658-5778,C19H22N6O
F6554-0607,C19H20N4OS
F2348-0300,C16H10ClF3N2O2
F6764-3266,C21H17N5O
F6218-0147,C17H16ClN5O2
F2890-0167,C12H10BrNO3S2
F6564-5269,C20H20N6O
F6169-0137,C19H18N6O2
F6556-5995,C18H25BrN2O
F6439-4187,C20H23N5O2
F6414-1285,C21H21NO3S
F6473-6430,C16H16ClNO5S
F6178-6543,C20H22N2O5
F5828-0063,C21H16N4OS
F3188-0079,C20H27N3O4
F6439-4197,C18H16F3N5O
F5857-3512,C17H13F6NO2
F6445-7549,C22H22N2O4
F0616-0002,C18H15F3N2O2S
F6496-3988,C21H20FN3O3
F3394-0260,C20H17NO5S
F5596-1300,C20H24N4O4
F5981-0263,C16H17F3N4O4
F5558-0221,C21H21N7O
F6288-0661,C18H19N3O5S
F6503-4692,C22H22N4O3
F6679-2524,C18H18BrFN2O2
F6473-4195,C22H20FN3O3
F6415-1092,C18H18FNO4S2
F2902-1021,C18H20N8O3
F6559-0642,C20H19ClN4O3
F2646-0631,C19H16N2O4S2
F5469-0065,C20H22N2O5S
F6786-7605,C19H19F3N6O
F3352-0006,C25H30N2O3
F6660-6440,C20H16FN5O2S
F0541-0114,C22H25N3O3S
F6786-6526,C20H19FN4O3S
F6556-8996,C17H14F3NO2S3
F2015-0065,C23H21N3O5
F5030-0532,C22H19FN4O2S
F5461-1099,C19H21Cl2N3O2S
F6668-2894,C20H21BrN4O2
F2325-0165,C20H18ClN3O4S
F3166-0625,C20H22N2O5S2
F3228-0176,C24H20ClNO5
F6512-7911,C19H25ClN4O4S
F6497-0375,C22H22FN3O4S
F3227-1121,C25H22N2O4S
F2018-7547,C24H27N5O2S
F2669-0113,C27H28N2O3S
F0508-5069,C25H23N5O3S
F3382-1792,C27H23N3O4S
