# All user editable compound information in the PCDL Manager compounds tab can be imported
# A minimum of formula or mass plus one identifier must be populated for compound import (recommended is formula and at least one other identifier, see examples)
# Multiple synonyms can be entered into the Synonyms column when separated by ';' (e.g. L-Isoleucine; 2-Amino-3-methylvaleric acid)
# All compounds will be assumed to be of a neutral ion type, unless a 1 is entered in the Cation or Anion column
Name,Formula
F6608-1252,C13H18N2OS
F2799-0021,C14H13N3O2
F6543-5014,C14H14FN3O
F1912-0096,C13H22N6
F6672-1739,C16H18N4
F6619-2111,C16H18N2O2
F6494-0279,C15H19N3O2
F6200-1444,C16H24N2O2
F6556-6154,C16H29N3O
F6218-0029,C14H10FN5O
F3139-1291,C16H11ClO3
F6541-3947,C10H13BrN2OS
F5831-9207,C15H15FN2OS
F6244-0145,C19H20N2O
F6554-5999,C13H17N3O3S
F6445-6639,C18H19NOS
F6724-3094,C15H17N5S
F5526-0381,C15H18F3NO2
F6031-1801,C16H21N3OS
F6437-0057,C14H15FN4OS
F1913-0026,C16H24N2O2S
F0266-5592,C14H18BrNO2
F6577-0652,C12H12ClN3O3S
F6571-6152,C12H14BrNO2S
F3386-4965,C20H32N2O
F6791-7939,C15H19FN6O
F6672-1301,C16H21ClN4O
F6573-1529,C13H18N6O2S
F6275-0322,C12H15F3N2O3S
F6808-5944,C17H19N5O2
F2929-0024,C17H17N3O2S
F6491-2673,C16H20N6O2
F6473-4323,C17H18N2O3S
F6786-6035,C18H25N3O3
F6525-1990,C18H15N5O2
F5882-0900,C15H11Cl2N3O2
F1899-2163,C17H16N6S
F6713-6117,C16H18F3N5
F6436-3013,C14H14BrNO2S
F5796-1589,C15H17FN2O4S
F6481-3691,C18H19N3O2S
F0894-0139,C21H18N4O
F5860-2479,C20H22FNO3
F6577-3371,C13H13F2N3O4S
F1524-0390,C18H19ClN2O3
F6812-5331,C17H16F3N5
F6400-0560,C19H28N2O2S
F6574-1744,C18H14N4O2S
F6389-1852,C19H21N5O2
F6240-4928,C19H19N3O2S
F5823-0829,C21H30N4O
F5033-2896,C16H24N2O5S
F6481-3692,C18H18N2O4S
F6677-3833,C12H11BrCl2N4
F3342-0126,C22H23N3O2
F3230-0016,C18H22ClN3O3
F5854-3063,C16H19N3O3S2
F6480-2919,C20H22N4O3
F6401-0016,C18H19F3N2OS
F6359-5483,C21H27N3O3
F5854-3904,C20H22ClN3O2
F2871-0055,C18H16ClN3O4
F6573-9368,C22H22N4O2
F6506-0507,C22H20N2O4
F6709-4242,C14H13F3N2O3S2
F6612-0073,C16H21N5O4S
F5243-1138,C14H12BrN3O3S
F6523-3254,C20H19FN4O3
F6480-4393,C14H17BrN4O4
F6764-4044,C19H23N5O2S
F6506-2254,C20H21NO3S2
F6796-9234,C19H22ClFN6
F6524-1661,C17H19BrN4O2
F6353-6476,C19H22FN3O3S
F6619-7081,C21H28N8
F6452-0195,C19H23FN2O4S
F6111-0627,C23H29N3O3
F6525-1985,C23H19N5O2
F3406-7782,C19H18ClN5O3
F2324-0251,C20H20FN3O3S
F6782-5985,C23H21N3O4
F6456-0801,C23H27N5O2
F1018-1698,C22H20N2O4S
F3398-1270,C22H23FN4OS
F2375-0255,C18H15ClF3N3O3
F6390-3252,C23H29NO4S
F0265-0913,C21H23FN2O4S
F2574-0095,C19H20ClN3O4S
F2865-1389,C21H25N7O3
F6473-8449,C17H18BrNO5S
F6761-2419,C25H27N5O2
F6674-5317,C21H28N4O6
F6479-3406,C14H14BrClN2O3S2
F6796-4039,C21H29F3N6O
F6237-3964,C19H19BrN6O2
F2047-0095,C22H23NO5S2
F3194-0078,C23H20N4O2S2
F0654-0292,C23H29N5O3S
F3307-0105,C19H17ClN2O4S3
F3167-1387,C21H21ClN2O7S
