# All user editable compound information in the PCDL Manager compounds tab can be imported
# A minimum of formula or mass plus one identifier must be populated for compound import (recommended is formula and at least one other identifier, see examples)
# Multiple synonyms can be entered into the Synonyms column when separated by ';' (e.g. L-Isoleucine; 2-Amino-3-methylvaleric acid)
# All compounds will be assumed to be of a neutral ion type, unless a 1 is entered in the Cation or Anion column
Name,Formula
F3375-1258,C12H10ClNO3
F6609-7138,C15H17N3O
F5791-2689,C14H17N3O2
F6572-1381,C13H14ClN3O
F6561-4637,C13H14ClNOS
F6752-8488,C14H26N2O3
F6574-1140,C16H23N3O
F6522-0525,C14H15NOS2
F0647-0303,C13H16N2O3S
F6796-9516,C14H13N5O2
F6724-3363,C14H14N4OS
F6512-0892,C14H10F2N4O
F6549-3186,C14H15FN4O2
F1916-5384,C13H12BrNO2
F5490-1283,C17H17N3O2
F6550-2970,C18H19NO3
F6156-0630,C18H18FNO2
F5831-3143,C21H19NO
F6190-1108,C18H25NO3
F1757-0386,C19H15FN2O
F6553-0492,C15H13ClFNOS
F6439-7383,C15H13N5OS
F1736-0892,C17H15NO3S
F3407-4538,C14H13N5O2S
F5772-8960,C15H15N3OS2
F5033-0316,C19H27FN2O
F6549-2778,C19H20N4O
F6756-2714,C18H18N4O2
F6507-5892,C16H18ClFN2O2
F6658-5783,C18H23N5O
F6472-7255,C16H17N5OS
F6448-1395,C18H24N4O2
F6520-5385,C16H18N4O2S
F5893-0528,C16H13ClN2O2S
F3386-2686,C18H23NO3S
F6442-4210,C18H13N3O2S
F1143-1840,C20H20N2OS
F6440-2678,C15H23N5O2S
F6414-2092,C16H15ClFNO2S
F6489-0807,C17H16N4O2S
F3385-2405,C19H19NO5
F6473-8522,C19H22N2O4
F6574-1166,C19H25N3OS
F6525-1192,C16H13ClFN5O
F6438-1746,C17H19ClN4O2
F6446-0715,C18H22FN3OS
F6677-3828,C13H12BrN5S
F6685-8875,C15H18ClF3N2O2
F0585-0476,C21H25N3O2
F6727-8475,C18H16FN5O2
F6573-7813,C15H12F3N3O2S
F6244-3513,C20H24N2O2S
F5857-6779,C16H17F3N2O4
F6799-8727,C16H16N4O2S2
F6522-1190,C15H11BrN2O2S
F6656-1532,C21H21N3O3
F0682-0297,C19H16FN5S
F6561-2142,C22H26N2O3
F5259-0087,C19H20N4O2S
F6752-5306,C14H19BrN4OS
F5501-0110,C15H25N5O4S
F6443-6862,C17H19N5OS2
F6617-4532,C22H34N2O3
F6245-5230,C18H24N4O3S
F6200-3249,C18H19ClN2O3S
F5090-2617,C20H21N5OS
F6573-7161,C16H16ClN3O4S
F3023-0799,C21H22N2O5
F3374-0760,C20H17ClN2O4
F6786-6494,C21H24FN3O3
F1874-0025,C21H17N5OS
F6811-1652,C20H20N8O
F6439-4786,C15H17F3N4O3S
F6571-1002,C20H20F3N3O2
F5327-0158,C18H20BrNO4
F6400-0450,C20H27ClN2O2S
F6225-1039,C15H17ClN6OS2
F6713-1914,C19H23N7OS
F6458-0304,C18H18FN7OS
F6481-0041,C25H23NO2S
F6573-1818,C21H21N7O2
F3222-4528,C18H18N2O5S2
F8890-3816,C21H20N4O5
F5632-0090,C21H23FN6O2
F0837-0143,C24H19N3O2S
F6436-1878,C20H21BrN2OS
F6795-5558,C18H25F3N4O2S
F1873-1948,C21H19N5O3S
F5040-0426,C19H17BrN6O
F2730-0513,C21H21N3O3S2
F3406-6039,C18H18ClF3N4OS
F6253-4580,C21H20ClNO5S
F0526-2254,C23H20N2O5S
F1768-0098,C22H21N3O3S2
F1636-0004,C19H26N2O6S2
F3398-2751,C22H24FN3O4S
F6411-1071,C21H25ClN4O5
F2319-0037,C22H28N6O3S
F8890-3381,C27H28N6O2
F1724-0531,C20H24BrN3O4S
