# All user editable compound information in the PCDL Manager compounds tab can be imported
# A minimum of formula or mass plus one identifier must be populated for compound import (recommended is formula and at least one other identifier, see examples)
# Multiple synonyms can be entered into the Synonyms column when separated by ';' (e.g. L-Isoleucine; 2-Amino-3-methylvaleric acid)
# All compounds will be assumed to be of a neutral ion type, unless a 1 is entered in the Cation or Anion column
Name,Formula
F6435-0308,C11H14N2O3S
F5868-0112,C13H14N4O2
F6789-0468,C15H23N3O
F6478-0773,C13H19N3O3
F6671-4009,C13H15N7
F1913-0025,C17H24N2O
F3099-3615,C17H25NO2
F6730-5042,C13H11ClFN3O
F6561-2138,C13H18N2O3S
F1405-0194,C18H11N3O
F3230-0275,C15H17N3O3
F6546-1702,C15H19N3OS
F2135-1624,C15H13ClO2S
F6442-5783,C15H22N2O2S
F6743-8019,C14H24N4OS
F6673-4912,C16H22N6
F6420-0073,C12H12ClNO2S2
F6127-0099,C13H15Cl2NO3
F2382-0203,C15H19N3O2S
F6555-6554,C14H13FN2O3S
F1187-0117,C18H18N2OS
F6550-4970,C16H16N4O3
F6559-3259,C14H14N6O3
F6433-0279,C17H12N6O
F6200-4413,C16H18N2O3S
F5897-0242,C17H12N4OS
F6384-0661,C20H23N3O
F6764-3370,C17H17N5O2
F6395-4071,C16H20ClNO4
F6222-0228,C18H22N4O2
F5860-2775,C16H16N4O2S
F6787-1368,C17H20FN5O
F6791-6725,C16H15F2N5O
F6573-1588,C14H12ClN5OS
F6360-9203,C19H18N4O2
F5033-2850,C12H17ClN2O3S2
F5505-0072,C18H15N3O4
F6503-5049,C15H22N4O3S
F6813-0240,C18H21N5O2
F6577-1890,C14H16ClN3O3S
F5857-0992,C15H19FN2O4S
F6796-0702,C17H18ClN5O
F6808-2797,C19H24N2O2S
F6795-1680,C18H24FN5O
F6677-1075,C17H22BrN3
F6525-7632,C18H16N6O2
F6440-4592,C16H23N5O2S
F6685-9114,C17H22ClN3OS
F6619-6826,C18H24N8
F1174-2612,C23H18N2O2
F6481-3780,C16H15F3N2O2S
F6471-1235,C16H27N3O4S
F2947-1183,C18H21N3O3S
F2752-0425,C18H14F3N3O2
F0586-0482,C17H17NO4S2
F6037-0771,C21H24N4O2
F6454-0748,C16H19ClF4N2O
F0745-0828,C21H25N3O3
F5854-1983,C20H20FN3OS
F6608-2287,C15H15ClFN3O3S
F3382-7026,C19H24N4O2S
F5791-0788,C21H18N4OS
F6471-1262,C13H17BrN2O4S
F6727-8056,C20H19N5O3
F6240-4807,C16H18BrN3O3
F6064-1247,C20H20N4O4
F0537-0811,C19H14N2O3S2
F5729-0927,C21H22FN3OS
F6480-5156,C15H20ClN5O3S
F5871-2205,C20H26N4O2S
F6471-1154,C17H22ClFN2O3S
F6438-2569,C19H24ClN5O2
F6525-8007,C16H17ClF3N3OS
F1800-0113,C19H24N2O5S
F6523-3052,C16H15BrN2O3S
F6178-6926,C19H20F3N3O3
F6609-3733,C18H17ClFNO6
F6178-4982,C22H27ClN4O
F1596-0127,C25H24N2O3
F6679-2488,C17H14BrN3O2S
F6806-6931,C17H19ClF3N3O3
F6178-0880,C19H20F3N5O2
F6656-2837,C24H31N3O3
F2898-0803,C22H24N2O2S2
F5480-0031,C15H18BrN3O4S
F6443-5298,C24H23N3O4
F6359-0420,C21H19F3N2O4
F6276-1321,C21H17N3O3S2
F3398-0222,C21H18N2O4S2
F6435-8996,C18H20ClNO5S2
F6608-4043,C25H29N5O2
F6469-2068,C22H18BrN3O2
F3225-2591,C21H15ClN4O3S
F2077-0545,C20H20BrN5O2
F6734-1206,C21H25BrN4O2
F0733-0057,C24H18FN3O3S
F2637-0076,C24H28N4O3S
F0018-0492,C25H21ClN2O5
F0653-0264,C25H28N6O2S
F2264-0133,C26H23N3O3S2
