# All user editable compound information in the PCDL Manager compounds tab can be imported
# A minimum of formula or mass plus one identifier must be populated for compound import (recommended is formula and at least one other identifier, see examples)
# Multiple synonyms can be entered into the Synonyms column when separated by ';' (e.g. L-Isoleucine; 2-Amino-3-methylvaleric acid)
# All compounds will be assumed to be of a neutral ion type, unless a 1 is entered in the Cation or Anion column
Name,Formula
F6571-2378,C13H19NO4
F9995-0933,C10H11BrO3
F6789-0600,C14H16FN3O
F6573-2592,C12H15N3O2S
F2203-0020,C13H11N5O2
F6492-0404,C14H16N4O2
F6754-8656,C14H17N3O3
F6608-1755,C15H19FN2O2
F0346-0520,C16H31N3O
F5773-2058,C13H7N3O3S
F6200-3485,C16H17NO2S
F6554-8460,C13H15N5OS
F6443-6639,C15H21N3OS
F0854-0078,C16H14N4O2
F6395-4015,C14H20N2O5
F5600-0194,C16H18N4O2
F2616-1086,C16H20N4O2
F5016-1299,C16H22N4O2
F8890-1248,C16H11N5O2
F5957-0130,C19H21N3O
F1371-0402,C15H13F3N2O2
F6502-0159,C16H16N4OS
F5504-0047,C16H14N2O5
F3165-0941,C17H17ClN2S
F5882-5949,C14H14N4OS2
F6089-9769,C16H25N5O2
F6733-1317,C16H20FN3O3
F6279-0289,C18H17N3O3
F6445-6744,C17H15N3O2S
F6802-9935,C16H18N6O2
F6404-4973,C17H16N2O3S
F6125-3658,C16H19N5O3
F6539-2085,C13H21N3O3S2
F6529-6805,C17H24N4O3
F6685-9087,C16H19ClN4O2
F8890-1332,C19H21N5O
F6481-3712,C15H19N3O2S2
F6796-3698,C17H15FN6O
F6521-7452,C19H21N3O3
F6381-4231,C21H25FN2O
F6469-1082,C18H15FN2O2S
F6441-5535,C19H21NOS2
F6558-0365,C16H19F3N2O3
F6474-8570,C18H23N3O4
F5939-0963,C16H14FN3O3S
F6515-2899,C17H18ClFN4O
F6244-3045,C17H23N3O3S
F5481-0363,C18H14FN5S
F6554-0864,C20H21FN4O
F6563-0169,C18H18N4O2S
F6605-5193,C19H25N5O2
F6411-4384,C22H19N3O2
F6672-0472,C18H22BrN3
F6258-3043,C14H14F3N3O3S
F6247-0237,C16H14BrNO2S
F5854-0330,C22H21FN2O2
F6668-2873,C15H19BrN4O2
F1905-9016,C20H21N3O4
F6469-2997,C19H19N3O3S
F6480-6767,C20H26N4O3
F6680-2678,C16H19F3N4O3
F6275-0020,C16H17F3N2O3S
F6796-3765,C20H21N7O
F6504-1135,C20H19N5OS
F2072-0025,C21H26N6O
F6562-1875,C20H20N4O2S
F5831-8405,C21H24FN5O
F3407-4804,C20H21N3O3S
F6472-0951,C14H18F3NO4S2
F6523-1940,C18H22N6O2S
F3398-5562,C18H14ClFN4O3
F2758-0353,C21H19N5O3
F6660-1189,C14H9BrF3NO4
F5834-2849,C22H20N2O3S
F6438-2491,C18H27N5O3S
F2881-1296,C21H18FN3O4
F3314-0119,C25H36N2O2
F2758-0596,C20H22N4O5
F0827-0002,C24H20N2O4
F6514-6738,C22H22N6O2
F6559-3424,C16H16BrN5O3
F0473-0320,C22H21N3O3S
F3167-0009,C22H23N3O5
F3222-2224,C20H17ClN4O2S
F2672-0481,C22H27ClN4O2
F6473-4105,C20H23N3O5S
F6481-2900,C20H18F2N2O2S2
F6670-4621,C23H26N4O4
F6670-6501,C22H24FN5O3
F6605-3369,C19H24N8O2S
F2967-0213,C22H26FN3O3S
F2337-0112,C23H26N6OS
F3407-2813,C24H27N3O3S
F6454-0983,C21H27F3N4O3
F6656-3937,C28H33N3O2
F5226-2261,C26H30N4O3
F2775-1290,C24H25N3O4S
F1874-0507,C20H13F4N5O2S
F3395-0289,C25H28F3N3O3
F6175-1152,C26H29N7OS
