# All user editable compound information in the PCDL Manager compounds tab can be imported
# A minimum of formula or mass plus one identifier must be populated for compound import (recommended is formula and at least one other identifier, see examples)
# Multiple synonyms can be entered into the Synonyms column when separated by ';' (e.g. L-Isoleucine; 2-Amino-3-methylvaleric acid)
# All compounds will be assumed to be of a neutral ion type, unless a 1 is entered in the Cation or Anion column
Name,Formula
F6663-5631,C16H17N3
F0405-0036,C18H12N2
F6494-0247,C12H12N4O3
F6452-2091,C16H25NO2
F6540-2391,C13H21N3O3
F6550-2928,C16H17NO3
F6221-0075,C12H14N6O2
F0725-0360,C17H15N3O
F6675-8750,C15H16N6
F6754-9287,C17H21N3O
F5318-0471,C16H18N2O3
F5937-0191,C16H20N2OS
F6752-4306,C16H22N2O3
F6471-2925,C15H19NO3S
F5831-6839,C15H25N3O3
F6677-2248,C18H23N3O
F6802-7415,C14H25N3O4
F6125-2749,C12H15ClN2O3S
F6404-4721,C15H16N2O5
F6743-8080,C16H26N4O2
F6573-8928,C17H15N3O3
F6549-6989,C17H17N3O3
F6524-0073,C15H15N5O3
F5833-7031,C16H17N3O4
F2867-0220,C16H19N3O2S
F6559-1537,C15H17ClF3NO
F3385-3320,C16H10F3NO3
F6571-2666,C17H26N2O4
F6672-1094,C15H21ClN4O2
F6515-0720,C16H14N4O2S
F6619-5922,C13H16F3N7
F5791-0978,C16H15N3OS2
F6472-7253,C17H22N4OS
F5831-9232,C18H18ClFN2O
F6808-6037,C21H23N3O
F5836-0005,C19H14FN3O2
F6617-3913,C19H20N4O2
F2556-0073,C14H14N2O4S2
F6562-8881,C18H17N3O2S
F6448-2311,C16H16N6O3
F6222-0263,C17H19N5O3
F6656-3215,C19H26N4O2
F1696-0203,C14H17ClN2O4S
F6414-3606,C17H19N3O3S
F6478-3723,C17H19FN4O3
F6523-0976,C18H25N3O4
F6451-2741,C18H20ClNO2S
F6439-4321,C19H18N4O3
F6515-0603,C19H16N2O3S
F6400-1547,C17H24FN3O2S
F6796-8649,C15H16F3N5S
F6482-5480,C16H12BrN3O2
F6753-1248,C17H21F3N2O3
F6356-1303,C19H21ClN2O3
F6516-1542,C21H18N2O2S
F1813-0292,C16H10Cl2N2O2S
F6452-0294,C19H24FNO3S
F6752-4464,C16H18ClN3O3S
F6562-9035,C20H24N4OS
F3294-0361,C20H19ClN2O3
F2960-0039,C12H6BrClN2OS2
F6573-4274,C19H20FN3O4
F6713-0328,C18H22BrN3O
F6761-7536,C22H24N4O2
F2724-0359,C21H19ClN4O
F5082-0178,C21H22FN5O
F6276-1691,C20H19N3O3S
F0649-0468,C22H26N2O4
F0763-0018,C24H20N2OS
F6523-2857,C15H13F3N4O3S
F6713-5241,C18H16F3N7
F6571-4376,C16H17Cl2NO4S
F3411-3482,C21H18N4O4
F6676-2510,C21H24F3N3O
F1882-1342,C21H19N3O3S
F6562-4134,C21H23FN6O
F5599-0738,C20H20N4O3S
F6608-3743,C24H35N3O2
F6166-0130,C23H21N5O2
F3406-8920,C16H10ClF3N2O3S
F6412-1872,C20H15F3N2O4
F6574-1651,C22H22N4O2S
F6411-1533,C21H24N6O3
F6670-4842,C21H22BrN3O
F2589-1314,C24H23N5O2
F6286-0881,C21H19F3N4O2
F1142-6798,C19H18ClN3O2S2
F5607-0206,C21H23N7O3
F8890-3678,C22H21FN4O4
F6503-3864,C23H26ClN3O3
F5257-0467,C24H22N4O4
F3394-1026,C21H27N3O5S
F0696-4754,C22H24N6O4
F6247-1018,C26H25N5O2
F5622-0030,C27H26N2O4
F5253-0595,C23H31N3O4S
F0698-0414,C20H20ClN3O3S2
F3406-3289,C23H21F3N4O3
F3411-4860,C20H17ClF3N3O3S
F5481-2149,C24H30N6O3S
