# All user editable compound information in the PCDL Manager compounds tab can be imported
# A minimum of formula or mass plus one identifier must be populated for compound import (recommended is formula and at least one other identifier, see examples)
# Multiple synonyms can be entered into the Synonyms column when separated by ';' (e.g. L-Isoleucine; 2-Amino-3-methylvaleric acid)
# All compounds will be assumed to be of a neutral ion type, unless a 1 is entered in the Cation or Anion column
Name,Formula
F6537-3124,C15H12N2O2
F6660-3950,C16H20N2O
F6540-6682,C15H20N2S
F6471-3613,C13H16N2O2S
F6420-0341,C12H16N2O3S
F6472-0517,C14H25NO2S
F5831-9377,C16H22N2O2
F6573-3452,C13H19N5O2
F3394-1103,C15H11N3OS
F2493-2212,C13H11F3N2O2
F3406-9632,C15H18N4O2
F6612-0003,C15H20N4O2
F3098-0006,C15H14ClNO3
F9995-1076,C14H19N3O4
F6755-5874,C14H17ClN2OS
F5893-0264,C16H14N2O2S
F6502-5898,C15H13ClN4O
F0920-2315,C15H14N2O5
F5823-0671,C15H20N4OS
F6275-0168,C13H16F3NO2S
F6482-2177,C16H23NO3S
F1764-0017,C19H21NO3
F6492-0491,C17H19N3O3
F6556-6232,C17H21N3OS
F6786-5695,C15H19N5OS
F6443-6560,C16H18FN3OS
F6485-1396,C15H16FN3O2S
F6477-5321,C14H11F2N3O2S
F6660-4471,C18H20N4O2
F2862-0098,C18H18N2O2S
F6143-0127,C16H18FN7
F6743-6282,C14H20ClN3O2S
F6471-5158,C17H22N4O3
F6799-8719,C16H20N4O2S
F6801-7955,C15H15BrN2O2
F6353-6295,C16H21N3O3S
F6125-0403,C21H24N2O2
F5854-4916,C16H19ClN2O2S
F6445-1511,C17H17N5OS
F6031-0655,C19H20N2O4
F6479-6118,C19H23N3O3
F6745-1716,C15H14BrN5
F6775-2418,C14H15F3N4OS
F6524-6071,C16H19N5O2S
F6562-4082,C16H22N6OS
F6553-7113,C16H13ClN2O3S
F6390-2652,C18H20ClNO4
F1441-0030,C18H26N2O3S
F6524-0994,C18H16N4O4
F3386-4021,C19H31NO3S
F5319-1784,C17H17N5O4
F2209-0077,C19H16ClNO4
F6805-3646,C19H23FN4O2
F6805-9166,C19H24N2O3S
F6676-0583,C18H17F3N4O
F6276-0551,C19H16N4O2S
F6571-2877,C19H27NO4S
F6571-2499,C15H20F3NO4S
F6783-5844,C18H24N8O
F6481-2150,C20H22N2O3S
F6764-1516,C18H17ClN4OS
F6374-5483,C21H27NO3S
F3349-0019,C20H17N5OS
F6517-2792,C18H16FNO3S2
F6726-1700,C18H23ClN4O3
F5854-2599,C17H14Cl2N2O2S
F6473-4093,C20H19N3O5
F6554-1192,C15H18BrN3O2S
F6245-0036,C20H21FN4O3
F3411-8424,C20H19ClN2O4
F6446-0115,C20H25N3O3S
F0866-0151,C21H15N3O3S
F2029-0800,C22H22N4OS
F6443-1625,C21H33N3O4
F2213-0411,C21H19N3O5
F2984-0183,C17H18BrNO3S
F5967-0095,C22H24N2O3S
F2036-0255,C18H17F3N2O3S
F0918-5838,C22H29N3O4
F6658-1862,C17H18N6O2S2
F6374-0093,C21H25ClN2O2S
F3406-3215,C23H23FN4O2
F5516-0008,C17H14F3N5S2
F6469-1761,C23H17N5O3
F6481-1012,C19H18ClF3N2OS
F5527-0081,C24H24N4O3
F5631-0019,C16H20F3N5O3S
F6617-2830,C21H15ClN4O4
F5614-0267,C23H28N4O2S
F5782-0379,C26H29N5O
F5558-0407,C23H26N8O
F6438-3859,C23H27N7O2
F6802-8079,C16H19BrF3N3OS
F2385-0182,C23H21ClN2O3S
F6178-5809,C21H22BrN3O3
F5097-2851,C21H23BrN2O4
F6436-2627,C24H23N3O4S
F5033-7811,C27H26FN3O3
F0739-0014,C23H28N4O3S2
F0843-0009,C26H20N4O4S
