# All user editable compound information in the PCDL Manager compounds tab can be imported
# A minimum of formula or mass plus one identifier must be populated for compound import (recommended is formula and at least one other identifier, see examples)
# Multiple synonyms can be entered into the Synonyms column when separated by ';' (e.g. L-Isoleucine; 2-Amino-3-methylvaleric acid)
# All compounds will be assumed to be of a neutral ion type, unless a 1 is entered in the Cation or Anion column
Name,Formula
F6540-1080,C10H12BrN3
F6667-8791,C13H14F3NO
F1917-9692,C12H14F3NS
F6558-0378,C13H20N4O2
F6807-6361,C17H20N2O
F5860-3965,C13H12N4OS
F5854-4064,C15H17NO2S
F5773-1755,C12H14N4O2S
F6215-0051,C16H15N3O2
F6480-2543,C15H16N4O2
F0326-1090,C11H8F3N3OS
F2616-0923,C14H12ClN3O2
F6519-4352,C14H17N3O2S
F0097-0076,C13H11ClN2S2
F5658-0051,C17H16N2O3
F5857-6435,C14H19ClN2O3
F6215-0022,C16H16N2O4
F6672-1329,C16H19ClN4
F6031-1310,C16H24N4O2
F6502-9053,C15H18FN3OS
F1249-0009,C17H27NO2S
F6672-0451,C19H25N3O
F6440-3941,C18H23N3O2
F6807-6927,C16H21N5O2
F6549-4841,C17H23N3OS
F6730-0202,C18H17N5O
F6519-7967,C15H19N3O3S
F8890-7420,C14H17N3O4S
F6755-5778,C12H12BrN3OS
F6560-2677,C16H15FN6O
F6676-1386,C18H25N5O
F5686-0450,C17H19N3O2S
F2758-0066,C16H11ClFN3O2
F6619-6703,C17H16N8
F5069-0261,C15H15FN4O2S
F6560-8763,C19H20F3NO
F6679-2878,C13H16BrN5O
F3375-2708,C19H18N2O2S
F6233-0092,C17H17N5O3
F6440-3997,C15H24N4O3S
F6228-0690,C19H27N5O
F6261-0419,C17H17N3OS2
F6556-0984,C18H20N2O3S
F6089-6662,C18H20FN3O3
F6464-0015,C20H30N2O3
F6237-2853,C15H11F3N6O
F6448-1254,C17H20FN3O2S
F6518-2214,C15H14BrNO2S
F3385-1159,C20H20N2O4
F1787-0369,C15H13F3N4OS
F3406-7220,C19H21N3O4
F2227-0106,C19H14F3N3O
F6520-1118,C18H17NOS3
F6443-7895,C22H24N4O
F0006-0400,C20H19FN6
F6796-8964,C16H15F3N6O
F6525-1769,C19H23N7O
F5775-0046,C20H18FN3O3
F6680-2722,C16H14F3N3O2S
F2774-0067,C19H22N4O4
F2640-0436,C19H20N2O4S
F0600-0054,C12H5BrF2N2OS2
F5871-0878,C19H22FN3O2S
F2743-1278,C18H14F3N3O3
F6524-3972,C21H22N4O3
F6510-1922,C16H17FN4O4S
F6786-6516,C20H20FN5O2
F6374-5644,C18H22FNO3S2
F6255-0575,C24H24N4O
F6562-8285,C20H22N2O4S
F5308-0276,C21H29N3O2S
F0636-0064,C22H19N3O2S
F6521-7579,C19H26N4O3S
F6517-4878,C19H15F3N2O2S
F6367-0487,C21H23N5OS
F9995-0441,C18H21NO5S2
F6524-1217,C20H24N6OS
F6443-8088,C19H21F3N2O2S
F5097-2535,C18H16F4N2O2S
F2407-0692,C21H23FN2O3S
F6353-3293,C21H28N2O4S
F6478-1894,C17H18BrN3O2S
F6374-1569,C18H23N3O4S2
F3407-3805,C22H25N3O5
F6374-1528,C17H26N4O4S2
F5254-0275,C20H17ClFN3O2S
F6809-7988,C19H20F3N7O
F3398-0727,C22H22N4O3S
F6369-0469,C19H18F3N3O3S
F2805-1643,C20H20N4O5S
F3168-0165,C21H22ClN3O3S
F2337-0238,C19H23ClN6O2S
F5689-0063,C22H20ClN5O3
F3411-6567,C25H20N4O4
F6246-3541,C22H23ClFN5O2
F5016-3342,C22H24ClFN4O3
F5190-1868,C16H14BrF3N2O3S
F0745-0675,C25H23N3O4S
F3385-5471,C22H19BrO7
F1298-0203,C20H20Cl2N2O6S
