# All user editable compound information in the PCDL Manager compounds tab can be imported
# A minimum of formula or mass plus one identifier must be populated for compound import (recommended is formula and at least one other identifier, see examples)
# Multiple synonyms can be entered into the Synonyms column when separated by ';' (e.g. L-Isoleucine; 2-Amino-3-methylvaleric acid)
# All compounds will be assumed to be of a neutral ion type, unless a 1 is entered in the Cation or Anion column
Name,Formula
F3382-7097,C14H11N3O2
F6560-2300,C13H15N5O
F6608-1595,C12H14F3NO2
F5526-0122,C13H12FNO2S
F6724-3531,C11H12ClN3OS
F5854-0841,C15H16N2OS
F0187-0005,C14H17N3OS
F2879-2874,C14H18N2O2S
F6562-5749,C15H23NO2S
F6561-1168,C17H20N2O2
F2450-0169,C14H13N3O2S
F6125-2352,C14H15N3O2S
F6513-5576,C15H15F2N3O
F3394-1281,C17H14N2OS
F6482-6628,C16H16N4O2
F6554-6027,C17H18N2O3
F6561-3597,C17H20N2OS
F5597-0121,C12H22N4O3S
F6240-7260,C13H9ClFN5O
F6573-3373,C15H18FN3O3
F6445-7153,C14H12ClFN2O3
F6471-7614,C14H11F3N2O3
F0908-1515,C16H8F2N2OS
F6560-4974,C17H25N5O
F6791-7991,C16H23N5O2
F6356-0674,C21H21NO2
F6799-8677,C14H19N5O2S
F6554-4283,C18H14FN3O2
F6480-5659,C13H15N3O3S2
F6024-0399,C17H18N4O3
F1999-0015,C14H11F3N2O2S
F5833-1223,C16H19N5OS
F5883-0649,C16H14FN3O2S
F6775-2475,C15H20N6O3
F6230-0321,C16H13F3N4O
F6475-6452,C20H21N3O2
F6519-6036,C12H14F3N3O3S
F6561-5798,C18H18N4OS
F6573-1827,C16H17N7O2
F6753-2117,C16H22F2N4O2
F6670-7225,C16H15BrN4
F6245-0152,C15H13F4N3O2
F6561-1452,C20H16N4O2
F6788-3825,C16H17F2N7
F6522-1158,C17H14FNO2S2
F6472-7319,C19H16N4OS
F5857-7045,C18H23NO4S
F1016-0399,C15H17ClF3NOS
F6252-8104,C19H20N4O3
F6514-7099,C16H20Cl2N4O
F0275-0087,C23H21N3O
F6754-6319,C19H20ClN3O2
F6252-1405,C17H14ClN3O4
F6439-7035,C14H12BrN5O2
F6451-3117,C20H27ClN2O2
F5851-0745,C14H20N8O2S
F6204-2702,C15H15BrN2O2S
F6506-0197,C21H21NO5
F6574-1642,C19H19N3OS2
F6508-1285,C21H26N2O2S
F6240-5172,C18H20N4O3S
F6261-4062,C17H15ClN4O2S
F1757-0251,C22H21N3O3
F0662-0146,C18H20ClN3O4
F5033-0951,C23H26N2OS
F6773-4248,C19H17ClN6O
F6549-8800,C21H23N3O4
F5381-0011,C16H21N3O6S
F6671-2895,C22H29FN4O
F5097-2759,C21H23ClN2O3
F3385-3909,C18H13BrO5
F6556-1957,C20H18F3N3O2
F5234-0136,C18H26N6O2S
F6441-2544,C19H21ClN2O3S
F6125-2206,C22H23N3O4
F6670-6968,C19H17N5O3S
F6245-4961,C20H24N6O3
F6529-2640,C20H22N4O3S
F6517-1457,C20H20N2O5S
F2269-0210,C24H22N2O4
F6726-0536,C21H24N8O
F5490-0086,C19H16F3N3O2S
F6567-8073,C21H20FN5OS
F5264-0649,C24H30FN3O2
F2477-0079,C20H23ClN6O2
F6418-0683,C24H19NO4S
F6438-2584,C20H29N5O3S
F6671-2945,C20H27ClN4O2S
F5229-0064,C22H23N3O4S
F8890-3778,C22H22ClFN4O2
F6571-0180,C21H25N3O3S2
F2391-0917,C21H26N2O6S
F6252-7845,C22H20FN5O4
F5979-0264,C20H23F3N4O4
F6496-3368,C26H25N3O4
F3309-0441,C25H23FN4O3
F2972-0594,C24H26N4O3S
F2391-0603,C21H19ClN2O4S2
F2296-0609,C24H30N2O6S
F0920-6638,C26H26N6O2S
