# All user editable compound information in the PCDL Manager compounds tab can be imported
# A minimum of formula or mass plus one identifier must be populated for compound import (recommended is formula and at least one other identifier, see examples)
# Multiple synonyms can be entered into the Synonyms column when separated by ';' (e.g. L-Isoleucine; 2-Amino-3-methylvaleric acid)
# All compounds will be assumed to be of a neutral ion type, unless a 1 is entered in the Cation or Anion column
Name,Formula
F6709-3718,C11H14N2O3S
F6494-0748,C13H14N4O2
F1912-1540,C14H23N5
F6512-1138,C13H19N3O3
F0911-3475,C17H19NO2
F6384-0448,C17H24N2O
F6266-0114,C17H25NO2
F6512-0205,C13H11ClFN3O
F0327-0111,C13H18N2O3S
F6512-0687,C15H12FN3O2
F5228-2055,C15H17N3O3
F6549-4456,C15H19N3OS
F6554-8466,C13H12N2O2S2
F6608-1136,C15H22N2O2S
F6752-7589,C14H24N4OS
F6619-3531,C16H22N6
F5105-0082,C12H12ClNO2S2
F1016-0128,C16H14ClNOS
F8890-1055,C15H19N3O2S
F6471-3558,C14H13FN2O3S
F6436-1905,C18H18N2OS
F6550-5112,C16H16N4O3
F3315-0069,C14H14N6O3
F6495-1898,C16H17ClN4O
F6487-1052,C16H18N2O3S
F5791-0146,C17H12N4OS
F0585-0856,C20H23N3O
F6381-0033,C17H17N5O2
F6559-6631,C15H12FN7O
F6604-7499,C18H22N4O2
F6439-5189,C16H16N4O2S
F6257-4632,C17H20FN5O
F5857-5133,C15H22FNO4S
F5061-0243,C14H12ClN5OS
F6312-0053,C19H18N4O2
F2496-3022,C15H10F2N2O3S
F6439-1366,C13H18F3N3O2S
F6513-1514,C15H22N4O3S
F6472-2748,C18H21N5O2
F6571-2329,C15H20BrNO3
F6559-7830,C15H22N2O3S2
F6809-1012,C17H18ClN5O
F6390-3144,C19H24N2O2S
F6788-2472,C18H27N5S
F6561-2243,C15H19F2NO4S
F6125-3666,C18H16N6O2
F6773-4758,C16H23N5O2S
F6617-6378,C20H15F2N3O
F6713-4727,C18H24N8
F2158-0600,C23H18N2O2
F5857-3471,C16H15F3N2O2S
F6796-4053,C17H23N7S
F5871-1705,C18H21N3O3S
F6573-9156,C18H14F3N3O2
F3406-3525,C17H15ClFN3OS
F6296-1220,C21H24N4O2
F6747-5739,C17H17F3N4S
F6014-0216,C21H25N3O3
F0919-6831,C20H20FN3OS
F0301-0167,C20H12ClF2NO2
F5498-0066,C19H24N4O2S
F0657-0084,C21H18N4OS
F2135-1328,C17H13ClN2O2S2
F5596-0432,C20H19N5O3
F6480-3069,C16H18BrN3O3
F6475-2010,C20H20N4O4
F6668-2877,C15H19BrN4OS
F2726-0544,C21H22FN3OS
F2569-0070,C20H19NO5S
F6473-1306,C20H26N4O2S
F6436-2682,C17H22ClFN2O3S
F6782-4990,C24H23NO4
F5788-3864,C18H15ClFN3O4
F6390-2683,C19H24N2O5S
F3386-2985,C16H15BrN2O3S
F6756-2678,C19H20F3N3O3
F6287-0692,C17H17F2N3O2S2
F5860-4141,C19H30N2O5S
F6359-5370,C25H24N2O3
F6482-6237,C17H14BrN3O2S
F5854-2825,C20H23NO4S2
F6240-5065,C21H21N5O4
F6619-3515,C22H31N7O
F5939-0477,C22H24N2O2S2
F6258-3013,C15H18BrN3O4S
F1243-0244,C24H23N3O4
F6089-5294,C24H21FN2O2S
F0652-0230,C19H19ClFN3O3S
F6469-1313,C19H15FN6OS2
F6557-1130,C18H20ClNO5S2
F2075-0253,C25H29N5O2
F6656-3649,C19H22BrN3O2S
F3386-4165,C19H23BrN2O3S
F6240-5037,C20H20BrN5O2
F5320-0337,C22H19ClF2N4O2
F0526-1719,C24H21N3O2S2
F2601-0034,C24H28N4O3S
F0745-0861,C23H20N4O5S
F5755-0134,C27H26F2N4O2
F2380-0327,C23H24FN3O4S2
