# All user editable compound information in the PCDL Manager compounds tab can be imported
# A minimum of formula or mass plus one identifier must be populated for compound import (recommended is formula and at least one other identifier, see examples)
# Multiple synonyms can be entered into the Synonyms column when separated by ';' (e.g. L-Isoleucine; 2-Amino-3-methylvaleric acid)
# All compounds will be assumed to be of a neutral ion type, unless a 1 is entered in the Cation or Anion column
Name,Formula
F6549-5229,C13H21N3O2
F6791-6535,C11H12N8
F6471-2557,C14H16N2OS
F6616-3115,C10H9BrN4
F6544-0826,C14H25N3O2
F0662-1433,C15H17N3O2
F6356-0859,C15H18N2O3
F5260-0487,C14H19N3OS
F1188-0145,C18H20N2O
F6539-2789,C14H25N3O3
F6554-8392,C13H22N2O3S
F6805-3207,C18H16N4
F6556-5609,C13H26N2O3S
F5094-0563,C17H15N3O2
F3162-0095,C11H9BrN2OS
F2130-0132,C11H8BrFN2O2
F6782-6739,C18H25N3O
F0647-0318,C16H12F2N2S
F6782-0692,C18H13FN4
F6723-5583,C11H9N5O2S2
F6525-7412,C14H19N3O3S
F6497-0842,C14H21N3O3S
F5834-1837,C17H16FN3O2
F6455-1236,C16H17N3O4
F2987-0042,C16H19N3O2S
F6451-0065,C17H18ClNO3
F3328-0148,C12H14F3N3O2S
F0405-2417,C21H26N2O
F6561-3281,C17H19F3N2O
F6549-6726,C13H15FN4O3S
F1673-3058,C19H21NO4
F1736-0732,C17H15NO4S
F6523-1846,C17H22N4OS
F5860-0069,C15H19F3N2OS
F6562-7596,C19H27NO4
F6559-2030,C16H18FN3O2S
F6454-2619,C18H25FN2OS
F6439-7552,C14H15ClN4O2S
F5882-1823,C18H17N3O2S
F6760-5956,C18H17FN4O2
F6472-2876,C17H19N5O3
F6513-1320,C19H26N4O2
F6204-0875,C17H16N2O2S2
F5126-0015,C17H19N3O3S
F6471-0893,C17H22N4O2S
F6089-7271,C20H29NO2S
F6442-1665,C15H18F3NO3S
F6802-9543,C16H22N4O3S
F5190-0412,C16H20N2O3S2
F6571-2789,C18H27NO4S
F2609-4340,C17H17N5O2S
F6445-1724,C14H16ClN3O2S2
F5033-2238,C19H23ClN4O
F2880-1780,C17H20N4O3S
F6805-7860,C16H13F3N6O
F6520-1526,C17H14F2N2OS2
F6564-7882,C19H19N5O3
F2558-0215,C20H17NO4S
F6414-1389,C21H24N2O4
F6564-2791,C18H18N4O3S
F0662-0979,C16H13BrN4O2
F2267-0031,C19H23N3O3S
F5882-5369,C18H15F2N3O4
F6438-3467,C21H24N6O
F6042-1174,C19H18N6OS
F6786-6009,C22H25N3O3
F6562-7790,C17H17F6NO2
F6484-0360,C21H26N4O3
F6252-6877,C18H20N6O2S
F6435-2631,C19H18N2O3S2
F3385-3720,C24H21NO4
F6609-4079,C17H12ClF4NO3
F6510-1189,C18H22N4O4S
F6802-6314,C20H29N3O3S
F6557-1557,C18H20FN3O4S
F6606-1303,C22H26N4O3
F6676-1135,C19H22F2N2O3S
F6679-2659,C18H15BrN4O2
F6788-9511,C20H25N5O2S
F1711-0101,C20H16Cl2N2O3
F6469-0677,C22H17FN4OS
F6792-1010,C17H20F2N8S
F6798-4310,C21H25FN8
F6709-0210,C18H22ClN3O4S
F2442-0488,C21H27N5O4
F5246-0502,C20H24N4O4S
F6442-2814,C19H18ClN3O4S
F3406-4911,C24H27N3O4
F2880-1856,C22H24N4O3S
F6363-0576,C23H21N7O2
F6523-0018,C21H21F3N6O
F5591-0409,C23H23N5O4
F6245-3451,C24H28N4O2S
F5033-7793,C25H30FN3O3
F6442-6897,C25H31FN2O2S
F6815-1644,C22H26F3N7
F3382-4706,C20H20FN3O4S2
F8890-1823,C26H26N4O4
F2099-0220,C26H21N3O4S
F3406-0552,C23H22ClN5O3S
