# All user editable compound information in the PCDL Manager compounds tab can be imported
# A minimum of formula or mass plus one identifier must be populated for compound import (recommended is formula and at least one other identifier, see examples)
# Multiple synonyms can be entered into the Synonyms column when separated by ';' (e.g. L-Isoleucine; 2-Amino-3-methylvaleric acid)
# All compounds will be assumed to be of a neutral ion type, unless a 1 is entered in the Cation or Anion column
Name,Formula
F2147-1761,C11H11ClN2O3
F6807-4772,C12H13F3N2O
F6807-5388,C16H23NO2
F6608-0752,C13H19N3OS
F6663-2211,C14H17F2NO2
F6724-1410,C15H20N4O
F6558-0385,C15H21N3O2
F5094-0543,C11H10BrN3O
F6471-2824,C14H13F3N2O
F6494-0971,C11H15N3O4S
F1201-0013,C16H17NO4
F1673-6508,C18H15N3O
F6744-6613,C16H25N3O2
F6724-0275,C18H18N2O2
F6515-4127,C17H20N4O
F6574-1440,C17H22N4O
F6676-1376,C17H24N4O
F6782-3817,C15H14BrNO
F6261-3604,C15H19N3O2S
F1228-0003,C13H12N2O3S2
F6435-1946,C13H18N4O3S
F5833-5251,C16H16N4O3
F6360-9315,C17H18N2O2S
F6755-7384,C12H20N4O2S2
F1346-0079,C15H15FN4OS
F2184-0195,C18H12N2O2S
F6471-2661,C21H23NO2
F6561-5853,C17H17N5O2
F6443-9822,C15H14F3N3O2
F6523-4683,C18H22N4O2
F6445-0557,C16H16N4O2S
F0848-0024,C19H23NO4
F6609-4094,C18H18FNO4
F3296-0269,C14H9Cl2N5O
F6441-0103,C17H22N2O3S
F6573-4934,C14H13BrN2OS
F5461-0040,C16H17F2N3OS
F6573-9003,C18H18N4O3
F6561-0724,C18H21N5O2
F6480-3720,C14H13ClFN3O2S
F6514-1905,C18H18N2O3S
F5854-0818,C18H15F2N3O2
F6573-2674,C14H24N4O4S
F6805-5280,C16H23N7O2
F6442-0819,C16H17N3O4S
F6390-3159,C18H21FN2O2S
F6564-2516,C19H19N5O2
F6436-3381,C17H21NO5S
F6753-2212,C19H26F2N2O2
F6257-1894,C18H18N4O4
F6680-2724,C14H11F3N4O2S
F6445-6180,C19H23N3O4
F0305-0013,C21H17N3O3
F6525-7087,C18H17ClFN3O2
F5833-5635,C17H15Cl2N3O2
F6549-9285,C22H24N2O3
F6549-3655,C15H18N4O5S
F6805-5610,C17H26ClN5O2
F6446-1543,C15H23N5O2S2
F0779-0490,C19H14ClNO3S
F6443-3632,C22H20N4O2
F6788-3449,C14H17F3N6OS
F6550-6355,C19H29N5O3
F6445-0674,C18H23N3O4S
F6419-0080,C18H15Cl2NO4
F6042-1039,C19H20N6OS
F0012-0480,C15H15BrN2O3S
F5882-7731,C19H21N5O2S
F6734-1287,C18H20BrN5
F6443-6252,C23H22N4O2
F5086-0066,C21H16N4O2S
F6529-1739,C19H23N3O6
F3234-0999,C17H15Cl2N5O2
F6473-8589,C22H20N2O5
F6475-4888,C20H31N3O5
F6475-7971,C20H21N5O2S
F6276-0354,C19H15N3O3S2
F5097-2783,C22H26N2O5
F5003-0518,C19H24N6O2S
F6246-4239,C22H34N4OS
F6734-0674,C19H20ClN3O3S
F6609-5276,C22H22ClN5O
F3305-0404,C23H28ClN5
F5547-0020,C21H15F3N4O2
F6619-6907,C23H26N8
F5999-0007,C23H23N5OS
F5461-1973,C22H20N4O3S
F2495-0144,C16H11F6N3O2S
F6261-4148,C18H16ClFN2O3S2
F3167-0996,C17H13ClFNO5S2
F6619-7832,C23H25N7O2
F6369-0504,C19H12F3N3O2S2
F6785-7383,C24H31N5O3
F3222-2967,C19H21Cl2N3O3S
F5089-1496,C21H21ClN4O3S
F6497-1438,C20H19Cl2N5O3
F2270-0188,C24H24N2O5S
F3398-3609,C21H13BrN4O2S
F6548-0970,C23H23F3N4O4
F3406-5485,C27H29ClN6O
