# All user editable compound information in the PCDL Manager compounds tab can be imported
# A minimum of formula or mass plus one identifier must be populated for compound import (recommended is formula and at least one other identifier, see examples)
# Multiple synonyms can be entered into the Synonyms column when separated by ';' (e.g. L-Isoleucine; 2-Amino-3-methylvaleric acid)
# All compounds will be assumed to be of a neutral ion type, unless a 1 is entered in the Cation or Anion column
Name,Formula
F6708-9976,C13H21N3O2
F0537-0533,C15H16N2O2
F6608-1079,C14H16N2OS
F1031-0012,C12H9ClN2O3
F3254-0009,C16H29NO2
F5868-0116,C15H17N3O2
F6793-7618,C12H17F3N4
F6782-8155,C14H19N3OS
F1558-0043,C18H20N2O
F2167-0878,C15H29N3O2
F5283-0111,C15H18N4O2
F6754-7675,C15H17FN4O
F6442-5780,C15H22N4O2
F6496-1397,C17H15N3O2
F6543-2100,C12H13BrN2O2
F6543-8906,C11H11BrN2OS
F5033-2528,C15H29N3O3
F6516-0229,C15H14N2O3S
F6793-6677,C14H16F4N2O
F6754-6930,C13H14BrN3O
F3210-0069,C19H16FNO2
F6258-2039,C14H21N3O3S
F6801-3370,C17H16FN3O2
F6482-2559,C13H21N3O4S
F6561-7637,C16H19N3O2S
F5772-8660,C15H17N3O3S
F6764-3319,C17H12ClN5
F6743-7982,C17H27FN4O
F6539-3160,C19H20N2O3
F6244-1561,C15H19ClN2O2S
F6609-4042,C19H21NO4
F5835-0690,C17H13ClFN3O
F6440-4542,C17H22N4OS
F2751-0102,C17H20N2O3S
F6813-8087,C17H24FN5O
F6485-1417,C16H18FN3O2S
F6475-2551,C17H24N2O5
F6478-6188,C14H15ClN4O2S
F3356-0020,C18H17N3O2S
F5882-6456,C18H17FN4O2
F6438-1359,C14H23N5O3S
F6619-6844,C18H26N6O
F5791-0969,C17H16N2O2S2
F0838-0394,C17H19N3O3S
F6788-9466,C17H22N4O2S
F6178-0884,C17H25N5O3
F6441-6371,C17H19NO5S
F6559-7704,C16H22N4O3S
F5001-0356,C20H17ClN2O2
F6725-1187,C19H23N5S
F6685-3772,C17H17N5O2S
F2227-0169,C18H13Cl2N3O
F5971-0207,C16H26N2O5S
F6550-4501,C17H20N4O3S
F2812-1458,C18H22N2O2S2
F2880-0911,C17H18BrFN2O
F6497-5889,C19H19N5O3
F6556-0637,C20H17NO4S
F6676-1031,C21H24N2O4
F6560-8400,C18H18N4O3S
F5658-0007,C18H13ClN2O3S
F2684-0021,C19H23N3O3S
F6476-4376,C21H17N3O2S
F6619-6012,C20H24N8
F3375-2895,C18H17F3N4O2
F3349-0158,C19H29N3O3S
F6752-3330,C17H23N3O3S2
F6178-3676,C21H26N4O3
F6786-7677,C18H20N6O2S
F6524-6491,C16H14N6O4S
F6438-3549,C17H21N7O2S
F6445-3490,C16H16BrN5O2
F0594-0034,C18H22N4O4S
F5491-0139,C20H29N3O3S
F6561-7570,C18H23N3O3S2
F6497-3034,C22H26N4O3
F6442-4428,C22H16N6O2
F6773-4259,C17H15BrN6O
F2513-0508,C20H25N5O2S
F5833-5131,C19H19BrN2O3
F6057-0572,C16H19F3N4O3S
F6709-4208,C21H21F3N2O3
F5754-0655,C24H29FN4O
F5860-4273,C24H17N3O2S
F0274-0118,C26H27N3O2
F6415-1563,C25H24N2O2S
F5583-0306,C19H21N3O2S3
F6670-6601,C22H24FN7O
F6513-1546,C22H24N4O3S
F6514-4385,C22H26ClN5O2
F3382-7661,C23H22N6O3
F6247-1861,C23H23N5O4
F6442-8603,C24H28N4O2S
F3406-7007,C16H14BrFN4O3S
F6368-0053,C25H26N6O2
F5866-0294,C24H27N7O2
F1882-0240,C22H16FN5O3S
F3144-0025,C25H26N6O3
F3406-4209,C23H23ClFN5OS
F5943-0035,C23H22FN5O2S2
