# All user editable compound information in the PCDL Manager compounds tab can be imported
# A minimum of formula or mass plus one identifier must be populated for compound import (recommended is formula and at least one other identifier, see examples)
# Multiple synonyms can be entered into the Synonyms column when separated by ';' (e.g. L-Isoleucine; 2-Amino-3-methylvaleric acid)
# All compounds will be assumed to be of a neutral ion type, unless a 1 is entered in the Cation or Anion column
Name,Formula
F6660-1890,C14H14N4O
F5806-0257,C14H18N4O
F6614-1347,C11H13F3N2O2
F2135-1567,C15H10N2OS
F6608-1729,C10H11BrN2O2
F2616-0504,C14H12FN3O2
F3277-0160,C16H12N4O
F3367-0045,C16H13N3O2
F6568-3353,C14H14N6O
F2394-0058,C17H19NOS
F6363-0040,C14H17N5O2
F5959-0126,C15H19N3O3
F6480-3457,C13H13FN4O3
F6619-7107,C18H22N4
F6192-1214,C13H15NO3S2
F6515-0015,C15H13N3O2S
F5839-0284,C15H15N3O2S
F6721-4262,C16H14FNO4
F2153-0014,C19H19N3O
F8890-2423,C15H17ClN2O3
F2024-0112,C17H18N4O2
F6553-1037,C18H20N2O3
F6523-2894,C16H18N4O3
F6675-7775,C16H17FN4O2
F6709-0273,C15H18N4O2S
F6518-2555,C16H17FN2O2S
F6481-0916,C14H15ClN4OS
F5772-5018,C19H21N3O2
F6244-3066,C18H19N3OS
F2889-0334,C14H11ClFNO3S
F6807-5361,C18H17FN2O3
F2372-0380,C19H27N3O2
F0655-0782,C14H25N3O2S2
F2537-1546,C17H16FNO3S
F6525-0558,C18H18N6O
F6222-0238,C15H14ClFN4O2
F6574-0301,C19H16FN3O2
F6604-0832,C16H18N8O
F6111-0120,C20H25N3O2
F6196-0073,C17H15N3O3S
F2795-0683,C18H18N2O5
F5788-0835,C18H18FN3O3
F5940-0534,C19H24N2O4
F6550-6176,C15H15BrN4O
F6564-2441,C17H18FN3O2S
F6438-3504,C16H21ClN6O
F6480-0180,C21H23N3O2
F6680-3418,C18H17N5O3
F6564-2756,C15H16ClN3O3S
F2416-0118,C20H22N2O4
F5075-4566,C18H17ClN4O2
F6808-5445,C18H26F3N3O
F6514-6614,C19H17N7O
F2372-0465,C18H20FN3O2S
F6239-0169,C16H12F3N5O2
F6443-7673,C23H28N2O2
F6443-9509,C17H17F3N4O2
F6416-9091,C15H14BrClN2O2
F6788-9440,C20H23N3O2S
F3215-0127,C18H17N3O4S
F6443-1467,C21H25FN2O3
F6796-8616,C19H17F3N4O
F6515-0330,C20H16N4O2S
F3342-0219,C20H27NO4S
F0902-1700,C20H17N3OS2
F6713-0309,C21H24N4OS
F6473-0812,C18H17F3N2O2S
F2606-0440,C21H25N3O2S
F6411-1926,C18H19N5O3S
F5754-0722,C21H30N4O3
F5834-2078,C20H21FN2O3S
F6514-4539,C22H23N5O2
F0650-0078,C21H17N3O3S
F6245-6445,C20H20N6O3
F6445-3319,C17H19ClN4O3S
F6515-3917,C25H21N3O2
F6548-4692,C20H19N3O4S
F3226-2957,C19H14BrNO4
F5831-9056,C22H29FN4O2
F6240-4806,C19H22BrN3O2
F5537-0057,C19H23N3O5S
F6523-0649,C22H25N5O3
F2223-0262,C20H18N4O2S2
F6845-0044,C20H23F3N2O4
F3398-1733,C20H21N3O3S2
F6363-0982,C23H27N7O
F6482-2695,C19H27F3N2O3S
F6442-8451,C20H23ClFN3O2S
F3411-1551,C22H23ClN4OS
F6506-5132,C20H22F3NO4S
F6279-0460,C19H23F3N2O2S2
F6525-8186,C18H21F4N3O3S
F5062-0120,C20H19ClN8O2
F5120-0110,C22H23N3O5S
F6368-0470,C22H25FN4O3S
F3382-0749,C25H25N3O3S
F2086-0314,C22H26F3N3O4
F0919-6346,C26H19N5O2S
F3406-6294,C26H28ClN5O2
