# All user editable compound information in the PCDL Manager compounds tab can be imported
# A minimum of formula or mass plus one identifier must be populated for compound import (recommended is formula and at least one other identifier, see examples)
# Multiple synonyms can be entered into the Synonyms column when separated by ';' (e.g. L-Isoleucine; 2-Amino-3-methylvaleric acid)
# All compounds will be assumed to be of a neutral ion type, unless a 1 is entered in the Cation or Anion column
Name,Formula
F6356-0541,C11H13N3O2S
F6127-0066,C14H25NO3
F6597-6143,C15H21N3O
F6572-1776,C13H14FN3O2
F1016-0348,C13H17NO3S
F9995-2628,C15H13NO2S
F2199-0596,C13H11FN4S
F6755-4958,C14H10F3N3
F6788-9112,C12H16N4O2S
F2145-0411,C14H16F3N3
F6508-0017,C14H14N4O3
F5017-0926,C12H20N2O2S2
F6454-0744,C13H17F3N2O2
F5831-2336,C15H16ClNOS
F5016-0936,C14H21N3O2S
F6479-2686,C17H19N3O2
F6573-3774,C15H17N5O2
F6808-6032,C20H19N3
F1813-1332,C12H11F3N2O2S
F6507-5897,C16H19FN2O3
F6574-1073,C14H16ClN3OS
F6200-0057,C15H21NO2S2
F6515-1998,C16H15N3O2S
F5854-4118,C17H17NO3S
F5857-5112,C14H20ClNO3S
F6512-1172,C14H14BrN3O
F0401-0003,C22H24O2
F6031-1440,C17H20F2N2O2
F5875-0196,C18H16N2O4
F6744-6504,C19H27N5
F2517-0331,C17H17N3O4
F6523-1766,C17H24N6O
F6178-4861,C17H19ClN4O
F5854-4707,C16H16N2O2S2
F6363-0247,C20H19N3O2
F1552-0167,C16H17NO5S
F6573-9403,C19H17FN4O
F6037-0725,C20H23N3O2
F2829-0699,C16H15F2NO3S
F5140-0427,C15H20N2O5S
F6754-7760,C17H19N5OS
F6485-0317,C18H22N4O3
F6395-2167,C19H25N3O3
F6286-0068,C15H12F5N3O
F6432-0220,C17H14N8O
F6452-0791,C19H25NO3S
F6519-4223,C16H13ClFN3OS
F3161-0188,C16H16F2N4O3
F5831-6661,C22H29N3O
F6562-0773,C20H17F2N3O
F2828-0586,C18H17N3OS2
F6673-4609,C19H24N4OS
F6360-9190,C22H18N2O3
F6619-6495,C17H21BrN4
F5854-3897,C17H19BrN2O2
F6786-6439,C20H21N5O2
F6517-3843,C21H19NO5
F6783-7296,C20H26N6O
F3323-0566,C20H20N2O5
F6755-0226,C18H19BrN4
F6734-2554,C22H21N5O
F6529-1056,C15H15F4N5O2
F6436-3677,C15H15F2NO4S2
F6445-3198,C20H20N6O2
F2590-0791,C21H18N2O3S
F5869-0038,C21H21N3O4
F6481-3102,C19H18ClF2NOS
F6454-1393,C16H23FN6O2S
F2659-0059,C21H18ClFN2O2
F5033-1473,C21H27N3O4
F6411-2576,C22H17N3O4
F1478-0108,C21H28N2O3S
F5017-3395,C16H23FN2O4S2
F6760-2363,C19H20F3N5O
F6286-0274,C15H15F4N3O3S
F6439-4790,C19H21F3N4O2
F6560-5707,C17H15F3N4O2S
F3055-0849,C25H23N3O2
F6562-0733,C24H21N3OS
F6349-0367,C21H19N7O2
F6561-6424,C23H25N5O2
F5831-9866,C19H22N2O4S2
F6750-6457,C20H21ClN8
F5343-0279,C24H30N2O4
F2774-1513,C24H19N3O4
F6471-3474,C20H20N2O4S2
F6473-8361,C25H26N2O4
F6503-5037,C18H23N5O5S
F5017-3855,C20H22ClFN2O3S
F3411-8144,C20H21N5O4S
F2744-1217,C22H17F3N2O4
F6196-0227,C23H19N3O4S
F5939-0703,C23H21FN4O2S
F3406-6741,C23H22ClN3O4
F2319-0101,C20H22N6O4S
F6529-2468,C23H22F3N3O3
F6261-1925,C23H24N6O2S
F3406-1465,C23H24ClN3O3S
F3222-5580,C23H24ClN5O2S
F3398-2806,C24H24ClN5O4
