# All user editable compound information in the PCDL Manager compounds tab can be imported
# A minimum of formula or mass plus one identifier must be populated for compound import (recommended is formula and at least one other identifier, see examples)
# Multiple synonyms can be entered into the Synonyms column when separated by ';' (e.g. L-Isoleucine; 2-Amino-3-methylvaleric acid)
# All compounds will be assumed to be of a neutral ion type, unless a 1 is entered in the Cation or Anion column
Name,Formula
F6435-5394,C12H16N2O2S
F6544-1143,C15H20N4
F6482-3448,C12H16N6O
F6389-0392,C15H12N4O
F5490-1235,C12H11F3N4
F6244-1512,C16H21N3O
F6562-4022,C15H22N4O
F6541-3887,C15H20FN3O
F2070-0985,C11H12ClN5O2
F5831-2017,C12H16N2O4S
F6550-1584,C17H19FN2O
F6525-2416,C15H20N4O2
F0537-0331,C15H11F2NO3
F1636-0017,C19H19NO2
F6512-9286,C13H16N2O4S
F3139-1698,C17H14O5
F6782-3921,C15H13FN4S
F6519-4336,C13H14N6OS
F6656-2674,C15H20N4OS
F6554-8480,C15H17NO4S
F6230-0207,C18H19N3O2
F6813-8184,C17H18FN5
F6415-0104,C17H19N3O3
F0447-0437,C18H21NO4
F6793-6872,C14H18F3N3O2
F3293-0343,C20H17NO3
F6481-4394,C15H19N3OS2
F6696-0175,C15H15Cl2N3O
F6773-4679,C18H20N4O2
F5854-0859,C18H18N2O2S
F6677-2522,C17H21N5O2
F1775-0005,C20H15N3S
F6475-5912,C17H22N4O3
F6524-1706,C16H20N4O2S
F5854-5928,C13H13F3N2OS2
F6520-5384,C16H21N3O3S
F6549-3850,C20H24N4O
F6357-1878,C16H16F2N2O2S
F6042-0321,C17H17N5OS
F6573-4921,C19H20N2O4
F6485-0358,C19H23N3O3
F5497-0246,C13H17N3O2S3
F5857-5601,C18H17ClN2O3
F5788-0882,C18H17F2N3O2
F8890-0833,C17H22N4O4
F5854-2127,C16H17BrN2O2
F1723-0314,C16H19N3O4S
F2713-0100,C20H22N4O2
F6792-1943,C16H16N8S
F6191-0495,C21H27N3O2
F3375-0304,C22H17N3O2
F6416-8722,C16H20ClNO4S
F6031-0664,C20H26N2O4
F6443-8065,C19H24N2O3S
F6525-4469,C20H18N4O3
F6524-5912,C19H16N4O2S
F5260-0041,C19H22F3N3O
F6284-0506,C20H18ClN3O2
F3348-0817,C21H28N4O2
F6512-1612,C20H22N2O3S
F3375-1293,C17H16ClF3N2O2
F6811-1984,C16H22F3N5O2
F5791-0675,C19H16F3N3O2
F6203-1639,C18H20BrNO3
F6469-1916,C24H18N4O
F6805-7959,C15H14BrFN4O2
F6658-5680,C15H22F3N3O3S
F6041-0629,C18H13N3O3S2
F6560-0401,C20H24N4O2S
F6709-5663,C18H18N4O4S
F6240-2687,C20H20F3N5
F5854-2443,C20H20ClNO3S
F6818-0127,C17H17F3N8
F3382-1564,C16H13BrN2O3S
F2323-3104,C19H16FN7O2
F6506-2356,C18H15ClFNO2S2
F6571-4707,C22H24N2O3S
F6524-1055,C18H15FN6O2S
F6785-7217,C21H29N5O3
F5493-0447,C19H19FN4OS2
F3225-6757,C23H20N2O5
F6658-3164,C20H22N8O2
F6472-0620,C20H21Cl2NO2S
F6514-9274,C25H18FN3O2
F6418-2883,C21H19ClN2O3S
F6245-3241,C23H24N6O2
F3407-5129,C23H18FN3O4
F5318-0191,C20H14F4N2O4
F6257-3808,C25H24N6O
F6475-4423,C17H15BrClFN2O3
F3348-0151,C26H30N4O2
F3394-1032,C15H13BrClFN2O3S
F6557-0563,C18H19N3O4S3
F6412-1819,C20H19F3N2O4S
F3398-3035,C21H21N3O4S2
F6734-1205,C20H23BrN4O3
F1602-0081,C26H21F2NO4
F3406-5515,C26H29N5O3
F6424-0900,C25H24N6O2S
F2881-0385,C24H25FN4O4S
