# All user editable compound information in the PCDL Manager compounds tab can be imported
# A minimum of formula or mass plus one identifier must be populated for compound import (recommended is formula and at least one other identifier, see examples)
# Multiple synonyms can be entered into the Synonyms column when separated by ';' (e.g. L-Isoleucine; 2-Amino-3-methylvaleric acid)
# All compounds will be assumed to be of a neutral ion type, unless a 1 is entered in the Cation or Anion column
Name,Formula
F6616-7650,C11H10FN3OS
F6573-6290,C14H19F2NO
F6541-4380,C13H17N5O
F6543-0272,C13H11F2N3O
F6435-1623,C9H17NO4S2
F6554-4756,C11H11BrFNO
F6561-3519,C18H27NO
F6090-0085,C13H12ClN3O2
F6435-5746,C13H16N2O3S
F6709-4094,C16H14FN3O
F2740-0431,C14H14N4OS
F6515-4483,C15H16N2O2S
F6244-1701,C16H19ClN2O
F6614-2853,C11H12BrN5
F1749-0079,C17H17N3O2
F6807-7102,C16H16FN5
F6571-5820,C18H21NOS
F6550-3017,C18H23NOS
F6789-6807,C17H25N3O2
F6244-1420,C16H19FN2OS
F3386-4735,C15H16ClNO2S
F6562-5254,C14H12F3N3O2
F6747-5508,C13H20BrN3O
F6573-6263,C15H16ClF2NO2
F6520-0731,C14H14F3NO2S
F6752-2454,C19H30N2O2
F3375-0476,C19H20N4O
F3375-2137,C18H18N4O2
F6679-0028,C17H16N4OS
F6749-1060,C18H23N5O
F5791-0773,C18H15F2N3O
F5823-0659,C18H24N4O2
F6752-2109,C13H22N4O2S2
F6439-4285,C15H13ClN4OS
F6416-8565,C18H23NO3S
F6539-3177,C18H13N3O2S
F6221-0169,C17H16N6O2
F6381-4017,C20H20FN3O
F6481-3124,C16H15F2NOS2
F6200-2042,C16H15F3N2O3
F6237-0215,C20H15N5O
F6795-2636,C17H19FN6O
F6513-1310,C16H21N7O2
F6412-2168,C18H13F2NO4
F6555-0627,C17H19ClN4O2
F6573-2861,C17H21N3O5
F3394-0141,C14H11ClF3NO2S
F6514-1690,C17H19ClN2O4
F6454-2797,C18H29N3O2S
F6617-2856,C20H20ClN3O
F6482-2010,C14H17N3O4S2
F6802-6330,C17H25FN2O3S
F6521-7345,C19H19FN2O2S
F2713-0137,C17H14ClFN4O2
F2700-0503,C13H15ClN2O4S2
F2758-0282,C21H21N3O3
F6809-6799,C18H15F4N3O
F1723-0439,C22H26N2O3
F6443-6057,C19H20N4O2S
F6796-8862,C16H15BrN6
F5854-0831,C23H21N3O2
F6412-1673,C19H14F3N3O2
F6553-7147,C15H12Cl3NO2S
F5831-8641,C18H24N4O3S
F2537-1473,C18H19FN2O2S2
F6753-0877,C19H20F3N3O2
F6508-1211,C18H14F3NO3S
F6783-8647,C19H19FN6O2
F6747-5884,C19H21BrN4
F2356-1217,C21H27N3O2S
F0676-0424,C18H18FN5O2S
F6523-4727,C19H25ClN6O
F5607-0047,C20H15ClN6O
F5912-0040,C22H21N3O4
F6562-1966,C18H17Cl2N3O3
F6473-8591,C22H22N2O5
F0624-0095,C19H13ClN4O4
F6791-7715,C18H22F3N5O2
F5788-1339,C21H22ClN3O3
F6559-0514,C22H19N5O3
F6727-3533,C20H21N9O
F6680-2510,C18H13F3N4O2S
F6222-0754,C21H21ClN6O
F6617-6546,C22H26N4O4
F6782-7204,C21H23N3O2S2
F3411-3033,C20H17ClN2O4S
F2465-0235,C20H26N4O4S
F6672-1086,C20H24ClN3O3S
F5912-0202,C21H17ClN4O2S
F2508-0639,C23H17N5O2S
F5486-0533,C20H19ClN4O3S
F2006-0732,C22H16FN5S2
F6557-1104,C20H24N2O5S2
F3407-5118,C23H19ClFN3O3
F6475-1958,C23H23ClN2O5
F6178-2517,C22H27N3O3S2
F0577-0480,C24H24N4O3S
F2293-0475,C24H32N4O3S
F1878-0171,C19H14ClF2N3O3S2
F1441-0717,C24H20FN3O3S2
