# All user editable compound information in the PCDL Manager compounds tab can be imported
# A minimum of formula or mass plus one identifier must be populated for compound import (recommended is formula and at least one other identifier, see examples)
# Multiple synonyms can be entered into the Synonyms column when separated by ';' (e.g. L-Isoleucine; 2-Amino-3-methylvaleric acid)
# All compounds will be assumed to be of a neutral ion type, unless a 1 is entered in the Cation or Anion column
Name,Formula
F6609-8705,C14H11N3O2
F6782-3901,C14H15N3O2
F6793-6021,C10H16FN3O2S
F3173-0044,C13H12ClNO3
F0914-0389,C11H11NO5S
F6573-4897,C15H16N2OS
F5959-0095,C14H17N3OS
F6215-0164,C14H15FN2O3
F3098-3602,C18H19NO2
F6436-2556,C12H20N4O4
F2135-0794,C16H14ClNO2
F1915-2668,C16H16ClNO2
F6745-0565,C13H17N5OS
F1358-1035,C12H14N4O3S
F6439-5443,C16H16N4O2
F5857-6541,C17H18N2O3
F1166-0187,C17H20N2OS
F5832-5040,C15H18N4O3
F6471-2722,C15H16BrNO
F6723-7404,C18H17N3O2
F6482-1817,C13H14N2O3S2
F6788-9219,C12H16N4O2S2
F1070-0085,C15H11BrN2O
F6479-4308,C18H25N3O2
F6471-2765,C22H23NO
F6089-9772,C13H25N3O4S
F6802-6070,C14H19N5O2S
F6782-6566,C18H14FN3O2
F1498-0045,C15H16ClNO3S
F6562-2334,C17H18N4O3
F1711-0154,C15H12N4OS2
F6502-7772,C16H19N5OS
F5114-0086,C19H13N3OS
F6438-3804,C15H20N6O3
F3263-0020,C13H22N2O4S2
F5831-2789,C20H21N3O2
F6510-2834,C12H14F3N3O3S
F6725-1156,C18H18N4OS
F6680-3380,C16H17N7O2
F6438-3745,C14H24N6O2S
F6521-8122,C14H15ClN2O4S
F6796-3198,C16H17N5S2
F6573-9099,C20H16N4O2
F6480-0008,C18H23N3O2S
F6418-0560,C17H14ClNO3S
F6469-0933,C19H16N4OS
F6507-1338,C18H23NO4S
F1899-2322,C17H13N5S2
F2740-0269,C19H20N4O3
F2031-0377,C17H15ClN6O
F2302-0057,C23H21N3O
F6521-7721,C19H20ClN3O2
F6517-1118,C18H17NO3S2
F6218-0143,C14H12BrN5O2
F5788-0805,C18H23FN4O3
F6539-3489,C21H20N2O4
F6476-1487,C15H15BrN2O2S
F6452-0741,C19H20F3NO3
F5448-0348,C16H17F2N3O3S
F6508-0684,C21H26N2O2S
F6567-8378,C18H20N4O3S
F6261-0777,C18H18N2OS3
F6475-1151,C22H21N3O3
F6439-1528,C14H18F3N5O2S
F6514-2670,C18H26N4O3S
F3275-0038,C18H25BrN2O2
F5027-0290,C21H23N3O4
F0916-6903,C19H18ClN5O2
F6523-0797,C20H28N6O2
F5033-3102,C21H23ClN2O3
F6274-0589,C17H13BrN2O2S
F6727-5860,C21H19N5OS
F6523-4571,C18H26N6O2S
F6448-2082,C20H16N4O3S
F6279-0532,C22H23N3O4
F6523-3773,C21H18ClN3O3
F5591-0578,C20H24N6O3
F0396-0210,C20H22N4O3S
F6473-8489,C20H20N2O5S
F5857-2762,C24H22N2O4
F6783-8542,C19H25FN6O3
F5596-0252,C18H22BrN3O3
F6680-2708,C18H18F3N5O3
F5033-1404,C20H33N3O4S
F6474-3826,C23H21F3N2O2
F6525-1908,C19H20ClN5O2S
F6411-1695,C23H25N5O3
F5254-0166,C21H22N6O2S
F5016-1024,C20H22F3N3O2S
F6617-4205,C22H24N2O5S
F6435-2711,C23H26ClNO3S
F6148-0082,C20H18F4N6O
F6441-2926,C25H24FNO3S
F6223-0296,C21H24N6O3S
F6570-2716,C25H22FN5O2
F5123-0992,C20H26N6O4S
F3342-0331,C25H26N2O4S
F1757-0024,C21H20BrClN2O3
F1122-0826,C26H26N4O3S
F3395-1068,C21H26ClF3N6O2
