# All user editable compound information in the PCDL Manager compounds tab can be imported
# A minimum of formula or mass plus one identifier must be populated for compound import (recommended is formula and at least one other identifier, see examples)
# Multiple synonyms can be entered into the Synonyms column when separated by ';' (e.g. L-Isoleucine; 2-Amino-3-methylvaleric acid)
# All compounds will be assumed to be of a neutral ion type, unless a 1 is entered in the Cation or Anion column
Name,Formula
F1967-0169,C15H12N2O2
F6540-6078,C13H21FN2O2
F6666-2748,C15H20N2S
F6608-1338,C13H16N2O2S
F6521-7457,C12H16N2O3S
F5302-0131,C16H21N3O
F5097-0520,C16H22N2O2
F6675-9130,C13H19N5O2
F0870-0004,C15H11N3OS
F2135-1756,C16H13FN2S
F5490-1277,C15H18N4O2
F6722-3289,C15H20N4O2
F6254-0021,C13H13N3O3S
F1757-0410,C14H19N3O4
F2011-0387,C14H14F2N2OS
F6554-9185,C13H15FN2O3S
F6709-4857,C15H13ClN4O
F6809-6032,C15H15ClN4O
F5095-0256,C15H20N4OS
F3382-2147,C18H14ClN3
F6507-1120,C16H23NO3S
F6395-4042,C19H21NO3
F6492-0626,C17H19N3O3
F6549-4995,C17H21N3OS
F6178-5024,C15H19N5OS
F3216-0900,C15H17N3O5
F6485-1342,C15H16FN3O2S
F6204-0489,C16H15ClFNOS
F5652-2048,C18H20N4O2
F2806-0057,C18H18N2O2S
F6752-3408,C15H25N3O3S
F6482-6703,C17H13F2N3O2
F6240-4847,C17H22N4O3
F6752-4133,C16H20N4O2S
F6801-7991,C15H15BrN2O2
F6754-6311,C16H21N3O3S
F3072-0058,C21H24N2O2
F6562-4478,C14H18N4O2S2
F6604-8301,C17H17N5OS
F6508-0082,C19H20N2O4
F6490-0934,C19H23N3O3
F1443-2350,C18H14ClNO2S
F6597-2822,C14H15F3N4OS
F6518-4910,C16H19N5O2S
F2776-0082,C16H22N6OS
F2708-0117,C16H13ClN2O3S
F3215-0094,C18H20ClNO4
F3237-0418,C18H26N2O3S
F2705-0149,C18H16N4O4
F6752-6242,C17H25F2N5O
F6807-7253,C17H17F4N3O
F3088-2315,C19H16ClNO4
F6454-1273,C19H23FN4O2
F6473-7166,C19H24N2O3S
F5791-1367,C20H18N4O3
F6471-2331,C19H16N4O2S
F1677-0639,C19H27NO4S
F2985-0128,C18H14FN5O3
F6381-8113,C22H28N2O3
F2416-1044,C20H22N2O3S
F5882-7391,C15H20N2O5S2
F6435-0773,C21H27NO3S
F3296-0496,C20H17N5OS
F6524-5852,C16H10F3N5OS
F6805-9851,C18H23ClN4O3
F6571-6505,C16H17BrN2O2S
F2340-0229,C20H19N3O5
F6549-5172,C15H18BrN3O2S
F6608-2314,C20H21FN4O3
F3398-2404,C20H19ClN2O4
F6178-1713,C20H25N3O3S
F2879-1977,C21H15N3O3S
F6788-7469,C19H23FN4O2S
F5833-1202,C25H33N3O
F2332-0068,C21H19N3O5
F5857-2043,C17H18BrNO3S
F0777-2536,C22H24N2O3S
F2770-0188,C18H17F3N2O3S
F6446-0309,C22H29N3O4
F6556-5135,C18H24Cl2N2O2S
F1396-0047,C21H25ClN2O2S
F6571-0701,C23H23FN4O2
F3167-1585,C21H16ClN3O2S
F3165-0675,C20H18FN5O4
F6573-9070,C19H12F6N2O2
F6798-4970,C21H25FN4O4
F5013-0550,C21H17F4N3O2
F5295-0317,C20H20ClFN2O3S
F3406-3217,C23H28N4O2S
F2173-0384,C24H33N3O4
F6713-1477,C23H26N8O
F6363-1001,C23H27N7O2
F1757-0222,C18H20BrN3O3S
F2050-0325,C23H21ClN2O3S
F6479-2357,C21H22BrN3O3
F6512-8238,C17H23ClN4O4S2
F2639-0087,C24H23N3O4S
F1651-0143,C24H30FN3O3S
F0326-0140,C23H28N4O3S2
F3265-0050,C23H24N4O4S2
