# All user editable compound information in the PCDL Manager compounds tab can be imported
# A minimum of formula or mass plus one identifier must be populated for compound import (recommended is formula and at least one other identifier, see examples)
# Multiple synonyms can be entered into the Synonyms column when separated by ';' (e.g. L-Isoleucine; 2-Amino-3-methylvaleric acid)
# All compounds will be assumed to be of a neutral ion type, unless a 1 is entered in the Cation or Anion column
Name,Formula
F6677-0386,C14H15N5
F8889-8912,C9H11BrN2O2
F6543-4998,C14H16FN3O
F1607-0168,C14H11N5O
F3055-0113,C15H12FN3O
F6752-7963,C14H16N4O2
F6550-2938,C16H18FNO2
F6782-4392,C15H22N2OS
F6543-1860,C11H11BrN2O2
F6356-0261,C12H12ClNO3S
F6521-8801,C16H17NO2S
F6471-5057,C13H15N5OS
F0453-0253,C15H21N3OS
F6439-7348,C16H14N4O2
F1124-0048,C14H20N2O5
F6752-2921,C13H22N4O2S
F6454-0026,C16H20N4O2
F6199-0202,C16H22N4O2
F6438-0455,C15H16ClN3O2
F6472-8011,C19H21N3O
F5580-2905,C17H14N2O4
F6561-6341,C16H16N4OS
F6789-1108,C16H15ClN4O
F6745-8226,C14H15F3N2OS
F0665-0009,C14H14N4OS2
F5033-2538,C16H25N5O2
F6806-6926,C16H20FN3O3
F5319-1409,C18H17N3O3
F6562-5289,C17H15N3O2S
F6488-0939,C16H18N6O2
F6451-3304,C17H16N2O3S
F6805-8040,C16H19N5O3
F6554-4214,C18H18FNO2S
F6480-2362,C17H24N4O3
F6480-1514,C16H19ClN4O2
F6814-3172,C18H23F2N3O
F5494-0126,C15H19N3O2S2
F2487-0152,C16H22N2O4S
F5834-4770,C19H21N3O3
F6791-8008,C18H24N6O
F6481-4049,C18H18N2OS2
F6791-9179,C14H16F3N5S
F2199-0404,C16H19F3N2O3
F6529-1889,C18H23N3O4
F6442-1847,C15H19ClFNO3S
F6713-6245,C18H16N6S
F0643-0323,C17H23N3O3S
F6506-0581,C17H21NO3S2
F6617-4387,C20H21FN4O
F5557-0004,C18H18N4O2S
F6247-1946,C19H25N5O2
F3128-0015,C22H19N3O2
F6755-1854,C14H16F3N5OS
F6514-3196,C14H14F3N3O3S
F6571-5758,C16H14BrNO2S
F6244-2983,C22H24N2OS
F6560-4700,C15H19BrN4O2
F6783-8056,C18H18FN7O
F6014-0230,C19H19N3O3S
F6792-3851,C18H23FN8
F6813-8295,C19H21FN4OS
F5658-0048,C18H18N2O5S
F6805-5626,C19H26ClN5O
F6796-3220,C20H19N5OS
F6656-2332,C21H26N6O
F6805-7359,C20H20N4O2S
F6796-9288,C21H24FN5O
F5148-0073,C20H21N3O3S
F2199-0430,C19H13ClFN3O3
F6178-5865,C20H20F2N4O2
F6445-1395,C18H17ClN4O2S
F6448-2279,C21H19N5O3
F6539-3403,C17H14BrNO3S
F1762-0611,C22H20N2O3S
F6670-4527,C23H24FN3O2
F3311-0023,C21H21N3O3S
F2135-1851,C13H8Cl2F3N3O2S
F2094-0159,C20H22N4O5
F6617-6329,C21H21FN2O5
F3382-7535,C22H22N6O2
F1899-1059,C18H20BrN3OS
F6195-4233,C22H21N3O3S
F6802-6084,C19H27N3O5S
F1614-0186,C20H17ClN4O2S
F6439-1146,C20H26N6O2S
F6436-1189,C20H23N3O5S
F6674-5311,C18H21BrN4O3
F6359-4288,C23H26N4O4
F5012-0013,C21H31NO6S
F6441-8986,C23H28N2O4S
F6761-7655,C20H20F3N7O
F6443-1233,C22H25F3N4O2
F5005-0054,C24H27N3O3S
F5882-2946,C23H28N4O5
F3407-0718,C27H33N5O
F6523-0802,C25H30N6O2
F3342-0038,C25H26ClN3O3
F3411-1849,C21H22ClN3O3S2
F2865-0110,C28H25N7O
F2865-0968,C26H29N7O3
