# All user editable compound information in the PCDL Manager compounds tab can be imported
# A minimum of formula or mass plus one identifier must be populated for compound import (recommended is formula and at least one other identifier, see examples)
# Multiple synonyms can be entered into the Synonyms column when separated by ';' (e.g. L-Isoleucine; 2-Amino-3-methylvaleric acid)
# All compounds will be assumed to be of a neutral ion type, unless a 1 is entered in the Cation or Anion column
Name,Formula
F9995-1008,C12H9FO3S
F6561-5743,C14H16N4O
F6125-0935,C14H16N2O3
F6142-0206,C12H13ClN4O
F6754-5254,C13H11ClF2N2
F6515-2443,C14H17N5O
F6252-8473,C14H18N4O2
F6546-1160,C13H16FN5O
F2518-0433,C10H8BrN3O2
F6276-2324,C11H12N2O3S2
F5490-1280,C15H18N4O2
F2493-2272,C16H20N2O3
F6805-5301,C16H26N4O
F3095-3684,C15H19NO5
F0176-0077,C16H12N2O2S
F6210-0403,C12H14N2O5S
F6469-1035,C15H12N2OS2
F0821-0127,C16H14O6
F5033-0929,C16H20N2O2S
F6822-4787,C15H15Cl2N3
F6472-5364,C15H20ClN3O2
F6801-7951,C16H17N5O2
F0777-2745,C15H23NO4S
F6436-3960,C15H17N5O3
F6194-0112,C17H19NO5
F2813-0425,C17H18FNO2S
F6560-0600,C16H19NO2S2
F6809-4172,C13H14BrN3O2
F6521-5556,C16H24N2O3S
F6675-6673,C14H13F3N4O2
F6554-0203,C18H21N3O3
F5656-0033,C16H15N3O3S
F5860-4090,C18H22N2O4
F3293-0301,C14H21FN2O4S
F5831-6446,C19H31N3O2
F6414-3779,C17H21NO4S
F6755-2492,C18H20N6O
F6524-0528,C18H14N2O3S
F6571-3290,C16H21NO5S
F6670-6080,C18H20N4OS
F3095-1025,C20H23NO4
F6573-2874,C12H14BrN3O2S
F5854-5934,C15H15F3N2O2S
F6469-1690,C19H15N5O2
F6507-8774,C18H22N2O5
F6820-4828,C21H25N5
F6573-1803,C18H15N5OS
F6811-1570,C15H22N6O2S
F3301-0106,C15H20N4O2S2
F6480-3411,C17H27N3O3S
F6452-0143,C18H17F4NO2
F6562-8578,C16H14F3NO3S
F3068-0027,C23H22N2O2
F6560-5149,C16H20N6O2S
F6521-7352,C19H17F3N2O2
F1301-0044,C20H16N2O3S
F6561-7908,C21H23N3OS
F1316-0158,C19H17N3O3S
F6492-0969,C20H24N4O3
F6562-3530,C19H19ClN4O2
F6609-4659,C18H11ClF2N4O
F6672-1046,C20H24ClN3O2
F6517-3742,C20H16F3NO3
F3116-0079,C17H13Cl2N3OS
F6258-2125,C17H22N4O4S
F6802-7685,C20H27F2N3O2
F6562-2549,C19H19N5O2S
F6556-8865,C14H10BrNOS3
F5329-0031,C21H24N2O3S
F6451-0976,C17H17F3N2O3S
F5834-3179,C23H21N3O3
F5831-2874,C19H20BrNO3
F6521-1938,C20H23FN2O3S
F2724-2276,C22H25N5O2
F5825-0127,C20H19N5O2S
F6175-0513,C20H26N8O
F5652-3634,C19H20N6O2S
F3318-0593,C17H19ClN2O5S
F5855-0443,C25H25N3O2
F2513-0466,C19H13F3N4OS
F6400-1580,C17H25FN2O4S2
F6476-4328,C22H22N4O4
F6247-1769,C18H12BrN5O2
F5110-0201,C17H19F2N5O3S
F6573-8711,C14H12BrFN4O3S
F6374-1397,C21H25FN4O2S
F6411-5051,C21H19F2NO4S
F5788-4951,C24H31N5O2
F6526-1298,C23H25FN4OS
F6670-4643,C25H25N5O2
F2923-0408,C20H26N6O5
F3406-6452,C24H27N5OS
F6245-4647,C23H28N6O3
F6474-3606,C22H21BrN2O3
F6557-1135,C17H18BrNO4S2
F2484-1449,C18H17Cl3N2O3S
F1540-0018,C21H24ClN3O4S
F0916-6428,C25H21N3O4S
F3398-4134,C26H25N5O4
F2017-0678,C25H29N3O5S
