# All user editable compound information in the PCDL Manager compounds tab can be imported
# A minimum of formula or mass plus one identifier must be populated for compound import (recommended is formula and at least one other identifier, see examples)
# Multiple synonyms can be entered into the Synonyms column when separated by ';' (e.g. L-Isoleucine; 2-Amino-3-methylvaleric acid)
# All compounds will be assumed to be of a neutral ion type, unless a 1 is entered in the Cation or Anion column
Name,Formula
F1548-0016,C13H10N4O2
F6543-4971,C15H15FN2O
F6435-2002,C11H10N4O2S
F6441-5432,C15H23NOS
F6436-2827,C14H20FNO3
F1301-0184,C11H9Cl2NO3
F0578-0198,C12H9ClN4S
F6036-0850,C12H13N3O3S
F6614-2846,C13H13F3N4
F5772-7592,C15H15N3OS
F6360-9419,C15H17N3O3
F6574-1054,C15H19N3OS
F0918-2952,C14H13ClN2O3
F6748-5384,C17H18N4O
F6556-2928,C15H24N2O4
F6514-2718,C10H9ClF3NO2S
F2147-1698,C15H12ClN3S
F6230-0127,C15H11ClFN3O
F3244-0407,C17H15N5O
F6481-4366,C14H16N2O2S2
F6524-1819,C15H14N6O2
F6752-2901,C13H20N4O3S
F1016-0087,C16H18N4OS
F1907-2332,C13H15F3N4O2
F6201-0395,C16H18N2O3S
F6445-1341,C14H16N4OS2
F6755-0633,C19H23N5
F6525-4564,C19H18FN3O
F3023-0516,C14H19N3O4S
F6760-2475,C18H22N4O2
F6472-0860,C15H21ClN2O2S
F6806-8366,C18H23N3O3
F6284-0187,C20H17N3O2
F6127-0109,C14H17Cl2NO4
F6756-2557,C19H18N4O2
F6523-2981,C14H13ClN4O2S
F6474-8403,C15H19N3O4S
F2200-0357,C20H22N2OS
F6760-5358,C20H22FN3O
F6445-1701,C14H16FN3O2S2
F6744-6516,C15H17F3N4S
F3227-1653,C22H17NO3
F6814-3343,C17H18F2N6
F6802-7879,C19H27N3O3
F6188-0536,C18H21NO2S2
F6438-3440,C15H17FN6O3
F5831-6861,C18H21F2N3O2
F6482-6707,C19H17N3O4
F6764-4197,C21H28N4O
F6200-3094,C20H22N2O2S
F3394-1301,C18H16N2O4S
F6619-3156,C18H23N5O3
F5062-0053,C16H15F2N7O
F6520-0751,C17H19N3O4S
F1374-1044,C19H13N3O3S
F6709-0252,C21H24N4O2
F6475-7018,C19H18N4O2S
F6708-9679,C21H25N3O3
F6658-5865,C19H20ClN5O
F6481-4244,C19H17NO3S2
F6556-3230,C18H23F3N2O3
F5875-0122,C20H17F3N2O2
F6677-3680,C16H17BrN4O2
F6472-7099,C17H23N5O3S
F2743-2078,C17H12F3N3O2S
F6353-5785,C17H24N4O4S
F6573-9246,C17H13F3N2O3S
F6747-9443,C20H22ClN5O
F6245-5880,C15H14F3N5O4
F6445-3752,C22H22N6O
F6556-5252,C17H25ClN2O2S2
F6559-3719,C19H21F2N5O2
F6521-8095,C15H22ClN3O3S2
F6525-6060,C20H20N6OS
F6471-0418,C16H15ClN4O2S2
F6480-6721,C19H20F3N3O3
F6559-6888,C16H14F3N5O2S
F6567-8857,C21H26N4O4
F6556-2178,C22H28N2O3S
F6517-0217,C19H18BrNO4
F3290-0170,C20H18F3N3OS
F5583-0022,C20H29N3O2S2
F3406-4161,C16H16BrFN4OS
F6359-1242,C21H21ClN4O3
F2774-0232,C19H15BrFN3O2
F6471-8598,C21H27N3O4S
F2784-1377,C20H24N2O6S
F6557-1811,C20H22ClNO5S
F6412-1975,C19H17F3N2O4S
F6681-8823,C16H18BrF2N5O2
F6609-4341,C18H11BrClFN4O
F6445-5099,C19H18FN3O4S2
F6559-2343,C16H15F5N4O3S
F5485-1486,C22H20ClN3O3S
F0916-3082,C23H22ClFN2O4
F6497-0214,C22H20F3N3O2S
F1602-0746,C17H14BrClFN5O2
F5030-0982,C24H24N4O4S
F3398-0371,C20H20BrN3O4S
F2323-1669,C23H19F4N5O3
