# All user editable compound information in the PCDL Manager compounds tab can be imported
# A minimum of formula or mass plus one identifier must be populated for compound import (recommended is formula and at least one other identifier, see examples)
# Multiple synonyms can be entered into the Synonyms column when separated by ';' (e.g. L-Isoleucine; 2-Amino-3-methylvaleric acid)
# All compounds will be assumed to be of a neutral ion type, unless a 1 is entered in the Cation or Anion column
Name,Formula
F6754-6524,C16H19N3
F6660-1825,C12H10N4OS
F6562-7679,C14H19N3O2
F6435-5412,C14H19NO2S
F3379-0821,C15H15N3O2
F6662-5383,C15H17FN4
F6708-8552,C18H17N3
F6782-7256,C14H22N4O2
F6554-8546,C13H15ClN2OS
F2493-3177,C14H11N3O2S
F0715-0483,C15H17N3OS
F6559-1511,C14H15F4NO
F6677-1559,C16H19F2N3
F6445-6345,C15H14N6O
F6753-1231,C13H20N4O4
F6190-0486,C18H22N2O2
F6672-1915,C18H21FN2O
F6619-4562,C14H22N8
F6451-0040,C16H19NO3S
F6755-2672,C18H21N5
F6562-9222,C16H14N4O3
F6360-9347,C17H16N2O4
F6438-2995,C15H14N4O4
F6521-9261,C17H17ClN2O2
F1385-0079,C19H14N2OS
F2004-0204,C15H10ClFN2OS
F6796-0635,C18H19N5O
F3218-0020,C17H22ClNO3
F5526-0134,C16H14F3NO3
F5097-0481,C19H22N2O3
F5139-0429,C14H20N2O3S2
F6760-5801,C18H20FN3O2
F6296-1135,C15H17N5O2S
F6507-4120,C19H28N2O3
F6673-9310,C15H19ClN6O
F6562-6064,C19H29NO2S
F6448-0127,C16H17ClFN3O2
F6438-1221,C16H17F3N4O
F6783-4861,C17H18FN7
F5823-0667,C20H28N4O
F6560-3183,C17H15FN4OS
F6524-5510,C16H17N5O2S
F6606-1872,C18H21ClN4O
F6374-1762,C20H27NO2S
F3350-0964,C17H12F3N3O2
F1885-0094,C16H20N4O3S
F6713-4674,C17H18F3N5
F6617-7509,C19H17N3O2S
F6451-1737,C21H24N2O3
F6670-4711,C19H19ClN4O
F1756-0076,C13H13BrN2O3S
F6573-6329,C21H21F2NO2
F6246-0137,C15H16F3N3O4
F6521-3812,C19H17ClFNO3
F2813-1288,C16H14ClN3OS2
F6524-5648,C19H20N6O2
F6481-0809,C17H19ClN2O3S
F6252-3309,C19H21N5O3
F6573-8491,C18H16FN5O3
F6553-0323,C14H14BrNO2S2
F6178-6562,C20H24N2O3S
F6359-0843,C19H19ClN2O4
F6514-2542,C23H25N3O2
F5836-0001,C21H19N3O4
F6518-4342,C16H14BrNO3S
F6539-4009,C21H20N2O5
F6539-2161,C19H31N3O3S
F2487-0185,C17H22FN3O4S
F3406-7241,C17H15ClF3N3O2
F6521-8662,C21H23FN2O4
F6374-3533,C17H19F3N2OS2
F6550-4616,C18H23N5O3S
F6200-4143,C18H18BrNO4
F3382-3975,C21H17FN4O3
F1677-0606,C21H31NO4S
F6482-5921,C21H21N3O3S
F3386-0478,C17H20BrNO3S
F6441-5172,C22H26N2O3S
F5470-0329,C22H25ClN2O3
F2879-2313,C25H26N2O3
F6360-7623,C19H14F3N3O2S
F6789-7929,C21H21N5O2S
F6374-0138,C23H27N3O2S
F0805-0113,C21H20N2O3S2
F1092-0220,C25H26N4O2
F3284-8578,C24H23N3O2S
F5564-0137,C21H17ClN6O2
F6796-9360,C23H27FN6O
F1891-0323,C22H27N5O4
F6259-1050,C24H24N6O2
F6111-2080,C23H24F3N3O2
F6149-0248,C23H26N6O3
F0696-5214,C22H27N7OS
F1490-0055,C20H16BrN3O2S
F2966-2149,C21H17FN2O4S2
F6245-2847,C19H18BrN3O3S
F3406-4202,C20H16ClF3N4OS
F3407-0786,C25H22FN3O5
F2969-0882,C21H21ClN4O5S
F5127-0847,C25H20N4O5S
