# All user editable compound information in the PCDL Manager compounds tab can be imported
# A minimum of formula or mass plus one identifier must be populated for compound import (recommended is formula and at least one other identifier, see examples)
# Multiple synonyms can be entered into the Synonyms column when separated by ';' (e.g. L-Isoleucine; 2-Amino-3-methylvaleric acid)
# All compounds will be assumed to be of a neutral ion type, unless a 1 is entered in the Cation or Anion column
Name,Formula
F6788-8818,C13H21N3O2
F6745-4772,C13H15F3N2
F5854-3763,C14H16N2OS
F1670-0102,C12H13BrN2
F6544-0867,C14H25N3O2
F5761-0277,C15H17N3O2
F6745-8184,C12H17F3N4
F6608-1066,C14H19N3OS
F1501-0276,C18H20N2O
F6507-1069,C16H29NO3
F6756-4087,C13H17F3N4
F6722-3189,C15H17FN4O
F6245-4509,C15H22N4O2
F6360-9367,C17H15N3O2
F6545-0060,C12H13BrN2O2
F0647-0083,C11H11BrN2OS
F6444-1410,C15H29N3OS
F2135-1605,C15H14N2O3S
F6807-6884,C12H15F3N4O2
F6724-1626,C13H14BrN3O
F5303-0117,C14H19N3O3S
F6808-9125,C14H21N3O3S
F6089-6085,C17H16FN3O2
F3407-0031,C13H21N3O4S
F6708-8398,C16H19N3O2S
F5772-8274,C15H17N3O3S
F3215-0093,C16H16ClNO4
F3366-5748,C21H26N2O
F6443-7621,C19H20N2O3
F5053-0128,C15H19ClN2O2S
F5526-0610,C19H21NO4
F6253-3885,C17H13ClFN3O
F6178-4210,C17H22N4OS
F2898-1248,C17H20N2O3S
F6815-1603,C20H23N5
F6802-9525,C16H18FN3O2S
F5940-1752,C17H24N2O5
F6480-5023,C14H15ClN4O2S
F6474-3357,C18H17N3O2S
F6478-1198,C18H17FN4O2
F6438-1872,C14H23N5O3S
F6279-0241,C21H27FN2O
F6192-1084,C17H16N2O2S2
F6555-6253,C17H19N3O3S
F6752-4487,C17H22N4O2S
F6619-3777,C18H23F2N5
F3237-0292,C17H19NO5S
F6435-7276,C16H22N4O3S
F8890-1244,C18H13FN4O3
F6441-3276,C18H27NO4S
F6094-0578,C17H17N5O2S
F0537-0539,C16H11ClF3NO3
F6673-9160,C19H23ClN4O
F6573-1472,C17H20N4O3S
F6680-2818,C16H13F3N6O
F5882-7384,C13H20N2O4S3
F6560-8288,C19H19N5O3
F6473-6123,C20H17NO4S
F6562-7745,C21H24N2O4
F1411-0082,C18H18N4O3S
F0537-0155,C18H13ClN2O3S
F1872-0844,C19H23N3O3S
F0694-0351,C21H17N3O2S
F6564-2550,C19H28N4O4
F6524-2619,C18H17F3N4O2
F6713-7342,C20H22FN7
F3386-3809,C19H24ClNO3S
F5763-0167,C21H26N4O3
F6724-2013,C18H20N6O2S
F3382-6492,C18H15ClN4O4
F6438-3500,C17H21N7O2S
F6559-3503,C16H16BrN5O2
F6510-3935,C18H22N4O4S
F6353-5962,C20H29N3O3S
F5854-0967,C18H23N3O3S2
F6178-0144,C22H26N4O3
F6481-2681,C22H24N2OS2
F6604-9747,C17H15BrN6O
F6676-2701,C20H25N5O2S
F1318-0128,C19H19BrN2O3
F6372-2116,C21H16N4O5
F5329-0043,C21H21F3N2O3
F6783-7255,C22H28N6O2
F6469-1029,C24H17N3O2S
F6178-3601,C26H27N3O2
F2302-0361,C25H21FN2O3
F3215-0029,C20H18ClNO7
F6523-3186,C21H28FN3O5
F3225-0828,C22H24N4O3S
F6734-1517,C20H22FN7O3
F2320-0105,C23H22N6O3
F5090-2434,C23H23N5O4
F5772-6949,C24H28N4O2S
F2356-0696,C25H33N3O4
F5088-2649,C25H26N6O2
F6619-7103,C24H27N7O2
F5832-9693,C20H15F4N5OS
F3398-1043,C25H26N6O3
F1122-0374,C23H25N3O4S2
F3382-7931,C23H22ClN5O3S
