# All user editable compound information in the PCDL Manager compounds tab can be imported
# A minimum of formula or mass plus one identifier must be populated for compound import (recommended is formula and at least one other identifier, see examples)
# Multiple synonyms can be entered into the Synonyms column when separated by ';' (e.g. L-Isoleucine; 2-Amino-3-methylvaleric acid)
# All compounds will be assumed to be of a neutral ion type, unless a 1 is entered in the Cation or Anion column
Name,Formula
F6666-9259,C13H17FN2O2
F6477-5278,C13H11N3OS
F6608-0957,C14H20N4O
F1108-0022,C17H16N2O
F6555-6437,C16H16N2O2
F6608-1036,C10H13BrN2O2
F6681-3525,C13H13N3O2S
F6477-5268,C13H8F2N2OS
F6724-3662,C13H16ClN3O2
F6760-5955,C15H13FN4O
F6549-7456,C16H22N4O
F6744-5913,C16H24N4O
F6508-1235,C15H17NO3S
F6127-0158,C16H23NO4
F3375-3037,C17H16N2OS
F6516-1603,C16H14N2O4
F3365-5591,C17H17ClN2O
F6222-0209,C15H15FN4O2
F6244-0248,C17H24N2OS
F6359-4307,C14H17N3O3S
F6743-6422,C15H23N3O2S
F6752-5667,C15H25N3O2S
F1699-0033,C16H19N5O2
F6448-1686,C17H21N3O3
F6738-2343,C15H19N5O3
F5833-5064,C19H17N3O2
F6496-1289,C16H14F3N3O
F6563-0199,C16H15F2NO2S
F6619-4358,C16H20N8
F6502-6350,C17H18N4OS
F6795-3479,C16H21N7O
F6514-3027,C13H14F3N5O2
F2880-0496,C20H30N2O2
F6125-2251,C17H20N2O5
F2879-2165,C16H12F2N2O4
F3162-0088,C18H17N5O2
F0696-0821,C13H12BrN3O3
F3379-0419,C17H15ClN6
F6443-4229,C18H17N3O4
F6529-1680,C18H20N4O3
F6562-4454,C18H23N5O2
F6415-0874,C18H17NO2S2
F6472-7564,C19H18ClFN2O
F6795-3267,C15H19N7OS
F6284-0450,C21H22N4O
F2688-0104,C19H12N2O5
F5860-3811,C18H15N5O3
F6787-0314,C19H22N6O
F3406-8184,C19H20N4OS
F1043-0584,C18H11ClN2O2S
F3385-3197,C20H21NO5
F2732-0021,C18H19N3OS2
F6789-5599,C20H30N4O2
F6687-7025,C20H22F2N2O2
F6810-5677,C17H17F3N6
F6562-2571,C17H15F3N4O2
F2482-0031,C20H23N5O2
F6436-1970,C19H20F3NOS
F1673-7272,C19H16BrNO2
F5033-5840,C19H22N4O2S
F1067-0242,C20H17FO6
F6670-4767,C22H23N5O
F5882-6498,C18H16F3N5O
F1897-0306,C20H15N3O3S
F6443-4107,C22H22N2O4
F6469-0925,C19H16N4OS2
F6564-8373,C19H19N5O4
F5141-0058,C16H18FN3O3S2
F6814-3245,C21H22F2N4O
F3371-0840,C21H22O5S
F6504-0933,C21H21N7O
F6559-3774,C16H18F3N3O3S
F6523-4429,C22H22N4O3
F6476-1529,C16H17BrN4O3
F6178-6227,C17H23N5O4S
F2211-0208,C21H14FNO4S
F3406-6888,C21H24N4O2S
F2236-0402,C20H19ClN4O3
F6525-2878,C18H17BrN4O2
F3385-6182,C23H18N2O5
F6556-1010,C24H24N2O2S
F6785-7282,C21H28F2N4O2
F2707-0225,C19H21Cl2N3O3
F5033-8033,C22H22FN3O4
F2768-0097,C21H22N2O3S2
F6089-7510,C14H12BrNO3S3
F2392-1507,C21H26ClN3O2S
F3247-0026,C19H23ClN4O3S
F6436-3902,C19H17F2NO4S2
F5323-0122,C17H21ClN4O3S2
F6519-7441,C20H22BrN3OS
F5939-2550,C21H20F2N2O2S2
F6359-0418,C20H18F3N3O3S
F6529-1131,C18H19F3N6O2S
F5686-0861,C21H22FN5OS2
F6674-5418,C18H21F3N4O4S
F2068-0251,C22H28FN3O4S
F3267-0014,C25H24N4O3S
F2034-0009,C23H24ClN3O4S
F2865-0600,C22H18F3N7OS
