# All user editable compound information in the PCDL Manager compounds tab can be imported
# A minimum of formula or mass plus one identifier must be populated for compound import (recommended is formula and at least one other identifier, see examples)
# Multiple synonyms can be entered into the Synonyms column when separated by ';' (e.g. L-Isoleucine; 2-Amino-3-methylvaleric acid)
# All compounds will be assumed to be of a neutral ion type, unless a 1 is entered in the Cation or Anion column
Name,Formula
F6660-4363,C12H15FN4O
F1549-0049,C11H17N3O2S
F6616-1328,C14H17N3S
F6667-0852,C11H9ClF3NO
F6514-7312,C13H22N4O2
F2145-0479,C16H18N2O2
F6782-6224,C14H19N5O
F6752-7449,C15H24N4O
F3321-0151,C11H9ClN4OS
F5791-0597,C13H12F3N3O
F6663-4525,C12H12F2N2O2S
F3398-4539,C14H12N2OS2
F6482-3821,C14H15ClN4O
F6807-6367,C18H20N4
F6218-0021,C15H13N5O2
F6574-0362,C15H15N5O2
F6244-0310,C14H16F3N3O
F3215-0128,C17H19NO4
F2167-1121,C17H21NO4
F2392-0614,C15H18N2O3S
F1214-0407,C18H20N4O
F1225-0010,C13H13NO8
F6807-6879,C12H16BrN3O2
F6720-1913,C14H9F4NOS
F6522-0058,C16H12ClNO2S
F6471-2861,C21H22N2O
F1907-2415,C13H19F3N4O2
F6495-5561,C15H14N8O
F6683-1282,C14H17ClN4OS
F6713-0249,C16H21F2N3O2
F3277-0643,C17H17N3O2S
F6438-0083,C18H21FN4O
F6245-0314,C12H13F3N6O2
F6561-3035,C23H25NO
F5017-1467,C15H19N5O2S
F6553-7073,C16H14ClNO3S
F6524-0503,C18H16N4O3
F6439-6977,C18H19N5O2
F6677-3826,C12H14BrN5S
F2580-0183,C19H17ClN2O2
F6559-0035,C18H19N3O2S
F6104-0243,C18H19FN4O2
F6497-0653,C17H21N5O3
F2368-3035,C16H15N3O2S2
F6573-8112,C16H18N4O3S
F6561-5946,C19H17N5O2
F5621-0334,C21H24N4O
F6445-6136,C15H15FN4O3S
F5596-0637,C19H21N5O2
F5791-0974,C19H19N3O2S
F6275-0179,C12H13BrF3NO3
F6609-5833,C19H18F2N4O
F6514-6644,C18H16ClFN4O
F6508-0005,C16H13BrN2O3
F6802-8111,C19H27N3O2S
F6549-2190,C21H21N3OS
F6609-3766,C17H19NO6S
F6571-0695,C22H23FN2O2
F6520-0920,C20H20N2O3S
F6619-2902,C20H27N5O2
F6725-0028,C18H21N5O2S
F2340-0165,C18H16FN3O3S
F6559-1314,C19H26N4O2S
F6562-6987,C19H24N2O4S
F0696-4227,C16H16BrFN4O
F6436-2946,C21H21N3O2S
F6418-0103,C17H13ClFNO2S2
F1515-0148,C20H22N4O2S
F3055-0818,C19H17BrN2O2
F5539-0065,C20H23N3O5
F2517-1122,C19H18ClN3O4
F6796-8695,C19H19F3N6
F6516-0183,C18H18N2O4S2
F6812-1533,C17H16F3N7O
F1911-5480,C16H12BrNO4S
F6436-0544,C19H26N2O3S2
F6734-2871,C22H29N5O2
F6497-0208,C20H20FN5O3
F3406-4920,C21H19ClFN3O2
F3226-3041,C24H19NO5
F2267-0440,C20H25N3O4S
F5824-0330,C22H27N7O
F6525-7983,C19H19F3N4OS
F5855-0766,C23H23FN2O4
F6773-4775,C19H20BrN5O
F6727-7925,C25H25N3O3
F6443-9685,C21H18F4N4O
F5347-0116,C16H18F3N3O5S
F6656-3677,C24H29N3O4
F2619-0512,C20H14FN3O3S2
F6549-9289,C24H35N3O4
F2561-0040,C25H28N4O3
F2051-0582,C19H21BrN2O3S
F6372-2372,C20H14BrN3O2S
F3225-2504,C21H19ClN4O3S
F2982-0443,C21H23N3O4S2
F5330-0338,C24H21ClN4OS
F3222-4711,C19H15F3N2O4S2
F2815-0751,C24H21FN2O3S2
F2368-0271,C24H21FN4O4S
