# All user editable compound information in the PCDL Manager compounds tab can be imported
# A minimum of formula or mass plus one identifier must be populated for compound import (recommended is formula and at least one other identifier, see examples)
# Multiple synonyms can be entered into the Synonyms column when separated by ';' (e.g. L-Isoleucine; 2-Amino-3-methylvaleric acid)
# All compounds will be assumed to be of a neutral ion type, unless a 1 is entered in the Cation or Anion column
Name,Formula
F5871-3498,C11H8F2N2OS
F6545-0123,C12H13F3N2O
F6452-0531,C16H23NO2
F6752-3557,C13H19N3OS
F6559-1503,C14H17F2NO2
F6725-0309,C15H20N4O
F6573-5038,C15H21N3O2
F2121-0288,C12H10BrNO2
F2564-0002,C15H14N4S
F6678-8157,C14H12ClN5
F6412-2094,C16H17NO4
F3267-0005,C18H15N3O
F6680-9174,C16H25N3O2
F6719-4513,C18H18N2O2
F6439-4424,C17H20N4O
F6438-1793,C17H22N4O
F6743-8023,C17H24N4O
F1018-0095,C15H14BrNO
F5147-0751,C15H19N3O2S
F3238-0052,C12H13BrN4O
F6437-0153,C13H18N4O3S
F6524-2535,C16H16N4O3
F6804-7766,C17H18N2O2S
F6743-6326,C12H20N4O2S2
F6550-4441,C15H15FN4OS
F6747-6035,C13H13ClN6S
F1243-0249,C16H23N3O4
F6524-2815,C17H17N5O2
F6482-5994,C18H13F2N3O
F6521-7450,C18H22N4O2
F6739-7815,C16H16N4O2S
F6451-1692,C19H23NO4
F6414-0094,C18H18FNO4
F3111-1608,C15H9ClFN3OS
F5857-1881,C17H22N2O3S
F6553-0554,C14H13BrN2OS
F6561-7905,C16H17F2N3OS
F6549-7116,C18H18N4O3
F6480-0363,C18H21N5O2
F6562-1346,C14H13ClFN3O2S
F6561-1618,C18H18N2O3S
F5791-0794,C18H15F2N3O2
F6436-0598,C14H24N4O4S
F0326-0201,C19H27N3OS
F6517-0571,C16H17N3O4S
F6571-2173,C15H19F3N2O4
F6480-2337,C19H19N5O2
F6442-1100,C17H21NO5S
F6675-9608,C19H26F2N2O2
F5763-0175,C18H18N4O4
F6573-7988,C14H11F3N4O2S
F6753-2163,C17H25F2N3OS
F3277-0156,C21H17N3O3
F5012-0161,C18H19NO5S
F2024-0175,C17H15Cl2N3O2
F6521-7417,C22H24N2O3
F2517-1320,C18H14N4O5
F6734-3171,C18H21N7O2
F6000-0123,C20H17F2N3O2
F6679-2808,C16H14BrN5O
F6756-2642,C22H20N4O2
F6795-5772,C14H17F3N6OS
F6550-4727,C19H29N5O3
F5493-0060,C18H23N3O4S
F6446-1366,C16H18BrN3OS
F3407-0093,C18H22ClFN4O2
F0537-2631,C18H11BrN2O3
F5688-0426,C19H21N5O2S
F3394-1232,C19H16FN3O3S
F6257-5865,C23H22N4O2
F5098-0646,C20H18ClFN2O3
F6443-8139,C19H23N3O6
F6573-1778,C17H15Cl2N5O2
F6438-3379,C17H21ClN6O3
F6549-7173,C20H31N3O5
F6818-0784,C20H21N5O2S
F6274-0153,C19H15N3O3S2
F5033-3674,C22H26N2O5
F6783-6366,C19H24N6O2S
F3156-0007,C26H30N2O2
F6619-4095,C16H20BrN7O
F5123-0480,C20H18FN7O2
F6726-5491,C21H24FN7O
F5095-0868,C21H21ClN4OS
F3398-5427,C22H30N4O4
F6502-7029,C23H23N5OS
F6506-5242,C21H22ClFN2O4
F6064-3030,C18H15ClFN3O4S
F6178-6758,C17H19BrN2O4S
F3386-4913,C15H12Cl2F3NO4S
F5558-0148,C23H25N7O2
F5013-0267,C20H16Cl3N3O2
F6656-2949,C24H31N5O3
F6443-9635,C19H19BrF3N3O
F2443-0259,C21H21ClN4O3S
F6245-7520,C20H19Cl2N5O3
F2270-0077,C24H24N2O5S
F2077-0504,C25H29N5O4
F2382-0641,C26H22F2N4O3
F6175-0843,C25H25FN8O2
