# All user editable compound information in the PCDL Manager compounds tab can be imported
# A minimum of formula or mass plus one identifier must be populated for compound import (recommended is formula and at least one other identifier, see examples)
# Multiple synonyms can be entered into the Synonyms column when separated by ';' (e.g. L-Isoleucine; 2-Amino-3-methylvaleric acid)
# All compounds will be assumed to be of a neutral ion type, unless a 1 is entered in the Cation or Anion column
Name,Formula
F6445-0189,C15H14N2O2
F6356-0848,C15H18N2O2
F3412-0024,C13H14N2O2S
F6752-7628,C13H23N5O
F6725-2477,C15H19N5
F6735-2082,C14H12ClN3O
F2616-0420,C14H13FN2O3
F5787-0127,C16H13N3S
F6502-0169,C15H14N4O2
F6284-0108,C15H15N3O3
F6539-3792,C15H17N3O3
F6713-5334,C14H19N5S
F6660-6382,C14H13FN2O4
F5966-0048,C15H22N2O4
F6356-0640,C12H12BrNO3
F6246-2164,C9H12F3N3O3S
F2189-0150,C16H15NO3S
F6556-8854,C16H17NOS2
F3255-0012,C15H19N3O4
F6275-0275,C12H15F3N2O2S
F6573-4702,C18H18N2O3
F6445-3620,C15H16N6O2
F2416-0469,C17H18N2O4
F6554-8304,C17H20N2O2S
F6469-2042,C18H14N4O2
F6782-6384,C16H17ClN2O3
F6502-5993,C13H11ClN4O2S
F6539-3807,C20H21NO3
F5680-0036,C16H15N5O3
F6806-6289,C19H26N4O
F6685-3817,C15H16N6OS
F5626-0064,C17H23N5O2
F2775-0385,C17H21N3O2S
F6519-5770,C16H13ClFN3O2
F5492-0025,C16H22N4O2S
F6573-5086,C16H17ClN2O2S
F5890-0018,C17H15N5O3
F6221-0355,C17H18N6O2
F6796-9029,C19H22FN5
F2135-1703,C15H14F3N3OS
F6523-2721,C17H18N4O2S
F6791-9256,C17H18FN5S
F6057-0137,C18H24N4OS
F3386-0522,C12H15BrN2O3S
F6514-6837,C15H17N5O3S
F6550-4479,C20H17FN4O
F6813-0621,C20H20FN5
F6390-3003,C21H21NO2S
F6681-8931,C12H15BrF3N3O
F3406-4473,C19H19FN4O2
F6574-1816,C17H16N4O3S
F6184-0857,C20H27N3OS
F6525-4705,C17H21N5O2S
F6414-2146,C19H23NO2S2
F5269-0385,C20H14FN3OS
F6713-4739,C20H24N6O
F6089-7416,C21H19FN2OS
F5865-0294,C19H25N7O
F6685-8545,C16H18F3N5O2
F2516-0132,C19H17NO5S
F3406-9813,C18H24N6OS
F6451-0432,C19H22N2O4S
F6475-1700,C18H17ClN2O5
F6454-0239,C22H23N3OS
F6442-0084,C18H18FNO3S2
F6262-1413,C19H20N6O3
F6441-3086,C17H19FN2O3S2
F2073-0470,C24H21N3O2
F6681-3454,C19H19N3O4S
F6414-1489,C25H26N2O2
F6433-0110,C21H16N4O4
F6559-7822,C20H27N3O3S
F6064-2353,C17H12F3N5O3
F6539-2192,C18H24N4O4S
F6435-1024,C18H19ClN2O4S
F6523-0509,C18H20F3N5O2
F5596-0318,C18H21Cl2N3O3
F5601-0053,C19H26N8O2
F6442-8252,C21H28N4O2S
F3166-0290,C18H17N3O4S2
F6471-0489,C21H19N5O2S
F6609-1336,C23H25N3O4
F6788-3954,C16H17BrF2N6
F6441-6678,C22H24N2O4S
F3111-1554,C20H18ClN3O3S
F6442-7104,C22H28FN3O2S
F6670-6556,C21H20F4N4O
F5017-2865,C19H22ClN3O4S
F6658-3275,C17H17F3N6O2S
F6064-3101,C20H14F3N5O3
F3406-3571,C20H15F3N4O2S
F6557-2094,C20H22ClN3O4S
F6368-0110,C22H23BrN4O
F6658-2276,C19H19N7O4S
F3382-6589,C24H20N4O5
F0774-0070,C21H25N3O6S
F2723-0078,C23H20FN3O4S
F2902-0515,C25H32N6O3
F3222-4408,C26H24ClN3O4
F3398-3385,C27H31N5O2S
