# All user editable compound information in the PCDL Manager compounds tab can be imported
# A minimum of formula or mass plus one identifier must be populated for compound import (recommended is formula and at least one other identifier, see examples)
# Multiple synonyms can be entered into the Synonyms column when separated by ';' (e.g. L-Isoleucine; 2-Amino-3-methylvaleric acid)
# All compounds will be assumed to be of a neutral ion type, unless a 1 is entered in the Cation or Anion column
Name,Formula
F2135-1109,C11H14N2O3S
F6284-0058,C13H14N4O2
F1967-1693,C13H8Cl2N2
F6753-0941,C13H19N3O3
F3375-2732,C17H19NO2
F3314-0061,C14H28N2O3
F6782-7198,C10H7F3N2S2
F6416-8004,C14H14ClNO3
F6543-4937,C13H18N2O3S
F6471-2024,C15H15N3OS
F6514-1616,C15H17N3O3
F6571-6555,C15H19N3OS
F6554-8426,C14H13ClN2OS
F6230-0303,C17H18N4O
F6752-7667,C16H22F2N2O
F3084-0101,C19H26N2O
F6226-0482,C12H12ClNO4S
F5860-1556,C14H13N3OS2
F6508-0036,C16H19NO5
F6560-0890,C14H16N2O2S2
F5053-0127,C15H19FN2O2S
F6507-1527,C15H21ClN2O3
F6464-0531,C18H19ClN2O
F3342-0200,C13H20N2O5S
F1791-2450,C16H18N2O3S
F6443-7616,C16H17ClN2OS
F6507-5327,C18H27NO4
F6485-1610,C14H18FN5O3
F6441-4489,C14H19N3O4S
F6549-7397,C18H22N4O2
F3398-5342,C16H16N4O2S
F6806-6304,C16H22F3N3O
F6064-0662,C15H17N5O4
F6754-9804,C15H16BrN3O
F6495-9580,C19H18N4O2
F8890-1203,C14H13ClN4O2S
F5141-0437,C15H19N3O4S
F6514-7400,C15H22N4O3S
F6539-2661,C15H25N5O2S
F6482-7432,C17H15N3OS2
F2106-0070,C19H18O6
F6726-1331,C17H18ClN5O
F6443-1478,C19H24N2O2S
F6802-7869,C19H27N3O3
F6507-9004,C18H21NO2S2
F3375-1275,C18H16N6O2
F6549-2587,C16H23N5O2S
F6681-3487,C17H16F3N3O2
F5832-0167,C22H28N2O2
F0153-0010,C20H19FN2O3
F6514-7226,C15H18Cl2N4O2
F6814-3100,C19H21F2N5
F6561-7909,C18H21N3O3S
F5860-4395,C18H14F3N3O2
F6515-4585,C17H12F3N3OS
F6708-9882,C21H24N4O2
F6476-3676,C21H19ClN2O2
F6475-6464,C21H25N3O3
F6488-1750,C19H19N3O5
F1143-5780,C18H14FN3OS2
F3398-3659,C19H24N4O2S
F5248-1293,C18H19FN4O2S
F3256-0708,C17H16N2O2S3
F6473-4212,C20H19N5O3
F6479-4221,C16H18BrN3O3
F6491-0796,C20H20N4O4
F2036-0407,C17H16ClFN2O3S
F0696-1593,C20H21N3O5
F8890-1227,C20H17ClFN3O2
F6454-2941,C17H30N4O2S2
F3277-0341,C18H20N4O2S2
F3225-2794,C22H20FN5O
F6443-3820,C18H18ClN3O3S
F6171-0784,C19H24N2O5S
F6481-1211,C17H16BrFN2OS
F6597-2522,C19H20F3N3O3
F6478-1103,C16H19N3O5S2
F6523-2024,C20H26N6OS
F0447-0463,C22H28N2O3S
F6443-9770,C15H13BrF3N3O2
F5689-1124,C18H17F2N5O2S
F2880-3046,C23H25N3O2S
F1880-1739,C16H12Cl2N4O3S
F3407-4717,C21H21ClN4O3
F6371-0765,C16H12F3N3O3S2
F1727-0153,C24H24ClN5
F0657-0187,C23H21ClN4O2
F6523-3757,C19H16F3N3O3S
F2040-0207,C22H19ClN2O3S
F3411-3609,C20H17BrFN3O2
F6444-0727,C27H33N3O2
F6473-7648,C20H22BrNO5
F5978-0137,C18H20BrFN4O3
F6435-7450,C20H24ClNO4S2
F5939-2843,C22H24N2O4S2
F5583-0075,C21H22FN3O3S2
F6178-6657,C24H28N4O5
F2259-1166,C23H21ClN6O3
F3222-5248,C25H28N6O4
F3398-1515,C25H23N5O2S2
