# All user editable compound information in the PCDL Manager compounds tab can be imported
# A minimum of formula or mass plus one identifier must be populated for compound import (recommended is formula and at least one other identifier, see examples)
# Multiple synonyms can be entered into the Synonyms column when separated by ';' (e.g. L-Isoleucine; 2-Amino-3-methylvaleric acid)
# All compounds will be assumed to be of a neutral ion type, unless a 1 is entered in the Cation or Anion column
Name,Formula
F6662-0715,C13H16F2N2O
F6544-1417,C13H18N6
F6570-0851,C13H15ClN4
F1915-2662,C13H9F3N2O
F6541-5047,C10H15BrN4
F6609-1814,C15H15NO4
F5937-0202,C15H17ClN2O
F6562-1262,C13H17N3O2S
F6482-6418,C17H18N2O2
F6480-2673,C14H15N5O2
F6807-6889,C14H17N5O2
F6514-7155,C14H19N5O2
F6481-3722,C13H16N4O2S
F6751-9749,C15H26N4O2
F5835-0224,C16H12ClN3O
F6356-0220,C14H12F3NO3
F1841-0048,C15H15N3O2S
F5893-0251,C18H13N3O2
F6438-3542,C13H19N7O2
F3120-0055,C18H16N2OS
F6739-7816,C17H18N4O2
F6725-2690,C16H17FN6
F6554-4292,C18H19FN2O2
F1142-3173,C15H19F3N2O2
F6561-8303,C16H18N2O5
F2880-0890,C17H18ClFN2O
F1413-0003,C18H14N2O2S
F6443-2700,C16H25N3O2S
F6556-6572,C15H23N3OS2
F2395-0280,C14H17NO2S3
F6395-1538,C18H20N2O2S
F0336-0361,C11H11BrN2OS2
F6230-0024,C19H17N5O
F6478-6092,C16H16ClN3O3
F6748-8299,C17H23ClN4O
F6556-5931,C16H21BrN2O
F6515-0583,C19H19N3OS
F6443-7641,C20H22N2O3
F6523-4714,C19H25N5O
F6574-0127,C18H16ClN3O2
F3386-0504,C15H22N2O5S
F6446-0775,C18H21N3O2S
F6795-2288,C17H21FN6O
F6261-2134,C17H15FN2OS2
F5493-0636,C17H21N3OS2
F6194-1468,C18H24N2O3S
F6734-2447,C20H23N5O
F3319-0029,C17H19F2N3O3
F2004-0117,C18H15N3OS2
F3394-1011,C17H26N2O4S
F6559-1843,C15H15F3N4O3
F5630-0028,C19H27N5O2
F3398-4758,C17H21N5O4
F6444-1597,C19H20FNO5
F6573-6814,C20H17N3O2S
F6508-0019,C15H12BrNO3S
F6660-5364,C19H18N4O4
F2513-0605,C15H14Cl2N4OS
F2477-0077,C16H24ClN5O3
F6517-3290,C20H18FNO3S
F6559-1358,C23H24N4O
F6452-1443,C20H23ClN2O3
F5825-0128,C17H20N4O2S2
F5835-0546,C22H23N3O3
F2372-0239,C18H16ClF2N3O2
F2879-3674,C22H24N2O4
F6495-3979,C20H16ClFN4O
F1126-0193,C23H21N5O
F6687-5420,C17H19ClF3N5
F6502-6913,C14H14ClN3O2S3
F6245-6983,C17H20N6O3S
F6089-8320,C20H27N3O5
F6502-6903,C18H21N3O3S2
F6513-1574,C17H24N6O3S
F1605-0195,C21H18N2O4S
F5788-2051,C19H23F2N3O4
F6520-1193,C22H23NO2S2
F6435-0936,C17H18ClNO4S2
F6679-2546,C14H16BrN3O4S
F6442-2313,C19H18FN3O4S
F6514-3839,C21H19N5O4
F6782-2052,C24H29N3O3
F6353-3299,C18H22N2O5S2
F6565-4715,C20H24N6O2S
F6428-0240,C22H17N5O2S
F0582-0696,C19H19BrN2O2S
F3406-4493,C23H24N4O4
F3406-4394,C22H21N3O4S
F5052-0154,C21H22N4O4S
F6658-6238,C19H22F3N3O3S
F2562-0213,C23H20N4O3S
F5532-0112,C24H22ClN3O3
F6454-1413,C19H23FN4O5S
F5682-0068,C21H23N5O4S
F6619-7876,C19H19F3N10
F5596-0872,C24H22FN5O3
F3386-3602,C19H23BrN2O4S
F3382-6040,C23H24ClN7O2
F8890-1701,C23H19BrN4O3
