# All user editable compound information in the PCDL Manager compounds tab can be imported
# A minimum of formula or mass plus one identifier must be populated for compound import (recommended is formula and at least one other identifier, see examples)
# Multiple synonyms can be entered into the Synonyms column when separated by ';' (e.g. L-Isoleucine; 2-Amino-3-methylvaleric acid)
# All compounds will be assumed to be of a neutral ion type, unless a 1 is entered in the Cation or Anion column
Name,Formula
F2147-0600,C9H7BrN2O2
F0537-0337,C14H14N2OS
F6752-4214,C14H19N3O2
F6471-2563,C16H15N3O
F6435-1862,C15H15N3O2
F5937-0135,C16H20N2O2
F6521-8994,C16H21NO3
F1967-2469,C19H22N2
F3411-1522,C16H11FN2O2
F6616-6148,C13H11N5OS
F6284-0126,C15H17N3OS
F6438-6802,C16H19NO2S
F6660-0783,C15H21N3O3
F6502-9195,C14H16F2N4O
F2879-5954,C18H20N2O2
F6556-1020,C15H26N2O2S
F1913-5927,C18H24N2O2
F6492-0877,C17H26N4O
F6797-2809,C14H13F2N5O
F6031-1981,C16H25N3O3
F6473-3563,C16H14N4O3
F3083-0259,C14H20N2O4S
F6090-0451,C12H18N4O4S
F5672-0121,C15H16N4O2S
F6374-0174,C16H18N2OS2
F2493-1387,C15H10F2N2O2S
F6764-3970,C18H19N5O
F6436-0955,C17H25NOS2
F5857-6665,C15H19NO5S
F6475-2898,C19H22N2O3
F5320-0254,C16H13FN4O3
F6519-7424,C18H23N3OS
F6680-3119,C14H16F3N3O3
F3127-0029,C15H12BrNO3
F6014-0119,C20H18N2O3
F5831-6450,C18H29N3O3
F2605-0311,C16H20ClN3OS
F6574-0387,C18H18N4O3
F6374-1280,C16H25N3O3S
F1016-0402,C12H11ClF3NO3S
F1301-0149,C18H18N2O3S
F6524-4773,C16H17N5O2S
F6724-0451,C16H20N6OS
F6523-4466,C17H23N5O3
F6414-0135,C18H18ClNO4
F6471-8822,C16H20N4O3S
F6247-0673,C19H19N5O2
F6353-6033,C16H21N3O2S2
F6729-7146,C20H24N4O2
F5493-0496,C17H18N6OS
F6252-7287,C16H13BrN4O
F6562-0746,C21H19N5O
F2814-1099,C19H21NO4S
F6808-9635,C16H20BrN5
F3237-0035,C15H19Cl2NO3S
F6725-1169,C21H24N4S
F5839-0019,C19H15ClN4O2
F6555-0642,C16H25N5O3S
F1874-0071,C18H19N5O2S
F5835-0187,C17H14BrN3O2
F6357-0370,C20H24N2O3S
F6451-2784,C16H23ClN2O4S
F5901-0077,C20H29N3O2S
F6573-1785,C19H16FN7O
F0882-0820,C17H14ClNO3S2
F6734-0656,C21H21ClN4O
F6713-0434,C20H27N7O
F6494-1050,C19H18FN5O3
F6685-8894,C16H20ClN3O4S
F6442-1947,C21H26N2O3S
F6204-2774,C19H20N2O3S2
F5596-0834,C20H24FN3O2S
F6359-4797,C17H18BrN3O3
F6443-6204,C21H20N4O2S
F6658-5731,C23H27N3O3
F6188-1028,C18H25N3O3S2
F6514-9203,C19H16BrN3O2
F6564-1791,C21H23FN4O3
F0920-6313,C20H24N4O3S
F6562-0872,C24H26N4O2
F2487-0346,C18H19N3O4S2
F6440-2958,C20H26ClN3O2S
F6240-0730,C22H24FN5O2
F6441-2535,C19H19F3N2O3S
F6178-4428,C25H26N4O2
F6805-5606,C20H24ClN5O3
F6692-6012,C19H25BrN4O2
F6200-2304,C15H13BrF3NO3S
F5826-0131,C26H27N5O
F5780-0094,C24H32N2O3S
F2068-0673,C22H29N3O4S
F6444-0867,C25H30N4O3
F6442-7096,C25H28FN3O3
F3237-0339,C17H20BrN3O4S
F6154-0192,C21H18Cl2N4O3
F5033-5978,C20H22BrN3O2S
F3305-0442,C23H21ClN4O2S
F6253-1435,C24H22FN5O4
F5939-0609,C23H25FN2O4S2
F3407-0436,C27H25FN4O2S
