# All user editable compound information in the PCDL Manager compounds tab can be imported
# A minimum of formula or mass plus one identifier must be populated for compound import (recommended is formula and at least one other identifier, see examples)
# Multiple synonyms can be entered into the Synonyms column when separated by ';' (e.g. L-Isoleucine; 2-Amino-3-methylvaleric acid)
# All compounds will be assumed to be of a neutral ion type, unless a 1 is entered in the Cation or Anion column
Name,Formula
F6793-5177,C14H22FN3
F6617-2035,C15H16N2O2
F2011-0385,C14H16N2OS
F6666-4168,C13H10ClFN2O
F6553-6984,C11H9ClN2O2S
F6806-8318,C15H17N3O2
F6756-1245,C14H18N4O2
F6559-1402,C13H21F2NOS
F6761-7407,C17H20N4
F3278-0014,C17H33NO2
F6446-0264,C15H18N4O2
F6512-1443,C15H17FN4O
F6806-8076,C15H22N4O2
F6471-1560,C16H20ClNO2
F5318-0527,C13H10ClFN2O3
F0346-0331,C14H12Cl2O3
F0344-0758,C12H10Cl2N2OS
F5834-0124,C15H14N2O3S
F0346-3184,C19H16N2O2
F6677-3154,C13H11Cl2N5
F6420-0712,C16H20FNO2S
F6561-2013,C16H19F2NO3
F6561-4965,C17H19N3OS
F6487-0349,C18H18FNO3
F6485-0178,C16H19N3O2S
F5094-0267,C15H17N3O3S
F3406-6568,C14H15N3O4S
F0161-0400,C13H10BrNO2S
F6412-1532,C19H20N2O3
F5854-0856,C18H15FN2OS
F6565-4802,C17H18FN5O
F6439-3473,C14H14F3N3OS
F6791-8295,C17H22N4OS
F6475-2351,C17H20N2O3S
F6539-2795,C18H27N3O3
F5831-7865,C16H21N3OS2
F6624-9648,C18H20N6O
F2507-0115,C17H14N4S2
F6525-0326,C15H18FN3O3S
F6559-3645,C15H18F2N4O3
F2145-0908,C22H19N3O
F6240-3410,C18H26N6O
F6561-2127,C15H18Cl2N2O3
F1773-0223,C16H24ClNO3S
F6497-0768,C17H22N4O2S
F6443-7818,C22H25N3O
F6683-1236,C17H17ClFN3O2
F6760-2433,C16H22N4O3S
F5599-0366,C18H16N4O2S
F0672-0231,C20H23N3O3
F6440-3276,C16H16F3N3O3
F6415-0184,C16H17Cl2NO4
F6523-0507,C16H21F3N4O2
F2199-0390,C16H19F3N2O4
F6809-1220,C19H20ClFN2O2
F6445-0480,C17H12N6O2S
F6359-4010,C19H19N5O3
F6262-6439,C18H14FN5OS
F6619-6584,C19H21FN6O
F6525-6281,C15H22N4O3S2
F6726-0692,C17H13ClN4O2S
F6609-3707,C20H23NO6
F2550-0137,C21H17N3O2S
F6244-3426,C24H28N2O2
F5115-0185,C20H18N4O4
F6811-1664,C21H25N5O2
F6609-3860,C19H18F3NO4
F6753-2194,C20H28F2N2O3
F6685-8742,C17H19F3N4O3
F5788-0669,C18H15FN4O3S
F6435-9199,C21H25NO4S
F6286-0818,C16H15ClF3N3OS
F6489-2274,C18H22N4O4S
F6687-5401,C20H24F3N5
F6539-2329,C15H24FN3O4S2
F6178-7113,C21H31ClN2O3
F5788-1987,C21H21ClN4O2
F6482-6838,C17H13F3N2O4S
F5016-0793,C21H25N3O5
F6475-1865,C17H14ClF3N2O4
F2320-0078,C21H17ClN6O
F3179-0593,C20H26N2O5S
F3386-4574,C14H11BrF3NO3S
F5291-0036,C21H18FN3O3S
F5782-0161,C25H27N5O
F6363-0622,C20H19F3N6O
F6244-2429,C19H22BrN3O3
F6605-5202,C23H27N5O3
F6529-1013,C17H19F3N8O2
F3406-0343,C18H29N5O5S
F5561-0080,C20H26N6O3S
F3406-7635,C23H23N5O4
F5601-0563,C18H28N8O3S
F3382-6892,C20H17BrN4O3
F6783-6652,C22H30N6O2S
F2016-0773,C24H35N3O3S
F6252-1424,C23H16FN3O6
F6609-0065,C24H34N4O5
F3406-1464,C24H26ClN3O5
F2015-0052,C27H21N3O6
