# All user editable compound information in the PCDL Manager compounds tab can be imported
# A minimum of formula or mass plus one identifier must be populated for compound import (recommended is formula and at least one other identifier, see examples)
# Multiple synonyms can be entered into the Synonyms column when separated by ';' (e.g. L-Isoleucine; 2-Amino-3-methylvaleric acid)
# All compounds will be assumed to be of a neutral ion type, unless a 1 is entered in the Cation or Anion column
Name,Formula
F6541-1634,C12H16N2O2S
F6543-1631,C15H20N4
F6675-8136,C12H16N6O
F5835-0676,C15H12N4O
F6543-1052,C12H14ClFN4
F1360-0381,C16H21N3O
F6661-6455,C16H22N2O2
F6808-5999,C18H19N3
F6773-2949,C12H15N3OS2
F1011-0800,C15H12N2O4
F6107-0055,C17H19FN2O
F6502-9127,C15H20N4O2
F3156-0034,C13H13N3O3S
F2792-0200,C15H15N7
F6548-2809,C16H12N2O4
F6478-6052,C12H15ClN4O3
F6513-3790,C12H11F3N4O2
F6226-0208,C12H18N2O5S
F6549-5102,C15H20N4OS
F6517-1257,C15H17NO4S
F6752-8005,C13H19N5O4
F6487-0358,C19H21NO3
F6476-3746,C17H19N3O3
F6559-3490,C14H17N7O2
F6793-6843,C14H18F3N3O2
F5600-0504,C15H18ClN5O
F6374-1430,C15H19N3OS2
F6760-0093,C14H9N7OS
F6808-5979,C18H20N4O2
F6516-0074,C18H18N2O2S
F6521-9503,C20H22FNO2
F2518-0392,C17H13F2N3O2
F6478-4301,C17H22N4O3
F5686-0287,C16H20N4O2S
F6789-1701,C15H12Cl2N4O
F6513-5961,C16H21N3O3S
F6755-2753,C18H28N2O2S
F5852-0939,C16H13F3N2O3
F6514-6478,C17H17N5OS
F6550-7730,C19H20N2O4
F6496-1386,C19H23N3O3
F0646-1050,C16H13N3O2S2
F6524-0531,C18H17ClN2O3
F2740-0823,C18H17F2N3O2
F1911-9808,C15H21F3N4O2
F6560-2954,C15H13ClN4O2S
F5788-2945,C16H19N3O4S
F6806-7539,C16H20F2N6O
F0654-0243,C15H20N4O4S
F5033-0685,C21H27N3O2
F6559-2666,C22H17N3O2
F6726-0715,C17H13ClFN5O
F6057-0223,C19H26N4OS
F3342-0411,C19H24N2O3S
F6524-0446,C20H18N4O3
F6482-6584,C19H16N4O2S
F6713-0254,C17H21F2N5O2
F6480-1480,C20H18ClN3O2
F5230-0737,C21H28N4O2
F6521-9715,C20H22N2O3S
F6416-9446,C17H16ClF3N2O2
F6796-6991,C19H21F2N5O
F6473-1364,C19H22ClN3OS
F3382-7698,C17H16ClN3O3S
F6438-3588,C16H22N6O3S
F3358-0251,C17H11F3N2OS2
F5596-0619,C20H19N3O5
F6237-3671,C15H9ClF3N5O2
F6560-0147,C22H25ClN2O2
F6488-1647,C18H18N4O4S
F5607-0208,C18H19F2N7O
F6658-5751,C17H20BrN5O
F6734-0115,C17H17F3N8
F6517-0673,C16H13BrN2O3S
F6796-8999,C17H15F4N7
F6356-1223,C17H18BrNO3S
F6571-4201,C22H24N2O3S
F0537-0803,C20H18N2O5S
F5111-0067,C21H29N5O3
F6529-1030,C16H17F3N4O3S
F2269-0098,C23H20N2O5
F6529-3939,C17H25F3N4O4
F3249-0171,C21H16ClN3O2S
F6529-6672,C19H23ClFN3O4
F6041-0381,C21H19ClN2O3S
F6658-2514,C19H22F2N8O
F6514-4753,C18H21N5O5S
F2871-0180,C21H18N4O2S2
F3109-0061,C24H28N2O5
F6261-0986,C15H13BrN2O2S3
F2490-0375,C21H30N6O4
F3072-0124,C27H31NO4
F3382-4213,C20H12FN5O2S2
F0910-0100,C23H18F2N2O3S
F2738-0651,C22H16F3N3O2S
F2496-1278,C21H19FN2O6S
F6242-1514,C19H18F3N7O3
F5297-1298,C26H29N5O3
F3318-0582,C22H27F3N2O4S
F6548-0615,C25H21ClN8O
