# All user editable compound information in the PCDL Manager compounds tab can be imported
# A minimum of formula or mass plus one identifier must be populated for compound import (recommended is formula and at least one other identifier, see examples)
# Multiple synonyms can be entered into the Synonyms column when separated by ';' (e.g. L-Isoleucine; 2-Amino-3-methylvaleric acid)
# All compounds will be assumed to be of a neutral ion type, unless a 1 is entered in the Cation or Anion column
Name,Formula
F2145-0351,C11H14N2O3S
F6186-1015,C11H18N2O3S
F6610-3097,C15H23N3O
F6791-6501,C15H15N5
F6573-6458,C13H17F2N3O
F6244-0097,C17H24N2O
F6724-1359,C14H21N5O
F6514-2700,C11H12F3NO2S
F6125-0283,C13H18N2O3S
F6472-0823,C13H19NO2S2
F6540-9093,C13H16F3N3O
F6520-5164,C15H19N3OS
F6471-2725,C13H13BrN2O
F6471-6823,C15H22N2O2S
F5860-3661,C17H20N4O
F6556-5595,C15H26N2O4
F5105-0064,C12H12ClNO2S2
F5083-0031,C14H10ClN3O3
F5496-0554,C15H19N3O2S
F6252-7906,C13H13ClN4OS
F0582-0002,C18H18N2OS
F6473-4013,C16H16N4O3
F6186-0373,C14H19FN2O3S
F3329-0065,C17H12N6O
F0882-0146,C16H18N2O3S
F6709-4841,C16H14ClFN2O2
F6244-1589,C20H23N3O
F6573-0173,C17H17N5O2
F6439-4821,C12H18F3N3O2S
F6573-2754,C18H22N4O2
F6807-7314,C16H16N4O2S
F6257-1361,C17H20FN5O
F2984-0192,C18H21NO3S
F1566-0988,C14H11N3O5S
F2275-0019,C19H18N4O2
F6457-0559,C15H13ClN2O3S
F6372-0094,C18H15N3O4
F6441-7004,C15H22N4O3S
F6559-1300,C18H21N5O2
F6755-7368,C14H16ClN3O3S
F6452-0262,C15H19FN2O4S
F0521-0497,C17H18ClN5O
F6475-2656,C19H21FN2O3
F6814-6755,C18H24FN5O
F6221-0128,C16H12F3N5O
F6524-0948,C18H16N6O2
F6783-7551,C16H20FN5O3
F5087-0313,C17H22ClN3OS
F5033-2585,C17H28N4O4
F5860-4824,C15H22N4O4S
F2232-0136,C17H16N4OS2
F6812-1343,C20H19N7
F5834-3751,C18H21N3O3S
F5476-0548,C18H20ClN3OS
F6677-3464,C16H18BrN3O2
F6559-7511,C17H20N10
F6809-6733,C17H14F4N4O
F5788-3121,C21H25N3O3
F6559-1299,C20H20FN3OS
F2606-0059,C18H14ClN3O2S
F6448-1736,C19H21FN4O3
F6560-5288,C21H18N4OS
F6506-0157,C16H13BrN2O4
F6245-6488,C20H19N5O3
F5854-4874,C15H16F3NO3S2
F6525-7220,C20H20N4O4
F6573-0693,C18H15BrN4O
F6439-4780,C18H20F3N3O3
F6521-9612,C18H18F3NO3S
F5832-5478,C22H27ClN2O2
F6573-4950,C18H14F6N2O
F6561-9442,C20H19N7O2
F5123-0134,C16H15Cl2N7O
F6784-1813,C20H17FN6O2
F1590-0201,C16H15BrN2O3S
F6454-3003,C19H26ClN3O2S
F2757-0129,C17H14F3N3O3S
F6471-0281,C23H22N6O
F3225-6264,C25H24N2O3
F6411-2561,C17H11BrFN3OS
F3228-0159,C23H19NO4S
F6513-1350,C19H20F3N5O2
F6734-1397,C23H28FN5O
F5656-0642,C22H21FN2O3S
F2528-0460,C18H14BrN3O4
F5871-1699,C24H23N3O4
F6237-3813,C17H15F3N8O2
F6734-1332,C20H18BrN5O
F6471-0106,C20H19BrN4O2
F1441-0702,C20H16FN3OS3
F3398-2458,C25H29N5O2
F6444-2289,C17H20BrF2NO5
F2515-2705,C21H12F2N4OS2
F2508-0351,C21H17Cl2N5O2
F5882-6166,C22H22Cl2N4O2
F0326-0311,C21H22ClN3O4S
F1827-0070,C24H25FN4O4
F2189-0117,C25H25BrN2O2
F0535-0893,C27H28N2O6
F2017-0126,C23H24ClN3O5S
