# All user editable compound information in the PCDL Manager compounds tab can be imported
# A minimum of formula or mass plus one identifier must be populated for compound import (recommended is formula and at least one other identifier, see examples)
# Multiple synonyms can be entered into the Synonyms column when separated by ';' (e.g. L-Isoleucine; 2-Amino-3-methylvaleric acid)
# All compounds will be assumed to be of a neutral ion type, unless a 1 is entered in the Cation or Anion column
Name,Formula
F6608-1243,C12H16N2O2S
F1917-8790,C13H24N2O3
F2616-0737,C15H20N2O2
F6760-2001,C15H12N4O
F6512-9054,C14H12N4O2
F5959-0077,C16H21N3O
F6544-1359,C15H22N4O
F6190-0115,C16H23NO3
F0863-0317,C14H11N5S
F5882-4129,C12H16N2O4S
F6560-2721,C14H18N6O
F6514-7585,C15H20N4O2
F6554-5665,C12H15F2NO3S
F6481-2387,C16H23NO2S
F2713-0240,C13H14ClFN4O
F5856-0199,C15H14N4OS
F2493-1619,C16H13FN2O3
F3412-0076,C14H14N4O4
F6573-6365,C17H18F2N2O
F6471-2938,C15H17NO4S
F6561-4847,C18H19N3O2
F6442-1166,C16H25NO3S
F6571-3415,C14H23N3O3S
F6506-4819,C18H21NO4
F5479-0083,C16H19N3O4
F1423-1018,C17H18FNO4
F6359-1063,C14H16ClN5O2
F3040-4505,C13H14ClN5OS
F6743-7764,C15H24N4O2S
F6561-7506,C18H18N2O2S
F6564-3298,C17H21N5O2
F0699-0070,C16H15N3O5
F6549-3945,C17H22N4O3
F6512-1618,C16H20N4O2S
F6457-0595,C15H14N2O3S2
F6195-3307,C16H21N3O3S
F6747-5840,C20H24N4O
F1105-0112,C18H14N2O5
F6284-0441,C19H15F2N3O
F6218-0389,C17H17FN6O
F6464-0168,C21H24FNO2
F6204-2732,C12H16F3NO3S2
F6524-6017,C16H16N4O3S
F6753-1034,C15H18F3N3O3
F6448-0894,C17H22N4O4
F6471-2345,C16H14Cl2N4O
F0707-0001,C16H19N3O4S
F6678-8097,C20H22N4O2
F6515-1221,C20H20N2O2S
F6549-5315,C21H27N3O2
F5075-4657,C19H18FN3O3
F5854-2662,C19H19NO2S2
F3368-0123,C20H26N2O4
F6676-1092,C19H24N2O3S
F6514-6512,C20H18N4O3
F6353-5641,C18H21ClN2O2S
F6475-5376,C21H23N3O3
F6469-3352,C18H17N5O2S
F6788-2658,C20H28N6O
F3237-0596,C20H22N2O3S
F1929-0283,C19H17ClN2O4
F6658-4743,C18H23N5O4
F5080-0033,C21H17N3O4
F6709-4241,C14H14F3N3O4S
F8890-6605,C21H19FN4O2
F2699-0011,C16H17BrN2O4
F6734-0778,C20H20ClN5O
F6556-0797,C17H18ClNO3S2
F5016-1359,C20H24N4O2S
F6445-2777,C23H18N2O2S
F2455-0212,C22H21N5O2
F6240-5185,C18H19N3O3S2
F5098-0388,C21H21F3N2O2
F6609-1889,C16H13BrN2O5
F6734-0792,C21H20ClN5O
F6439-5162,C17H15Cl2N3O2S
F6438-3299,C17H19F3N6O2
F3398-0526,C20H19ClN4OS
F6796-3419,C22H33N5O2
F6523-2516,C19H14N8OS
F2794-0080,C20H24N2O5S
F6222-0741,C22H23FN6O
F2135-1748,C18H14F3N3O3S
F5485-1646,C22H22FN3O2S
F5017-0905,C18H23ClN2O3S2
F6656-4148,C23H24N6O2
F0294-0011,C23H21N3O3S
F6808-5333,C16H22BrF3N4O
F8890-6219,C23H28N4O4
F6680-2527,C16H12BrF3N4O2
F6523-0787,C25H30N6O
F3382-4603,C19H16BrFN2O2S
F3309-3418,C19H20ClN3O3S2
F2374-0329,C19H21FN2O7S
F6444-2606,C20H20F3NO5S
F6274-0758,C21H22N2O5S2
F6818-0805,C21H22F3N5OS
F0507-3785,C18H13Cl2F3N4OS
F5115-0226,C26H24N4O5
F3398-4701,C25H23F3N4O3
