# All user editable compound information in the PCDL Manager compounds tab can be imported
# A minimum of formula or mass plus one identifier must be populated for compound import (recommended is formula and at least one other identifier, see examples)
# Multiple synonyms can be entered into the Synonyms column when separated by ';' (e.g. L-Isoleucine; 2-Amino-3-methylvaleric acid)
# All compounds will be assumed to be of a neutral ion type, unless a 1 is entered in the Cation or Anion column
Name,Formula
F6541-1594,C13H18N2OS
F6541-2412,C14H13N3O2
F6666-1681,C17H13N3
F2459-2054,C14H22N4O
F6805-3095,C16H18N4
F6443-7578,C16H18N2O2
F6789-0570,C15H19N3O2
F6514-6978,C14H20N4O2
F6752-2439,C14H25N5O
F2496-1430,C16H13NO4
F3139-0620,C16H11ClO3
F6608-0579,C10H10BrFN2O2
F6475-0352,C12H13F3N2O3
F6507-5739,C14H20N4O3
F5882-5279,C13H17N3O3S
F6471-8503,C13H19N3O3S
F2167-4209,C14H21NO4S
F0687-0497,C18H17F2NO
F6696-0221,C16H21N3OS
F3244-0018,C17H14N4S
F6507-9270,C16H24N2O2S
F6553-7025,C13H14ClN3O2S
F5284-0057,C12H12ClN3O3S
F6755-1688,C9H10BrN5OS
F6514-7029,C18H28N4O
F3348-0114,C18H18N6
F6725-0281,C16H21ClN4O
F6236-0002,C13H18N6O2S
F6518-2559,C15H14F2N2O2S
F6756-2668,C17H19N5O2
F6515-0218,C17H17N3O2S
F2318-0068,C16H20N6O2
F3358-0029,C17H18N2O3S
F6764-5012,C18H25N3O3
F6430-0704,C18H15N5O2
F6516-1130,C16H11ClFNO2S
F6808-3461,C17H16N6S
F6672-0401,C16H18F3N5
F1841-0033,C12H10BrN3O2S
F3374-0110,C18H16N2O3S
F6482-2181,C17H21ClFNO3
F6514-8777,C21H18N4O
F6791-9180,C16H21N7S
F6192-0595,C18H16ClNO2S
F6475-3736,C18H19ClN2O3
F6275-0146,C16H20F3NO4
F6454-2641,C19H28N2O2S
F5852-1469,C17H16ClFN2O3
F6125-1083,C19H21N5O2
F5652-0208,C19H19N3O2S
F6795-3668,C19H26N6O
F3348-0587,C19H21ClN4O
F1830-0112,C18H18N2O4S
F6279-0142,C22H37N3O
F6679-0232,C22H23N3O2
F3319-0310,C18H22ClN3O3
F6200-3745,C18H20ClNO3S
F6246-5228,C20H22N4O3
F5831-7990,C18H19F3N2OS
F6529-3164,C21H27N3O3
F2881-1367,C18H18FN5O3
F6506-1587,C19H19NO3S2
F0532-0016,C22H22N4O2
F6517-3816,C22H20N2O4
F6482-7287,C17H15ClN2O2S2
F6658-0142,C19H18ClN7
F6154-0602,C15H9Cl2N3O3S
F6761-7854,C20H19FN4O3
F6553-7153,C16H17ClN2O3S2
F5627-0036,C19H23N5O2S
F6418-2726,C20H21NO3S2
F6612-0076,C19H24N4O3S
F6442-0098,C18H15FN2O5S
F6442-1387,C19H22FN3O3S
F6228-0437,C22H28N6O
F6436-3457,C22H22N2O3S
F6475-3302,C23H29N3O3
F6502-1109,C23H19N5O2
F2867-0531,C20H21N3O2S2
F0650-0122,C20H20FN3O3S
F0818-0025,C23H21N3O4
F5097-2392,C24H27N3O3
F6438-1654,C19H22Cl2N4O2
F5448-0714,C20H22N6O2S
F6682-6482,C20H20BrN3O2
F6523-1160,C19H25N7O2S
F6495-5297,C20H18N8OS
F6252-4138,C22H16ClN3O4
F6178-5789,C24H29N3O2S
F6672-0612,C15H15Br2N3O2
F6091-0132,C25H27N5O2
F6497-0028,C25H25FN4O2
F6523-0795,C21H33N5O3S
F5226-2205,C24H30N4O4
F6438-3866,C17H20Cl2N6O2S
F6480-4290,C21H24BrN3O3
F6559-0695,C20H18F2N4O4S
F3259-0501,C26H25N5O3
F3406-6300,C25H33N5O4
F0656-0363,C20H13ClF4N6O2
