# All user editable compound information in the PCDL Manager compounds tab can be imported
# A minimum of formula or mass plus one identifier must be populated for compound import (recommended is formula and at least one other identifier, see examples)
# Multiple synonyms can be entered into the Synonyms column when separated by ';' (e.g. L-Isoleucine; 2-Amino-3-methylvaleric acid)
# All compounds will be assumed to be of a neutral ion type, unless a 1 is entered in the Cation or Anion column
Name,Formula
F6190-1500,C12H13NO3S
F6244-2695,C12H21N3O3
F6715-9643,C12H17N7
F5657-0020,C17H13NO2
F5759-0159,C15H13N3S
F5831-7570,C10H13N3O2S2
F3139-2770,C15H11ClO3
F6355-0092,C14H15NO3S
F3157-0220,C13H16N2O3S
F6200-0592,C14H18FNO4
F6553-8800,C10H17F3N2O2S
F6476-5360,C15H16N2O2S
F6681-9267,C14H18N4OS
F6518-2097,C14H15NO2S2
F6559-2881,C17H17N3O2
F6764-4575,C17H19N3O2
F6515-3443,C15H17N5O2
F6554-0630,C15H19N5O2
F3395-0120,C18H29N3O
F2705-0088,C14H18N4O4
F6518-2126,C15H13F2NO2S
F2496-0088,C18H14FNO3
F6089-5691,C16H15N3O2S
F6725-0323,C14H19Cl2N3O
F6724-3795,C13H14F3N3OS
F2550-0162,C14H10ClN3O2S
F1685-0063,C17H24N2O4
F2879-5661,C17H23ClN2O2
F6760-7277,C17H16N4OS
F6752-0740,C15H27N5OS
F1174-2957,C18H18FN3S
F6438-1328,C18H24N4O2
F6473-7535,C17H18N2O5
F6442-2999,C13H17ClN2O4S
F3124-1072,C15H19N5O4
F5676-0050,C15H17N3O2S2
F6573-1544,C14H20N6O2S
F6713-5907,C17H19N7O
F0596-0036,C17H13N3O3S
F2491-0003,C18H17ClN4O
F6247-1903,C17H16FN5O2
F6525-7248,C18H22N4O3
F3406-6212,C18H22FN5O
F6793-6894,C15H15ClF3N3O
F5547-0009,C20H15FN4O
F6539-3267,C22H21NO3
F1773-0455,C13H20BrNO3S
F5854-2943,C20H18N2O2S
F6619-6323,C19H25N7
F5679-0068,C18H19N5OS
F6513-5994,C15H18ClN3O3S
F5033-7647,C19H21FN4O2
F6619-5930,C16H15F5N4
F2805-1654,C16H16N4O4S
F6506-1525,C17H15ClN2O3S
F6452-2225,C20H26ClNO3
F6524-2268,C20H19N3O2S
F6803-0206,C21H26N4O2
F6451-0516,C18H19F3N2O3
F5097-2470,C17H14ClF3N2O2
F5493-0674,C20H25N3O2S
F3349-0092,C18H19N3O4S
F6237-0613,C15H11BrFN5O
F6559-0136,C20H20N6O2
F6439-4532,C17H16F2N4O2S
F6523-2140,C21H21N3O4
F6734-1559,C17H17ClFN3O2S
F6619-7390,C19H22N6OS
F5072-6551,C19H17ClN4O3
F3161-0146,C23H23N5O
F6438-0544,C20H16F3N3O2
F3368-0209,C24H24N2O3
F1260-0732,C22H18N2O3S
F6676-2575,C19H25N3O4S
F2606-0063,C21H16ClN3OS
F6363-0898,C20H22N6OS
F6573-9249,C18H15F3N2O3S
F6169-0285,C20H23N5O4
F6296-1294,C19H21N5O3S
F0653-0371,C19H23N5O3S
F6222-0406,C23H25N5O2
F5030-0142,C21H18N4OS2
F3394-1426,C23H24N2O3S
F6713-1702,C21H26N6O3
F1441-0573,C22H23NO5S
F5098-0048,C21H15F3N2O2S
F6245-6516,C22H22N6O3
F2000-0556,C22H20ClN5O2
F0915-4855,C19H21ClN2O5S
F5461-0260,C22H22FN3OS2
F6561-5714,C21H22N2O4S2
F2829-0427,C20H20FN3O3S2
F3379-0362,C22H21ClN6S
F6412-2102,C22H21N3O5S
F5855-0218,C23H23FN2O4S
F6245-3233,C24H23N5O2S
F5286-0119,C25H24N2O6
F5316-0033,C16H20BrN5O4S
F2815-0703,C23H20FN3O3S2
F0423-0238,C25H24ClN3O3S
