# All user editable compound information in the PCDL Manager compounds tab can be imported
# A minimum of formula or mass plus one identifier must be populated for compound import (recommended is formula and at least one other identifier, see examples)
# Multiple synonyms can be entered into the Synonyms column when separated by ';' (e.g. L-Isoleucine; 2-Amino-3-methylvaleric acid)
# All compounds will be assumed to be of a neutral ion type, unless a 1 is entered in the Cation or Anion column
Name,Formula
F6559-5277,C12H14FN3O2
F8890-1097,C14H12N2OS
F3358-0121,C13H12N2O2S
F6560-4608,C12H17N5O2
F6089-8253,C12H17N3O4
F6571-1693,C12H17NO4S
F6555-6407,C15H12F2N2O
F0178-0061,C15H11N5O
F6542-0346,C14H20N2O2S
F6666-8037,C15H19F2NO2
F5311-0088,C16H18N2OS
F5582-0328,C15H16N2O4
F6390-2754,C14H18N4O3
F6512-0451,C13H15N3O3S
F2438-0273,C15H22ClN3O
F6438-0088,C16H19N5O
F5854-2268,C17H21N3O2
F6562-5241,C17H23N3O2
F6556-2685,C15H16N2O3S
F6479-2389,C16H22N2O4
F6284-0399,C17H15N3OS
F3215-0269,C16H16F3NO2
F6514-6792,C15H15N5OS
F6312-0448,C16H17N3O2S
F6724-3978,C15H16ClN5O
F6660-6515,C16H14FNO3S
F1678-0247,C12H10F3NO2S2
F6573-5452,C20H22N2O2
F6559-0412,C17H16N4O3
F5600-0305,C13H15ClN4O2S
F6186-1147,C16H25NO2S2
F3375-1637,C17H12ClNO2S
F1863-0042,C18H19FN2O3
F6252-7230,C16H11F3N4O
F0696-4314,C19H19N5O
F6510-2670,C15H17N3O4S
F2751-0089,C17H24N2O3S
F6178-7001,C17H27N3O4
F1736-0828,C19H17NO3S
F6479-3227,C16H21ClN2O4
F6564-3476,C18H19N3O4
F5854-4620,C20H26N2OS
F6818-1747,C20H29N3O2
F6363-0062,C16H13F2N5O2
F6414-2489,C18H22N2O3S
F6474-8677,C18H22FN3O3
F6573-8622,C15H13ClFN5O2
F5857-2633,C20H18N2O4
F6724-0402,C14H17BrN4O2
F6560-0568,C16H23N3O4S
F3088-2978,C20H18ClNO3
F5078-0135,C19H24N4O3
F1516-5290,C21H18N4O2
F6560-7616,C19H15F3N2O2
F6473-4064,C18H16ClFN2O3
F6036-1318,C17H25N5O4
F6753-1991,C18H21F2N3OS
F6482-8171,C18H14BrN3O
F6212-0415,C19H20N4O4
F6478-5763,C17H15ClN6O2
F5857-5451,C25H25NO2
F6519-7314,C19H20FN3O2S
F6656-4432,C16H18BrN5O
F6452-0519,C20H25FN2O4
F6679-1958,C19H20ClFN2O3
F6612-0054,C20H21N5O3
F3406-0304,C16H19N3O6S
F6792-0382,C18H22N8S
F1382-0022,C20H20N2O4S
F1822-1134,C16H11BrN4OS
F6418-0114,C21H25NO2S2
F6782-2952,C20H28N4O4
F6539-4022,C20H17F3N2O3
F6438-2591,C18H25N5O3S
F6525-6678,C18H20FN3O2S2
F6438-1505,C18H21F3N6O
F2662-0014,C22H21ClN2OS
F6443-1683,C22H27N3O4
F6529-0974,C17H20F3N5O3
F6713-0620,C21H27N3O3S
F6441-2765,C19H17FN2O3S2
F5123-1055,C17H22N6O2S2
F1214-0211,C24H20N6O
F6557-2082,C18H18ClNO4S2
F2845-0014,C20H23N5O3S
F6438-0917,C17H19F3N4O3S
F3305-0196,C23H26N6O2
F2255-1088,C23H23N3O5
F1016-0709,C23H21FN2O3S
F5686-0840,C21H22FN5O2S
F6178-0198,C21H23ClN4O4
F3385-3390,C24H20FN3O4
F6240-5165,C23H24N4O3S
F5305-0130,C25H21N5O3
F6529-0918,C20H25F3N4O2S
F2514-0480,C24H23N5O4
F5265-0468,C22H29FN4O3S
F2574-0554,C24H31N3O4S
F3411-2411,C21H19ClN6O3S
F0601-0029,C21H18F4N4O3S
