# All user editable compound information in the PCDL Manager compounds tab can be imported
# A minimum of formula or mass plus one identifier must be populated for compound import (recommended is formula and at least one other identifier, see examples)
# Multiple synonyms can be entered into the Synonyms column when separated by ';' (e.g. L-Isoleucine; 2-Amino-3-methylvaleric acid)
# All compounds will be assumed to be of a neutral ion type, unless a 1 is entered in the Cation or Anion column
Name,Formula
F2182-0059,C12H16FN3S
F6436-0524,C13H23NO2S
F2073-0367,C13H15N3O3
F2189-0009,C14H16ClNS
F6521-3841,C12H15NO4S
F6436-0115,C15H16N2O3
F6672-2008,C15H18ClN3
F6680-0734,C13H18N4OS
F6793-5115,C14H20FN3O2
F6597-0640,C16H20N4O
F6517-0013,C15H13NO5
F6481-3694,C14H15N3O2S
F6667-6264,C14H18ClN5
F5001-1752,C17H14N2O3
F6801-7989,C16H16N4O2
F6573-5432,C16H18N4O2
F6721-8714,C16H20N4S
F6438-0048,C14H18N6O2
F6204-0451,C16H16ClNOS
F6440-3930,C17H17N5O
F6673-9292,C12H15ClN6S
F2479-0027,C17H16N2O2S
F6477-5242,C16H14N2O3S
F6553-7036,C16H13ClN2OS
F6606-1281,C18H27N3O2
F6443-7813,C20H21N3O
F6539-3152,C20H19NO3
F3244-0231,C19H17NO4
F2005-0234,C17H12FN3OS
F6471-1343,C14H22N4O3S
F5854-1724,C17H16N2OS2
F6473-8258,C17H19N3O4
F6420-0147,C17H17NO4S
F5831-8910,C17H21FN4O2
F0601-0001,C15H18N4O3S
F0696-3840,C19H21N5O
F6571-3780,C16H19NO3S2
F5835-0525,C19H18N2O4
F6471-5695,C18H18FN5O
F5671-0223,C20H24N2O3
F6709-4176,C15H13F3N2O2S
F2342-0197,C17H17N3O3S
F5901-0202,C17H20N4O2S
F6789-2125,C20H19N5O
F3386-4886,C14H22BrNO2S
F6481-3281,C18H18F2N2OS
F2879-6340,C20H19N3O3
F0921-3484,C17H13N5O2S
F0850-2113,C21H24N2OS
F6680-2546,C14H13F3N6O2
F6414-1146,C21H25NO4
F2774-1419,C18H19N3O5
F0885-0072,C18H17NO5S
F6064-0965,C16H13Cl2N5O
F6619-6798,C19H22N8
F2275-0903,C20H20N4O3
F3367-0074,C17H10ClF3N2O2
F6439-7048,C19H21N5OS
F1835-0215,C21H15N5S
F6567-8531,C20H23FN4O2
F2964-1982,C20H21FN2O2S
F6676-2480,C17H19BrN4O
F6454-0296,C19H25N3O3S
F6786-6524,C18H20FN3O3S
F6524-1730,C20H22N6O2
F2205-0415,C21H20N2O3S
F5857-2407,C26H23NO2
F6726-5293,C19H18FN5OS
F6441-0504,C13H20ClNO4S3
F6520-5661,C19H22N4O3S
F6734-1319,C17H17BrN4O2
F6441-4533,C19H23N3O4S
F6448-0393,C23H26N4O2
F6734-0244,C17H15F3N6S
F6492-0862,C19H22F3N5O
F5450-0497,C21H21N3OS2
F6619-6567,C24H24N6
F6200-2468,C19H21F3N2O4
F2239-0181,C19H20N4O4S
F6525-5009,C21H21F3N4O
F2791-0745,C23H28N6O
F5871-0188,C19H22FN3O2S2
F6764-3269,C22H23N3O3S
F5486-0037,C15H17BrN4O3S
F6438-3011,C19H22N6O5
F6529-1233,C17H19ClF3N5O2
F6475-4902,C22H33N3O5
F5332-0123,C24H26N2O3S
F6089-5543,C21H23N5O3S
F5620-0094,C21H24N4O4S
F3398-2892,C24H21N3O5
F6286-0913,C18H25F3N4O3S
F5047-0343,C23H23N3O6
F6252-1647,C25H21FN6O
F5033-5734,C23H29N3O6
F6286-0927,C23H25F3N4O2
F3307-0033,C20H21NO5S3
F6041-0228,C22H21F3N4O2S
F2019-0700,C21H22BrN3O3S
F2865-0692,C22H17ClF3N7O
