# All user editable compound information in the PCDL Manager compounds tab can be imported
# A minimum of formula or mass plus one identifier must be populated for compound import (recommended is formula and at least one other identifier, see examples)
# Multiple synonyms can be entered into the Synonyms column when separated by ';' (e.g. L-Isoleucine; 2-Amino-3-methylvaleric acid)
# All compounds will be assumed to be of a neutral ion type, unless a 1 is entered in the Cation or Anion column
Name,Formula
F6540-9131,C12H20F3NO
F6664-1139,C12H14F2N2O2
F6666-4082,C14H13FN2O2
F3308-1227,C15H25N3O
F6808-8230,C18H21NO
F1285-1671,C16H17NO3
F6547-0020,C14H18N4S
F6573-4663,C17H15N3O
F5868-0108,C13H20N4O3
F6677-0044,C17H21N3O
F6451-0024,C16H18N2O3
F6755-5352,C16H20N2OS
F6483-0348,C16H22N2O3
F6416-8476,C15H19NO3S
F6808-5426,C14H25N5O2
F6782-1959,C17H23N5
F6672-2433,C19H25NO2
F6782-7224,C15H14N2OS2
F6610-2074,C15H17ClN4O
F6452-2562,C18H30N2O2
F6560-7688,C17H15N3O3
F5791-1487,C17H17N3O3
F6438-3057,C15H15N5O3
F6473-4014,C16H17N3O4
F6524-6047,C16H19N3O2S
F6562-9228,C18H13N3O3
F6436-3240,C13H17F2NO2S2
F2031-0155,C18H22N6
F6724-1718,C13H20N6O2S
F2773-0506,C16H14N4O2S
F6774-4018,C15H17N7O2
F5857-7680,C15H14F3NO2S
F6502-2955,C17H22N4OS
F6791-9260,C16H17FN4OS
F3349-0002,C21H23N3O
F5773-1934,C19H17N3OS
F6560-5218,C19H20N4O2
F1165-0008,C15H15ClN2O3S
F6161-0014,C18H17N3O2S
F6841-0786,C16H16F4N4
F6411-0223,C17H19N5O3
F6443-1186,C19H26N4O2
F2537-1510,C17H13FN2O3S
F6506-1262,C17H19N3O3S
F5854-3887,C19H23ClN2O2
F6713-5982,C19H21N7
F6481-4410,C16H19N3O2S2
F2272-0064,C19H18N4O3
F6482-7136,C19H16N2O3S
F6458-0174,C17H19N7O2
F6479-3155,C19H18ClN3O2
F0646-8664,C16H11N3O3S2
F1808-0228,C19H22N2O5
F6359-5325,C19H21ClN2O3
F2417-0089,C18H19FN2O3S
F6521-7972,C14H12ClF3N2O2S
F6761-7666,C17H18F3N5O
F6452-2233,C17H22BrNO3
F6604-1174,C17H20N8O2
F6561-6870,C18H18N4O3S
F1187-0049,C17H13BrN2OS
F6441-4586,C19H23N3O3S
F6443-9965,C14H16F3N5O2S
F6513-1069,C19H28N4O2S
F5882-5299,C18H22N2O5S
F6441-3343,C20H29NO4S
F6241-0350,C20H19N3O3S
F6792-4321,C20H23FN6O
F6400-1453,C18H25FN2O2S2
F2707-0484,C19H16Cl2N4O
F6064-0639,C20H17N7O2
F6471-9431,C14H16ClN3O4S2
F2881-0667,C21H18N4O4
F6089-6316,C23H25N3O3
F2347-1073,C21H19N3O3S
F5940-0526,C20H30N2O4S
F6064-7888,C20H20N4O3S
F0614-0048,C18H11BrN2O4
F6562-0829,C23H21N5O2
F3139-0657,C18H15BrN2O4
F6559-3853,C17H22F2N2O3S2
F6436-2937,C22H22N4O2S
F6257-3038,C21H24N6O3
F5127-0821,C17H16F3N5O2S
F2145-0465,C21H27N5O2S
F6245-7269,C23H20N4O4
F6435-8596,C20H18ClNO5S
F6257-3874,C23H24FN5O2
F6559-0769,C22H24N4O3S
F6504-1094,C21H25N5O3S
F2461-0353,C21H26N4O4S
F6259-0863,C21H25ClFN5O2
F6496-4051,C24H25FN4O3
F6456-0856,C26H25N5O2
F6471-1145,C24H30N2O4S
F3406-5503,C25H27N5O3
F1605-0496,C22H16ClN5O2S
F5016-3253,C23H27ClN4O4
F3398-3412,C21H18ClN5O4S
F0528-1707,C26H34N4O3S
