# All user editable compound information in the PCDL Manager compounds tab can be imported
# A minimum of formula or mass plus one identifier must be populated for compound import (recommended is formula and at least one other identifier, see examples)
# Multiple synonyms can be entered into the Synonyms column when separated by ';' (e.g. L-Isoleucine; 2-Amino-3-methylvaleric acid)
# All compounds will be assumed to be of a neutral ion type, unless a 1 is entered in the Cation or Anion column
Name,Formula
F0035-0406,C15H25NO2
F6541-5898,C15H16N2O2
F6541-1614,C13H16N4S
F0630-0027,C12H12N2O3S
F6666-8888,C12H7ClF2N2O
F6496-1398,C15H17N3O2
F6789-0987,C14H18N4O2
F1907-2457,C15H19NO4
F6203-0450,C15H24N2O3
F3395-1588,C9H7ClF2O4S
F6549-6318,C15H18N4O2
F6616-8125,C15H20N4S
F6559-1575,C14H24F2N2O2
F6773-2980,C14H19N3O2S
F2795-0508,C13H10F2N2O2S
F6473-2413,C11H11ClN4O2S
F0383-0251,C13H9BrN4
F5854-2315,C15H14N2O3S
F0672-0132,C16H17FN2O3
F6471-3557,C13H13N3O2S2
F6675-6987,C14H14F3N5
F6793-7601,C14H16F3N5
F6132-0188,C18H19NO4
F6472-0774,C18H21NO2S
F6443-7972,C16H19N3O2S
F6445-7140,C15H17N3O3S
F6782-7165,C14H15N3O4S
F6522-1101,C14H10ClNO2S2
F6724-4702,C19H20N2O3
F6525-5363,C17H15ClN4O
F6398-0048,C17H18FN5O
F6556-4102,C18H16ClNO3
F6804-8570,C16H21F3N2O2
F6476-1060,C17H20N2O3S
F8890-3530,C18H27N3O3
F5600-0492,C15H18ClN5O2
F6482-3899,C18H20N6O
F6502-2667,C15H16Cl2N4O
F6554-1102,C15H21N3O2S2
F5882-0707,C18H20N4OS
F5033-7904,C19H20FN3O2
F6514-3031,C10H9BrF3NO2S
F6560-7537,C18H14ClFN2O2
F5005-0236,C14H23N3O3S2
F6359-5430,C17H22N4O2S
F0660-1277,C22H25N3O
F6359-1519,C17H17ClFN3O2
F6184-0373,C21H22N2OS
F6805-3147,C18H16N4O2S
F6064-5363,C20H23N3O3
F1224-0035,C17H26BrNO2
F3406-0259,C14H16ClN3O4S
F6752-8012,C18H22N4O4
F6562-6957,C18H20N2O6
F1264-3697,C20H18N4OS
F6507-5901,C17H21BrN2O2
F6791-7554,C16H23N5O3S
F6523-3339,C16H18ClN3O5
F6549-2859,C20H24N4O3
F6452-0172,C20H19FN2O2S
F6436-3066,C18H17BrN2O2
F5037-0009,C21H19N5O2
F5557-0131,C21H17N3O2S
F6619-4348,C19H32N6O2
F6451-3129,C19H23ClN2O4
F6524-1776,C21H25N5O2
F6506-5167,C16H22F3NO4S
F6259-0909,C20H26N6O2
F6504-1136,C20H21FN4OS
F6261-3887,C20H19ClN2O2S
F6791-7495,C16H20F3N5O3
F6475-1848,C18H16ClN3O3S
F6359-2969,C18H22N4O4S
F6178-0596,C22H25N5O2
F2496-1505,C22H19NO6
F6556-6372,C24H30N2OS
F0662-1192,C21H21ClN4O2
F3382-2058,C19H15ClN4O2S
F6473-7308,C21H25N3O5
F6261-3960,C20H19ClN2OS2
F5860-3442,C23H17FN2O4
F5831-9062,C20H24ClFN4O2
F6481-0695,C18H17BrClNOS
F1898-0050,C21H21N3O2S2
F6436-2486,C21H30F3N3O2
F2259-1286,C22H20N6O3
F6480-4001,C17H17F4N3O3S
F6617-6505,C23H27N5O3
F2617-1159,C23H24N2O6
F2382-0426,C26H25N3O3
F9994-5199,C21H26N4O6
F6438-3402,C23H23N5O4
F6619-4215,C23H28N6OS
F6782-4969,C22H17ClN2O4S
F5097-2848,C28H30N2O3
F6764-1697,C26H31N5O2
F3382-6546,C20H23N3O5S2
F2007-0438,C21H16ClF2N5OS
F0655-0832,C24H29N3O3S2
F2017-0146,C24H25N3O6S
