# All user editable compound information in the PCDL Manager compounds tab can be imported
# A minimum of formula or mass plus one identifier must be populated for compound import (recommended is formula and at least one other identifier, see examples)
# Multiple synonyms can be entered into the Synonyms column when separated by ';' (e.g. L-Isoleucine; 2-Amino-3-methylvaleric acid)
# All compounds will be assumed to be of a neutral ion type, unless a 1 is entered in the Cation or Anion column
Name,Formula
F3371-0881,C16H16N2O
F5964-0106,C12H13ClFNO2
F6550-4613,C14H20N4O
F5831-1860,C13H16N2O4
F1670-0009,C16H16N2O2
F6471-2573,C18H25NO
F2150-0044,C15H14ClNO2
F6608-0822,C16H27N3O
F6554-8481,C14H16FNO2S
F6799-8514,C11H11F3N6
F6789-0399,C16H22N4O
F6751-4248,C17H24N2O2
F6237-2056,C13H14ClN5O
F6550-1580,C17H21F2NO
F5860-0421,C17H16N2OS
F6425-0292,C12H10N8O2
F6573-7026,C15H13FN4O2
F6537-3132,C18H14N4O
F5791-2897,C20H20N2O
F6353-5564,C14H17N3O3S
F6454-2313,C15H23N3O2S
F6808-7762,C18H21N3O2
F6550-4766,C16H19N5O2
F6755-5388,C17H21N3O3
F6201-0176,C18H23NO2S
F6360-9154,C19H17N3O2
F6723-0851,C17H15N5S
F1737-0018,C14H17N3O2S2
F6797-3019,C16H22F2N4O
F6556-5466,C16H20ClFN2O2
F6789-6974,C19H22FN3O
F6037-0709,C18H17ClFN3
F6491-2580,C18H26N4O2
F6514-3016,C15H19F3N2O3
F6411-2782,C15H9F3N4O2
F6564-2445,C18H17N5O2
F1620-0056,C15H9Cl2NO2S
F2758-0172,C17H14N4O4
F6559-0018,C18H17N3O4
F6673-4908,C17H20N6S
F6676-2671,C18H23N5O2
F6286-0064,C15H13ClF3N3O
F2024-2119,C17H17ClN4O2
F5033-2491,C17H20ClN5O
F6748-6129,C16H22N6O3
F1828-0007,C17H17ClN2O2S
F5854-4749,C18H23NO2S2
F6791-7170,C19H22N6O
F0537-4414,C22H16N4O
F6571-6450,C14H15BrN2O2S
F6743-6432,C16H25N3O2S2
F6512-1807,C18H19N3OS2
F6488-2669,C18H26N6O2
F3316-0205,C18H24N4O2S
F5854-0328,C22H22N2OS
F6482-7726,C18H16N6OS
F6619-7215,C18H22F3N5
F6676-0462,C14H20F3N3O3S
F6522-0344,C16H13F2NO3S2
F5481-0781,C19H22N4O2S
F6471-1082,C16H21FN2O3S2
F6549-2533,C20H27N3O2S
F6188-0592,C20H22FNO3S
F6515-4678,C18H14F3N3OS
F5628-0004,C17H23ClN6O2
F6479-3112,C18H18ClFN2O2S
F6793-7355,C17H18F3N5O2
F6557-0160,C17H18FNO4S2
F6549-7447,C21H25ClN4O
F2713-0138,C19H19ClN4O3
F5831-8947,C21H26FN3OS
F6494-1414,C19H14F3N3O3
F6445-3035,C20H21F3N4O
F3318-0617,C14H21BrN2O4S
F6231-1088,C20H19N5O4
F3225-6066,C21H14ClNO5
F8890-1352,C21H24N4O2S
F3394-0869,C21H19FN2O3S
F6672-0827,C16H16BrF3N4
F6744-6553,C19H22N4O2S2
F6783-7313,C17H23F3N4O2S
F6658-0129,C22H26N6O2
F1898-0223,C21H19N3O2S2
F6497-7895,C18H20F3N5O3
F6444-1779,C21H19FN2O4S
F6658-5593,C22H32N4O4
F1805-0027,C22H21N5O2S
F6556-4488,C20H17F3N2O5
F6796-8982,C19H16BrN5S
F3411-1523,C18H15F3N2O5S
F2725-0537,C20H18ClN3O2S2
F3007-0381,C22H18N4O2S2
F3394-0089,C21H18F3NO4S
F2050-0145,C23H24N2O3S2
F2898-5492,C18H25N3O6S2
F2877-0276,C21H17F3N4O4
F2031-0736,C23H24ClN7O
F3411-3350,C24H20N4O6
F3382-4810,C25H19N3O3S2
F2014-0545,C21H22F3N3O3S2
