# All user editable compound information in the PCDL Manager compounds tab can be imported
# A minimum of formula or mass plus one identifier must be populated for compound import (recommended is formula and at least one other identifier, see examples)
# Multiple synonyms can be entered into the Synonyms column when separated by ';' (e.g. L-Isoleucine; 2-Amino-3-methylvaleric acid)
# All compounds will be assumed to be of a neutral ion type, unless a 1 is entered in the Cation or Anion column
Name,Formula
F6482-2312,C13H17NO4
F3374-0844,C15H10F2N2
F6550-6003,C12H12N4OS
F6680-8898,C14H21N3O2
F6482-6077,C16H17N3O
F6484-0460,C11H17N3O3S
F1967-6708,C14H15ClN4
F6791-9535,C11H14F3N3O2
F6696-0124,C16H16N4O
F6400-0267,C12H21N5OS
F6816-2784,C18H14N4
F6494-0953,C14H16N4O3
F6247-1633,C14H18N4O3
F6754-9195,C14H16ClN3O2
F5964-0177,C19H21NO2
F6560-4762,C16H19N5O
F6284-0150,C17H21N3O2
F6514-7002,C16H23N5O
F6752-7915,C14H16N4O2S
F6693-5360,C15H22N4O3
F6773-2998,C14H19N3OS2
F1755-0103,C15H21NO4S
F6524-0543,C16H15N3O4
F6571-6143,C15H16F3NO3
F6436-2995,C17H19NO3S
F6477-0188,C15H17N3OS2
F6724-4269,C14H12ClN3O2S
F1036-0006,C17H26N2O2S
F6244-3038,C19H20N2OS
F3308-2676,C17H14N2O3S
F6443-8334,C16H17N5O3
F5449-0033,C14H10F3NO5
F3293-0203,C18H22N2O2S
F3244-0439,C20H13FN2O2
F6773-4833,C18H21F2N3O
F6414-2084,C17H18FNO3S
F5546-0026,C19H20N4O2
F0174-0336,C14H8ClFN2OS2
F1827-0029,C15H18ClN3O4
F6481-3502,C19H20N2O2S
F1886-1114,C18H20ClN5
F6454-2556,C19H23FN4O
F6276-2437,C13H13ClN2O3S2
F0346-3950,C20H15N3O3
F6805-7992,C15H18N6O4
F6751-4177,C20H21N5O
F6245-5956,C12H14F3N5O2S
F6374-5504,C17H22N2O4S
F6420-0403,C16H17ClN2O3S
F6564-8560,C18H19N5O3
F6369-0136,C18H17N3O3S
F6744-6605,C20H28N4S
F6104-0014,C18H19FN4O3
F6353-5625,C18H20N2O4S
F6482-6419,C18H13F3N2O3
F5033-2609,C19H29N3O2S
F2947-0642,C20H19N3O4
F3406-3399,C19H14ClN3OS
F6750-6380,C17H20N8S
F3371-0737,C19H18N2O4S
F6443-7277,C24H25N3O
F6390-3284,C20H23NO4S
F5106-0074,C18H15ClFN3O3
F6795-5959,C18H20N10
F5876-0004,C20H18N4O2S
F5883-0292,C19H26ClN3O3
F6559-3478,C16H14F3N5O3
F6796-0659,C19H22N6O3
F0807-0810,C19H20N4O3S
F6796-6745,C13H13BrF2N6O
F6564-2489,C18H21N5O3S
F3072-0003,C23H36N2O3
F2374-0277,C19H22N2O5S
F6791-7932,C20H21N7O2
F3225-6531,C22H19NO4S
F6497-5627,C20H22N6O3
F5012-0223,C18H21FN2O5S
F5017-0231,C19H31N3O4S
F6287-0543,C21H25N3O3S
F6677-0874,C20H27N5O2S
F6512-7293,C12H19F3N4O4S2
F0594-0164,C18H22N4O5S
F3407-0360,C23H22F2N4O
F5461-0980,C17H22BrN3O2S
F6671-3112,C19H23ClF3N5
F5092-0084,C21H24N2O3S2
F6475-4940,C22H34N4O4
F6556-2450,C20H27N3O5S
F6560-0399,C22H21FN4O2S
F0570-0291,C18H21N9O2S
F6441-7540,C22H26N2O5S
F6443-9688,C21H19F4N5O
F3411-7418,C22H21FN6O3
F5037-1283,C24H21N7O2
F6439-0680,C22H26N4O4S
F6424-0892,C23H23N7O3
F6279-0490,C22H32N4O4S
F3222-4740,C22H22N2O5S2
F2233-0258,C26H22N4O5
F0778-0289,C24H26N4O3S2
