# All user editable compound information in the PCDL Manager compounds tab can be imported
# A minimum of formula or mass plus one identifier must be populated for compound import (recommended is formula and at least one other identifier, see examples)
# Multiple synonyms can be entered into the Synonyms column when separated by ';' (e.g. L-Isoleucine; 2-Amino-3-methylvaleric acid)
# All compounds will be assumed to be of a neutral ion type, unless a 1 is entered in the Cation or Anion column
Name,Formula
F6807-5779,C15H14N4
F2740-0113,C14H13N3O2
F6668-0604,C14H14FN3O
F6543-5598,C8H8BrF2N3
F6663-4323,C15H20F2N2
F6739-7870,C16H18N2O2
F6244-1598,C15H19N3O2
F6556-5814,C16H24N2O2
F2130-0119,C11H9BrN2O2
F2145-0300,C13H18ClN3S
F3228-0168,C15H11ClN2O2
F2135-1838,C14H9ClN2OS
F6515-2180,C14H15ClN4O
F6102-0062,C16H21FN2O2
F6194-0074,C15H15F2NO3
F8887-2346,C12H18F3NO4
F1142-5629,C15H17N5S
F6200-3989,C17H19NO4
F6502-8995,C16H21N3OS
F6193-0075,C18H14N2O3
F6492-0876,C18H20N4O
F0600-2376,C16H10FN3OS
F6660-3473,C14H8ClN5O2
F0921-5636,C13H11Cl2NO4
F6247-0182,C15H12BrNO2
F1907-2321,C14H26N2O4S
F6678-8890,C19H17FN4
F6764-3365,C18H15FN4O
F3382-3363,C17H13ClN4O
F6031-1628,C16H24ClN3O2
F2476-0177,C17H17N3O2S
F6489-2094,C16H20N6O2
F2416-0604,C17H18N2O3S
F6787-1120,C18H25N3O3
F2758-0201,C18H15N5O2
F6562-5347,C14H14BrN3O2
F6550-6271,C16H15F3N4O
F6448-0565,C18H19N5O2
F5772-7470,C13H14BrN3OS
F5882-1934,C15H20N2O3S2
F2202-1475,C18H19N3O2S
F6764-4736,C21H18N4O
F6523-0408,C15H20F3N5O
F3277-1117,C16H15N3O2S2
F6451-2997,C18H19ClN2O3
F6524-0904,C19H17N5O2
F6560-4182,C21H24N4O
F1762-0541,C18H14N4O2S
F6257-1907,C19H21N5O2
F2331-0060,C19H19N3O2S
F3386-4840,C14H14BrNO3S
F6791-7981,C17H20N6OS
F6556-4430,C18H18N2O4S
F0545-1378,C16H13BrN2OS
F6482-5330,C22H23N3O2
F6438-0280,C16H21N5O3S
F6275-0350,C15H18F3NO4S
F6475-4960,C20H22N4O3
F6125-3242,C20H20N2O3S
F5911-0192,C20H27N5O2
F6656-3355,C20H22ClN3O2
F3227-0065,C21H12FN3O3
F6495-2034,C22H22N4O2
F6743-6450,C17H23F3N2O2S
F6709-4846,C17H16BrFN2O2
F6125-2092,C21H18FN3O3
F6481-4151,C16H16BrNOS2
F6761-0790,C20H19FN4O3
F6357-0493,C17H18Cl2N2O2S
F6225-1017,C19H23N5O2S
F6619-6541,C15H16F3N5O2S
F6442-6831,C21H25FN2O2S
F6497-0443,C17H19BrN4O2
F6155-0504,C19H22FN3O3S
F6442-6520,C25H32N2O2
F6683-1629,C19H23FN2O4S
F0541-0012,C20H33N3O3S
F6841-0971,C18H22F3N5S
F6432-0065,C17H17N7O3S
F6556-0682,C22H24ClNO2S
F6761-7732,C18H24F3N3O2S
F6658-0104,C23H27N5O2
F6240-7502,C20H17FN6OS
F6796-3456,C21H23ClN6O
F6560-1689,C16H14F3N5O3S
F6514-4525,C20H25N5O5
F6452-0356,C21H23FN2O4S
F3095-3251,C20H24BrNO4
F3299-0155,C26H25N5O
F1899-1068,C20H18BrN3OS
F6257-3065,C24H27N7O
F5999-0236,C24H25FN6O
F2964-1496,C17H17BrN4OS2
F0528-1567,C25H34N4OS
F2270-0553,C22H19ClN2O4S
F1673-5388,C26H20ClNO4
F5607-0063,C19H21ClN6O3S
F2514-0443,C27H29N5O2
F2259-0275,C20H14BrFN6O2
F2673-0008,C25H21ClN2O6
