# All user editable compound information in the PCDL Manager compounds tab can be imported
# A minimum of formula or mass plus one identifier must be populated for compound import (recommended is formula and at least one other identifier, see examples)
# Multiple synonyms can be entered into the Synonyms column when separated by ';' (e.g. L-Isoleucine; 2-Amino-3-methylvaleric acid)
# All compounds will be assumed to be of a neutral ion type, unless a 1 is entered in the Cation or Anion column
Name,Formula
F2189-0155,C12H16ClN3O
F6540-1028,C16H19NO2
F6791-6927,C12H15N5S
F6090-0174,C12H9F2N3O2
F6616-7372,C14H11N3OS
F6608-1599,C13H15F3N2O
F6506-0009,C15H17NO4
F6730-4950,C16H14N4O
F5490-1255,C17H19N3O
F6556-6414,C14H24N2O2S
F3280-0057,C14H13N3O2S
F6564-8396,C14H15N3O2S
F6561-8074,C14H17N3O4
F0863-0014,C16H14N4S
F3250-0599,C16H16N4O2
F1058-0324,C14H22N2O3S
F6222-0178,C14H16N6O2
F6752-7862,C14H18N6O2
F6247-0380,C16H13ClFNO2
F5303-0121,C15H21N3O2S
F6476-3338,C11H13F3N2O3S
F1199-0165,C17H13FN2O3
F5791-2866,C17H12ClFN2O
F5871-1892,C12H10Cl2N2O2S
F5857-6571,C19H27NO3
F6562-7561,C18H25NO2S
F6685-9132,C15H20ClN5O
F6513-5980,C15H18FN3O2S
F6448-1287,C14H16ClN3O2S
F6471-5591,C17H18N4O3
F5857-0966,C14H17ClN2O3S
F5831-2171,C17H19N3O4
F6247-0378,C17H17NO4S
F6515-4116,C20H20N4O
F6125-3284,C15H18N4O3S
F6478-4040,C17H25N3O2S
F6502-5139,C14H10F3N5O2
F6751-5865,C18H18N4OS
F5561-0229,C13H21N7O2S
F6178-6486,C20H24N2O3
F6515-0597,C18H15ClN2OS
F6412-1449,C19H18ClNO3
F6479-2654,C19H21ClN2O2
F6560-5930,C20H19N5O
F3088-2944,C16H14ClN3O2S
F1899-1803,C19H16N4OS
F6549-2153,C18H18F3N3O
F5882-5269,C15H17N3O3S2
F6549-7434,C19H20N4O3
F2032-0071,C19H18N2O3S
F6678-9988,C20H25N3OS
F5324-0187,C17H19N5O2S
F2812-1131,C17H17N3O2S2
F6553-0314,C15H14F3NO2S2
F6562-4322,C20H22N6O
F6676-4565,C18H19F3N4O
F2493-1600,C16H12Cl2N2O4
F0790-0033,C19H21N5OS
F5857-3503,C18H18F3NO2S
F0657-0200,C23H22N4O
F6549-2588,C18H20N4O3S
F2032-0248,C19H16ClFN2OS
F5954-0064,C20H18FN7
F6261-1723,C21H19N3O2S
F6727-5028,C20H22N6O2
F0212-0133,C21H20N2O3S
F6279-0561,C18H27N3O4S
F6418-2601,C21H21NO4S
F6412-2400,C15H12ClNO5S2
F6524-1041,C19H22N4O3S
F2416-0742,C18H17BrN2O3
F6523-3260,C19H20FN3O5
F0920-7485,C18H34N2O3S2
F3350-0922,C19H15F3N2O4
F6521-8604,C19H27N3O4S
F6508-0611,C21H18FN3O2S
F6491-2668,C19H24N8O2
F5140-0074,C20H22N4O3S
F6390-2692,C21H21ClN2O4
F5190-0073,C21H26N2O4S
F6619-6936,C20H24N10
F6443-9811,C18H16F3N5OS
F3398-0261,C22H23N3O3S
F6274-0435,C15H10BrFN2O2S2
F5027-0465,C22H26N2O4S
F3398-0263,C21H18F3N3OS
F6726-0514,C21H25N9O
F6514-4084,C22H22N4O5
F6819-6617,C20H23N7S2
F6497-7967,C19H20F4N4O3
F0844-0002,C23H21N5O2S
F6680-2738,C21H21F3N4O3
F6785-7259,C22H23N5O3S
F5558-0136,C22H25ClN6O2
F5912-0185,C25H25N5O3
F6497-3492,C24H23FN6O2
F6089-9515,C26H30N2O5
F1609-0723,C26H20ClFN2O3
F1845-0338,C29H34N2O4
F3411-6043,C23H19ClFN3O4S
