# All user editable compound information in the PCDL Manager compounds tab can be imported
# A minimum of formula or mass plus one identifier must be populated for compound import (recommended is formula and at least one other identifier, see examples)
# Multiple synonyms can be entered into the Synonyms column when separated by ';' (e.g. L-Isoleucine; 2-Amino-3-methylvaleric acid)
# All compounds will be assumed to be of a neutral ion type, unless a 1 is entered in the Cation or Anion column
Name,Formula
F5490-1324,C12H12F2N4
F6200-3681,C12H17NO3S
F3230-0153,C10H17N3O3S
F6714-7427,C15H22N2O2
F6752-4244,C12H18N4O3
F6438-0300,C11H18N4O2S
F6571-2693,C13H23NO3S
F5053-0179,C15H20N2O3
F6544-1430,C13H21N5O2
F6677-3860,C12H18BrN3
F6550-0110,C19H27NO
F6464-1112,C18H25NO2
F5526-0675,C15H15ClN2O2
F6476-5529,C15H20N2O4
F6411-5151,C16H13N3O3
F5791-0108,C16H15N3O3
F1757-0494,C17H17NO4
F6439-5190,C16H19N3OS
F6680-3475,C14H17N5O3
F5104-0104,C15H15FN2O2S
F6210-0181,C19H20N2O2
F6524-1874,C11H10BrN3O3
F6724-3316,C11H12BrN3OS
F5628-0029,C16H22N6O
F6523-1577,C16H24N6O
F6773-2816,C16H22N4OS
F6573-6431,C17H18F2N2O2
F6014-0112,C19H18N2OS
F2468-0145,C14H16N2O3S2
F6178-4270,C17H19N5O2
F6200-0090,C15H21NO3S2
F6786-5773,C17H20N4O3
F0537-0079,C17H18N2O3S
F6438-3510,C15H21N7O2
F6514-2772,C15H18F3NO4
F6516-0652,C14H10BrNO4
F6420-0485,C16H20N2O4S
F6573-7542,C19H19N3O3
F3205-0010,C21H26N2O2
F6204-2761,C16H15F3N2OS
F6471-8842,C13H19N5O4S
F6031-2100,C16H23FN2O3S
F2289-0205,C18H21N3O4
F1249-0128,C14H20BrNO2S
F6507-3920,C17H18N2O4S
F6557-0934,C17H21N3O3S
F2234-0207,C17H24N4O4
F0630-0317,C17H13F3N2OS
F6441-5546,C22H25NOS
F6802-6342,C16H24BrN3O
F6440-2739,C20H26N4O2
F2795-0343,C19H20N2O5
F1201-0271,C19H16ClFN2O2
F6619-4367,C17H25N7O2
F6414-1157,C23H23NO3
F6680-2772,C17H16F3N5O
F6089-7401,C19H15N3O3S
F6523-1614,C18H21F3N4O
F6496-1471,C19H17ClN4O2
F6518-4679,C24H23N3O
F5004-0088,C19H21N3O3S
F1021-0535,C19H17Cl2N3O
F6747-5898,C20H21F3N4
F6433-0109,C21H17FN4O2
F3406-8967,C15H11BrN2O3S
F5949-0477,C18H17N7OS
F6443-1678,C22H28N4O2
F6418-2955,C21H22N2O3S
F2035-0214,C14H13BrN2O4S
F3235-0158,C22H19N5O2
F5004-0082,C18H17N3O5S
F6809-1225,C21H25ClN2O3
F2055-0209,C19H16ClFN2O2S
F3406-2156,C22H18FN3O3
F3229-0031,C24H28N2O3
F6559-2411,C18H18N8OS
F6438-3765,C20H25N7O2
F5033-0974,C21H23N3O3S
F6747-5759,C19H22BrN5
F6181-0155,C21H23NO3S2
F5614-0098,C22H21N5OS
F2519-0141,C20H27N3O6
F3406-4849,C21H14F2N4O3
F6675-8562,C23H18N6O2
F2536-1502,C21H16ClNO4S
F6245-4040,C20H25N5O3S
F5344-0030,C20H17F3N4O3
F3222-2715,C19H17ClFN3O3S
F5033-3720,C20H29N3O5S
F6444-0588,C25H31ClN2O2
F5541-0043,C26H27N3O3
F5012-0088,C21H28N4O4S
F5237-0064,C22H25N7O3
F3385-4404,C25H30N2O5
F6436-2781,C19H18BrF3N2O2
F3394-0580,C20H14F3N5O2S
F5776-0050,C22H16ClF3N2O3
F0916-4412,C23H25N3O5S
F3407-1721,C23H25N5O4S
F5297-0592,C28H25N5O3
