# All user editable compound information in the PCDL Manager compounds tab can be imported
# A minimum of formula or mass plus one identifier must be populated for compound import (recommended is formula and at least one other identifier, see examples)
# Multiple synonyms can be entered into the Synonyms column when separated by ';' (e.g. L-Isoleucine; 2-Amino-3-methylvaleric acid)
# All compounds will be assumed to be of a neutral ion type, unless a 1 is entered in the Cation or Anion column
Name,Formula
F5857-5719,C14H18FNO2
F6809-0032,C11H11F3N4
F1967-0110,C13H12N2O4
F6573-2685,C14H21N3O2
F6446-0531,C13H21N3OS
F6708-8545,C15H17N3S
F6494-0326,C13H14N4O3
F6436-3498,C15H16FNO3
F6662-6660,C15H21FN2S
F6561-4776,C18H21NO2
F2167-1184,C16H18N2O3
F6211-0013,C14H16N4O3
F6619-5840,C13H18N6O2
F6550-3073,C16H17ClFNO
F6573-5198,C18H21N3O
F3099-3712,C19H23NO2
F6681-9285,C16H21N5O
F1913-0084,C18H27N3O
F6489-0991,C14H16N4O2S
F6791-4387,C16H23FN4O
F6676-9535,C15H14F3N3O
F6245-5970,C10H16F3N5O3
F0555-0028,C21H15NO2
F6514-7022,C15H17N5OS
F6573-8924,C19H15N3O2
F2189-0998,C16H17NO4S
F6796-1631,C14H13Cl2N5
F5578-2941,C19H22N4O
F6212-0402,C16H16N6O2
F6436-3261,C14H18N2O3S2
F6549-9283,C18H18FN3O2
F6719-2736,C13H16ClN3O3S
F6014-0009,C20H18N4O
F6515-0238,C17H20N2OS2
F6521-1744,C19H27NO2S
F6374-5455,C17H21NO2S2
F6724-4722,C19H20N4O2
F2145-0095,C14H14N2O2S3
F2724-1157,C18H17N3O2S
F2640-0352,C19H20N2O2S
F6619-7292,C16H19N7S
F0672-0013,C20H26N2O3
F3281-0005,C17H13ClN2O2S
F6525-0757,C17H19N3O3S
F5876-0013,C20H18N4O2
F6381-3584,C20H21N5O
F6510-4512,C16H16FN3O3S
F6372-1617,C19H18N4O3
F5857-9331,C16H17ClN2O5
F2024-1618,C20H20FN3O2
F6481-0661,C17H22ClNO3S
F1609-1094,C12H9BrFN3O4
F6806-6982,C18H22N4O2S
F6502-0190,C20H16N4O3
F6560-5133,C14H17F3N4O2S
F2359-0377,C20H25N7
F6539-2131,C17H23N3O4S
F6521-9093,C17H18ClNO4S
F1876-0932,C18H20N6O3
F5832-5451,C18H18ClF3N2O
F5009-0249,C20H29N5O2
F6518-5715,C20H18F3N3O
F6573-7685,C17H17N3O5S
F2491-0172,C22H24N4O2
F2261-0556,C19H17F3N2O3
F5260-0145,C22H25N3OS
F2024-1639,C18H15F4N3O2
F6734-3173,C18H22N8O2
F3394-0724,C19H20N4O3S
F6276-1254,C16H13F3N2O4S
F2515-2399,C23H21N3OS
F3406-3975,C15H12BrN5OS
F6507-1810,C16H26N2O5S2
F6608-4033,C19H26ClN5O2
F6435-2764,C19H23NO4S2
F6245-4025,C19H24F2N4O3
F6523-0311,C18H19F3N4OS
F6247-1993,C20H27N7O2
F6441-5514,C23H26FNO2S
F6178-5065,C24H27N5O
F3406-4439,C19H15F3N4OS
F6357-0828,C20H26N2O3S2
F8890-6114,C22H24N4O4
F2493-0492,C21H15ClFN3O3
F5016-1877,C22H24FN3O4
F2267-0022,C21H24N2O5S
F1897-0198,C19H15Cl2N3O2S
F3411-6127,C22H23N5O4
F5855-0213,C23H24N2O4S
F2407-0079,C22H25N3O4S
F6729-7591,C20H23FN6O2S
F6680-2528,C22H22F3N3O3
F6064-5427,C23H24N4O5
F3411-8449,C24H26FN3O4
F3406-0017,C26H23FN4O2
F6795-3620,C20H22F3N9
F5056-0398,C25H32N6O2
F0920-5954,C25H22N4O3S
F2685-0118,C24H30N4O4S
F3409-0033,C28H26N4O2S
