# All user editable compound information in the PCDL Manager compounds tab can be imported
# A minimum of formula or mass plus one identifier must be populated for compound import (recommended is formula and at least one other identifier, see examples)
# Multiple synonyms can be entered into the Synonyms column when separated by ';' (e.g. L-Isoleucine; 2-Amino-3-methylvaleric acid)
# All compounds will be assumed to be of a neutral ion type, unless a 1 is entered in the Cation or Anion column
Name,Formula
F6754-9808,C11H18N4OS
F1916-5371,C13H20F2N2O
F6465-0282,C13H14N2O4
F5557-0127,C14H10N4S
F2185-0192,C14H10N2O2S
F6573-4931,C14H15N3OS
F6760-8052,C13H13FN4O2
F6573-3352,C13H17N3O2S
F6562-8487,C17H18N2O2
F6550-5014,C14H15N5O2
F6806-8308,C14H17N5O2
F6481-2588,C17H23NOS
F6548-2558,C15H17ClN2O2
F6031-1677,C16H26N2O3
F5857-1557,C14H13F2NO2S
F6481-0773,C14H18ClNO2S
F6782-3771,C15H15N3O2S
F6793-6996,C13H13F4N3O
F6753-3462,C16H23N3OS
F0909-0159,C18H16N2OS
F6502-0194,C17H18N4O2
F5835-0551,C18H20N2O3
F6556-5721,C13H22N4O3S
F6178-4546,C16H20N4OS
F5854-3846,C17H19FN2OS
F6807-6961,C15H17ClN4O2
F6722-5439,C15H16Cl2N4
F2795-0550,C16H22FN3O3
F6816-4497,C13H14F3N7
F0748-0382,C13H14ClN3OS2
F5854-2918,C18H20N2O2S
F5833-1171,C20H31N3O
F6514-6676,C19H17N5O
F6439-4695,C12H14F3N5OS
F6495-4142,C18H18N6O
F6530-6123,C15H11F3N4O2
F2135-1441,C19H19N3OS
F6556-7822,C20H22N2O3
F6523-0736,C19H25N5O
F3322-0097,C17H10F3N5
F6764-1519,C18H19ClN4O
F6258-1261,C18H21N3O2S
F6795-3193,C20H20N6
F6451-2721,C17H15ClN2O2S
F6445-1459,C17H21N3OS2
F5876-0008,C21H20N2O3
F6788-4005,C16H21F2N7
F2752-0130,C20H18FN3O2
F5467-0053,C17H17ClFNO2S
F1345-0652,C17H26N2O4S
F5230-0078,C18H14F2N4O2
F5782-0173,C20H27N3O3
F6560-8627,C20H25NO3S
F6156-0367,C22H19NO4
F1967-6731,C20H14FN3O3
F3348-0129,C21H28N6
F6448-2065,C19H18N4O4
F3411-0533,C18H13BrN2O2
F6523-0182,C15H18F3N7O
F6517-0712,C20H18FNO3S
F6491-2682,C18H24N6O3
F6443-4137,C21H18N4O3
F6359-1007,C19H21ClN2O2S
F6475-0944,C22H23N3O3
F6506-0219,C21H17NO4S
F6262-1417,C18H20N8O2
F3371-0707,C20H18N2O4S
F6570-2623,C23H21N5O
F6155-0554,C20H20FN3O2S
F6478-6113,C13H11BrClN3O2S
F6481-4392,C20H24N2O2S2
F6760-5926,C24H24FN3O
F6188-0633,C20H22ClNO3S
F6363-0618,C20H20N6O3
F6415-1556,C19H17F3N2O2S
F6782-3603,C22H22FN3O3
F5497-0016,C17H23N3O4S2
F6574-2036,C16H12F3N3O2S2
F6521-9623,C15H16BrNO3S2
F6523-3458,C22H17N3O3S
F6786-6376,C19H18F3N5O2
F6806-6819,C21H27F2N3O3
F3406-3050,C21H19ClN4OS
F6444-6398,C22H25ClN4O2
F5149-0669,C21H19ClFN3O3
F5030-1400,C18H12ClFN4OS2
F6257-4032,C22H24N6OS
F6473-4335,C22H21N3O4S
F2849-0046,C21H22N4O4S
F6412-1684,C22H18F3N3O3
F3230-0127,C17H25ClN4O5S
F5527-1941,C23H19ClFN5O
F6727-8033,C22H22N4O4S
F6064-5249,C23H24ClN3O4
F5834-2111,C23H28N2O5S
F5005-0212,C22H29N3O3S2
F3395-1288,C26H35N3O2S
F3398-0887,C24H21F2N5OS
F3382-7594,C22H17Cl2FN2O3S
