# All user editable compound information in the PCDL Manager compounds tab can be imported
# A minimum of formula or mass plus one identifier must be populated for compound import (recommended is formula and at least one other identifier, see examples)
# Multiple synonyms can be entered into the Synonyms column when separated by ';' (e.g. L-Isoleucine; 2-Amino-3-methylvaleric acid)
# All compounds will be assumed to be of a neutral ion type, unless a 1 is entered in the Cation or Anion column
Name,Formula
F6546-1033,C17H18N2
F6610-3311,C12H18ClN3O
F2545-0020,C12H21NO3S
F3375-3005,C15H9N3O2
F0339-0034,C15H26N2O2
F1912-0077,C15H18N4O
F6791-8397,C14H19N5O
F6512-0778,C12H8ClN3OS
F6451-2626,C13H13ClN2O3
F6562-5210,C15H13N3O3
F6806-6753,C12H19BrN2O
F1290-0010,C14H12N2O3S
F3099-5352,C15H18N2O2S
F5940-1740,C16H24N2O3
F6573-2768,C14H15F2N3O2
F6125-0055,C15H15N5O2
F6200-2990,C16H17N3O3
F2382-0206,C16H19N3O3
F6089-9672,C16H21N3O3
F6230-0039,C17H14N4O2
F6488-2582,C15H24N4O3
F5480-0022,C13H14FN3O3S
F5854-5452,C14H16FNO2S2
F6412-2289,C16H13NO4S
F6807-6804,C15H16BrN3
F1919-6806,C15H22N6O2
F5893-0175,C20H20N2O2
F1011-0768,C19H18N2O3
F0818-0061,C18H16N2O2S
F6487-0818,C20H23NO3
F6415-0139,C16H16F3NO3
F6203-1938,C19H24N2O3
F0433-0388,C18H19ClN2O2
F6089-9697,C19H29N3O2
F6786-5725,C17H17F2N3O2
F6436-3141,C16H18BrNO2
F6554-6236,C17H21ClN2O3
F6803-2422,C18H19N5O2
F6609-4139,C15H14ClNO4S
F6524-0942,C17H16N4O2S
F3281-0075,C18H19N3O2S
F6753-3266,C18H22N4OS
F2459-2037,C17H21N5O3
F6372-0111,C17H13ClFN3O2
F6445-6783,C21H18N2OS
F6709-0096,C18H22ClN3O2
F6818-0631,C20H24N6
F6412-1649,C17H13F3N2O3
F6808-6066,C21H25N3S
F6560-0638,C19H19N3O2S
F5529-0470,C15H14ClNO5S
F0874-0041,C17H25ClN2O4
F6573-8307,C17H15FN4O4
F5772-8302,C16H13ClN4O2S
F6389-1133,C21H23N5O
F6436-2309,C20H20F3NO2
F6439-5359,C15H19N5O2S2
F6125-0126,C19H22N6O2
F6760-5074,C17H16F4N4O
F6802-9499,C13H15BrN4O2S
F6471-0712,C20H17N7O
F6050-0204,C18H19N3O2S2
F6753-1986,C20H24F2N4O
F6525-4842,C21H20N4O3
F6515-4573,C18H13F3N2O2S
F6442-1789,C18H22FN3O3S
F3225-7370,C20H12ClNO3S
F6514-3898,C20H22N4O2S
F6445-2772,C20H17ClN2O2S
F6506-4928,C22H27NO3S
F5596-0586,C19H18FN3O3S
F5123-0042,C21H20N6O2
F5583-0257,C17H18N4O3S2
F5075-6330,C21H18FN5O2
F6445-6986,C18H16ClNO3S2
F6574-1813,C21H22N4O2S
F3358-0347,C17H11F3N2O2S2
F6245-6430,C20H23N5O2S
F6353-6059,C18H20F3N3O2S
F1806-0058,C19H23N5OS2
F5596-0469,C22H21N5O3
F2964-1408,C16H15BrN4O2S
F6031-0141,C20H25ClN2O3S
F3214-0033,C25H22N4O2
F2493-0373,C21H17ClFN3O3
F3222-3101,C24H25N5O2
F6481-3240,C22H24F2N2O2S
F3055-0060,C20H18F3N3O2S
F3385-3848,C18H12BrF3N2O2
F6261-3879,C18H22ClN3O3S2
F6482-7512,C20H19BrN2O2S
F3314-0161,C27H32N2O3
F5687-0367,C19H18ClFN4O3S
F6764-3557,C20H18BrN5O2
F6245-0239,C19H18ClF3N4O3
F2756-1866,C22H24ClN3O3S
F6438-3738,C19H25BrN6O2
F2569-0174,C23H24N2O6S
F2586-0181,C24H25FN4O3S
F3382-2436,C28H24N4O4
