# All user editable compound information in the PCDL Manager compounds tab can be imported
# A minimum of formula or mass plus one identifier must be populated for compound import (recommended is formula and at least one other identifier, see examples)
# Multiple synonyms can be entered into the Synonyms column when separated by ';' (e.g. L-Isoleucine; 2-Amino-3-methylvaleric acid)
# All compounds will be assumed to be of a neutral ion type, unless a 1 is entered in the Cation or Anion column
Name,Formula
F6543-1858,C15H14N2O2
F6608-0686,C15H18N2O2
F5871-1893,C13H14N2O2S
F0349-3143,C11H7BrO3
F6676-9806,C15H19N5
F5012-0126,C11H15NO5S
F1916-8880,C14H13FN2O3
F2147-0525,C12H13N3O5
F6801-7994,C15H14N4O2
F6512-0275,C15H15N3O3
F5228-2108,C15H17N3O3
F6791-3221,C16H17F2N3
F1132-0426,C14H16N2O3S
F5971-0237,C15H22N2O4
F2245-1233,C13H12ClNOS2
F6218-0032,C14H10ClN5O
F2394-0110,C16H15NO3S
F6435-5577,C16H17NOS2
F6609-9020,C15H19N3O4
F6442-2346,C14H16N2O4S
F6573-5406,C18H18N2O3
F6803-2415,C15H16N6O2
F1682-0030,C17H18N2O4
F5854-4324,C17H20N2O2S
F6562-9414,C18H14N4O2
F6416-8986,C16H17ClN2O3
F6804-8543,C12H14BrF3N2
F1677-0547,C20H21NO3
F6240-7228,C16H15N5O3
F6754-7777,C19H26N4O
F6559-2452,C15H16N6OS
F6438-2450,C17H23N5O2
F6521-9379,C17H21N3O2S
F3284-8649,C17H11N5OS
F6368-0439,C16H22N4O2S
F6359-0974,C16H17ClN2O2S
F6238-0361,C17H15N5O3
F6471-5236,C17H18N6O2
F6734-1436,C19H22FN5
F6286-0400,C15H14F3N3OS
F6359-1808,C17H18N4O2S
F6507-9068,C16H25NO3S2
F5260-0075,C18H24N4OS
F6125-2768,C12H15BrN2O3S
F6225-0506,C15H17N5O3S
F6438-0875,C17H18F2N4O2
F6482-2125,C19H27NO3S
F6560-0805,C21H21NO2S
F3394-1415,C18H12ClN3OS
F6245-0050,C19H19FN4O2
F6438-3034,C17H16N4O3S
F6562-5903,C20H27N3OS
F6513-1418,C17H21N5O2S
F6357-0127,C19H23NO2S2
F6514-8733,C20H14FN3OS
F6812-1928,C20H24N6O
F6561-1447,C20H18N2O5
F6604-1919,C19H25N7O
F6441-0158,C18H27NO3S2
F6517-0619,C19H17NO5S
F5476-0656,C20H22F2N4O
F6561-5515,C19H22N2O4S
F6445-0083,C19H12F4N2O2
F2662-0001,C22H23N3OS
F6571-5915,C18H18FNO3S2
F5591-0175,C19H20N6O3
F3382-5883,C19H15ClN4O3
F2302-0151,C24H21N3O2
F0636-0306,C19H19N3O4S
F6480-0757,C25H26N2O2
F6525-8174,C16H19F3N4O2S
F5832-3941,C20H27N3O3S
F6805-3694,C18H22BrN3O2
F3382-1920,C18H24N4O4S
F6473-4430,C18H19ClN2O4S
F6559-6789,C18H20F3N5O2
F3230-0269,C16H20ClN5O3S
F6438-3674,C19H26N8O2
F6752-3976,C23H26F2N2O2
F2066-0028,C15H18FN3O5S2
F6574-1818,C21H19N5O2S
F2670-0374,C23H25N3O4
F5689-1388,C17H16F2N4O2S2
F6726-5580,C20H18F2N6O2
F6557-1942,C20H18ClN3O3S
F6619-6878,C20H22F3N7
F5115-0127,C26H20N4O2
F5832-9281,C20H17F4N3OS
F5257-0306,C21H19ClN4O4
F6436-2949,C21H24BrN3O2
F6089-8617,C21H25BrN2OS
F5689-1350,C18H21N5O4S2
F6436-1193,C20H20F2N2O5S
F6482-2521,C21H22F3NO4S
F6439-1339,C19H23F3N4O3S
F2760-0221,C21H25N3O6S
F2697-0093,C20H19ClF3N5O2
F1443-1660,C18H16BrN3O5S
F5481-2338,C24H23N5O4S
F3408-0252,C27H31N5O4
