# All user editable compound information in the PCDL Manager compounds tab can be imported
# A minimum of formula or mass plus one identifier must be populated for compound import (recommended is formula and at least one other identifier, see examples)
# Multiple synonyms can be entered into the Synonyms column when separated by ';' (e.g. L-Isoleucine; 2-Amino-3-methylvaleric acid)
# All compounds will be assumed to be of a neutral ion type, unless a 1 is entered in the Cation or Anion column
Name,Formula
F6471-5865,C11H19N5O2
F1475-0176,C12H10N4OS
F6525-0585,C14H19N3O2
F5964-0130,C14H19NO2S
F2879-5156,C15H15N3O2
F6541-4463,C15H17FN4
F6617-6633,C18H17N3
F6438-1697,C14H22N4O2
F2182-0041,C13H15ClN2OS
F6562-8870,C14H11N3O2S
F0161-0019,C15H17N3OS
F5773-4681,C14H15N3O4
F6813-7795,C14H18FN5O
F6237-0652,C15H14N6O
F6724-3419,C14H21FN4S
F6451-2047,C18H22N2O2
F6228-0737,C13H24N4O2S
F6744-5942,C15H22N6O
F6436-2828,C16H19NO3S
F6808-6020,C18H21N5
F6515-1255,C16H14N4O3
F6539-3135,C17H16N2O4
F6748-0360,C16H15FN4S
F6476-0694,C17H17ClN2O2
F6755-7300,C11H18N4O3S2
F2960-0158,C15H10ClFN2OS
F6681-9668,C18H19N5O
F5857-6580,C17H22ClNO3
F6261-2011,C14H19N3O2S2
F3068-0088,C19H22N2O3
F6216-0364,C14H17FN2O4S
F6761-7852,C18H20FN3O2
F6444-6659,C15H17N5O2S
F6442-5822,C19H28N2O3
F2072-0212,C15H19ClN6O
F6562-6011,C19H29NO2S
F6435-7477,C16H19NO5S
F6793-7272,C16H17F3N4O
F6796-9015,C17H18FN7
F6804-4845,C20H28N4O
F5382-0509,C17H15FN4OS
F6471-5989,C16H17N5O2S
F6524-5728,C16H17FN6O2
F6563-0075,C20H27NO2S
F3350-0945,C17H12F3N3O2
F5882-5182,C16H20N4O3S
F6400-0680,C14H27N3O3S2
F1762-0047,C19H17N3O2S
F2539-0079,C21H24N2O3
F6525-4611,C19H19ClN4O
F1800-0176,C13H13BrN2O3S
F6788-3890,C17H17F2N7
F2553-0130,C21H17N3OS
F6518-4339,C19H17ClFNO3
F2088-0283,C16H14ClN3OS2
F6257-2934,C19H20N6O2
F6553-7388,C17H19ClN2O3S
F6619-7981,C19H21N5O3
F6523-2270,C18H16FN5O3
F6414-2218,C14H14BrNO2S2
F2784-0330,C20H21FN2O4
F3294-0365,C19H19ClN2O4
F5833-1245,C23H25N3O2
F6524-4303,C21H19N3O4
F6415-1315,C16H14BrNO3S
F6444-2374,C21H20N2O5
F5017-1592,C19H31N3O3S
F6464-0244,C17H22FN3O4S
F5097-2636,C17H15ClF3N3O2
F5033-3649,C21H23FN2O4
F0537-0727,C22H16N2O3S
F6471-0599,C18H23N5O3S
F5772-8925,C17H14ClN3O4S
F2434-1286,C21H17FN4O3
F6452-2414,C21H31NO4S
F6411-2879,C21H21N3O3S
F3386-3627,C17H20BrNO3S
F6250-0105,C22H26N2O3S
F5033-3134,C22H25ClN2O3
F6475-4628,C25H26N2O3
F5777-0203,C19H14F3N3O2S
F8890-5334,C21H18FN5O3
F6503-4888,C23H27N3O2S
F3131-0022,C18H18F2N2O5S
F6438-3335,C20H26N6O4
F6474-3692,C24H23N3O2S
F2359-0551,C21H17ClN6O2
F3407-0019,C23H27FN6O
F6608-4066,C20H26F3N5O2
F6471-0242,C24H24N6O2
F6792-0841,C21H29N5OS2
F5234-0021,C23H26N6O3
F5669-1353,C22H24FN7O2
F6089-5271,C20H16BrN3O2S
F6497-0044,C20H18BrFN4O2
F6480-4575,C19H18BrN3O3S
F8890-2784,C18H18BrFN4O4
F0634-0415,C22H27Cl2N5O2
F3202-0616,C19H22F2N2O6S2
F5581-3136,C23H19F3N4O3S
