# All user editable compound information in the PCDL Manager compounds tab can be imported
# A minimum of formula or mass plus one identifier must be populated for compound import (recommended is formula and at least one other identifier, see examples)
# Multiple synonyms can be entered into the Synonyms column when separated by ';' (e.g. L-Isoleucine; 2-Amino-3-methylvaleric acid)
# All compounds will be assumed to be of a neutral ion type, unless a 1 is entered in the Cation or Anion column
Name,Formula
F1967-0282,C10H7BrN2O
F6395-2453,C13H22N2O3
F0594-2709,C12H9N3O2S
F6244-1774,C14H18N2OS
F1773-0228,C11H14N4O2S
F6555-6411,C15H14N2OS
F5868-0222,C14H15N3O3
F6514-1612,C14H16N2O4
F6571-6153,C15H18FNO3
F6808-5268,C13H22N4OS
F6789-3279,C16H19N3O2
F6553-1033,C17H21NO3
F6562-7786,C17H23NO3
F6721-9376,C14H17ClN4O
F6559-1582,C11H15F2NO2S2
F3345-0707,C16H12FN3O2
F2157-1750,C13H12F3N3O2
F3023-0457,C13H14F3N3O2
F5449-0192,C16H17NO5
F6507-1106,C18H27NO3
F6660-8240,C15H20N2O3S
F8890-0733,C15H22N2O5
F6676-1185,C17H20N4O2
F5860-0079,C16H21F3N2O
F5479-0166,C16H20N4O3
F6739-7813,C15H18N4O4
F6031-0640,C16H20N2O3S
F6724-4456,C17H14N4OS
F3225-3471,C18H21N5O
F6713-5650,C17H16FN5O
F2543-0138,C16H13N3O3S
F1406-0143,C19H21ClN2O
F6274-0641,C16H14N2O2S2
F6211-0137,C17H21N3O4
F6514-2773,C15H18F3NO2S
F6125-0300,C18H26N2O2S
F6465-0232,C16H17FN2O3S
F6539-3191,C20H19NO4
F5596-0369,C19H22N4O2
F6445-7260,C15H14Cl2N2O3
F3316-0240,C15H20ClN3O2S
F6530-6075,C17H18N4O4
F6539-2814,C15H22FN3O3S
F5603-0130,C17H24N6O2
F6506-2114,C17H15FN2O3S
F6412-2053,C18H21NO4S
F6564-8255,C20H20N4O2
F6244-3486,C22H27N3O
F6809-6745,C19H18FN5O
F6574-1801,C18H15N3O3S
F6178-4903,C19H22N4O3
F6441-4805,C19H20N2O3S
F6556-7582,C17H15BrN2O2
F6225-0319,C19H25N3O2S
F6472-0736,C18H23N3O3S
F6478-6039,C16H18ClN5O3
F6474-8763,C15H16BrN3O3
F6524-5884,C16H17F3N6O
F6549-6940,C17H18Cl2N2O3
F3315-0002,C19H23N5OS
F5490-0005,C19H18FN3O2S
F0314-0040,C14H10BrCl2NO2
F6761-7699,C18H17F3N6
F3290-0108,C18H21ClN4OS
F6524-1632,C21H23N5O2
F6557-2011,C19H22ClNO3S
F6692-6594,C19H23F3N4O
F6414-0985,C18H17F3N2O4
F6178-6803,C21H25N3O4
F6617-4374,C19H17F2N5O2
F2738-0478,C18H14ClN3O3S
F5017-2006,C20H24N2O4S
F6353-6054,C21H31N3O2S
F5832-5664,C19H22ClN3O2S
F5628-0027,C18H22F2N6O2
F2005-0124,C20H18N4O3S
F5832-1031,C21H22FN5O2
F5450-0401,C21H20FN3O2S
F6748-3425,C18H18BrN5O
F6192-0328,C17H14F3NO5S
F6764-4098,C22H18ClN5O
F2617-1444,C24H23NO5
F3386-1423,C17H17BrN2O3S
F3411-4831,C21H19ClN4O3
F6513-5168,C22H28N4O2S
F2879-0557,C21H22ClN3O4
F2040-0077,C21H20Cl2N2O3
F6175-0064,C22H24N6O3
F5328-0305,C21H26FNO5S
F5072-5501,C22H20F2N4O3
F3406-6645,C20H23N5O4S
F6676-0504,C18H23F3N4O3S
F6472-6299,C22H21N5O5
F6674-5413,C19H26N4O6S
F6549-8633,C23H27N3O4S
F6411-3479,C26H25FN4O2
F3407-0122,C23H22FN7O2
F3386-2828,C21H30N2O5S2
F0590-0239,C24H19FN2O5S
F5834-3529,C26H26N2O5S
