# All user editable compound information in the PCDL Manager compounds tab can be imported
# A minimum of formula or mass plus one identifier must be populated for compound import (recommended is formula and at least one other identifier, see examples)
# Multiple synonyms can be entered into the Synonyms column when separated by ';' (e.g. L-Isoleucine; 2-Amino-3-methylvaleric acid)
# All compounds will be assumed to be of a neutral ion type, unless a 1 is entered in the Cation or Anion column
Name,Formula
F9995-0129,C15H13N3O
F6608-0414,C14H12N2OS
F6360-9339,C13H12N2O2S
F6791-9643,C12H17N5O2
F8890-7842,C12H17N3O4
F5882-4173,C12H17NO4S
F6802-6940,C10H15FN4O2S
F6412-2242,C14H15NO5
F6357-0446,C14H20N2O2S
F6472-0843,C13H21N3O2S
F5831-9897,C16H18N2OS
F6709-4646,C13H15F3N2O2
F6440-3897,C14H18N4O3
F6471-3733,C13H15N3O3S
F6816-2882,C16H17N5O
F6123-0114,C15H23NO5
F6549-3692,C17H21N3O2
F6559-5395,C17H23N3O2
F6445-7142,C15H16N2O3S
F6479-2680,C16H22N2O4
F5772-8421,C17H15N3OS
F6761-7934,C14H18FN3O2S
F6363-0639,C15H15N5OS
F6244-2607,C16H17N3O2S
F6473-6289,C15H15N3O5
F6435-9518,C11H17N3O4S2
F5882-0998,C12H13Cl2NO3S
F1021-0280,C20H22N2O2
F6680-3354,C17H16N4O3
F6374-3628,C14H18N2OS3
F6619-5935,C14H16F3N5O
F2147-0613,C13H16BrNO4
F6100-0188,C18H19FN2O3
F6481-3728,C13H20N2O4S2
F6561-2595,C18H23NO5
F5682-0066,C15H17N3O4S
F6507-9191,C17H24N2O3S
F6792-3694,C19H23N5O
F3230-0020,C16H19Cl2N3O
F6454-0889,C12H19F3N4O2S
F6517-3665,C18H19N3O4
F6464-0183,C20H23FN2O2
F6438-3527,C17H25N7O
F6414-2099,C18H19NO4S
F5854-4340,C18H22N2O3S
F6031-1896,C18H22FN3O3
F2508-0016,C18H12ClN5O
F5875-0091,C20H18N2O4
F6550-6238,C15H14Cl2N4O2
F6808-9115,C16H23N3O4S
F6517-3701,C20H18ClNO3
F5299-0358,C19H24N4O3
F6424-0721,C21H18N4O2
F6791-9317,C17H20N4OS2
F1260-1520,C16H15ClN4O4
F0669-0800,C17H25N5O4
F6549-2862,C18H18F3N3O2
F6482-6016,C18H14BrN3O
F2024-2429,C19H20N4O4
F6709-4218,C17H14F4N2O3
F6812-1614,C21H21N7
F2805-0467,C19H20FN3O2S
F2211-0123,C22H14ClNO3
F5882-2702,C23H24N2O3
F6474-0064,C19H20ClFN2O3
F6573-0250,C20H21N5O3
F3398-3984,C19H16ClN5O2
F3386-4701,C25H22N2O2
F0486-1980,C20H20N2O4S
F2791-0077,C22H35N5O
F6506-0168,C20H21NO7
F6245-3966,C20H28N4O4
F6403-1841,C18H22N4O2S2
F6529-0495,C18H25N5O3S
F6436-1864,C21H19N3OS2
F5855-0104,C23H26N2O2S
F0676-0928,C20H17FN4O2S
F6523-0822,C21H27N5OS
F3243-0601,C22H23ClFN3O
F6497-0851,C21H27N3O3S
F6573-8731,C15H12F4N4O3S
F5871-2188,C19H23ClN4O2S
F6562-7010,C23H24N2O5
F6755-1887,C16H13BrF3N5
F2758-3065,C20H23N5O3S
F6529-3829,C17H19F3N4O3S
F6523-0866,C23H26N6O2
F5652-0451,C23H23N3O5
F1639-0334,C20H25ClN2O4S
F2564-0180,C24H21N5OS
F5266-0360,C21H23ClN4O4
F6512-5508,C19H23N5O5S
F2096-1426,C23H24N4O3S
F3406-5500,C23H20F3N5O
F3385-3964,C24H26O8
F6727-8743,C24H23N5O4
F5262-0116,C25H28N4O2S
F3395-0296,C25H26F3N3O2
F0919-6648,C24H15ClN6OS
F2737-2890,C24H22N2O5S2
