# All user editable compound information in the PCDL Manager compounds tab can be imported
# A minimum of formula or mass plus one identifier must be populated for compound import (recommended is formula and at least one other identifier, see examples)
# Multiple synonyms can be entered into the Synonyms column when separated by ';' (e.g. L-Isoleucine; 2-Amino-3-methylvaleric acid)
# All compounds will be assumed to be of a neutral ion type, unless a 1 is entered in the Cation or Anion column
Name,Formula
F6782-6824,C12H10ClFN2O
F6492-0262,C14H16N4O
F6759-2811,C11H15F3N4
F6300-0155,C16H12N2O2
F2135-1404,C15H12N2OS
F5490-1291,C14H17N5O
F6560-4808,C13H18N6O
F5833-5601,C14H19N3O3
F6662-1896,C10H10F3NO3S
F6482-7662,C15H12N2O2S
F6524-1898,C15H18N4O2
F6395-1846,C16H20N2O3
F6554-4788,C12H12Cl2FNO2
F6237-0034,C16H15N5O
F3371-0729,C17H13ClN2O
F6573-8780,C16H14N2O2S
F3215-0106,C15H12N2O3S
F6519-6151,C14H14N4O2S
F6560-6764,C18H16N4O
F6481-3792,C15H17NO2S2
F0920-6867,C18H19N3S
F6438-1557,C13H21N5O2S
F1967-1201,C17H19N3O3
F6411-2049,C20H17N3O
F6809-1131,C17H20ClN3O
F6756-2606,C17H13N5O2
F6186-1246,C13H20FNO3S2
F6609-4020,C15H14ClNO3S
F6448-1340,C18H20N4O2
F2207-0122,C13H18N4O4S
F6554-0938,C18H21N3O3
F6472-0582,C15H20FNO2S2
F6564-5542,C18H20F2N4
F6562-9375,C19H16N4O2
F6515-4323,C15H11ClN2OS2
F6795-0099,C18H17N5S
F6806-7078,C16H24N4O4
F6443-5707,C19H15ClN2O2
F6471-0878,C17H17N5OS
F6683-1820,C18H20N4OS
F6747-5883,C18H23N5S
F6526-0322,C13H14ClN3O2S2
F2493-1177,C17H16N2O4S
F6573-9469,C19H15N5O2
F2359-0402,C19H18N6O
F6619-5206,C18H29N5O2
F2740-0382,C17H14F3N3O2
F6773-4167,C17H18N8O
F6514-2672,C14H19F3N2O3S
F8890-7769,C19H23N5O2
F6517-3699,C20H18FNO4
F6482-7214,C18H16ClN3OS
F5832-4216,C20H26N2O2S
F2773-0239,C17H20N4O5
F3250-0265,C21H19ClN4
F6445-6619,C20H16N2O3S
F5261-0078,C18H24FN3O2S
F3250-0006,C19H17N3O3S
F0651-0224,C25H24N2O
F5871-3103,C16H17F3N4O3
F5854-0937,C19H17ClN2O2S
F1808-0007,C19H23N3O5
F6442-0581,C19H21NO5S
F6709-5660,C17H13Cl2N3O3
F6475-5357,C19H20F2N2O4
F5016-0415,C23H29N3O2
F6612-0020,C19H19N5O2S
F6516-0324,C16H14ClNO4S2
F0911-3594,C21H24N2O3S
F6476-5786,C19H16ClFN4O2
F5831-9323,C22H26ClNO3
F6279-0368,C17H18F3NO2S2
F1609-0410,C20H18N6O3
F6619-4109,C21H25N7O
F5308-0257,C19H24ClN3O2S
F6796-4035,C22H30N6O
F5241-0028,C18H19F3N4O3
F6439-4794,C17H14ClF3N4O2
F6571-0401,C22H29N3O2S
F6549-9447,C18H18N4O3S2
F3222-0834,C22H20N4O2S
F6743-7848,C19H26N4O4S
F3394-0990,C17H16ClN3O3S2
F1872-0292,C21H21N3O4S
F6672-0665,C15H19BrN4O3S
F5832-0322,C22H28N2O4S
F6559-0586,C20H19F2N3O3S
F3394-0993,C16H14ClF3N2O4S
F6400-1417,C24H28N2O3S
F6480-6150,C22H26FN5O3
F5088-0905,C25H26N4O3
F1607-0061,C25H27N3O4
F6523-0618,C25H32N4O3
F2899-2818,C22H20N2O4S2
F5027-0778,C19H17BrF3NO3
F6439-2609,C19H19BrN4O2S
F5578-1689,C23H20ClN5O3
F3411-4696,C23H26ClN3O3S
F1345-0542,C22H21BrN2O3S
F1038-0608,C26H25N7O3
