# All user editable compound information in the PCDL Manager compounds tab can be imported
# A minimum of formula or mass plus one identifier must be populated for compound import (recommended is formula and at least one other identifier, see examples)
# Multiple synonyms can be entered into the Synonyms column when separated by ';' (e.g. L-Isoleucine; 2-Amino-3-methylvaleric acid)
# All compounds will be assumed to be of a neutral ion type, unless a 1 is entered in the Cation or Anion column
Name,Formula
F6210-0142,C15H14N2O2
F6608-1019,C15H18N2O2
F5526-0718,C13H14N2O2S
F6554-0259,C14H23N3O2
F6547-0236,C15H19N5
F6724-2904,C14H12ClN3O
F6435-2127,C13H10F2N4O
F3250-0007,C16H13N3S
F6573-8926,C15H14N4O2
F6284-0107,C15H15N3O3
F5865-0038,C15H17N3O3
F6676-2730,C14H19N5S
F3386-4979,C17H12N2O3
F6804-8575,C13H21F3N2O2
F1916-6224,C11H9BrClN3
F6514-3193,C9H12F3N3O3S
F0745-0160,C15H15N3S2
F2537-1555,C16H14FNO2S
F5383-0003,C15H19N3O4
F5831-9909,C15H14F2N2OS
F5971-1021,C18H18N2O3
F6524-1194,C15H16N6O2
F6556-7487,C17H18N2O4
F6353-3016,C17H20N2O2S
F5017-0178,C13H22N2O3S2
F6747-5320,C15H14F2N4S
F1594-0009,C14H11ClN2O3S
F6203-0076,C20H21NO3
F5791-2461,C16H15N5O3
F6656-3875,C19H26N4O
F6549-3388,C15H16N6OS
F6480-5549,C17H23N5O2
F5831-1976,C19H22ClNO2
F6573-7273,C16H13ClFN3O2
F6743-6383,C16H22N4O2S
F6510-2838,C14H13FN4O3S
F6252-0742,C17H15N5O3
F6560-5458,C17H18N6O2
F5343-0076,C21H25NO3
F6476-2125,C14H20BrN3O2
F0372-0567,C17H18N4O2S
F6752-6213,C16H20ClF2N3O
F6484-0439,C18H21FN4O2
F6502-5357,C12H6ClF3N4OS
F6359-2937,C17H18ClN3O3
F6359-5200,C15H20N6O2S
F6556-7619,C22H23NO3
F5857-2673,C21H21NO2S
F5791-1286,C17H11N3O2S2
F6813-8282,C17H18F4N4
F6448-2069,C17H16N4O3S
F6454-2287,C20H24FN3O2
F6612-0071,C17H21N5O2S
F6791-7706,C14H15F4N5O2
F6549-5210,C15H17N5O2S2
F6803-0146,C20H24N6O
F1278-0465,C18H17F3N2O3
F6787-1051,C20H25N5O2
F6523-0036,C16H18F3N5O2
F6481-1498,C20H18FNOS2
F5017-0176,C17H28N2O5S
F6521-8951,C19H22N2O4S
F6064-3527,C14H15F3N4O3S
F0674-0018,C22H23N3OS
F6194-0328,C15H16F3NO5S
F6524-1249,C19H20N6O3
F6556-0664,C20H18N2O2S2
F6619-5996,C19H22ClN7
F5142-0107,C19H19N3O4S
F6619-6770,C21H22N8
F6796-3648,C19H18F2N4OS
F5033-5422,C20H27N3O3S
F6435-3545,C19H18FNO5S
F5834-3765,C18H24N4O4S
F5772-9968,C17H16F2N4OS2
F6469-2480,C19H21N7OS
F6471-8582,C17H20FN3O3S2
F3411-1282,C22H30N4OS
F6400-1276,C21H28N4O2S
F5286-0390,C20H15ClFNO5
F2342-0240,C21H19N5O2S
F5596-0608,C23H25N3O4
F6369-0464,C17H13F3N4O3S
F6435-7206,C22H24N2O4S
F3374-0460,C20H18ClN3O3S
F0585-2629,C25H24FN3O2
F6529-0972,C19H19F3N6O2
F5535-0048,C19H22ClN3O4S
F6445-6856,C22H22N2O3S2
F2221-0042,C20H19N3O6S
F3406-4801,C20H18ClFN4O2S
F6521-7939,C20H22ClN3O4S
F3342-0123,C23H19FN2O4S
F3406-1806,C22H15F4N5O
F2227-0565,C22H19F3N4O3
F2697-0302,C24H22ClN5O2
F6245-3211,C22H20FN5OS2
F2074-0553,C26H32N4O4
F6609-2854,C25H23N3O5S
F6782-8228,C27H28FN5O3
