# All user editable compound information in the PCDL Manager compounds tab can be imported
# A minimum of formula or mass plus one identifier must be populated for compound import (recommended is formula and at least one other identifier, see examples)
# Multiple synonyms can be entered into the Synonyms column when separated by ';' (e.g. L-Isoleucine; 2-Amino-3-methylvaleric acid)
# All compounds will be assumed to be of a neutral ion type, unless a 1 is entered in the Cation or Anion column
Name,Formula
F1967-0946,C14H11N3O2
F6218-0009,C13H15N5O
F6616-2411,C12H14F3NO2
F1911-2939,C13H12FNO2S
F6437-0126,C11H9F2N3OS
F6186-0461,C12H17FN2O2S
F6540-3281,C14H17N3OS
F6521-4702,C14H18N2O2S
F6540-0076,C15H23NO2S
F6443-5480,C17H20N2O2
F6439-4994,C14H13N3O2S
F6435-2018,C14H15N3O2S
F6799-6041,C15H15F2N3O
F6617-2021,C14H15FN2O2S
F6525-6949,C16H16N4O2
F6562-8339,C17H18N2O3
F3358-0419,C17H20N2OS
F3068-0109,C20H18N2O
F6724-5386,C13H12ClN5S
F5964-0187,C17H22ClNO2
F5791-1013,C15H10N4O2S
F6782-0712,C17H13FN2OS
F2773-0241,C16H11ClN2O3
F5882-0395,C15H29N3O4
F6560-4445,C16H23N5O2
F6201-0180,C21H21NO2
F6471-0457,C14H19N5O2S
F2135-1402,C18H17N3OS
F2982-0175,C15H13F2NO3S
F6564-3487,C17H18N4O3
F6760-3598,C13H11F3N4OS
F6564-5619,C16H19N5OS
F6481-0117,C18H18ClNOS
F3273-0117,C20H20N4O
F6724-1301,C16H13F3N4O
F6443-8351,C20H21N3O2
F6442-2319,C14H15N3O5S
F6573-1288,C18H18N4OS
F2477-0090,C15H22ClN5O2
F6524-5433,C16H20N8O
F0745-0212,C17H14N2O2S2
F3374-0255,C20H13N3O3
F6125-3663,C17H17FN4O3
F6438-3433,C15H19N7O3
F6445-6928,C17H14FNO2S2
F6560-5435,C19H16N4OS
F6415-0294,C18H23NO4S
F6356-0207,C15H11F6NO2
F6474-8728,C19H20N4O3
F6571-6016,C19H18N2O3S
F6037-0515,C23H21N3O
F0921-6724,C17H19N5O2S
F3386-4027,C14H18ClN3O4S
F6363-0387,C16H12ClN3O3S
F6795-5243,C18H26N4O2S
F6796-3302,C19H17FN6O
F6436-2111,C15H15BrN2O2S
F5772-6405,C22H17N5O
F5493-0205,C19H19N3OS2
F6476-0824,C21H26N2O2S
F3406-9123,C18H20N4O3S
F6476-5790,C17H15ClN4O2S
F2094-1427,C22H21N3O3
F6713-5900,C19H16ClN7
F6761-7681,C18H21F3N6
F5652-3045,C16H20N4O5S
F6279-0594,C21H23N3O4
F6524-5642,C17H17N7O2S
F5033-1347,C23H32N2O3
F6496-1313,C19H22N4O3S
F0603-0427,C16H13BrN4OS
F6559-1046,C20H18F3N3O2
F6802-7662,C20H24F2N4O2
F2485-0963,C19H21ClN2O3S
F6727-2434,C20H20FN7O
F6480-3412,C18H22ClN3O3S
F6502-6209,C25H24N4O
F6227-0541,C20H22N4O3S
F6245-7189,C20H18ClFN4O2
F3375-1566,C24H22N2O4
F6506-5312,C25H28N2O3
F5496-0186,C19H16F3N3O2S
F2874-0212,C25H19N3O3
F6798-4266,C21H29N7O2
F5607-0190,C20H23ClN6O2
F6506-0696,C24H19NO4S
F5855-0700,C25H26FN3O2
F6443-9824,C20H21F3N4O3
F6510-3728,C22H23N3O4S
F2928-0022,C23H20N6OS
F2208-0378,C25H21NO6
F6245-6822,C22H22N6O2S
F2660-0127,C24H24ClN3O3
F2758-2956,C23H25FN4O2S
F3406-0821,C26H25N3O4
F5461-2178,C25H26N4O2S
F6548-4693,C24H26N4O3S
F8890-1813,C23H19BrN4O2
F3382-0839,C26H26N4O5
F2068-0629,C24H30N4O5S
