# All user editable compound information in the PCDL Manager compounds tab can be imported
# A minimum of formula or mass plus one identifier must be populated for compound import (recommended is formula and at least one other identifier, see examples)
# Multiple synonyms can be entered into the Synonyms column when separated by ';' (e.g. L-Isoleucine; 2-Amino-3-methylvaleric acid)
# All compounds will be assumed to be of a neutral ion type, unless a 1 is entered in the Cation or Anion column
Name,Formula
F1909-1430,C12H19N3O3
F3244-0234,C13H10N2O2S
F6782-4264,C15H19NO3
F0349-0854,C17H15NO2
F6556-2615,C13H16FNO4
F5791-2785,C13H16N6O
F6494-0906,C13H17N5O2
F6556-3233,C15H22N2O3
F1756-0284,C12H11FN2O3S
F6435-9042,C12H15NO3S2
F1386-0303,C18H13N3O
F6508-0024,C14H15N3O4
F1907-2579,C16H21NO4
F6178-2010,C13H18N4O2S
F6681-3570,C15H16N6O
F6789-2168,C15H18N6O
F3406-7317,C16H20N4O2
F6604-0814,C15H22N6O
F6222-0575,C14H16ClN5O
F6675-7440,C19H21N3O
F6442-1530,C11H22N2O4S2
F6201-0488,C15H15F3N2O2
F6559-2201,C13H13F3N4O2
F3318-0624,C16H16N2O3S
F6510-2694,C14H14N4O3S
F6476-1611,C10H13BrN2O3S
F6512-1108,C18H19N5O
F6478-3073,C18H17N3O3
F6482-2647,C14H13F6NO
F6752-3700,C17H21F3N2O
F3244-0028,C17H16N2O3S
F3305-0134,C21H19N3O
F6480-5406,C17H18ClN3O2
F6811-4832,C16H24N6O2
F6564-8610,C16H16F2N4O2
F6619-5509,C18H21N7
F6506-0067,C19H15NO5
F6713-4708,C17H18N6S
F5876-0040,C19H21N3O3
F6111-1848,C21H28N2O2
F0306-0042,C14H18N2O6S
F5834-2479,C18H18ClN3O2
F6390-2779,C18H20N2O5
F6812-7622,C19H19N7
F6524-5517,C15H14FN5O2S
F6247-1640,C19H16N4O3
F6549-5695,C17H23N3O3S
F6562-8966,C19H17N3O2S
F3342-0362,C21H24N2O3
F5097-2440,C17H17F3N2O3
F6573-1414,C20H29N5O
F6261-3324,C19H23N3O2S
F5791-2197,C18H15F2N3O3
F6681-9815,C17H20BrN3O
F6418-1553,C17H14ClNO2S2
F6438-0051,C19H20N6O2
F6660-5281,C16H13F3N4OS
F5860-3695,C17H20F3N5O
F6747-6614,C19H14F3N5
F3407-0268,C22H30N2O3
F0588-0105,C23H20N2O3
F5981-0159,C15H14F4N4O3
F6475-5944,C23H25N3O2
F6089-5205,C21H19N3O4
F6556-2128,C21H34N2O2S
F6680-9084,C19H19F3N2O3
F2666-0313,C22H27N3O3
F2458-0057,C20H21N3O3S
F2496-1734,C20H16ClNO5
F2539-0415,C24H22N2O3
F5076-0065,C17H16N4O5S
F5832-5655,C20H24ClN3O3
F6469-2789,C17H14ClN3O2S2
F6353-7319,C19H24N2O3S2
F6438-3275,C20H23N7O2
F6036-0907,C21H21N3O3S
F6506-1332,C17H16ClNO4S2
F5833-8848,C22H26N2O3S
F6064-8588,C23H20N4O3
F6761-2463,C21H22N8O
F6478-4074,C18H20BrN3O3
F6414-3910,C19H25N3O3S2
F6476-4206,C26H23N3O2
F3382-0275,C19H16N4O5S
F2262-0062,C26H26N2O3
F5033-3795,C21H24ClN3O4
F6523-0444,C17H14F6N4O2
F5614-0504,C24H30N4OS
F6456-0155,C24H23N7O
F6596-4176,C22H28N4O3S
F3406-1708,C24H22FN5O2
F6175-0900,C23H26N6O3
F6497-1510,C23H27N5O2S
F6368-0051,C26H28N6O
F6480-4466,C17H16BrF3N4O2
F6523-3779,C19H15BrClN3O3
F3406-0055,C25H33N5O3
F3398-4660,C23H21N5O4S
F2738-2634,C24H17ClN4O3S
F5581-0399,C22H21ClN4O3S2
