# All user editable compound information in the PCDL Manager compounds tab can be imported
# A minimum of formula or mass plus one identifier must be populated for compound import (recommended is formula and at least one other identifier, see examples)
# Multiple synonyms can be entered into the Synonyms column when separated by ';' (e.g. L-Isoleucine; 2-Amino-3-methylvaleric acid)
# All compounds will be assumed to be of a neutral ion type, unless a 1 is entered in the Cation or Anion column
Name,Formula
F6541-3719,C12H10F3N3
F6494-0507,C14H15N3O2
F6608-1064,C13H15N3OS
F3411-7657,C13H12ClNO3
F1065-0568,C12H9F2NO2S
F6543-8904,C15H16N2OS
F3183-0028,C14H17N3OS
F6540-9149,C12H17F3N2S
F0537-0349,C18H19NO2
F6713-4766,C16H17FN4
F3296-0552,C16H14ClNO2
F0921-2537,C16H16ClNO2
F6744-8711,C13H17N5OS
F6360-9646,C12H14N4O3S
F6436-2140,C16H16N4O2
F5053-0089,C17H18N2O3
F6475-2905,C14H18F2N2O3
F6497-0390,C15H18N4O3
F6724-4426,C14H12ClN3OS
F3374-0608,C18H17N3O2
F6747-5513,C12H15BrN4O
F6791-9633,C14H17ClN2O2S
F1775-0033,C15H11BrN2O
F6709-0164,C18H25N3O2
F5054-0111,C17H23N3O3
F6604-0575,C17H17N7
F6743-7724,C14H19N5O2S
F6424-0166,C18H14FN3O2
F5971-1050,C15H16ClNO3S
F6525-6845,C17H18N4O3
F6471-6210,C17H13ClN2OS
F6436-2829,C15H23NO5S
F6556-7521,C18H15ClFNO2
F6529-3050,C15H20N6O3
F3358-0319,C16H19ClN4S
F6570-2437,C20H21N3O2
F5222-0028,C17H17ClFNOS
F6525-0177,C18H18N4OS
F6559-2418,C16H17N7O2
F6560-5157,C14H24N6O2S
F6617-4301,C14H15ClN2O4S
F6441-4750,C15H21NO4S2
F6363-0233,C20H16N4O2
F6804-4827,C18H23N3O2S
F6443-3948,C17H14ClNO3S
F6471-2340,C19H16N4OS
F6194-0295,C18H23NO4S
F6279-0269,C16H17NO4S2
F6454-0109,C19H20N4O3
F6608-2472,C12H17F3N4O3S
F2091-0168,C18H21N5O3
F2164-0011,C19H20ClN3O2
F6522-0631,C18H17NO3S2
F6439-4754,C13H11BrF3N3O
F6756-2646,C21H22N4O2
F6553-0951,C21H20N2O4
F6359-5020,C15H15BrN2O2S
F6203-1619,C19H20F3NO3
F1885-0317,C19H16FN3O2S
F6415-1158,C21H26N2O2S
F1878-0816,C18H20N4O3S
F6274-0680,C18H15FN2O2S2
F6448-1574,C22H21N3O3
F6441-0496,C16H24FNO4S2
F2624-0137,C18H26N4O3S
F6125-0162,C17H15F3N4O3
F2670-0216,C21H23N3O4
F6796-7833,C15H16F3N7S
F6438-3508,C20H28N6O2
F6476-6016,C21H23ClN2O3
F6617-2720,C15H9BrN4O2S
F6478-1334,C20H21ClFN3O2
F5492-0110,C20H27ClN4O2
F6448-2275,C20H16N4O3S
F6559-1344,C22H23N3O4
F5777-0031,C21H18ClN3O3
F6523-0556,C18H23F3N6O
F5882-5598,C22H23ClN2O3
F5833-3288,C20H20N2O5S
F0922-0078,C24H22N2O4
F6430-0687,C22H24N6O2
F5264-0384,C18H22BrN3O3
F6761-7671,C18H18F3N5O3
F6731-1052,C21H26FN7O
F5857-3025,C23H21F3N2O2
F3411-6700,C19H20ClN5O2S
F5033-7474,C23H25N5O3
F5825-0221,C21H22N6O2S
F6734-1016,C20H22F3N3O2S
F5834-3796,C22H24N2O5S
F6619-6171,C20H26BrN5O
F6726-5740,C20H18F4N6O
F6442-8802,C20H27N3O4S2
F6785-6352,C21H24N6O3S
F3124-0606,C25H22FN5O2
F6523-3804,C22H27ClN4O4
F2296-0182,C25H26N2O4S
F0866-0141,C23H15BrN2O4
F3411-7738,C26H26N4O3S
F5121-0025,C27H26N4O3S
