# All user editable compound information in the PCDL Manager compounds tab can be imported
# A minimum of formula or mass plus one identifier must be populated for compound import (recommended is formula and at least one other identifier, see examples)
# Multiple synonyms can be entered into the Synonyms column when separated by ';' (e.g. L-Isoleucine; 2-Amino-3-methylvaleric acid)
# All compounds will be assumed to be of a neutral ion type, unless a 1 is entered in the Cation or Anion column
Name,Formula
F6546-1032,C16H17N3
F1411-0030,C10H16N4O2S
F6438-2069,C12H12N4O3
F6752-5407,C13H21N5O
F6089-9752,C13H21N3O3
F3412-0140,C16H17NO3
F5103-0378,C15H18N2OS
F6363-0155,C12H15N5O3
F6713-5386,C15H16N6
F6443-7819,C17H21N3O
F6782-7502,C16H18N2O3
F0616-0025,C16H20N2OS
F6733-1646,C15H19FN4O
F6416-8033,C15H16FNO4
F6808-5317,C14H22FN5O
F6445-6074,C18H23N3O
F6015-0205,C16H21N5O
F6724-5417,C14H11ClN4S
F6793-5355,C16H17FN2OS
F1911-8442,C16H26N4O2
F6515-1805,C17H15N3O3
F6515-1288,C17H17N3O3
F6451-0594,C15H23NO2S2
F6753-2030,C14H19F2N3OS
F6482-7774,C16H19N3O2S
F6230-0140,C16H12F3N3O
F6200-3533,C16H16ClNO2S
F6743-6171,C16H26N4OS
F6211-0402,C16H16N6O2
F6411-2563,C16H14N4O2S
F6571-5850,C18H21N3OS
F2929-0100,C16H15N3OS2
F6485-1483,C17H19FN4O2
F6125-0077,C16H14F2N4O2
F5854-4036,C21H23N3O
F6573-7209,C14H17N5O3S
F6484-0316,C19H20N4O2
F6438-1230,C13H15BrN4O2
F6359-4224,C18H17N3O2S
F6523-0336,C14H15F3N6O
F6200-0118,C17H27NO2S2
F5095-0278,C19H26N4O2
F6113-0058,C16H13ClN4OS
F3172-0001,C17H19N3O3S
F6478-3477,C17H19FN4O3
F6031-0526,C18H25N3O4
F6471-2427,C16H16FN3O3S
F5860-3756,C19H18N4O3
F6471-6067,C19H16N2O3S
F6403-1375,C20H23N3OS
F2496-1730,C19H17NO6
F6556-8761,C16H11N3OS3
F3382-4880,C18H22N4O2S
F6782-3960,C20H16N4O3
F6609-4070,C18H16F2N2O4
F2716-0612,C12H8BrF3N2OS
F6521-3257,C22H23NO2S
F6481-4557,C17H21NO2S3
F6526-0094,C20H21FN4O2
F6539-4002,C20H19ClN2O3
F6608-3869,C21H33N5O
F6478-3654,C19H20FN3O4
F6549-4827,C18H22BrN3O
F6680-8773,C22H24N4O2
F6524-1109,C19H15FN6O2
F6783-5473,C19H21N7O2
F1316-0035,C20H19N3O3S
F2262-0370,C22H26N2O4
F6559-3867,C18H25ClN2O3S
F6476-6100,C17H14ClF3N2O3
F6178-3557,C20H22FN3O2S
F3222-5489,C17H13BrFN3O2
F6439-8189,C21H18N4O4
F6524-6451,C18H25N5O5
F6512-6294,C13H23N5O5S2
F6473-4098,C23H26N2O4
F5833-3862,C20H20N4O3S
F5298-0868,C22H31N5O2
F6514-3957,C23H21N5O2
F6476-3807,C18H15BrN2O2S
F5042-0048,C18H20N4O3S2
F2879-7421,C24H23ClN2O2
F6658-3378,C21H24N6O3
F0653-0071,C20H18ClN5OS
F6619-4227,C17H22F3N7O2
F2337-4626,C19H24N6OS2
F3167-1005,C19H17NO6S2
F3342-0147,C21H28FN3O3S
F2599-0055,C17H24N6O5S
F3406-1739,C24H21N5O3
F6359-0422,C22H21F3N4O2
F3348-0847,C24H24ClN5O
F1018-1767,C25H28N2O3S
F6174-1590,C26H25N5O2
F5559-0140,C22H27ClN6O2
F6250-0550,C23H28FN3O5
F2982-0445,C20H20ClN3O3S2
F3411-6715,C21H23FN6O3S
F3222-1763,C22H18ClN3O3S2
F2061-0097,C25H30N4O4S
