# All user editable compound information in the PCDL Manager compounds tab can be imported
# A minimum of formula or mass plus one identifier must be populated for compound import (recommended is formula and at least one other identifier, see examples)
# Multiple synonyms can be entered into the Synonyms column when separated by ';' (e.g. L-Isoleucine; 2-Amino-3-methylvaleric acid)
# All compounds will be assumed to be of a neutral ion type, unless a 1 is entered in the Cation or Anion column
Name,Formula
F6608-0962,C12H13F2N3O
F3338-0130,C16H19NO2
F6745-8253,C11H14F3N3O
F6543-5023,C12H12FN3OS
F1744-0121,C15H12ClN3
F5964-0138,C15H16N2O3
F6471-5382,C13H14FN5O
F6514-7251,C13H18N4OS
F6808-6014,C17H19N3O
F6702-2203,C16H20N4O
F6677-6737,C13H15F2NO2S
F6489-0336,C14H15N3O2S
F0307-0618,C15H13N7
F3375-3043,C17H14N2O3
F6807-5370,C16H16N4O2
F6555-0869,C16H18N4O2
F6660-0211,C16H17FN4O
F6752-7897,C14H18N6O2
F6553-0488,C16H16ClNOS
F6514-6723,C17H17N5O
F2627-0016,C16H11FN4S
F6520-0990,C17H16N2O2S
F2020-0565,C16H14N2O3S
F1822-0560,C15H9FN2O3S
F6472-8868,C18H27N3O2
F6489-1737,C15H21N5O3
F6539-3301,C20H19NO3
F0149-0068,C19H17NO4
F0580-0715,C17H12FN3OS
F6753-0869,C14H22N4O3S
F2702-0079,C17H16N2OS2
F6512-1398,C17H19N3O4
F2829-0185,C17H17NO4S
F6761-7340,C20H20N4O
F6439-7654,C15H18N4O3S
F6444-2196,C18H25NO5
F6553-0683,C16H19NO3S2
F6279-0351,C17H17F3N2O2
F6560-8287,C18H18FN5O
F6443-7651,C20H24N2O3
F6510-4271,C15H13F3N2O2S
F6562-9654,C17H17N3O3S
F0653-0239,C17H20N4O2S
F6568-0356,C20H19N5O
F2004-0142,C16H11F2N3O2S
F5860-2332,C18H15F3N2O2
F6559-1158,C20H19N3O3
F3398-2846,C19H14ClN3O2
F6558-0335,C16H24N4O3S
F5857-1993,C19H18N2O3S
F5865-0260,C17H21N7O2
F5773-1370,C18H19N3O5
F6435-0739,C18H17NO5S
F5857-3480,C16H12ClF4NO2
F6818-1203,C19H22N8
F6660-4700,C18H19F3N4O
F5086-1218,C15H15ClN4OS2
F6439-3018,C19H21N5OS
F3386-2719,C17H20FNO5S
F6454-0410,C20H23FN4O2
F0582-0068,C23H20N2OS
F2135-1843,C19H13F3N2OS
F6609-0922,C19H25N3O3S
F1837-0092,C21H19N3O2S
F6783-6446,C20H22N6O2
F2863-0083,C21H20N2O3S
F6514-2240,C18H27N3O4S
F5882-6362,C21H19ClFN3O
F6036-0301,C16H12BrN5O2
F6312-0194,C19H22N4O3S
F6359-1589,C16H15ClF2N2O3S
F6441-7629,C19H23N3O4S
F6523-0790,C23H26N4O2
F5939-2446,C19H18F2N2O3S
F6713-0532,C19H22F3N5O
F6797-2741,C16H13F4N7O
F6178-6602,C23H28N2O4
F6464-0513,C19H27ClN2O3S
F3407-4729,C19H20N4O4S
F6796-7016,C19H23FN6OS
F3200-0037,C23H33ClN2O2
F6469-1400,C22H18FN3O2S
F3406-3842,C22H23N3O3S
F2282-0117,C16H17BrN2O4S
F6454-2911,C19H30N2O4S2
F2834-0188,C20H20FN3O4S
F5033-2701,C23H34ClN3O2
F5855-0687,C24H23FN2O4
F6529-0012,C21H23N5O3S
F2495-1921,C21H24N4O4S
F2496-2264,C24H21N3O5
F6278-0024,C23H22N4O5
F0526-1026,C27H23N3OS
F5317-0185,C24H25FN2O5
F2372-0127,C23H29N3O6
F6795-1236,C24H26N6OS
F2752-1517,C22H15BrFN3O2
F3192-0032,C22H26N2O5S2
F2378-0887,C21H18ClN3O4S2
F3411-1219,C25H18ClN5O4
