# All user editable compound information in the PCDL Manager compounds tab can be imported
# A minimum of formula or mass plus one identifier must be populated for compound import (recommended is formula and at least one other identifier, see examples)
# Multiple synonyms can be entered into the Synonyms column when separated by ';' (e.g. L-Isoleucine; 2-Amino-3-methylvaleric acid)
# All compounds will be assumed to be of a neutral ion type, unless a 1 is entered in the Cation or Anion column
Name,Formula
F6554-8545,C11H14N2OS2
F1913-4854,C12H13F3N2O
F6190-0079,C16H23NO2
F6512-0008,C13H19N3OS
F6257-2803,C14H15N5O
F6660-4341,C15H20N4O
F6549-2360,C15H21N3O2
F6663-1311,C10H11F2NO2S2
F5658-0056,C16H14N2O3
F6436-3138,C16H15NO2S
F1711-0319,C16H17NO4
F6721-6529,C15H16FN3O2
F3254-0079,C18H29NO2
F6089-9837,C15H22N2O2S
F6681-3648,C17H20N4O
F6789-5882,C17H22N4O
F6752-1231,C19H28N2O
F6716-8486,C14H14BrN3
F6374-1383,C15H19N3O2S
F6254-0206,C14H13ClN2O2S
F0696-4009,C13H18N4O3S
F6782-4104,C16H16N4O3
F6436-1554,C17H18N2O2S
F6514-2852,C14H15F3N2O3
F6438-2078,C14H14N4O5
F6805-3084,C14H17BrN4
F6814-2944,C16H21F2N5
F6676-9736,C17H17N5O2
F6514-3019,C15H14F3N3O2
F6676-2434,C18H22N4O2
F6240-6955,C16H16N4O2S
F6438-3602,C12H23N7O2S
F2889-0204,C18H21NO3S
F2545-0353,C13H16ClNO3S2
F6353-5582,C17H22N2O3S
F6473-3763,C14H13BrN2O3
F0696-1396,C18H15N3O4
F5897-0083,C18H18N4O3
F6472-7207,C18H21N5O2
F0550-0079,C14H10F3N3O2S
F0590-0073,C18H18N2O3S
F6573-3343,C15H16F3N3O3
F5097-1297,C22H20N2O2
F6143-0369,C16H23N7O2
F3385-0958,C21H14FNO3
F6472-8689,C18H21FN2O2S
F6246-1197,C19H19N5O2
F5860-0183,C17H19ClFN3O2
F6658-5635,C19H24N6O
F3406-8200,C18H18N4O4
F1907-0998,C18H13FN2O3S
F6514-1779,C19H23N3O4
F6609-3588,C20H22ClNO3
F6805-9055,C18H17ClFN3O2
F5529-0136,C15H13F4NO3S
F6057-0258,C15H24N8OS
F6571-5766,C20H18N2O3S
F6412-1390,C22H25NO4
F6559-3708,C17H18F3N3O3
F0646-8818,C17H13N3O3S2
F6161-0178,C22H20N4O2
F6514-4263,C16H18N6O3S
F6608-3906,C20H30FN5O
F6805-5601,C18H21ClFN5O
F6517-1240,C18H15ClFNO3S
F3407-4540,C19H20N6OS
F6681-8853,C15H16BrClN4O
F2084-0258,C19H21N5O2S
F6367-0203,C19H19N3O2S2
F6549-4905,C23H22N4O2
F6523-3619,C21H16N4O2S
F6231-0819,C20H19N7O2
F2496-0830,C19H15ClFNO5
F3385-4546,C22H20N2O5
F6806-4848,C21H27N7O
F5591-0146,C20H21N5O2S
F6418-0715,C18H14F3NO4S
F6818-0685,C18H22F4N6
F2213-0221,C20H24N4O5
F6549-2432,C22H34N4O3
F6209-0314,C19H20ClN3O3S
F3406-6682,C19H25N3O5S
F6245-5078,C22H27N5O3
F6475-6849,C20H20N4O4S
F6677-3742,C14H12Br2FN3O
F6731-1062,C20H24FN5O2S
F3398-5353,C22H20N4O3S
F3320-0696,C21H18BrN3O2
F3398-3458,C19H15BrN4O3
F6469-0576,C19H16BrN3O2S
F6495-2825,C23H25N7O2
F2570-0382,C20H18ClNO4S2
F3395-1279,C26H35N3O3
F6529-2204,C21H20BrN3O3
F5254-0088,C21H21ClN4O3S
F5583-0254,C20H21N3O5S2
F3330-0337,C23H24N4O4S
F3385-5986,C23H17BrN2O4
F3398-4235,C26H25FN4O2S
F3398-1370,C26H28N6O4
