# All user editable compound information in the PCDL Manager compounds tab can be imported
# A minimum of formula or mass plus one identifier must be populated for compound import (recommended is formula and at least one other identifier, see examples)
# Multiple synonyms can be entered into the Synonyms column when separated by ';' (e.g. L-Isoleucine; 2-Amino-3-methylvaleric acid)
# All compounds will be assumed to be of a neutral ion type, unless a 1 is entered in the Cation or Anion column
Name,Formula
F3318-0513,C12H14N2O2S
F6754-8761,C14H13N3S
F6808-8384,C11H12F3N3O
F6550-1812,C15H19FN2O
F2079-0015,C12H18N4OS
F6512-0783,C14H14N4O2
F6755-2256,C15H19N3S
F6562-8480,C15H20N2O3
F6473-7348,C14H21N3O3
F6471-2914,C13H14ClNO2S
F5959-0107,C17H23N3O
F6218-0183,C15H21N5O
F1358-0768,C14H14N2O3S
F6252-7236,C17H16N4O
F5857-9481,C14H17NO4S
F2491-0070,C16H15N3O3
F3406-3328,C16H17N3OS
F6549-6673,C14H15N5O3
F5831-1946,C17H21NO2S
F3179-0190,C14H14N2O4S
F5607-0665,C16H16N6O
F6724-0189,C17H22N6
F6789-4683,C18H24N4O
F6791-8300,C17H22N4O2
F6178-6654,C18H24N2O3
F6617-6763,C19H18N4O
F6199-0442,C15H20N4O2S
F5496-0569,C14H18N4O3S
F2879-7658,C15H11ClF2N2O2
F6556-6254,C15H23N3O3S
F6808-1012,C15H19Cl2N3O
F6755-4568,C17H20N4O3
F6760-1830,C14H14N6O2S
F5806-0168,C21H21N3O
F5791-1271,C16H19N3O3S
F2490-0007,C16H26N6O2
F2487-0355,C19H16N2O4
F5835-0258,C19H19N3O3
F6796-3748,C18H22N6O
F6482-4077,C14H17ClN4O2S
F6245-0319,C14H14F3N5O2
F5834-2232,C19H22N2O2S
F6448-1069,C18H21N3O4
F5857-1724,C14H16ClNO3S2
F6416-7536,C17H18N2O4S
F6014-0220,C17H21N3O3S
F6660-4175,C18H24N2O5
F6556-5647,C13H19ClN2O3S2
F6178-7799,C17H25N3O3S
F6445-6603,C20H19NO3S
F6279-0595,C21H26N2O3
F3225-0207,C18H20N4O2S
F2493-3165,C18H18N2O2S2
F6792-0711,C17H25N7S
F6411-1172,C17H23N5O2S
F6713-6264,C18H17N7S
F1673-5846,C17H19NO4S2
F2296-0053,C18H26N2O4S
F2743-1327,C20H17FN2O2S
F6441-3408,C19H28FNO3S
F6525-8049,C17H20F3N3OS
F6515-0936,C18H16ClN3O2S
F5033-0896,C20H26N2O3S
F6723-7418,C17H15F3N6O
F5033-2643,C20H31N3O2S
F6680-3081,C18H16F3N3O3
F6439-7263,C20H24N6O2
F6184-0918,C19H21F3N2OS
F6523-0880,C21H29N5O2
F1765-0426,C20H23N3O3S
F6476-6135,C19H18ClN3O2S
F6495-3940,C22H20N4O3
F6181-0355,C18H15FN2O3S2
F3398-3975,C20H17N5O4
F6259-0971,C21H24N6O2
F3406-7472,C20H18N4O5
F6681-9217,C21H25N5O3
F0696-2676,C21H20FN3O4
F0696-3025,C20H18ClN3O4
F2880-1728,C17H18F3N3O3S
F3385-3712,C24H21NO5
F6787-1069,C19H27N5O3S
F2050-0506,C19H21ClN2O4S
F2239-0194,C21H22N4O3S
F3386-3912,C17H20BrNO4S
F6594-1377,C21H20F3N5O
F3411-7792,C21H17F3N2O4
F0433-0589,C17H16BrN3O3S
F6564-9533,C22H25N5O2S
F5233-0114,C21H26N6O2S
F6523-2102,C24H23N5O3
F6456-1023,C23H24N6OS
F6795-1298,C22H25N7OS
F6670-5511,C23H26N4O5
F3301-0019,C17H12Cl2N2O4S2
F6523-2282,C20H17BrFN3O3
F6523-3407,C18H16ClF3N2O4S
F5120-0004,C23H22ClN3O3S
F0617-0223,C24H22FN3O2S2
F0305-0006,C25H25N3O5S
