# All user editable compound information in the PCDL Manager compounds tab can be imported
# A minimum of formula or mass plus one identifier must be populated for compound import (recommended is formula and at least one other identifier, see examples)
# Multiple synonyms can be entered into the Synonyms column when separated by ';' (e.g. L-Isoleucine; 2-Amino-3-methylvaleric acid)
# All compounds will be assumed to be of a neutral ion type, unless a 1 is entered in the Cation or Anion column
Name,Formula
F1757-0438,C16H16N2O
F6512-0700,C13H11N3OS
F6752-5237,C14H20N4O
F6793-6924,C10H15F3N4O
F6545-0083,C16H16N2O2
F1550-0047,C13H9BrN2
F6510-4281,C13H13N3O2S
F3358-0360,C13H8ClFN2S
F6752-4042,C13H16ClN3O2
F9995-0292,C17H16O4
F6473-2073,C16H22N4O
F6725-0301,C16H24N4O
F6190-1086,C15H17NO3S
F6089-6502,C16H23NO4
F5831-7631,C17H16N2OS
F6516-0716,C16H14N2O4
F5882-6445,C15H13FN4O2
F6660-0766,C15H15FN4O2
F0297-0003,C17H24N2OS
F5496-1019,C14H17N3O3S
F6448-1541,C15H23N3O2S
F2392-0570,C15H25N3O2S
F6445-3117,C16H19N5O2
F5857-1040,C17H21N3O3
F6203-1042,C18H23NO2S
F2724-1077,C19H17N3O2
F6435-9429,C13H23NO4S2
F6204-0838,C16H15F2NO2S
F6619-7304,C16H20N8
F5493-0506,C17H18N4OS
F6438-3616,C16H21N7O
F6571-3277,C15H20FNO4S
F6709-0386,C18H26N4O2
F6381-4196,C18H21FN2OS
F6245-5830,C12H13F3N4O2S
F6773-4135,C18H17N5O2
F6192-1064,C15H12ClNO2S2
F6799-8765,C12H17F3N4O2S
F6443-5172,C18H17N3O4
F2227-0071,C18H20N4O3
F1916-3101,C18H23N5O2
F6522-0121,C18H17NO2S2
F6658-4664,C15H16N6O2S
F5526-0102,C22H19NO3
F1142-4493,C21H22N4O
F6436-1239,C17H14F2N2O2S
F3301-0177,C18H15N5O3
F6814-6750,C19H22N6O
F6471-5186,C19H17FN4O2
F6245-5908,C11H10ClF3N4O2S
F2205-0136,C20H21NO5
F6773-3012,C18H19N3OS2
F6451-2595,C21H30N2O3
F5832-0369,C20H22F2N2O2
F5831-6760,C19H23FN2O2S
F6748-6676,C17H21ClN4OS
F6549-4900,C20H23N5O2
F6796-3710,C17H17N7OS
F2812-1647,C17H17Cl2NO2S
F6503-4082,C19H22N4O2S
F3089-0017,C23H16O5
F6812-0838,C22H23N5O
F6680-2863,C18H16F3N5O
F0686-0166,C18H14F3N3OS
F6549-6927,C22H22N2O4
F5854-1789,C19H16N4OS2
F6169-0551,C19H19N5O4
F6524-5802,C16H13ClF3N5O
F6783-0348,C19H24N6OS
F6556-3208,C18H24Cl2N2O3
F6252-1628,C21H21N7O
F6554-0506,C16H18F3N3O3S
F6443-6351,C22H22N4O3
F6359-0740,C15H15F3N2O3S2
F2024-2038,C19H24ClN3O4
F3040-3038,C19H14ClN5OS
F2495-1134,C21H24N4O2S
F1512-0033,C21H22N2O2S2
F6764-3526,C18H17BrN4O2
F5688-0531,C18H19ClN6O3
F2820-0733,C19H24N4O4S
F6605-3267,C22H26N6O2
F6480-4762,C19H21Cl2N3O3
F5610-0030,C25H21N3O3
F6523-0703,C20H23BrN4O
F6464-1124,C24H36N2O4
F6570-2966,C22H21N5O2S
F6513-1511,C19H23ClN4O3S
F6481-1106,C19H20ClNO4S2
F6510-2325,C17H18ClFN4O4S
F6520-5493,C17H16F3N3O3S2
F6359-0756,C18H18F4N2O4S
F6374-3596,C20H24ClN3O2S2
F6559-0287,C18H19F3N6O2S
F6523-0314,C18H20F3N5O3S
F5461-1963,C24H22N4OS2
F5017-3761,C22H28FN3O4S
F3406-4704,C25H24N4O3S
F2730-0640,C22H23N3O5S2
F6548-2641,C23H21ClFN5O2S
