# All user editable compound information in the PCDL Manager compounds tab can be imported
# A minimum of formula or mass plus one identifier must be populated for compound import (recommended is formula and at least one other identifier, see examples)
# Multiple synonyms can be entered into the Synonyms column when separated by ';' (e.g. L-Isoleucine; 2-Amino-3-methylvaleric acid)
# All compounds will be assumed to be of a neutral ion type, unless a 1 is entered in the Cation or Anion column
Name,Formula
F1386-0150,C11H10ClN3S
F6608-0924,C15H17N3O
F6436-0356,C14H17N3O2
F6724-2095,C13H14ClN3O
F0851-0582,C12H13NO2S2
F1913-1916,C17H22N2O
F6745-4838,C16H23N3O
F6184-0029,C14H15NOS2
F2833-0191,C16H12N2O3
F6502-1186,C14H13N5O2
F3020-0397,C16H15ClN2O
F6725-1701,C12H12N6OS
F5852-0223,C14H15FN4O2
F0276-0008,C13H12BrNO2
F2491-0032,C17H17N3O2
F3095-4476,C18H19NO3
F6752-3468,C13H21N3O3S
F1193-0036,C15H24ClNO3
F3275-0037,C18H25NO3
F6438-1401,C14H18N4O2S
F5246-0054,C13H12ClN3O2S
F6239-0158,C15H13N5OS
F6517-4655,C17H15NO3S
F6169-0029,C14H13N5O2S
F6724-1233,C15H15N3OS2
F3395-1939,C17H26N4O2
F3007-0002,C19H20N4O
F6604-6985,C18H18N4O2
F2774-2530,C19H17ClN2O
F6496-1374,C19H23N3O2
F6606-5127,C16H17N5OS
F6240-4759,C18H24N4O2
F6480-2672,C16H18N4O2S
F6516-0494,C16H13ClN2O2S
F5526-0125,C18H20FNO4
F6200-4054,C17H15ClFNO3
F6396-1692,C20H20N2OS
F6556-3517,C17H24ClN3O2
F5267-0421,C16H15ClFNO2S
F5668-5492,C17H16N4O2S
F6416-8576,C17H18F3NO3
F6521-8304,C19H22N2O4
F6683-1885,C19H25N3OS
F6064-2488,C16H13ClFN5O
F6709-2427,C17H19ClN4O2
F5354-1648,C15H20F3N3O3
F6192-0146,C15H12BrNO4
F2506-1231,C19H15FN4S
F6244-3471,C21H25N3O2
F6237-0343,C21H15N5O
F6374-1445,C15H18ClN3OS2
F1345-0207,C20H24N2O2S
F0686-0122,C22H18N2OS
F0708-0508,C18H17ClN2O2S
F2004-0161,C15H11BrN2S2
F5839-0198,C21H21N3O3
F6808-9695,C17H24BrN3O
F6482-2400,C22H26N2O3
F0528-0463,C19H20N4O2S
F6520-0099,C18H14N2O3S2
F6495-2503,C18H21N5O4
F1299-0404,C19H20ClN3OS
F6245-5305,C20H30N4O3
F6727-5123,C18H24N4O3S
F6250-0197,C18H19ClN2O3S
F5655-0335,C20H21N5OS
F5323-0267,C19H16BrN3O
F6200-3862,C21H22N2O5
F6539-3514,C20H17ClN2O4
F6250-0528,C21H24FN3O3
F6668-2770,C20H19ClFN3O2
F6175-0770,C20H20N8O
F6286-0606,C15H17F3N4O3S
F6525-7264,C20H20F3N3O2
F6476-6334,C17H16ClN3O4S
F6671-3313,C18H23FN4O3S
F6678-9850,C19H17BrN4O
F1441-0022,C18H27N3O5S
F6349-1040,C20H21N3O4S
F3083-0155,C17H27N3O4S2
F6658-3397,C21H21N7O2
F6681-8632,C17H19BrN4O3
F6279-0343,C22H21FN4OS
F6726-5464,C21H23FN6O2
F1490-0208,C24H19N3O2S
F6559-2371,C16H16BrF3N4O
F6658-4704,C23H22N4O4
F6480-4804,C23H20ClN3O3
F6515-0160,C20H16ClF3N2OS
F3394-0610,C21H21N3O3S2
F1883-0585,C21H13F3N2O5
F2135-1694,C20H14F3N3O3S
F2135-1819,C21H19F3N2O3S
F6441-6548,C21H23ClFNO4S
F2018-6717,C22H23ClN4O2S
F2679-0082,C25H23N3O3S
F6798-4800,C20H22F2N6O2S
F3406-3364,C25H24N6O3
F2686-0035,C25H32N4O3S
F2279-0213,C20H24BrN3O4S
