# All user editable compound information in the PCDL Manager compounds tab can be imported
# A minimum of formula or mass plus one identifier must be populated for compound import (recommended is formula and at least one other identifier, see examples)
# Multiple synonyms can be entered into the Synonyms column when separated by ';' (e.g. L-Isoleucine; 2-Amino-3-methylvaleric acid)
# All compounds will be assumed to be of a neutral ion type, unless a 1 is entered in the Cation or Anion column
Name,Formula
F6438-6365,C12H19N3OS
F6796-1146,C14H19N5
F6502-1110,C12H15N5O2
F6210-0833,C12H15N3O2S
F6435-5417,C13H16FNO2S
F6730-5000,C14H16N4O2
F6381-6565,C14H17N3O3
F1501-0120,C18H18N2O
F1019-0087,C19H25N2+
F3394-0138,C12H9ClFNO2S
F6663-8009,C14H14ClN5
F6724-2426,C13H15N5OS
F2879-6743,C15H18FN3O2
F5652-1787,C16H14N4O2
F6752-4280,C15H18F2N2O2
F6550-6039,C16H18N4O2
F6752-7911,C16H20N4O2
F6673-4931,C15H19FN6
F6609-4074,C15H15NO6
F6451-1638,C17H25NO2S
F1177-0082,C16H14N4OS
F6514-6445,C16H16N4OS
F6215-0278,C14H13F3N2O3
F6609-4507,C16H16N2OS2
F6415-1129,C15H14N2O2S2
F6594-3608,C17H25N3O3
F3167-0329,C19H19N3O2
F5791-1973,C18H17N3O3
F6036-1785,C17H15N3O2S
F6525-5632,C16H18N6O2
F2899-1248,C17H16N2O3S
F6681-9615,C16H19N5O3
F6477-5324,C16H17N3O3S
F6724-3407,C16H24N6S
F0662-0155,C16H19ClN4O2
F6791-8268,C19H21N5O
F6574-0798,C15H16FN3O3S
F6573-4179,C16H19FN2O5
F0624-0090,C19H21N3O3
F6492-0074,C19H24N4O2
F5656-0010,C18H15FN2O2S
F6556-7550,C19H18FNO2S
F6791-5033,C14H24N4O2S2
F6594-3133,C16H22F3N3O2
F6675-8765,C16H15Cl2N5
F5122-0206,C15H14F2N6O2
F5882-5585,C20H19N3O3
F3394-0222,C17H18FNO4S
F6439-7248,C18H20N6O2
F6562-0315,C18H18N4O2S
F6792-3983,C18H22FN7
F6438-2321,C17H19N5O4
F0755-0170,C14H21N3O4S2
F6037-0843,C17H16ClN3O2S
F3354-0184,C21H31FN2O2
F6199-0471,C17H24N4O3S
F2135-1601,C17H13F3N2O2S
F6424-0891,C20H21N3O4
F6064-5353,C19H19N3O3S
F6359-3891,C20H26N4O3
F5822-0714,C19H18F2N4O2
F5584-0189,C17H18N4O2S2
F1757-0338,C23H22FN3O
F6252-5800,C20H19N5OS
F6057-0115,C22H26N4O2
F6482-6409,C22H21ClN2O2
F5033-2648,C19H28FN3O2S
F6374-1406,C20H21N3O3S
F5832-0056,C17H20ClNO3S2
F5016-1361,C20H23ClN4O2
F5860-4713,C16H15F3N2O4S
F6523-0288,C19H18F3N5O
F2879-3987,C25H30N2O2
F6512-6343,C17H20N4O5S
F5882-0185,C20H28ClN3O3
F6286-0499,C19H20F3N3OS
F0672-0503,C24H32N2O3
F6245-0346,C18H21F3N4O3
F6548-4614,C20H21FN4O2S
F6442-6839,C22H27FN2O2S
F6403-1563,C16H16BrN5OS
F2302-0584,C22H21N3O3S
F6430-0818,C18H19N9O3
F1299-0200,C18H21ClN2O3S2
F6811-1697,C23H22N6O2
F6476-4415,C21H18F3N3O3
F5033-3178,C19H21BrN2O4
F6523-4602,C22H26N6OS
F6178-8136,C25H23N5O2
F6674-6601,C21H25ClN6O2
F6712-3770,C20H25N5O4S
F3316-0340,C25H26N2O5
F2725-0058,C24H27N3O3S
F6252-1018,C25H24N6O2
F6513-5314,C26H29N5O2
F3314-0208,C27H30N2O4
F0659-0477,C23H22FN5O2S
F2634-0162,C20H22BrN3OS2
F3398-4095,C25H25N5O3S
F2902-0453,C24H25N9O3
