# All user editable compound information in the PCDL Manager compounds tab can be imported
# A minimum of formula or mass plus one identifier must be populated for compound import (recommended is formula and at least one other identifier, see examples)
# Multiple synonyms can be entered into the Synonyms column when separated by ';' (e.g. L-Isoleucine; 2-Amino-3-methylvaleric acid)
# All compounds will be assumed to be of a neutral ion type, unless a 1 is entered in the Cation or Anion column
Name,Formula
F6662-9405,C12H17N3OS
F1967-6756,C15H12O4
F0176-0059,C13H12N2O2S
F2167-1220,C15H21NO3
F2679-0098,C17H17NO2
F6755-7679,C13H13N5S
F5002-0616,C14H14N2O4
F6482-4001,C12H15N5OS
F6540-9930,C14H20N2O2S
F6796-1551,C15H17N5O
F6525-6848,C13H14N6O2
F6253-6736,C15H16N2O4
F5257-1021,C14H18N4O3
F6451-1083,C15H16FNO2S
F6489-1430,C14H21N3O4
F0521-0245,C16H19N5O
F6678-8701,C17H21N3O2
F6680-8910,C17H23N3O2
F6445-7341,C15H16N2O3S
F6713-6633,C17H18N6
F6514-8864,C17H15N3OS
F6660-2909,C18H17NO4
F6561-6730,C15H15N5OS
F6485-1663,C13H18FN3O3S
F6517-3294,C17H19NO3S
F6521-8864,C17H15ClFNO2
F2496-0957,C15H9F2NO3S
F1021-0320,C20H22N2O2
F6125-2823,C14H20N4O3S
F0919-2211,C17H14N2O3S
F6524-2577,C16H17N5O3
F6709-4339,C13H10F3N3O2S
F6610-2881,C18H22N2O2S
F6550-7053,C15H16N4O3S
F6496-1427,C19H19N5O
F6471-3881,C15H17N3O4S
F6559-3518,C14H20N6O4
F6454-2118,C21H27N3O
F6806-6270,C15H22BrN3O
F6125-3274,C14H20N4O4S
F2795-0188,C18H19N3O4
F6658-4691,C17H22N6O2
F5833-1181,C21H33N3O
F6420-0802,C15H23NO4S2
F6549-6946,C18H22N2O3S
F6802-8970,C18H25N3O2S
F6809-6764,C17H14ClF2N3O
F6439-5575,C18H15FN6O
F2493-0365,C19H13ClN2O3
F6796-9069,C19H17F2N5
F5671-0113,C18H17N3O3S
F6244-3343,C24H24N2O
F6550-5007,C21H18N4O2
F0616-0053,C19H18F2N2OS
F6734-1265,C15H19BrN6
F6403-1378,C22H25N3O2
F6556-1926,C20H19N3O4
F3227-1695,C20H11ClFNO3
F6479-4050,C19H20N4O4
F6414-2501,C17H17F3N2O2S
F6257-4664,C19H25N5O3
F6734-0777,C18H20ClN5O2
F6517-0728,C19H18ClNO3S
F1800-0142,C20H28N2O3S
F6560-8413,C20H18N4O2S
F6560-8174,C20H21N5O3
F3394-0262,C21H19NO4S
F6523-0238,C17H21F3N6O
F6469-3509,C17H17ClN8O
F6764-0740,C17H12BrFN4O
F6475-0069,C20H22ClN3O3
F0528-1441,C21H32N4OS
F5033-6991,C17H21F3N2O3S
F6562-0673,C23H25N3OS
F6488-2201,C17H19N3O6S
F6556-5262,C20H30N2O2S2
F6374-0193,C19H19F3N2O2S
F6473-4358,C22H27N3O4
F2580-1426,C24H21N3O3
F6252-1520,C23H23N5O2
F6506-4963,C19H21BrN2O3
F2877-0047,C21H18N4O5
F5095-0846,C23H25ClN4O
F6660-0871,C20H14ClN3O3S
F6709-0223,C20H23N5O3S
F2006-0592,C20H21FN4OS2
F3314-0197,C26H30N2O3
F6404-4923,C23H23N3O5
F6442-7216,C20H25FN2O3S2
F2359-0532,C20H22ClN7O2
F3407-0726,C24H22N4O2S
F6089-9504,C24H23N3O3S
F6678-9115,C23H24N4O3S
F6764-1761,C22H25N5O3S
F6480-3447,C22H26N4O4S
F0843-0022,C26H24FN3O3
F3226-0973,C26H28N2O5
F0590-0169,C20H18ClF3N2O3S
F5729-0604,C24H21F3N4OS
F3382-1750,C24H23ClN4O3S
