# All user editable compound information in the PCDL Manager compounds tab can be imported
# A minimum of formula or mass plus one identifier must be populated for compound import (recommended is formula and at least one other identifier, see examples)
# Multiple synonyms can be entered into the Synonyms column when separated by ';' (e.g. L-Isoleucine; 2-Amino-3-methylvaleric acid)
# All compounds will be assumed to be of a neutral ion type, unless a 1 is entered in the Cation or Anion column
Name,Formula
F1900-9656,C16H19N3
F6516-0531,C13H10N2O4
F6789-0544,C14H19N3O2
F5964-0129,C14H19NO2S
F6252-0351,C15H15N3O2
F6471-2872,C16H20N2O2
F6559-1641,C15H18FN3O
F6609-8274,C14H22N4O2
F3379-0331,C10H14N6S2
F3173-0045,C13H10F3NO3
F6541-5900,C15H17N3OS
F0777-1879,C16H19NO2S
F6523-0967,C15H21N3O3
F6549-3191,C15H14N6O
F2616-0836,C18H20N2O2
F1903-9725,C18H22N2O2
F8890-7773,C15H20N6O
F2539-0242,C18H26N2O2
F6508-0635,C16H19NO3S
F6808-2794,C18H21N5
F2758-0239,C16H14N4O3
F5001-1734,C17H16N2O4
F6571-2156,C14H19ClN2O4
F2455-0090,C15H16N4O2S
F6510-4403,C16H15FN2O2S
F6671-3924,C13H13BrN4O
F6482-6123,C18H19N5O
F2202-1423,C15H21N3O3S
F5286-0038,C18H15NO5
F6414-1460,C19H22N2O3
F6471-1024,C14H20N2O3S2
F6752-3941,C15H21F2N3O3
F3082-0024,C20H14FN3O
F6089-9717,C18H28N4O2
F6560-7695,C20H18N2O3
F6178-7392,C18H26FN3O2
F6730-4471,C17H15N5OS
F6549-3272,C16H17F3N4O
F6556-1235,C16H25N3O3S
F6445-1580,C12H12BrN3O2S
F6561-1142,C11H17F3N4O3S
F2513-0269,C16H17N5O2S
F6656-3192,C18H21ClN4O
F6471-5880,C17H23N5O3
F6574-0089,C19H13N3O4
F6436-0172,C16H20N4O3S
F6727-8194,C19H19N5O2
F6485-1615,C16H18FN3O3S
F6597-0869,C18H28N2O3S
F6525-5686,C19H19ClN4O
F0537-0540,C15H8ClF3N2OS
F6559-1580,C18H25F2NO2S
F6225-1001,C18H21N3OS2
F1374-1009,C20H15N3O2S
F6521-7869,C17H14ClNO4S
F6752-0232,C16H24N6O2S
F2879-4947,C17H13F3N2O4
F6488-2343,C19H21N5O3
F6480-1198,C20H20ClN3O2
F1406-0097,C16H15Cl2NO3S
F6520-0928,C20H24N2O3S
F6466-0295,C17H18N4O4S
F6514-8701,C23H25N3O2
F2300-0455,C21H19N3O4
F3386-4578,C15H14BrN3O2S
F3385-1155,C21H20N2O5
F6523-4468,C21H27N5O2
F6473-8091,C21H21NO6
F6476-6194,C17H15ClF3N3O2
F6188-0999,C21H26N2O3S
F6502-2905,C18H21BrN4O
F5949-0263,C18H23N5O3S
F2073-0434,C18H15Cl2N3O3
F5599-0478,C21H20N4O2S
F0294-0008,C23H27N3O3
F6822-3658,C18H22FN3O4S
F6445-7036,C18H14F3NO2S2
F6497-8086,C17H21F3N6O2
F6675-6176,C20H24N4O3S
F2442-0307,C24H26N4O2
F2609-2191,C19H17F2N3OS2
F6514-4464,C21H21N5O2S
F6438-3351,C17H27N7O3S
F6372-1615,C23H16N4O2S
F6178-4709,C25H26N4O2
F6469-2558,C19H18F3N7O
F3374-0233,C23H20N2O4S
F6656-2740,C24H30N4O3
F3409-0028,C27H27N3O2
F6448-2340,C22H28N4O5
F2017-0486,C22H29N3O4S
F6727-4009,C20H25F3N8
F2094-1354,C23H27N5O4
F6262-2727,C20H16BrN3O4
F0770-0003,C21H21BrN2O4
F3411-7313,C20H15ClFN3O4S
F3394-0898,C21H16F4N2O3S
F2701-0573,C25H25N3O4S
F2728-0538,C21H24N4O3S3
F2927-0218,C26H24N4O4S
