# All user editable compound information in the PCDL Manager compounds tab can be imported
# A minimum of formula or mass plus one identifier must be populated for compound import (recommended is formula and at least one other identifier, see examples)
# Multiple synonyms can be entered into the Synonyms column when separated by ';' (e.g. L-Isoleucine; 2-Amino-3-methylvaleric acid)
# All compounds will be assumed to be of a neutral ion type, unless a 1 is entered in the Cation or Anion column
Name,Formula
F6471-1867,C14H24N2O2
F6808-9942,C10H10F3N5
F3004-0171,C13H12ClN3O
F6476-5460,C14H20N2O3
F6752-7486,C12H20N4OS
F3371-0878,C15H13ClN2O
F5871-1948,C13H13N3O4
F6465-0244,C13H14N2O3S
F6559-1121,C16H15N3O2
F5128-0582,C15H16N4O2
F5105-0024,C11H10ClNO2S2
F1479-0021,C15H12ClNO3
F6544-1336,C12H16F3N3S
F3254-0066,C18H31NO2
F0853-0390,C17H16N2O3
F6512-0219,C15H14N4O3
F6559-5248,C14H15F3N2O2
F5857-6437,C14H17F3N2O2
F6753-2621,C16H24N4O2
F2879-0862,C15H18ClN3O2
F6676-2758,C16H19N7
F6672-1815,C20H25NO2
F6672-1667,C18H23N3O2
F6677-1382,C16H21N5O2
F6573-2876,C17H20FN3O2
F6789-5266,C16H21N3O2S
F6481-3690,C15H19N3O3S
F5493-0074,C15H15F2N3OS
F6673-4867,C18H24N6
F3374-0631,C18H18N2O4
F6089-9851,C16H29N3O2S
F6564-2588,C17H19N3O2S
F6520-0574,C17H14ClNO2S
F6258-2961,C16H20N4O4
F5791-1329,C18H14N4OS
F6246-0158,C14H20F3N3O3
F3316-0301,C14H16BrN3O2
F5893-0209,C19H18N2O2S
F6619-8014,C15H16F3N5O
F6125-3776,C18H20N4O3
F6658-5700,C20H27N3O2
F2744-1386,C17H14FN3O2S
F5033-3579,C18H20N2O3S
F2973-0033,C21H19N3O2
F5822-0970,C18H26N4O3
F2360-0251,C20H16N2O2S
F5871-3258,C17H17F2N3O3
F6110-2287,C18H30N4OS
F6617-3205,C20H20N2O4
F0630-1374,C16H13F3N2O2S
F6617-3462,C18H21N5OS
F6516-0824,C19H19NO4S
F6516-4286,C16H14BrN3O2
F1241-0028,C23H24N2O2
F3316-0354,C22H22N2O3
F6571-5826,C21H20N2O2S
F6619-4235,C19H23N7O
F6438-0330,C15H21N5O4S
F6521-7884,C17H20ClNO2S2
F6658-3279,C18H22N6OS
F1105-0048,C22H16N2O4
F6619-7382,C18H27N7O2
F6656-1038,C19H22ClN3O3
F5788-1256,C18H17ClFN3O3
F6286-1078,C19H21F3N4O
F6524-5754,C17H15F3N4OS
F6795-3578,C16H18F3N7O
F6451-2937,C18H22ClNO4S
F6472-8686,C22H25FN2O3
F0125-1807,C23H18N2O4
F2255-0003,C24H25N3O2
F6219-0079,C17H19N5O4S
F6111-1307,C21H27ClN2O3
F5522-0094,C17H17ClN4O3S
F6178-7849,C19H27N3O2S2
F6479-5912,C18H19Cl2N3O3
F2704-0399,C20H21FN6O2
F6523-1930,C20H22N4OS2
F6472-7606,C20H21BrN2O2
F6250-0068,C21H23ClN2O4
F5628-0028,C19H25ClN6O2
F6441-4738,C14H18BrNO4S2
F6473-4331,C21H19N3O4S
F6788-9506,C21H25N5O2S
F3398-2759,C21H17F3N4O2
F6435-8594,C20H16ClNO5S
F6514-3845,C19H25N5O4S
F3411-6845,C21H19FN6OS
F5854-3046,C22H20ClN3O2S
F2768-0453,C21H20N2O6S
F6751-5705,C20H21N3O4S2
F5644-0031,C23H19ClN4O3
F3258-0043,C23H20FN3O3S
F3342-0344,C23H24N2O5S
F6481-2698,C23H26ClN3O2S
F2282-0110,C23H27ClN2O3S
F6363-0138,C22H27N9O2
F1492-0032,C25H20ClN3O4
F0920-5457,C25H31NO8
F2589-0231,C27H27N5O4
