# All user editable compound information in the PCDL Manager compounds tab can be imported
# A minimum of formula or mass plus one identifier must be populated for compound import (recommended is formula and at least one other identifier, see examples)
# Multiple synonyms can be entered into the Synonyms column when separated by ';' (e.g. L-Isoleucine; 2-Amino-3-methylvaleric acid)
# All compounds will be assumed to be of a neutral ion type, unless a 1 is entered in the Cation or Anion column
Name,Formula
F5831-7496,C11H13N3O2S
F1016-0057,C14H25NOS
F6279-0653,C16H21NO2
F2135-0077,C11H13N5O3
F6539-3274,C16H13NO3
F6760-2115,C12H9N5OS
F1301-0251,C13H10N2O5
F5857-0390,C14H15NO3S
F5882-5132,C15H12N4O2
F6571-2211,C14H21NO3S
F6442-1589,C12H18N2O4S
F1142-1755,C15H16N2O2S
F6549-5082,C14H18N4OS
F6476-5759,C13H12ClN3O3
F3395-1839,C16H22ClNO2
F3305-0567,C17H19N3O2
F6525-0552,C15H17N5O2
F6549-4866,C15H19N5O2
F2135-1762,C15H10ClFN2S
F1656-0015,C19H18N2O2
F5668-4623,C14H13ClFN3O2
F2462-0109,C18H17NO2S
F6561-1585,C16H15N3O2S
F6548-0756,C17H14FNO4
F6522-1088,C15H15N3O3S
F3097-1442,C15H14BrNO2
F1916-8893,C17H24N2O4
F5620-0090,C15H22N4O2S
F6789-0505,C16H18F2N2OS
F6619-5969,C17H23N7
F5860-2670,C17H17N3O4
F6680-8771,C18H24N4O2
F6659-2688,C17H19ClN4O
F5854-2858,C16H16N2O2S2
F6089-2986,C20H19N3O2
F6556-7779,C14H16F3NO3S
F6808-9081,C14H20N6O2S
F1249-0173,C18H27NO3S
F5529-0198,C16H18ClNO3S
F6809-1114,C18H17ClN4O
F6571-2520,C16H23NO5S
F6497-0408,C18H22N4O3
F6440-3484,C19H25N3O3
F5539-0048,C17H16ClN3O3
F6725-1143,C20H18N4S
F6438-0146,C15H21N7OS
F6520-0062,C17H13F2NOS2
F3375-1063,C16H19ClN4O3
F6818-3055,C19H25N7
F6555-0161,C18H19N5OS
F6445-6688,C20H18ClNOS
F6786-5930,C19H21FN4O2
F6791-8881,C18H19FN4OS
F3374-0819,C18H14F2N2O4
F2784-0044,C18H16Cl2N2O2
F6605-3572,C18H20F3N5
F6446-1463,C17H23N3O2S2
F0657-0220,C21H26N4O2
F6481-1198,C21H21FN2OS
F2434-0847,C19H15ClN2O4
F6359-3837,C20H25N3O2S
F6178-8049,C18H17ClFN5O
F2004-0193,C17H14ClN3OS2
F2724-1613,C20H20N6O2
F5890-0498,C16H18N4O5S
F5883-0557,C21H21N3O4
F6296-1175,C17H14F3N3O2S
F6363-0710,C19H22N6OS
F3406-4845,C19H17ClN4O3
F2672-0153,C22H28ClN3O
F5062-0059,C17H18ClN7O2
F5033-1129,C21H28N2O3S
F6444-1632,C19H19FN2O4S
F6452-0192,C24H22FNO3
F2135-1856,C18H14F3N3O2S
F6151-0145,C20H22N6OS
F3382-3971,C20H14ClFN4O2
F6489-1953,C17H27N5O4S
F6489-2223,C19H21N5O3S
F6474-3195,C24H20FN3O2
F6656-4498,C23H25N5O2
F3329-0314,C20H15ClN6O2
F6529-0906,C18H19F3N6O2
F5788-1266,C23H27FN4O2
F6245-7593,C20H20FN5O2S
F1822-0142,C23H16N2O4S
F3398-3624,C24H23FN4O2
F3375-2799,C24H20FNO5
F6734-1323,C21H21BrN4O
F5591-0681,C21H19ClFN5O2
F0601-0063,C20H19FN4O4S
F3406-7121,C19H20ClN5O3S
F6403-1758,C21H20N6O3S
F6247-0776,C22H16F3N5O2
F6523-0262,C20H22ClF3N4O2
F6570-2571,C24H23N5O2S
F6497-7636,C23H21FN6O3
F5481-0397,C21H17ClFN5O2S
F0513-0534,C23H23N3O4S2
F3382-6884,C24H24ClN5O2S
