# All user editable compound information in the PCDL Manager compounds tab can be imported
# A minimum of formula or mass plus one identifier must be populated for compound import (recommended is formula and at least one other identifier, see examples)
# Multiple synonyms can be entered into the Synonyms column when separated by ';' (e.g. L-Isoleucine; 2-Amino-3-methylvaleric acid)
# All compounds will be assumed to be of a neutral ion type, unless a 1 is entered in the Cation or Anion column
Name,Formula
F6543-1220,C15H15N3O
F6541-4340,C15H19N3O
F1155-0427,C15H16FNO2
F6415-0028,C13H15NO3S
F6510-3650,C11H15N3O3S
F3316-0051,C14H16N4O2
F6573-6870,C14H17N3O3
F5285-0057,C15H14N6
F6512-2916,C14H23N3O3
F6550-3248,C18H24N2O
F5659-1417,C14H13N3O4
F6782-6904,C15H15NO5
F6559-1818,C13H17N5O3
F3183-0003,C14H18N2O3S
F6416-9408,C15H21ClN2O2
F6488-0852,C16H18N4O2
F6487-0856,C17H20N2O3
F6809-2382,C16H22N4S
F2501-0631,C14H15N3O3S
F6660-4477,C15H21N3O4
F5854-4899,C14H18N2O2S2
F3367-0098,C16H13FN4O2
F3321-0053,C15H14N4O2S
F2276-0383,C16H13ClN2O3
F0202-0029,C15H11ClN2O2S
F6713-5772,C19H21N5
F6785-1464,C15H15N9
F6725-1162,C17H17N5S
F6515-0571,C17H15N3O2S
F6472-8315,C19H22N2OS
F1280-0005,C16H13FN4OS
F6186-0180,C19H23NO2S
F6473-4357,C16H17N3O3S
F6438-3560,C14H20N8O2
F0869-0022,C17H19FN2O2S
F6525-0161,C19H21N5O
F0630-1746,C18H15N3O2S
F3385-0493,C19H18N2O4
F6747-5736,C18H21N5S
F6503-2475,C19H24N4O2
F6573-4184,C15H16ClFN2O4
F6573-7905,C17H17N3O3S
F6403-1719,C17H20N4O2S
F6438-3191,C17H20FN5O2
F6506-2180,C17H17NO3S2
F2574-0195,C17H20N2O4S
F6559-1085,C20H19N3O3
F3296-0310,C18H14ClN5O
F6436-0550,C18H28N2OS2
F6482-6467,C20H19ClN2O2
F2783-0999,C20H25N3O3
F6089-6959,C20H23NO3S
F6793-6899,C15H16F3N3O2S
F6517-0607,C18H16ClNO3S
F6676-2718,C22H26N4O
F6709-5281,C20H20N4O3
F6609-1876,C16H19BrN2O3
F3385-1481,C20H21N3O4
F5496-0203,C19H19N3O3S
F6521-4016,C21H26N2O4
F6178-7705,C17H25FN2O2S2
F6556-9059,C18H18N2O3S2
F3406-9627,C21H21N5O2
F6571-3406,C17H22F3NO3S
F6442-6214,C20H30N2O3S
F6524-5861,C16H15F3N6O2
F6560-6178,C20H23N5O3
F2265-0115,C23H17N3O3
F6276-0218,C18H12FN3O2S2
F6792-4171,C16H18F4N6O
F2580-1258,C19H14ClFN2O4
F6488-0249,C19H23N3O4S
F6523-0648,C22H26N6O
F8890-6279,C18H15F3N4O3
F6439-8400,C21H23N5O3
F6782-0608,C20H15F2N5O2
F6438-1949,C21H28N6O2
F6042-1166,C19H22N6O2S
F0777-2510,C21H21FN2O3S
F1525-1540,C23H22N4O3
F0656-0935,C17H10Cl3N5O
F1673-4970,C20H25NO4S2
F2323-2460,C21H20FN5O3
F6181-0481,C18H15F3N2O2S2
F5057-0100,C21H26N4O3S
F2564-0146,C22H19N5O2S
F6557-1936,C19H17ClN2O3S2
F6400-1403,C22H31ClN2O2S
F2213-0513,C26H23N3O3
F6247-1908,C20H21FN6O4
F6656-4265,C21H20F3N5O2
F6559-3613,C21H24F2N4O4
F6111-0751,C22H28FNO5S
F5788-4066,C23H25FN4O4
F5821-0115,C26H26FN5O
F6512-7531,C22H30N4O4S
F3328-0027,C23H21N3O3S2
F2051-0375,C23H30N2O6S
F2334-0393,C22H20F3N5O4
F0554-0035,C27H25N3O4S
