# All user editable compound information in the PCDL Manager compounds tab can be imported
# A minimum of formula or mass plus one identifier must be populated for compound import (recommended is formula and at least one other identifier, see examples)
# Multiple synonyms can be entered into the Synonyms column when separated by ';' (e.g. L-Isoleucine; 2-Amino-3-methylvaleric acid)
# All compounds will be assumed to be of a neutral ion type, unless a 1 is entered in the Cation or Anion column
Name,Formula
F1102-0015,C11H15N3S2
F5868-0192,C14H15N3O2
F6724-1575,C13H15N3OS
F5835-0433,C10H10F3NO2S
F5086-0407,C11H9Cl2N3O
F5860-3952,C10H16N4O3S
F6513-5765,C14H17N3OS
F2348-0237,C17H14N2O2
F6619-7145,C14H15N7
F6438-0599,C14H16N6O
F1913-8608,C13H10FN5S
F1913-7934,C14H12FN3O3
F6702-2120,C13H17N5OS
F6667-6203,C13H15ClN4S
F3083-0254,C14H20N2O3S
F6411-2609,C16H15FN4O
F5263-0652,C17H17FN2O2
F6807-6916,C15H18N4O3
F1641-0028,C15H12ClNO2S
F5791-0267,C18H17N3O2
F6125-1334,C13H15BrN2O2
F6451-0774,C13H16N2O3S2
F6404-4459,C11H8BrFN2O3
F6244-2694,C18H25N3O2
F2740-0735,C17H23N3O3
F2519-0153,C16H21N3O4
F6683-1388,C16H20ClN3O2
F6524-5507,C16H13N5O3
F6549-6644,C13H13Cl2N5O
F6562-1897,C17H18N4O3
F6735-2081,C15H13BrN4
F6752-5321,C18H20ClN3O
F6522-1246,C17H14FNO3S
F6752-4525,C18H24N2O2S
F6360-9653,C16H18N2O4S
F2529-0040,C20H21N3O2
F6359-1092,C15H16ClN3O2S
F6549-1226,C18H18N4OS
F6312-0222,C19H21N3OS
F6514-4642,C17H20N6O2
F3244-0489,C16H11ClN4OS
F6401-0077,C18H17NO4S
F6560-7502,C20H16N4O2
F0594-0596,C18H23N3O2S
F2135-1202,C14H14BrN5O
F6359-0967,C18H18ClFN2O2
F6414-3263,C18H20FNO5
F6573-7807,C15H14FN3O2S2
F6808-1504,C17H19F3N4O
F6660-6377,C18H12F2N4O2
F2482-0097,C18H21N5O3
F6247-1810,C20H15N5O2
F6764-0746,C17H18BrN3O
F2515-0636,C15H12BrN3OS
F6497-5757,C21H22N4O2
F6476-0903,C19H19F3N2O2
F3395-0092,C23H31N3O
F6556-1935,C20H21N3O2S
F2493-3239,C19H13F2N3O3
F6792-0352,C17H22N8S
F3223-0102,C20H21ClN2O3
F6679-2722,C15H15BrN6O
F6559-3629,C18H19F2N5O2
F6525-2121,C17H14F3N5O2
F5645-0008,C21H22N4O3
F6805-9845,C17H21ClN4O2S
F6808-7760,C21H23N3O4
F6574-1645,C20H21N3OS2
F6178-4241,C21H28N4O3
F3225-8480,C22H18N4O3
F5366-0012,C18H28F3N5O
F6372-1638,C21H16FN5O2
F6612-0043,C21H22N6O2
F3375-0614,C22H17ClN2O3
F2879-6281,C22H23N3O4
F6454-0959,C16H18ClF4N3O2
F3411-1533,C26H24N2O2
F6559-2328,C18H21F3N4OS
F3225-6378,C23H16N2O5
F6609-9295,C20H23FN4O2S
F6820-4723,C20H23F3N6
F0684-0151,C21H17N3O2S2
F2814-1102,C23H23NO4S
F3395-0287,C21H28F3N3O2
F6279-0125,C21H23FN4O2S
F3374-0584,C20H17F2N3O3S
F5072-5057,C23H25N5O3
F6727-4016,C19H18F4N6O
F6442-0781,C23H23NO5S
F3385-5890,C25H20N2O5
F5106-0290,C24H21N3O3S
F3382-3444,C23H22N4O3S
F6521-4323,C23H23N3O4S
F6764-1687,C22H19F3N6O
F6480-3274,C22H26ClN5O3
F6438-3426,C23H22N6O4
F5527-0380,C24H23ClN4O3
F1264-4935,C25H27N5O4
F3407-0673,C26H23ClN4O3
F3395-0926,C22H26ClF3N4O3
