# All user editable compound information in the PCDL Manager compounds tab can be imported
# A minimum of formula or mass plus one identifier must be populated for compound import (recommended is formula and at least one other identifier, see examples)
# Multiple synonyms can be entered into the Synonyms column when separated by ';' (e.g. L-Isoleucine; 2-Amino-3-methylvaleric acid)
# All compounds will be assumed to be of a neutral ion type, unless a 1 is entered in the Cation or Anion column
Name,Formula
F0664-0091,C12H11ClN2O2
F6543-1962,C9H10BrN3O
F6608-0204,C10H11F2N3OS
F2147-1747,C14H18N2O3
F5490-1321,C12H12F2N4O
F0906-6546,C16H15ClN2
F6543-9150,C11H19N3O3S
F5835-0086,C11H20N2O4S
F1462-0826,C17H17N3O
F6472-8842,C13H22N4O3
F5668-0298,C16H19N3O2
F5304-0119,C16H21N3O2
F6807-7258,C16H23N3O2
F5067-0066,C18H16N2O2
F6747-6025,C12H14ClN5S
F6681-3573,C16H15N3OS
F6252-1217,C12H17N3O4S
F2158-1798,C15H15N3O4
F6430-0177,C14H17N5OS
F6808-5256,C16H27N5O
F6036-1306,C17H16N4O2
F5600-0595,C16H18N6O
F6374-1488,C14H24N4O2S
F2416-1136,C18H22N2O3
F6383-0641,C16H20N4O3
F3386-3072,C20H18N2O2
F5832-5046,C16H20N2O3S
F6184-0360,C16H16F2N2OS
F5860-0276,C16H25N3O4
F6502-9137,C16H18F3N3O
F6816-4417,C13H12F3N5S
F6200-3802,C18H20N2O4
F0373-0504,C14H11ClN6O2
F6816-3638,C18H17N7
F6677-2910,C17H17ClFN3O
F6525-4459,C20H22N4O
F6475-4378,C15H17ClN4O3
F6441-6367,C17H23NO4S
F5824-0283,C19H22N4O2
F6442-2388,C14H16N2O4S2
F6513-5942,C15H17F2N3O2S
F6550-4665,C17H18N4O4
F6559-1098,C20H17N5O
F5822-0757,C19H28N4O2
F6571-2681,C15H20Cl2N2O3
F6446-0168,C18H19ClFN3O
F6660-0634,C20H20N4O2
F6125-2734,C11H12BrFN2O3S
F6685-8763,C18H20F3N3O
F6413-2538,C20H16FNO2S
F5268-0491,C21H23FN2O2
F6516-0504,C19H20N2O3S
F2696-0666,C18H15ClN2O2S
F6786-6215,C19H25N3O2S
F6441-3526,C18H23N3O3S
F6037-0380,C19H17N5OS
F2547-0069,C14H20ClNO4S2
F6296-1221,C20H22N4OS
F6481-3308,C17H18F2N2OS2
F6436-1525,C20H23N3O4
F6480-4843,C18H18ClN5O2
F6571-5775,C18H16BrNOS
F5669-0197,C17H22N6O2S
F6523-3643,C20H16N4O4
F6786-6010,C21H23N5O2
F6412-2067,C21H17NO6
F6514-2304,C21H24N4O3
F6764-1469,C20H19ClN4O2
F5563-0050,C19H22FN7O
F6562-0665,C23H19N3O3
F2024-0205,C18H18BrN3O2
F6200-3651,C20H24N2O4S
F6523-0863,C20H31N5O3
F6680-2930,C16H20F3N3O3S
F6174-1135,C22H24N4O3
F6512-6987,C17H22N4O3S2
F6559-0005,C22H25N3O4
F6507-1694,C17H23N3O6S
F3328-0137,C20H18ClN3O2S
F6481-0515,C18H18F3NO2S2
F6523-0354,C19H16F3N5O2
F5033-5542,C21H25F2N3OS
F6359-4940,C18H18BrFN2O3
F3225-6451,C25H18N2O4
F6475-5397,C22H28N4O4
F2528-0031,C20H21N3O7
F6246-2174,C16H17F3N4O4S
F6605-3265,C21H24N8O2
F5855-0777,C23H22FN3O4
F6445-7607,C26H22N2O4
F5528-0963,C24H23N5OS
F6240-5109,C20H19F3N6O2
F6571-5823,C24H25N3O3S
F6245-7006,C23H26N4O3S
F5999-0174,C22H27N5O3S
F3395-0445,C24H27F3N4O
F6443-3498,C24H25N5O4
F6223-0307,C22H26N6O3S
F3168-0146,C21H21F3N4O3S
F6548-3210,C26H30N4O5
