# All user editable compound information in the PCDL Manager compounds tab can be imported
# A minimum of formula or mass plus one identifier must be populated for compound import (recommended is formula and at least one other identifier, see examples)
# Multiple synonyms can be entered into the Synonyms column when separated by ';' (e.g. L-Isoleucine; 2-Amino-3-methylvaleric acid)
# All compounds will be assumed to be of a neutral ion type, unless a 1 is entered in the Cation or Anion column
Name,Formula
F6561-7465,C13H18N2OS
F6543-1245,C14H13N3O2
F1967-0075,C17H13N3
F6284-0373,C14H22N4O
F6514-7278,C11H18N6O2
F6755-6363,C14H17F3N2
F6502-2524,C15H19N3O2
F5599-0068,C14H20N4O2
F5096-0182,C14H25N5O
F0739-0019,C16H13NO4
F5871-3501,C12H9F3N2OS
F1430-0124,C10H9ClN2O2S2
F6514-2788,C12H13F3N2O3
F6480-5640,C14H20N4O3
F5303-0223,C13H17N3O3S
F6472-0789,C13H19N3O3S
F6442-1597,C14H21NO4S
F6549-2872,C16H19N3OS
F6561-4994,C16H21N3OS
F0863-0302,C17H14N4S
F6472-0855,C16H24N2O2S
F6438-2052,C13H11ClFN3O3
F6190-1139,C14H13Cl2NO3
F2146-0514,C12H7Cl2NO3S
F6673-4566,C18H28N4O
F6415-0369,C17H22N2O4
F3371-0238,C17H16N6O
F6788-7990,C13H18N6O2S
F2726-0824,C18H13FN2OS
F6484-2018,C17H19N5O2
F2223-0043,C17H17N3O2S
F6713-4054,C16H20N6O2
F6555-6268,C17H18N2O3S
F6473-3866,C18H25N3O3
F5791-2206,C18H15N5O2
F3375-2795,C15H14BrNO3
F6471-5654,C16H18ClFN4O
F6550-1534,C21H20FNO2
F6435-2090,C12H10BrN3O2S
F2493-2383,C18H16N2O3S
F6573-4522,C15H17F2N3O4
F6512-0913,C21H18N4O
F6539-2096,C15H25N3O4S
F5854-2639,C18H16ClNO2S
F6523-3953,C16H15FN4O4
F6571-2375,C16H20F3NO4
F6687-6996,C19H28N2O2S
F5857-7140,C17H16ClFN2O3
F5826-0100,C19H21N5O2
F5493-0203,C19H19N3O2S
F6811-1467,C19H26N6O
F5123-0025,C17H17FN6O2
F6793-7412,C16H17F3N2O2S
F3395-0149,C21H33N3O2
F6639-1760,C22H23N3O2
F6439-4362,C19H17N5O3
F6518-2238,C18H20ClNO3S
F6037-0766,C20H22N4O3
F6235-0031,C18H17ClN6O
F5822-1058,C21H27N3O3
F6247-1804,C21H17N5O2
F6506-1154,C19H19NO3S2
F6808-5949,C22H22N4O2
F3374-0791,C22H20N2O4
F6515-4728,C17H15ClN2O2S2
F6475-4011,C18H22ClN3O4
F2547-0063,C12H16BrNO4S2
F6523-2284,C20H19FN4O3
F1899-1438,C19H13ClN2O3S
F6747-6371,C19H23N5O2S
F6517-1696,C20H21NO3S2
F6526-0377,C19H24N4O3S
F6481-3111,C19H16F2N2OS2
F5837-0014,C22H21N3O2S
F6111-0514,C21H32N2O5
F6041-0005,C22H22N2O3S
F5024-0135,C23H29N3O3
F6502-0966,C23H19N5O2
F5490-0493,C20H21N3O2S2
F6557-1370,C20H20FN3O3S
F2019-2381,C21H23F2N3OS
F6178-5834,C24H27N3O3
F2359-0295,C20H17ClN6O2
F6658-1872,C20H22N6O2S
F6476-1763,C20H20BrN3O2
F6438-3865,C19H25N7O2S
F2501-0903,C19H22N4O5S
F6548-2045,C22H16ClN3O4
F6806-7558,C21H27F2N3O4
F5528-1049,C27H30N4O
F3382-6777,C25H27N5O2
F2658-0159,C25H25FN4O2
F6411-2400,C24H29N5O3
F6529-2992,C24H30N4O4
F5075-2788,C20H16Cl2N6O2
F5033-7531,C21H24BrN3O3
F6240-4995,C20H21ClN4O4S
F5016-2540,C24H29N3O4S
F3008-0040,C29H29N3O3
F5581-3147,C21H16F4N4OS2
