# All user editable compound information in the PCDL Manager compounds tab can be imported
# A minimum of formula or mass plus one identifier must be populated for compound import (recommended is formula and at least one other identifier, see examples)
# Multiple synonyms can be entered into the Synonyms column when separated by ';' (e.g. L-Isoleucine; 2-Amino-3-methylvaleric acid)
# All compounds will be assumed to be of a neutral ion type, unless a 1 is entered in the Cation or Anion column
Name,Formula
F6562-7480,C13H17NO2S
F6608-0882,C11H10F2N2OS
F3222-0264,C12H9ClN4O
F6442-1580,C11H21NO4S
F3162-0032,C14H13N5O
F0575-0066,C16H14FNS
F6730-0148,C13H14N4OS
F6455-1212,C13H15N3O2S
F6014-0071,C17H16N2O2
F6210-0825,C16H17N3O2
F6802-6942,C11H18N4O3S
F6515-2692,C14H16N4OS
F5033-6858,C12H22N2O4S
F6549-7121,C13H15N3O3S
F5125-0185,C16H17N5O
F6472-9253,C14H23N3O2S
F3237-0506,C15H25NO3S
F6244-3091,C17H23N3O2
F0921-3451,C14H13ClN4O2
F6724-0301,C18H18N4O
F5857-1577,C15H16FNO3S
F6696-0116,C17H17N3OS
F0651-0534,C17H16ClN3O
F6288-0411,C16H17N3O2S
F1032-0044,C15H21Cl2NO2
F5004-0017,C14H13N3O4S
F2442-0135,C17H28N4O2
F6568-3516,C16H18N8
F2758-0567,C17H16N4O3
F1648-0038,C14H15ClN2O3S
F6559-1529,C16H19F2NO4
F3386-3180,C14H13Cl2NO2S
F6436-2690,C13H22N4O4S
F5854-2345,C16H16N2O4S
F6802-9553,C17H23N3O2S
F6411-1286,C14H17N5OS2
F6514-2182,C20H20N2O3
F6559-1165,C19H23N5O
F6560-3734,C15H15F2N3O2S
F6445-7251,C17H16N4O4
F6573-2839,C16H18F3N3O2
F6472-2578,C18H22N4O3
F6482-4002,C18H25N5O2
F6561-5137,C16H18F3NO2S
F6514-1686,C18H22N2O3S
F6090-0120,C21H21N3O2
F0624-0093,C16H10F3N3O3
F6619-6528,C14H13F3N8
F1732-0255,C16H14Cl2N2O3
F6471-7333,C19H19N3O4
F6749-0887,C15H22BrN3O2
F6222-0230,C19H24N4O3
F5857-8074,C19H22N2O3S
F6561-6865,C17H17FN4O2S
F6748-9531,C16H19BrN4O
F6724-1959,C19H21N7O
F6724-1972,C19H19N5OS
F6809-1043,C15H15BrClN3O
F6448-0388,C17H19F3N4O2
F1878-0864,C18H15FN4O2S
F5111-0061,C20H25N3O4
F2135-1728,C22H19N3OS
F6730-2621,C17H18BrN3O2
F6658-3219,C19H20N8O
F6523-3315,C17H19ClN4O4
F6502-3083,C18H20F3N5O
F6525-0474,C17H17F2N3O3S
F5882-5313,C20H22N4O4
F5855-0845,C20H20N2O4S
F2672-0022,C22H28FN3O2
F6178-8171,C19H19ClFN5O
F6374-1476,C20H28N4O2S
F5939-1819,C18H19FN4O3S
F6473-8712,C21H21N5O3
F5652-3079,C18H14F3N3O4
F6474-0466,C18H26N4O4S
F0138-4738,C19H22Cl2N2O3
F6363-0648,C24H23N5O
F6619-6850,C18H21N7O2S
F1270-0005,C24H23N3O3
F6519-7381,C17H17BrN4OS
F6400-1624,C17H24F2N2O3S2
F6619-7854,C17H19F3N8O
F3386-3011,C18H15Cl2NO4S
F2215-0136,C23H19N5O3
F2334-0459,C20H18ClFN4O3
F3398-5815,C24H26N4O3
F5791-3149,C21H27NO6S
F6782-4784,C21H20N4O4S
F5082-0128,C21H22ClN5O3
F5596-0072,C20H22N4O5S
F2209-0278,C25H20FNO5
F6196-0976,C21H20N6O5
F6443-5809,C23H25N3O4S
F6441-5143,C23H26N2O5S
F6497-3097,C22H22F3N5O2
F6514-6701,C23H24N6O4
F3382-0341,C23H27N3O5S
F1243-0164,C30H35N3O2
F3382-7839,C22H19BrN4O4
