# All user editable compound information in the PCDL Manager compounds tab can be imported
# A minimum of formula or mass plus one identifier must be populated for compound import (recommended is formula and at least one other identifier, see examples)
# Multiple synonyms can be entered into the Synonyms column when separated by ';' (e.g. L-Isoleucine; 2-Amino-3-methylvaleric acid)
# All compounds will be assumed to be of a neutral ion type, unless a 1 is entered in the Cation or Anion column
Name,Formula
F2135-0894,C11H10ClN3O2
F6755-4372,C15H17N3O
F6546-0872,C11H21N3O2S
F6549-6654,C11H13N5OS
F5302-0182,C12H11ClFN3O
F6540-4543,C10H10BrNOS
F6798-9375,C16H23N3O
F5228-2034,C13H12ClN3O2
F5831-2307,C13H16N2O3S
F6549-1316,C11H17N5O2S
F6724-2460,C14H14N4OS
F6482-7577,C15H16N2O2S
F6549-3431,C14H15FN4O2
F6663-4471,C12H11Cl2F2NO
F3320-0854,C17H17N3O2
F6487-0150,C18H19NO3
F6664-0659,C18H18FNO2
F5857-4186,C18H20FNO2
F6556-5744,C17H25N3O2
F6507-5402,C13H17F3N2O3
F1775-0006,C14H10F3N3S
F6724-4964,C15H13N5OS
F6517-3632,C17H15NO3S
F6752-2021,C13H18ClN3O2S
F6471-2981,C14H14F3NO2S
F3084-0094,C19H30N2O2
F3225-1550,C19H20N4O
F6678-9795,C18H18N4O2
F6730-4810,C17H16N4OS
F5096-0011,C18H23N5O
F6670-4736,C16H17N5OS
F6523-1572,C18H24N4O2
F6752-0947,C13H22N4O2S2
F0651-0059,C17H14Cl2N2O
F6374-5492,C18H23NO3S
F2434-1144,C18H13N3O2S
F6573-6279,C14H22F2N2O3S
F6549-5706,C15H23N5O2S
F6412-1880,C16H12F3NO2S
F6476-5766,C16H21ClN2O2S
F3161-0195,C19H19NO5
F6840-0057,C17H19FN6O
F6748-9626,C19H25N3OS
F5882-1014,C15H20ClNO4S
F6359-3093,C17H19ClN4O2
F1827-0048,C17H21N3O5
F6184-0545,C16H16BrNOS
F6619-2926,C13H17F3N4O2S
F6672-1659,C21H25N3O2
F6244-3054,C20H20ClN3O
F5857-0590,C16H18ClNO4S
F6726-5644,C18H18F2N6
F5834-2393,C19H19FN2O2S
F2493-1401,C18H14F2N2O2S
F6685-3866,C13H11BrN6S
F2664-0175,C21H21N3O3
F6571-4348,C18H23NO3S2
F8890-1180,C22H26N2O3
F6405-1819,C19H20N4O2S
F6502-5326,C15H10F4N4OS
F5791-0492,C23H21N3O2
F6481-4396,C17H19N5OS2
F6609-3808,C13H8BrClFNO4
F5822-2470,C18H24N4O3S
F6507-6040,C15H17F3N2O4S
F6796-3338,C20H21N5OS
F3394-0739,C19H15N3O2S2
F6478-3459,C19H19FN6O2
F6473-4189,C20H17FN2O3S
F6184-1146,C21H27N3O2S
F3090-2795,C18H18FN5O2S
F6619-7633,C20H20N8O
F6451-3051,C19H19ClN2O5
F6125-2517,C22H21N3O4
F6524-5868,C17H11ClF3N5O
F6436-0632,C18H26N4O2S2
F6517-1708,C20H16N2O3S2
F6438-3719,C19H23N7OS
F6525-8026,C19H21ClF3N3O
F6374-1675,C22H27NO2S2
F6203-1670,C25H25NO4
F0507-3609,C18H16ClFN4O2S
F3382-4733,C21H20N4O5
F5266-0026,C22H26N4O4
F1651-0103,C21H20FN3O3S
F6476-1515,C17H17BrN6O2
F6554-0774,C20H26N4O4S
F5016-0922,C20H24ClN3O3S
F2254-1122,C19H21ClN2O3S2
F3167-1214,C20H18ClN5O4
F6474-3788,C22H20Cl2N2O3
F5777-0186,C21H15ClF3N3O2
F2481-1617,C21H17FN6O2S
F6469-3455,C17H16F3N7O2S
F6286-0205,C19H21F3N4O3S
F6497-0358,C22H24FN3O4S
F5015-0201,C24H24N4O3S
F2086-0523,C23H28N4O6
F3406-6309,C29H32N4O2
F2237-0286,C24H20ClN3O4S
