# All user editable compound information in the PCDL Manager compounds tab can be imported
# A minimum of formula or mass plus one identifier must be populated for compound import (recommended is formula and at least one other identifier, see examples)
# Multiple synonyms can be entered into the Synonyms column when separated by ';' (e.g. L-Isoleucine; 2-Amino-3-methylvaleric acid)
# All compounds will be assumed to be of a neutral ion type, unless a 1 is entered in the Cation or Anion column
Name,Formula
F6211-0101,C11H15N3O4
F6541-1855,C15H19N3O
F6512-9116,C13H15N3O3
F2145-0379,C12H15N3S2
F6412-1556,C12H15NO4S
F6573-9034,C15H16N2O3
F6745-1693,C13H17N5S
F6244-1808,C13H18N4OS
F5882-6676,C14H23N3OS
F6573-4932,C16H20N4O
F6730-0228,C15H14ClN3O
F6489-0820,C14H15N3O2S
F6550-1496,C16H18FNO3
F1218-1306,C17H14N2O3
F6809-4191,C16H16N4O2
F6752-4018,C16H18N4O2
F2788-0078,C16H20N4S
F6748-0514,C14H18N6O2
F6724-3800,C14H15N3OS2
F6805-3145,C17H17N5O
F5773-1939,C17H14N2O2S
F6515-4303,C17H16N2O2S
F6516-1086,C16H14N2O3S
F1853-0008,C14H12N4OS2
F6110-1875,C17H27N5O
F3162-0028,C20H21N3O
F6438-3603,C13H19N7OS
F6573-2429,C17H14FN5O
F2394-0046,C16H14F3NOS
F6721-6618,C19H19FN2O2
F6204-2740,C17H16N2OS2
F6556-5620,C14H23N3O4S
F6782-8290,C17H15ClFN3O
F6448-0392,C17H21FN4O2
F6484-0476,C15H18N4O3S
F6363-0534,C19H21N5O
F6475-4276,C15H16ClN3O4
F6556-7818,C19H18N2O4
F6713-4944,C18H18FN5O
F6792-2422,C18H21FN6
F2899-0104,C17H14N2O4S
F3127-0342,C17H17N3O3S
F6513-1288,C17H20N4O2S
F5094-0912,C20H19N5O
F3394-1293,C16H17N3S3
F6515-1697,C20H16N2O4
F6475-3345,C20H19N3O3
F6560-8731,C18H19Cl2NO2
F2016-0069,C21H24N2OS
F6808-5250,C15H23BrN4O
F8890-2325,C21H25NO4
F6425-0194,C19H15N7O
F2795-0480,C18H15ClFN3O2
F6412-2266,C18H13ClFNO4
F6619-7593,C19H22N8
F6372-0635,C20H20N4O3
F6438-3162,C13H15BrN6O2
F1142-4862,C19H21N5OS
F5269-0001,C18H16FN5OS
F6411-1169,C20H26N4OS
F6244-3161,C20H21FN2O2S
F6454-0168,C17H19BrN4O
F6761-7504,C19H20F3N5
F6680-2805,C16H14F3N7O
F6472-2736,C20H22N6O2
F0884-0032,C21H20N2O3S
F6481-0258,C23H27NO2S
F1547-0006,C19H21N5S2
F6204-0952,C17H17Cl2NO3S
F6439-4125,C19H22N4O3S
F6178-4389,C17H17BrN4O2
F6510-2617,C19H23N3O4S
F8890-3917,C23H26N4O2
F6064-2566,C21H17ClN4O2
F6231-0191,C21H23N5O3
F3225-3506,C20H18ClN5O2
F6785-6880,C21H25FN6O
F1808-0173,C21H22N2O6
F6443-8274,C19H20N4O4S
F3407-4690,C21H21F3N4O
F5016-1533,C21H32N4O4
F6609-6462,C21H18ClN5O2
F3394-0894,C22H23N3O3S
F5939-3454,C17H17FN2O3S3
F6564-1783,C24H22N4O3
F5854-3039,C20H23N3O3S2
F3348-0766,C25H33N5O
F6438-3782,C18H26N6O4S
F6685-8683,C20H22F3N3O4
F6195-0819,C21H24N4O4S
F0532-1234,C24H22ClN5O
F3342-0304,C25H26N2O3S
F3165-1469,C23H23N3O6
F5832-6369,C24H28N2O4S
F5317-0368,C23H29N3O6
F3406-3258,C25H26N4O4
F3382-7905,C23H18ClN3O3S
F5030-1332,C24H22N4O4S
F3222-1129,C23H14ClF4N3O2
F2069-0066,C20H26FN3O6S2
