# All user editable compound information in the PCDL Manager compounds tab can be imported
# A minimum of formula or mass plus one identifier must be populated for compound import (recommended is formula and at least one other identifier, see examples)
# Multiple synonyms can be entered into the Synonyms column when separated by ';' (e.g. L-Isoleucine; 2-Amino-3-methylvaleric acid)
# All compounds will be assumed to be of a neutral ion type, unless a 1 is entered in the Cation or Anion column
Name,Formula
F6541-2402,C13H21N3O2
F6609-0193,C15H16N2O2
F0317-0047,C14H16N2OS
F9995-1014,C13H12O4S
F2135-0196,C10H8N2O3S2
F6562-8324,C15H17N3O2
F6540-2385,C14H18N4O2
F1907-9086,C13H18F3NO2
F6713-4785,C17H20N4
F3314-0070,C17H33NO2
F6356-1098,C15H18N4O2
F6549-5054,C15H17FN4O
F6524-1697,C15H22N4O2
F1827-0022,C14H16FN3O3
F3375-0316,C16H9ClN2O2
F6553-7349,C12H11ClN2OS2
F6514-7846,C9H9BrN4OS
F0596-0094,C15H14N2O3S
F3225-7807,C19H16N2O2
F1852-0212,C13H11Cl2N5
F5831-2370,C19H19NOS
F5676-0021,C14H21N3O3S
F3367-0118,C17H19N3OS
F6487-0164,C18H18FNO3
F6483-0339,C16H19N3O2S
F6491-1396,C15H17N3O3S
F3382-3939,C14H15N3O4S
F6554-2258,C9H10BrNO3S2
F0651-0042,C19H20N2O3
F5831-9121,C18H15FN2OS
F6796-0688,C17H18FN5O
F0918-5996,C14H14F3N3OS
F5831-8135,C17H22N4OS
F6472-0585,C17H20N2O3S
F6683-1691,C18H27N3O3
F6374-1373,C16H21N3OS2
F6554-0603,C18H20N6O
F5269-0027,C17H11FN4OS
F6554-4621,C15H18FN3O3S
F6472-7561,C20H21ClN2O
F6482-3729,C14H23N5O3S
F6619-3901,C18H26N6O
F2434-1474,C16H13ClN4O3
F6186-1172,C16H24ClNO3S
F6257-5300,C17H22N4O2S
F6244-3023,C22H25N3O
F6571-4302,C17H19NO5S
F6799-8819,C16H22N4O3S
F6031-0673,C17H18ClFN2O3
F6523-2125,C20H23N3O3
F6724-5565,C14H21N5O2S2
F3216-0173,C17H12ClN3O4
F6734-2633,C17H22N6OS
F5097-2447,C16H19F3N2O4
F6573-5267,C22H19ClN2O
F0336-0125,C17H17ClN2O3S
F6036-0784,C19H19N5O3
F5529-0150,C17H18FNO5S
F6240-2733,C19H21FN6O
F6521-8148,C17H23ClN2O3S
F3382-0547,C17H13ClN4O2S
F6791-2793,C19H23N3O3S
F0636-0245,C21H17N3O2S
F6089-7292,C24H28N2O2
F2493-3372,C20H18N4O4
F6513-1959,C21H25N5O2
F6443-7044,C17H23N3O3S2
F5772-6100,C18H30N4O3S
F6209-0380,C20H18F2N4O2
F0857-0005,C21H14N4O2S
F6521-9505,C21H25NO4S
F6806-6801,C15H18BrF2N3O2
F3283-0121,C18H22N4O4S
F5491-0137,C20H29N3O3S
F6412-1743,C20H18F3NO4
F6785-7173,C22H26N4O3
F6359-0851,C21H21ClN4O2
F2749-0151,C17H13F3N2O4S
F6529-6795,C19H24F3N3O3
F6512-5536,C15H19ClN4O3S2
F6452-1487,C20H21ClN2O5
F6442-6803,C18H25F3N2O3S
F6521-8070,C13H13BrClNO3S2
F6469-3284,C21H18FN3O3S
F6495-5676,C20H27N7O3
F6175-0690,C20H19F3N6O
F6357-0335,C18H20F3NO3S2
F5621-0253,C23H27N5O3
F6246-2952,C19H25FN4O4S
F6240-7237,C21H26ClN7O
F6443-6717,C20H26N6O3S
F6494-1294,C23H23N5O4
F6474-3169,C25H28N2O5
F6261-4229,C19H18ClFN2O3S2
F6526-1564,C22H30N6O2S
F5110-0310,C24H35N3O3S
F3407-2814,C21H18F3N3O3S
F5614-0630,C27H27FN4O2
F3406-3088,C23H23F2N5O2S
F3342-0108,C25H26ClN3O3S
