# All user editable compound information in the PCDL Manager compounds tab can be imported
# A minimum of formula or mass plus one identifier must be populated for compound import (recommended is formula and at least one other identifier, see examples)
# Multiple synonyms can be entered into the Synonyms column when separated by ';' (e.g. L-Isoleucine; 2-Amino-3-methylvaleric acid)
# All compounds will be assumed to be of a neutral ion type, unless a 1 is entered in the Cation or Anion column
Name,Formula
F6561-1982,C13H17NO4
F2146-0639,C13H12N4S
F6608-0640,C11H14ClFN2O2
F3141-0456,C14H21N3O2
F6571-6583,C14H21NO2S
F6478-2817,C11H17N3O3S
F6660-4103,C14H14N2O4
F6667-8490,C14H13F2N3O
F6471-2712,C16H16N4O
F6759-2906,C15H17N5O
F6559-3319,C13H14N6O2
F3283-0276,C14H16N4O3
F6125-3756,C14H18N4O3
F6363-0238,C15H11N5O2
F6708-8296,C19H21NO2
F6445-3103,C16H19N5O
F6556-5410,C17H21N3O2
F6725-0293,C16H23N5O
F3371-0739,C16H17ClN2O2
F6806-6688,C15H22N4O3
F0007-0790,C19H13F2NO
F6571-1757,C15H21NO4S
F6554-5379,C16H18ClF2NO
F6743-9910,C13H21N3O2S2
F2779-0301,C17H19NO3S
F6802-9492,C15H14FN3O2S
F6525-6828,C14H12ClN3O2S
F6558-0016,C17H23FN2O3
F6561-1284,C19H17FN2O2
F0537-0376,C17H14N2O3S
F6524-6668,C16H17N5O3
F6194-0262,C14H16ClNO4S
F6561-7733,C18H22N2O2S
F6439-5739,C15H16N4O3S
F6802-7676,C18H21F2N3O
F6401-0072,C20H17NO2S
F3351-0315,C19H20N4O2
F0193-0246,C14H8Cl2N2O2S
F6430-0110,C16H13N5O4
F5876-0142,C19H17FN2O3
F6797-2884,C16H16FN7O
F3250-0162,C22H22N4
F2806-0188,C16H9ClN2OS2
F6037-0191,C20H15N3O3
F6567-7359,C18H20ClFN4
F6239-0449,C20H21N5O
F6204-0652,C17H19NO3S2
F6031-2112,C17H22N2O4S
F5831-2630,C16H17ClN2O3S
F6438-0343,C16H18F3N5O
F6519-4229,C18H17N3O3S
F6438-1059,C18H24N6O2
F6809-6797,C18H19FN4O3
F3266-0496,C18H20N2O4S
F6573-8866,C18H13F3N2O3
F6676-1194,C22H25N3O2
F6443-8181,C20H19N3O4
F5596-0346,C15H18BrN3O3
F6564-2331,C16H24N4O4S
F6516-0425,C19H18N2O4S
F6497-0634,C19H25N5O3
F6473-6100,C20H23NO4S
F3055-0802,C21H14ClN3O2
F6750-6300,C18H20N10
F6469-2740,C20H18N4O2S
F6471-0332,C20H21N5O3
F6473-8409,C18H20FNO5S
F2490-0120,C19H22N6O3
F5854-0681,C21H21ClN2O3
F6609-4481,C19H12ClFN2O2S
F3382-5235,C18H21N5O3S
F2672-0266,C21H32N4O3
F6445-7396,C19H22N2O5S
F6474-7271,C19H25N3O6
F1757-0242,C19H21Cl2N3O2
F6245-4779,C20H22N6O3
F6442-0743,C21H20N2O4S
F5596-0633,C22H27N3O4
F5753-0141,C21H25N3O3S
F6454-1467,C20H24FN5O3
F2730-0609,C18H20N4OS3
F6512-6983,C18H22N4O5S
F6796-3461,C21H24N6OS
F6284-0564,C20H18BrN3O2
F6529-4010,C19H22F3N3O4
F6671-2868,C20H25BrN4O
F6727-9006,C25H30N4O2
F5096-0526,C23H24ClN5O
F2971-1043,C22H21FN4O2S
F2309-0071,C25H21N3O4
F5017-1124,C20H25F3N2O3S
F6240-1044,C21H22ClF2N5O
F6443-6658,C20H28N4O3S2
F6469-2279,C24H21N7O2
F6246-2879,C22H26N4O4S
F5591-1273,C23H23N7O3
F3407-3564,C25H28N4O4
F2724-0690,C22H20Cl2N4O3
F6279-0503,C22H25F3N2O4S
F5530-0475,C27H22N4O3S
