# All user editable compound information in the PCDL Manager compounds tab can be imported
# A minimum of formula or mass plus one identifier must be populated for compound import (recommended is formula and at least one other identifier, see examples)
# Multiple synonyms can be entered into the Synonyms column when separated by ';' (e.g. L-Isoleucine; 2-Amino-3-methylvaleric acid)
# All compounds will be assumed to be of a neutral ion type, unless a 1 is entered in the Cation or Anion column
Name,Formula
F6194-0017,C14H21NO3
F6514-3055,C9H15F3N2O3
F6666-9264,C14H13FN2O2
F1113-0003,C11H5BrOS
F6541-5923,C17H21N3
F6471-2568,C16H17NO3
F6680-9401,C13H17F3N2O
F1749-0055,C17H15N3O
F1907-2583,C13H20N4O3
F6789-0601,C17H21N3O
F6550-3249,C16H18N2O3
F6438-1356,C13H16N6O2
F5033-3322,C16H22N2O3
F6554-6115,C15H19NO3S
F1900-9657,C19H25N3
F6676-2767,C17H23N5
F3055-0111,C19H25NO2
F2020-0472,C15H14N2OS2
F6755-0091,C15H17ClN4O
F3386-2568,C9H7Cl2N3O3S
F6360-9188,C17H15N3O3
F5857-0856,C17H17N3O3
F6680-3250,C15H15N5O3
F6530-0115,C16H17N3O4
F6806-7014,C16H19N3O2S
F2493-3443,C18H13N3O3
F1372-0009,C15H15NO5S
F6805-5246,C18H22N6
F6696-0101,C18H17FN4O
F6574-1870,C16H14N4O2S
F6524-1213,C15H17N7O2
F2496-1425,C17H15NO4S
F5095-0096,C17H22N4OS
F6752-3768,C13H18F2N4O2S
F5860-0426,C21H23N3O
F6514-8895,C19H17N3OS
F6445-0235,C19H20N4O2
F6360-9631,C15H15ClN2O3S
F6524-5936,C18H17N3O2S
F6438-2505,C13H20N6O3S
F6525-7233,C17H19N5O3
F6658-5999,C19H26N4O2
F2496-3101,C17H13FN2O3S
F2416-1159,C17H19N3O3S
F5072-3280,C17H22N4O2S
F6812-2073,C19H21N7
F6188-0540,C16H19N3O2S2
F6359-3013,C19H18N4O3
F6517-0582,C19H16N2O3S
F6724-5537,C14H23N7O2S
F2879-7437,C19H18ClN3O2
F6553-7259,C15H16ClNO3S2
F6507-8693,C19H22N2O5
F6521-8745,C19H21ClN2O3
F5190-0640,C18H19FN2O3S
F2974-0219,C19H12N2O2S2
F6514-3781,C19H19N5O3
F6561-1850,C17H22BrNO3
F6143-0377,C17H20N8O2
F6471-3742,C18H18N4O3S
F6515-4542,C17H13BrN2OS
F5097-2237,C19H23N3O3S
F5834-0276,C18H18ClN3O4
F6210-0920,C20H28N2O5
F6442-0755,C18H22N2O5S
F6442-1148,C20H29NO4S
F3290-0063,C20H19N3O3S
F6796-8673,C19H25F3N4O
F6523-2722,C20H21ClN4O2
F6515-3331,C19H16Cl2N4O
F5652-2156,C20H17N7O2
F6571-3371,C15H20BrNO4S
F6573-8450,C18H19FN4O5
F2774-3383,C23H25N3O3
F6473-4340,C21H19N3O3S
F3395-0306,C20H25F3N4O
F6250-0195,C20H20N4O3S
F2373-0813,C17H13Cl3N2O3
F5305-0719,C23H21N5O2
F6473-1418,C16H19ClN2O2S3
F0916-6752,C22H17ClN4O2
F6195-6491,C22H22N4O2S
F6089-8599,C23H28N4OS
F2071-0028,C17H16F3N5O2S
F6089-8569,C22H27N3O5
F6548-0980,C23H20N4O4
F6559-3598,C17H17Cl2F2N3O3
F6523-4669,C23H27N5OS
F6788-7458,C22H24N4O3S
F6727-5051,C21H25N5O3S
F5119-0502,C21H26N4O4S
F6175-0211,C22H23N7OS
F1673-6270,C24H25FN4O3
F6764-2075,C23H29N5O2S
F5754-0548,C24H25F3N4O
F6439-2876,C25H27N5O3
F3120-0026,C21H18F3N3OS2
F5269-0100,C26H26N4O2S
F3407-2777,C22H22BrN3O4
F3222-3193,C21H18BrN5O4
