# All user editable compound information in the PCDL Manager compounds tab can be imported
# A minimum of formula or mass plus one identifier must be populated for compound import (recommended is formula and at least one other identifier, see examples)
# Multiple synonyms can be entered into the Synonyms column when separated by ';' (e.g. L-Isoleucine; 2-Amino-3-methylvaleric acid)
# All compounds will be assumed to be of a neutral ion type, unless a 1 is entered in the Cation or Anion column
Name,Formula
F6616-7422,C10H8ClN3OS
F6541-6066,C14H15N3S
F1605-1084,C12H11N3O4
F6495-2482,C13H20N4O2
F6573-4124,C13H20N2O4
F6230-0300,C13H12N4OS
F0793-0013,C15H14FNO3
F6210-0925,C14H15ClN2O2
F6660-3828,C16H15N3O2
F6556-7631,C15H16N4O2
F6664-1910,C13H10BrN3
F6190-0262,C12H16ClNO3S
F0013-1303,C14H17N3O2S
F6667-1138,C12H8BrFN2O
F6516-0996,C17H16N2O3
F6443-8161,C15H14N4O3
F6473-6322,C16H16N2O4
F6356-0396,C16H18N2O4
F5852-0810,C16H24N4O2
F6573-6423,C15H15F2N3O2
F3095-1899,C20H23NO2
F6617-2762,C19H25N3O
F3316-0142,C18H23N3O2
F6479-4300,C16H21N5O2
F2609-2582,C17H23N3OS
F0862-0843,C17H21NO5
F5882-0705,C15H19N3O3S
F6171-0201,C14H17N3O4S
F6554-5771,C10H10BrF2NO2S
F6506-0478,C18H18N2O4
F6619-3655,C18H25N5O
F6178-3175,C17H19N3O2S
F6435-9091,C14H15ClFNO3S
F6514-1937,C16H20N4O4
F6482-7571,C18H14N4OS
F6389-1377,C17H17N7O
F5856-0146,C15H10F3N3OS
F2147-1817,C19H18N2O2S
F6791-8251,C15H16F3N5O
F6619-6803,C16H17FN8
F6454-2304,C19H27N5O
F6523-3991,C17H14FN3O2S
F3116-0099,C18H20N2O3S
F3225-7001,C21H19N3O2
F6485-2112,C18H26N4O3
F6557-0979,C17H17FN2O3S
F6349-0912,C20H19N3OS
F3285-0216,C12H11Cl2NO3S2
F6521-7323,C20H20N2O4
F6516-0822,C18H14N2O4S
F6597-2622,C17H20F3N3O2
F6502-1138,C17H16FN5OS
F6739-7826,C16H14BrN3O2
F3406-5722,C17H24N6O3
F6412-1263,C22H22N2O3
F6507-5620,C15H19F3N2O5
F6713-2879,C19H23N7O
F5835-0385,C23H17N3O2
F2496-1678,C19H15NO5S
F6089-3224,C19H22N4O4
F6521-9648,C19H20N2O4S
F6472-4863,C21H31N3O3
F6471-1212,C17H21N5O3S
F5323-0748,C16H13F6N3O
F6619-2536,C19H21F3N4O
F2833-0450,C19H16N4O3S
F6761-7694,C18H19F4N5
F6481-1364,C21H18FNO3S
F6400-1396,C22H28N2O2S
F6441-4004,C20H22N2O4S
F6764-3889,C24H25N3O2
F5450-0413,C22H19N3O2S
F6438-0321,C19H26N4O3S
F0630-0899,C19H18ClFN2O2S
F6525-2845,C21H20FN5O2
F6261-3844,C21H18ClN3OS
F5558-0406,C20H24N6OS
F6235-0141,C19H19ClN6O2
F2661-0058,C21H18ClFN2OS
F3253-0048,C19H22N4O4S
F6403-2523,C22H21FN6O
F2213-0690,C18H12Cl2FN3O3
F2068-0623,C18H23N3O4S2
F6525-7925,C20H24F3N3O3
F2849-0179,C20H22N4O4S
F1174-3071,C19H19N3O2S3
F3406-6940,C24H25N3O2S
F1374-0464,C25H18N4O3
F5788-3882,C19H15F4N3O4
F5097-2581,C20H20ClF3N2O3
F6521-8608,C19H20F3NO5S
F5493-0456,C23H19FN4O2S
F2213-0091,C22H19N3O7
F6496-4056,C23H22ClFN4O2
F5491-0172,C22H25N3O5S
F0922-0240,C25H22N2O6
F6043-0787,C25H31N5O3
F3394-1190,C24H20FN5O2S
F2255-0631,C27H31N5O3
F3406-0046,C28H31N5O3
