# All user editable compound information in the PCDL Manager compounds tab can be imported
# A minimum of formula or mass plus one identifier must be populated for compound import (recommended is formula and at least one other identifier, see examples)
# Multiple synonyms can be entered into the Synonyms column when separated by ';' (e.g. L-Isoleucine; 2-Amino-3-methylvaleric acid)
# All compounds will be assumed to be of a neutral ion type, unless a 1 is entered in the Cation or Anion column
Name,Formula
F1915-2666,C12H8F3NO
F6541-1498,C15H18N4
F6545-2325,C9H11BrFN3
F6619-2155,C14H15FN2O2
F5303-0113,C11H14N4O2S
F1907-2587,C13H10N4O3
F6090-0418,C14H15N3O3
F6789-0934,C13H16N4OS
F5490-1323,C14H15F2N3O
F6496-1602,C16H18N4O
F6293-0211,C16H19N3O2
F6808-2813,C16H21N3S
F6244-1502,C16H20FN3O
F6562-7148,C14H16N2O5
F2135-0615,C13H8F3N3S
F6420-0589,C14H19NO2S2
F6064-0824,C14H13N5OS
F6802-9496,C14H15N5OS
F5494-0043,C12H21N3O2S2
F6561-2443,C18H24FNO2
F3385-2889,C18H16N2O3
F6723-2244,C19H19FN2O
F6484-0331,C17H20N4O2
F6259-1221,C15H18N6O2
F6571-0715,C16H20N4O3
F6793-7193,C13H17F3N4O2
F6445-7134,C16H17FN2O4
F3215-0168,C17H14N4OS
F6756-5174,C18H21N5O
F3375-0343,C19H19NO4
F5856-0132,C16H13N3O3S
F6795-1542,C17H17FN4O2
F6677-6793,C13H12F2N2O4S
F6658-6230,C15H20F3N3O2
F6473-0755,C16H19N3OS2
F6452-0094,C18H23FN2O3
F6445-0097,C19H16N2O2S
F6524-5539,C16H15N7O2
F6496-1538,C19H22N4O2
F1716-0221,C17H13BrN2O
F6562-9585,C16H15N5O2S
F6514-7070,C15H17F3N4O2
F6480-5350,C18H21N3O2S
F6359-3626,C18H24N4O3
F5017-1923,C14H19ClN2O4S
F6727-8530,C19H14FN5O
F6359-2791,C20H20N4O2
F6756-0080,C19H23N7
F2621-0694,C21H21NO4
F3375-0351,C20H16ClNO3
F6562-4087,C19H22N4O3
F2493-1479,C19H17FN2O4
F2774-0139,C17H12BrFN2O
F6104-0217,C19H22FN3O3
F6523-3116,C21H19N3O3
F1142-3590,C17H21N3O2S2
F2006-0203,C16H13ClFN3S2
F5854-0917,C21H22N2O2S
F2899-3045,C19H16N2O2S2
F6472-8360,C21H24ClN3O
F5857-1094,C16H16F3N3O4
F6822-3422,C21H29FN4O
F6810-9513,C18H20ClFN6
F6573-5655,C18H20N2O5S
F6438-3800,C16H23N7O4
F6441-2917,C17H18FN3O4S
F6471-1095,C19H28N2O4S
F5241-0111,C16H19FN4O4S
F5033-3096,C21H25N3O4
F0223-0048,C21H23NO4S
F3382-6288,C16H14BrN5O2
F6178-7668,C18H23F3N2O2S
F6443-1262,C24H27N3O2
F6561-6595,C20H17N5O2S
F6475-6458,C23H24N2O4
F6245-6949,C20H18N4O3S
F6713-4595,C21H22FN5O2
F5261-0064,C18H24ClN3O3S
F2691-0829,C18H18BrN5O
F6525-1576,C17H16BrN5O2
F6448-1517,C17H20F3N3O3S
F5607-0215,C18H18F3N7O
F2516-0054,C18H14Cl2N2O3S
F6404-4872,C21H18N2O7
F6658-2474,C21H22F2N6O
F6680-2730,C20H16F3N5O2
F6802-7670,C16H21BrF2N4O2
F2617-0021,C25H25FN2O3
F2068-0348,C20H23F2N3O3S
F3407-3521,C22H23ClN4O3
F6451-3073,C22H24ClN3O4
F5075-5743,C23H20N4O5
F6529-3534,C20H20F3N5O3
F5485-0012,C23H23FN4O2S
F5072-1992,C23H24FN3O5
F6523-0148,C22H23F3N6O
F6473-8833,C25H25N3O5
F2366-0176,C23H26N4O2S2
F0466-0044,C24H16Cl2N2O4
F3398-4369,C26H20F2N2O5
