# All user editable compound information in the PCDL Manager compounds tab can be imported
# A minimum of formula or mass plus one identifier must be populated for compound import (recommended is formula and at least one other identifier, see examples)
# Multiple synonyms can be entered into the Synonyms column when separated by ';' (e.g. L-Isoleucine; 2-Amino-3-methylvaleric acid)
# All compounds will be assumed to be of a neutral ion type, unless a 1 is entered in the Cation or Anion column
Name,Formula
F6438-6755,C12H15FN2O3
F6660-4495,C14H18N4O
F6681-3569,C12H14N4OS
F2585-0376,C12H11ClN2OS
F6471-6852,C14H27N3O2
F2173-0797,C15H15NO2S
F2830-0201,C14H16N2O2S
F5490-1356,C14H12F3N3
F5857-6800,C14H16F2N2O2
F3368-0888,C15H15N3O3
F6464-0148,C17H18FNO2
F6521-9501,C15H19N3O3
F6563-0017,C14H16N2O3S
F6753-2767,C14H22N4O3
F5831-2342,C14H13ClFNOS
F2158-0323,C17H14ClNO2
F6561-9509,C11H10F3N5O2
F5475-0075,C17H15ClFNO
F6507-3833,C17H20FNO3
F3375-3071,C14H11F3N4O
F6680-8642,C15H22N2O3S
F6658-2252,C14H16N8O
F6523-4081,C16H18N4O3
F6230-0005,C19H16N4O
F6680-0684,C15H18N4O2S
F6475-7868,C14H16N4O3S
F5852-1482,C15H15ClN2O2S
F6436-1896,C19H21N3O2
F6660-2095,C18H16FN3O2
F6562-5478,C11H10BrN3O2S
F6747-5989,C16H17ClN6
F6787-1458,C17H23N5O2
F5496-1671,C17H21N3O2S
F6473-6061,C17H16ClNO4
F6482-2427,C17H22N2O5
F5190-1771,C13H15F3N2O3S
F6525-3137,C14H19N5O3S
F6561-6450,C19H19FN4O
F6440-3996,C20H25N3O2
F6448-2288,C17H15N3O3S
F6514-3004,C16H17F3N2O3
F2493-2507,C21H17N3O2
F6275-0299,C17H23F3N2O2
F6476-5302,C16H15BrN2O2
F6445-6800,C20H17N3OS
F6809-6151,C19H19F3N2O
F6523-0973,C21H23N3O2
F6675-8331,C18H17N5O3
F3375-0135,C16H16ClNO4S
F6678-9590,C19H22N4OS
F6469-0863,C19H17FN2O2S
F6712-9060,C19H24FN5O
F6518-4366,C18H21N3O5
F6523-0922,C16H19N5O3S
F3385-5863,C21H14FNO4
F6562-5526,C18H28N4O4
F6554-6280,C17H22N2O5S
F6178-4770,C21H29N5O
F6288-0527,C20H23N3O2S
F6685-8670,C16H16F3N3O2S
F6658-6095,C19H24N4O4
F6473-4403,C19H22N2O4S
F5027-0132,C19H18ClFN2O3
F5096-0596,C18H24ClN5O2
F6510-4340,C17H15F2N3O3S
F2024-1716,C21H21FN4O2
F6510-1175,C16H16F2N4O3S
F6390-2750,C21H22FN3O3
F5226-0381,C20H20ClN3O3
F6573-1244,C24H26N4O
F6491-1068,C18H20N4O4S
F6785-6147,C22H23N5O2
F6523-4009,C19H13F4N3O2
F6685-8704,C18H19F3N6O
F6805-7870,C16H13F3N6OS
F8890-4093,C20H21N5O4
F5772-8534,C21H14F3N3O2
F6481-0765,C16H15BrClNO2S
F2074-0466,C21H28N4O4
F6764-4592,C19H15F2N3O3S
F6359-0437,C20H18F3N3O3
F6761-7667,C20H24F3N5O
F2966-0379,C21H18N2O3S2
F6245-6697,C21H24N4O3S
F5493-0452,C21H19ClFN3OS
F2756-0359,C22H31N3O3S
F5855-0806,C23H24N4O2S
F6252-5767,C21H18ClN5O3
F5140-0200,C18H23FN4O3S2
F0641-0270,C21H20FN3O4S
F6514-2279,C21H25BrN2O3
F6617-3160,C22H18FN5O2S
F5313-0920,C21H19ClN6O3
F6734-1012,C20H22F3N3O3S
F6513-4682,C20H24N6O4S
F3382-5229,C20H25N5O5S
F3222-4902,C23H24FN5O2S
F2569-0700,C21H23NO7S2
F1183-0227,C26H27N3O4S
