# All user editable compound information in the PCDL Manager compounds tab can be imported
# A minimum of formula or mass plus one identifier must be populated for compound import (recommended is formula and at least one other identifier, see examples)
# Multiple synonyms can be entered into the Synonyms column when separated by ';' (e.g. L-Isoleucine; 2-Amino-3-methylvaleric acid)
# All compounds will be assumed to be of a neutral ion type, unless a 1 is entered in the Cation or Anion column
Name,Formula
F6809-7539,C12H18N4O2
F6666-5294,C13H15F2NO2
F3025-0053,C15H17NO3
F0196-0408,C13H13NO3S
F6543-1060,C14H23FN4
F6438-1842,C15H18N4O
F6554-0850,C14H19N5O
F6244-1069,C17H28N2O
F6666-9785,C13H10F2N2OS
F3407-4962,C15H13N3O3
F2135-0849,C14H11ClN4O
F1609-0258,C14H12N2O3S
F6713-4624,C13H15ClN6
F6108-0073,C16H24N2O3
F6799-8870,C12H17N5O2S
F6215-0003,C15H15N5O2
F6436-0210,C16H17N3O3
F5860-1953,C14H18F3N3O
F6813-7825,C15H18FN5O
F6473-3666,C15H18N2O3S
F6755-2662,C17H20N6
F6445-0531,C16H13N3O2S
F6356-0787,C14H16ClNO3S
F5856-0051,C15H13N3OS2
F1885-0461,C12H10F3N3O2S
F6791-7953,C15H22N6O2
F6562-8218,C20H20N2O2
F5854-3854,C19H18N2O3
F6573-4327,C15H17ClN2O4
F6775-2347,C16H19N7O
F6416-8999,C16H22ClNO2S
F6752-3937,C15H22F2N4O2
F6515-1134,C19H14N4O2
F5823-0837,C17H25N5O2
F6680-0918,C15H19N5O2S
F5027-0045,C17H15Cl2NO2
F3296-0344,C18H16N4O3
F6549-5523,C18H19N5O2
F2289-0179,C13H14BrN3O3
F6574-1835,C17H16N4O2S
F3320-0861,C18H19N3O2S
F5476-0637,C18H22N4OS
F6489-1749,C17H21N5O3
F2496-0940,C17H15NO5S
F6495-2378,C16H18N4O3S
F6478-3486,C16H18FN5O3
F6037-0782,C21H24N4O
F6799-8696,C15H18N4O2S2
F5016-0154,C18H26ClN3O2
F2987-0128,C19H19N3O2S
F3216-0463,C17H10ClN3O2S
F6245-6662,C18H20N4O4
F6482-5539,C18H13F3N4O
F6807-6954,C12H17BrN4O2S
F6445-3102,C21H23N5O
F5791-0396,C17H21N3O6
F6752-3607,C17H20ClN3O2S
F6811-2006,C19H22N6O2
F6514-1729,C20H20N2O3S
F6353-7310,C14H15BrN2OS2
F6448-1309,C18H21N5O2S
F5788-2014,C15H17F2N3O4S
F5614-0459,C21H22N6O
F6795-0103,C20H20N6S
F6436-2230,C17H19BrN2O3
F6515-0873,C21H21N3O2S
F6668-2836,C15H16BrN3O2S
F5792-0423,C20H22N4O2S
F6261-0724,C19H16N2O3S2
F6805-5598,C20H24ClN5O
F6471-6310,C22H17N3O2S
F6252-1623,C21H20N6O2
F2373-0708,C19H19ClN2O3S
F6438-0363,C18H22ClN5O3
F0529-0218,C17H13Cl2N3O2S
F6438-3496,C16H22N6O4S
F5822-0881,C24H33N3O2
F5493-0648,C20H23N5O2S
F6178-7855,C18H23ClFN3O2S
F1897-1086,C22H19N5OS
F5009-0696,C22H21N5O3
F2490-0250,C20H35N7O2
F6495-4148,C21H20N4O3S
F6556-5176,C20H30N2O3S2
F6477-0259,C20H19N3O3S2
F3394-1015,C22H29N3O3S
F6064-5490,C23H22N4O2S
F6656-2775,C19H24BrN3O3
F3407-0189,C22H29N7O2
F6796-6875,C17H16ClF2N5O2S
F3088-3288,C19H15BrN2O3S
F6523-4617,C24H28N6O2
F3406-8027,C21H16N4O3S2
F6481-1880,C20H19Cl2NO4S
F6246-3279,C18H17F3N4O4S
F3411-8225,C22H21ClFN3O4
F2644-0226,C20H22Cl2N6O2
F2850-0203,C23H21FN2O5S
F2011-0309,C24H24N2O4S2
F3222-4167,C24H24N4O5S
