# All user editable compound information in the PCDL Manager compounds tab can be imported
# A minimum of formula or mass plus one identifier must be populated for compound import (recommended is formula and at least one other identifier, see examples)
# Multiple synonyms can be entered into the Synonyms column when separated by ';' (e.g. L-Isoleucine; 2-Amino-3-methylvaleric acid)
# All compounds will be assumed to be of a neutral ion type, unless a 1 is entered in the Cation or Anion column
Name,Formula
F6222-0192,C11H16N4O3
F6666-8825,C12H13ClFNO2
F6573-1034,C14H20N4O
F6660-2902,C13H16N2O4
F6709-3597,C16H16N2O2
F3084-0049,C18H25NO
F3296-0261,C15H14ClNO2
F6452-2096,C17H27NO2
F5103-0080,C17H15NOS
F1174-0157,C16H16N2OS
F6752-5201,C16H22N4O
F0894-0174,C17H24N2O2
F6608-2849,C13H14ClN5O
F6709-0449,C15H23N3OS
F1813-0671,C17H16N2OS
F6441-1496,C14H19ClN2OS
F6253-2935,C15H13FN4O2
F5835-0585,C18H14N4O
F3255-0133,C20H20N2O
F5791-0870,C14H17N3O3S
F6440-4430,C15H23N3O2S
F6479-2742,C18H21N3O2
F6573-6992,C16H19N5O2
F6573-3422,C17H21N3O3
F3386-4284,C18H23NO2S
F6619-3562,C14H18ClN7
F6678-8767,C17H15N5S
F6203-0564,C16H18ClNO2S
F5621-0037,C19H21FN4
F6797-2731,C17H15FN4O2
F3167-0321,C19H22FN3O
F3215-0212,C18H19NO3S
F6724-1682,C18H26N4O2
F6507-1270,C15H19F3N2O3
F5856-0114,C13H14N6OS2
F6514-8892,C18H17N5O2
F5871-4876,C8H8BrN3O3S2
F6481-3146,C15H16F2N4OS
F3334-2424,C18H17N3O4
F2507-0705,C17H20N6S
F6523-4447,C18H23N5O2
F6806-8087,C14H19BrFN3O
F6807-7311,C17H17ClN4O2
F6257-2601,C17H20ClN5O
F6773-4765,C16H22N6O3
F0613-0205,C17H17ClN2O2S
F6560-0714,C18H23NO2S2
F2072-0020,C19H22N6O
F3277-0258,C22H16N4O
F6521-3244,C14H15BrN2O2S
F6452-0362,C16H22FN3O3S
F6178-5368,C18H19N3OS2
F6491-2667,C18H26N6O2
F6774-4254,C18H24N4O2S
F6443-7700,C22H22N2OS
F2442-0060,C17H18ClFN4O2
F6619-7216,C18H22F3N5
F6246-1893,C14H20F3N3O3S
F1472-0132,C16H10F3NO4S
F6502-7226,C19H22N4O2S
F6809-8192,C19H20N2O2S2
F2964-1878,C20H27N3O2S
F6553-1027,C23H21NO2S
F0825-0135,C19H15N5S2
F6680-8597,C20H21F3N2O2
F5033-7957,C18H18ClFN2O2S
F6438-0836,C17H18F3N5O2
F3222-2917,C17H13ClF3N3O2
F6555-0647,C21H25ClN4O
F6240-2404,C19H19ClN4O3
F5016-0213,C18H24F3N3O3
F6507-9156,C16H23NO6S2
F6523-0116,C20H21F3N4O
F6192-0896,C18H14ClFN2O3S
F6680-3276,C20H19N5O4
F6525-5038,C17H18ClN3O2S2
F6502-7342,C21H24N4O2S
F5857-0715,C18H17F3N2O5
F6619-5939,C16H16BrF3N4
F6441-3042,C19H19FN4O3S
F6559-0616,C22H20N4O4
F6594-1186,C22H26N6O2
F6734-1289,C20H20BrN5
F6726-4646,C21H19F2N5O2
F6557-1362,C21H19FN2O4S
F6559-0177,C22H32N4O4
F6245-4786,C22H21N5O2S
F6125-2501,C20H17F3N2O5
F6064-5570,C17H16ClN3O4S2
F2052-0486,C18H21ClN2O4S2
F6679-2501,C16H22BrN3O4S
F1770-0036,C22H18N4O2S2
F6557-1960,C21H24ClNO3S2
F6523-0079,C20H20ClF3N4O2
F3407-4949,C21H22ClN5O2S
F6734-0825,C21H23ClN4O3S
F6523-0173,C18H26F3N5O3S
F1601-0548,C22H25ClN4O3S
F2964-3703,C21H17F2N5O2S2
F2866-0198,C21H20ClN7O3S
