# All user editable compound information in the PCDL Manager compounds tab can be imported
# A minimum of formula or mass plus one identifier must be populated for compound import (recommended is formula and at least one other identifier, see examples)
# Multiple synonyms can be entered into the Synonyms column when separated by ';' (e.g. L-Isoleucine; 2-Amino-3-methylvaleric acid)
# All compounds will be assumed to be of a neutral ion type, unless a 1 is entered in the Cation or Anion column
Name,Formula
F3358-0110,C10H10N4O2S
F6572-1404,C11H14BrNO
F6562-8055,C14H13NO2S
F6436-3132,C14H18N2O3
F3378-0802,C16H14N2O2
F6678-8755,C14H14N4S
F6561-4886,C16H19NOS
F6507-8477,C13H16N4O3
F0901-3717,C17H17N3O
F3095-4218,C18H22N2O
F6755-5764,C16H19N3O2
F6209-0014,C16H21N3O2
F6490-0082,C16H23N3O2
F3375-1366,C18H16N2O2
F5860-4847,C14H14FNO3S
F3243-0740,C16H15N3OS
F6556-7632,C17H17NO2S
F6473-6957,C12H19N3O4S
F6724-3782,C14H17N5OS
F3237-0021,C10H8Cl2N2O3S
F6681-3639,C17H16N4O2
F6808-5833,C18H19FN4
F5882-6371,C19H21FN2O
F6733-1926,C16H19FN6
F3406-9726,C16H20N4O3
F2147-1080,C20H18N2O2
F3386-0260,C16H20N2O3S
F6793-8162,C16H16F2N2OS
F6805-5269,C17H21N7
F6756-2677,C18H19N3O3
F5835-0640,C17H14ClN3O2
F6416-7898,C18H20N2O4
F5857-3749,C14H13F3N2O2S
F6558-0328,C14H25N3O4S
F2496-2121,C14H15N5O5
F1749-0029,C20H22N4O
F6677-3128,C15H17ClN4O3
F6806-6806,C15H17F2N5O2
F6448-1028,C19H22N4O2
F6549-1191,C14H14ClFN4OS
F6559-1611,C15H17F2N3O2S
F6734-2656,C17H19ClN6
F5835-0712,C20H17N5O
F6558-0330,C19H28N4O2
F6200-3070,C18H16ClFN2O2
F6734-1514,C18H16F3N3O
F6495-9660,C20H20N4O2
F6524-0467,C14H11BrN2O4
F6755-0026,C18H20F3N3O
F6473-6089,C19H15NO6
F2812-1111,C21H26N2OS
F0708-0507,C19H20N2O3S
F0375-0221,C18H15ClN2O2S
F5857-3879,C20H25NO5
F3386-4592,C17H28ClNO3S
F6685-9113,C18H22ClN3OS
F6520-1815,C17H16FNO3S2
F6514-6571,C20H22N4OS
F6415-1279,C19H16N2O4S
F6562-7070,C20H23N3O4
F6430-0666,C18H18ClN5O2
F6233-0058,C15H12BrN5O2
F6726-5590,C19H20F2N4O2
F6504-1390,C15H19F3N4O2S
F2455-0430,C21H23N5O2
F6561-2267,C16H20F3NO4S
F5117-0005,C21H24N4O3
F6573-2161,C20H19ClN4O2
F5005-0241,C18H29N3O4S
F2340-0081,C23H19N3O3
F6125-0819,C16H13ClF3N3O3
F6521-9615,C20H24N2O4S
F1899-1135,C16H11BrN2OS2
F6416-7623,C20H22ClNO5
F6439-4397,C22H24N4O3
F6471-8100,C17H22N4O3S2
F6475-3467,C22H25N3O4
F6521-1676,C20H22F3NO2S
F6523-3787,C20H18ClN3O2S
F6360-8015,C17H15ClF3N3O3
F6481-4044,C21H25NO3S2
F6359-4200,C23H23N3O4
F3111-1538,C21H16N2O3S2
F1302-0196,C22H22N2O4S
F3398-5401,C22H28N4O4
F2617-1996,C23H20F3NO3
F5097-1131,C21H17F3N2O2S
F3406-6216,C23H25FN6O
F6497-0147,C23H22FN3O4
F5834-1631,C23H26N2O4S
F5557-0005,C24H23N5OS
F6617-3471,C23H21FN6S
F6783-5718,C19H20F3N7O2
F6475-4913,C23H26N4O3S
F6658-0150,C22H27N5O3S
F3406-0064,C26H28N4O3
F2662-0101,C26H29N3O2S
F5979-0248,C22H26N6O5
F3398-4567,C24H23FN4O3S
F6089-8054,C27H34N4O4
