# All user editable compound information in the PCDL Manager compounds tab can be imported
# A minimum of formula or mass plus one identifier must be populated for compound import (recommended is formula and at least one other identifier, see examples)
# Multiple synonyms can be entered into the Synonyms column when separated by ';' (e.g. L-Isoleucine; 2-Amino-3-methylvaleric acid)
# All compounds will be assumed to be of a neutral ion type, unless a 1 is entered in the Cation or Anion column
Name,Formula
F8890-5709,C12H9F3N2O
F6724-3578,C14H14N2O3
F6541-5961,C15H23N3O
F6678-8181,C15H15N5
F6708-8557,C16H16FN3
F6573-6560,C14H22F2N2O
F5871-3609,C15H21N3O2
F6514-2979,C11H12F3NO2S
F2394-0837,C13H18N2O3S
F6661-6317,C13H16FNO3S
F6748-0367,C14H17N5S
F6502-7514,C15H19N3OS
F5067-0044,C13H9ClN2O2S
F6472-8823,C15H22N2O2S
F6252-7244,C17H20N4O
F6471-5544,C17H22N4O
F1048-2946,C13H8BrN3O
F6520-1236,C15H13NO2S2
F6031-0994,C15H19N3O2S
F2135-1623,C17H12N2S2
F6573-6574,C15H16F2N2O3
F8890-1148,C16H16N4O3
F6360-9360,C17H18N2O2S
F6473-3567,C16H16N2O5
F6523-3251,C16H15FN2O4
F2394-0852,C15H16N2O2S2
F6472-7873,C20H23N3O
F6513-5750,C17H17N5O2
F2622-0276,C17H15N3O4
F6564-3995,C18H22N4O2
F6287-0058,C16H16N4O2S
F5600-0507,C17H20FN5O
F6518-2169,C18H21NO3S
F3099-0537,C16H16BrNO2
F6420-0481,C17H22N2O3S
F6560-2935,C14H10ClFN4OS
F6562-9546,C18H15N3O4
F6525-7457,C15H22N4O3S
F6658-5707,C18H21N5O2
F6660-0938,C17H12ClN3O3
F6516-1535,C18H18N2O3S
F6412-2279,C17H17N3O5
F6473-7036,C19H21FN2O3
F3348-0276,C21H23N5
F2070-0716,C16H12F3N5O
F6436-0347,C18H24N2OS2
F6439-5543,C19H19N5O2
F6403-2883,C18H17N5OS
F6792-3627,C19H24N6O
F6564-7755,C15H22N4O4S
F6031-0998,C15H21BrN2O3
F6514-2453,C19H23N3O4
F2093-0377,C18H21N3O3S
F6240-7538,C19H15N5OS
F6724-4713,C16H18BrN3O2
F6783-8505,C17H22F2N6O
F2863-0048,C20H18N2O3S
F6813-8166,C20H22FN5O
F6184-1279,C20H20FN3OS
F6764-0784,C18H15BrFN3
F6443-8267,C22H20N4O2
F6515-4544,C21H18N4OS
F6521-4277,C16H13BrN2O2S
F6730-0131,C18H18F3N5O
F6451-0858,C15H16F3NO3S2
F6681-9609,C18H19F3N4O2
F6443-5791,C19H15BrN2O2
F6559-0528,C21H19F2N3O2
F6374-1536,C16H23N3O2S3
F6279-0565,C20H23FN4O3
F6471-0927,C18H17FN4O3S
F6727-8171,C20H19N7O2
F6438-2950,C14H13ClF3N5O3
F6524-0959,C20H17FN6O2
F6228-0440,C23H31N5O
F6041-0184,C20H21N5O2S
F6436-2148,C21H20BrNO2
F0696-4072,C23H22N6O
F5669-0400,C20H25ClN6O
F6359-3179,C13H14BrN3O3S2
F6448-0454,C16H18F3N3O4S
F6436-1755,C24H25NO3S
F6556-5371,C24H31N3OS
F6441-0853,C22H21FN2O3S
F6439-3379,C15H18BrN3O2S2
F6513-1955,C22H22F3N3O2
F5896-0181,C22H20N4O3S
F5832-9522,C20H14FN5OS2
F3386-3068,C16H18N4O6S2
F6445-6683,C21H20BrNO2S
F6446-0160,C26H29N3O3
F6609-2303,C19H18ClN3O3S2
F3165-0693,C19H16ClFN2O3S2
F6557-1595,C19H20FNO6S2
F5792-0596,C21H24N4OS3
F6479-3447,C21H22ClN3O4S
F1607-1070,C25H28N2O4S
F3406-0076,C20H25BrN4O2S
F3406-3056,C26H28N4O3S
F3411-5750,C25H20ClN5O2S
