# All user editable compound information in the PCDL Manager compounds tab can be imported
# A minimum of formula or mass plus one identifier must be populated for compound import (recommended is formula and at least one other identifier, see examples)
# Multiple synonyms can be entered into the Synonyms column when separated by ';' (e.g. L-Isoleucine; 2-Amino-3-methylvaleric acid)
# All compounds will be assumed to be of a neutral ion type, unless a 1 is entered in the Cation or Anion column
Name,Formula
F1967-2775,C12H9F2NO3
F6526-0003,C14H15N3O2
F6561-4759,C15H16ClNO
F5957-0216,C14H24N4O
F6562-7906,C14H24N2O3
F2413-0180,C14H12N2O4
F6543-4978,C14H14FN3O2
F5304-0128,C13H15ClN4O
F6554-4869,C15H20FNOS
F6178-2227,C12H20N4O2S
F6477-5199,C14H13N3S2
F2536-1623,C15H15NO3S
F5971-0139,C13H16F3NO3
F6512-0745,C15H10N4OS
F6395-1965,C14H20N2O3S
F5954-0022,C14H14N6O2
F6471-5316,C15H16N4O3
F6031-0688,C15H18N4O3
F6754-8535,C13H9BrFN3
F6562-0834,C18H17N3O2
F6808-8720,C15H27N5O2
F6465-0264,C13H13ClN2O3S
F6279-0280,C20H27NO2
F6561-2968,C19H25NO3
F6678-8762,C19H19N5
F6702-2266,C17H19F2N3O
F6360-9152,C17H15N5O2
F6415-0132,C16H18FNO3S
F6806-8310,C13H16BrN3O2
F5860-0251,C15H17F3N4O
F3222-0277,C15H9ClN4OS
F3023-0203,C18H19NO5
F0306-0023,C15H13N3O4S
F6210-1056,C18H24N2O2S
F5570-1026,C16H18N2O4S
F6752-6199,C16H19F2N5O
F6564-1810,C15H16ClN3O2S
F6424-0401,C18H15FN4O2
F6403-0532,C19H18FN3O2
F6573-4735,C20H24N2OS
F6514-3036,C12H11Cl2F3N2O2
F6194-1131,C16H16F3NO2S
F6619-8010,C13H15F3N6O2
F6512-1877,C18H23N3O2S
F2752-0176,C16H11Cl2N3O2
F5599-0270,C16H17ClN4O3
F6414-1130,C19H18F3NO2
F6435-1684,C13H18ClNO4S2
F2748-0004,C17H24N2O4S
F5860-0856,C19H18N2OS2
F5033-3017,C16H25N3O4S
F3238-0145,C18H19N3O3S
F6743-9821,C14H18ClN3O2S2
F6656-2075,C19H28N4O3
F2724-0126,C21H22N4O2
F6471-0580,C20H20N4OS
F0852-0061,C22H27N3O2
F6481-3511,C20H21N3O2S
F6680-2829,C15H14F3N5OS
F6798-4864,C17H19FN8O
F6574-0252,C21H16N4O3
F3385-1149,C17H15BrN2O3
F5857-0523,C23H21NO4
F0657-0654,C20H16ClN5O
F5476-0561,C21H22N4O3
F2748-0026,C17H20N2O6S
F6727-3954,C15H18F3N9
F6245-1628,C17H16F3N3O4
F3256-0129,C22H28N2O4
F6436-0651,C17H26N2O4S2
F6564-4640,C23H25N5O
F5871-0183,C19H23N3O2S2
F6444-6513,C21H22N6O2
F6441-5193,C18H20N2O4S2
F6604-8108,C20H22F3N3O2
F2341-0046,C20H17N3O4S
F6519-5581,C21H24N4O4
F6441-7588,C18H26N2O4S2
F6111-1302,C21H21ClN2O2S
F5791-2074,C18H22N6O3S
F5069-0293,C20H25FN4O4
F0808-0674,C19H18ClNO5S
F5450-0481,C22H23N3OS2
F2019-2247,C23H29N3O2S
F3406-5720,C19H22N6O3S
F6443-6710,C18H19ClF3N3OS
F2255-0043,C24H25N3O4
F2378-0503,C19H23FN4O4S
F2496-2968,C22H17F2N3O4
F6089-4307,C24H20N4O2S
F6512-7160,C17H20F3N5O3S
F6525-8037,C21H21F3N4OS
F5097-2586,C21H19F4N3O3
F6497-1992,C22H24N4O4S
F2707-0572,C23H23F2N3O4
F6761-7642,C19H25F3N4O3S
F2756-1996,C20H23ClN4O4S
F3165-0834,C26H27N3O3S
F3398-0602,C25H19ClN4O4
F3139-2654,C28H22O8
