# All user editable compound information in the PCDL Manager compounds tab can be imported
# A minimum of formula or mass plus one identifier must be populated for compound import (recommended is formula and at least one other identifier, see examples)
# Multiple synonyms can be entered into the Synonyms column when separated by ';' (e.g. L-Isoleucine; 2-Amino-3-methylvaleric acid)
# All compounds will be assumed to be of a neutral ion type, unless a 1 is entered in the Cation or Anion column
Name,Formula
F6451-3368,C11H15N3O4
F1174-3170,C15H19N3O
F6360-9158,C13H15N3O3
F2147-0526,C11H11N3O5
F6192-0226,C12H15NO4S
F6561-1326,C15H16N2O3
F6677-2619,C13H17N5S
F6514-6980,C13H18N4OS
F5831-8894,C14H20FN3O2
F6549-5591,C16H20N4O
F6237-1688,C13H10FN5O2
F5852-2662,C14H15N3O2S
F3244-0245,C19H17NO2
F6561-1467,C17H14N2O3
F6724-4491,C16H16N4O2
F6564-1548,C16H18N4O2
F6809-2321,C16H20N4S
F6471-5306,C14H18N6O2
F6436-3243,C13H17ClFNO2S
F6573-4881,C17H17N5O
F1016-0143,C17H14N2O2S
F2487-0298,C17H16N2O2S
F2135-1715,C16H14N2O3S
F0182-0364,C16H13ClN2OS
F6438-1528,C17H27N5O
F6573-4814,C20H21N3O
F6539-3153,C20H19NO3
F6445-6336,C17H14FN5O
F6709-4232,C11H14F3N3O3S
F2784-0151,C19H19FN2O2
F0439-0010,C17H16N2OS2
F8890-1197,C17H19N3O4
F1541-0036,C17H17NO4S
F6111-1007,C17H21FN4O2
F5597-0093,C15H18N4O3S
F6363-0638,C19H21N5O
F6390-3173,C16H19NO3S2
F6436-2179,C19H18N2O4
F6726-4906,C18H18FN5O
F5831-5109,C20H24N2O3
F1300-0064,C17H14N2O4S
F2773-0675,C17H17N3O3S
F6439-7561,C17H20N4O2S
F6525-2531,C20H19N5O
F6445-1486,C16H14FN3OS2
F2269-0149,C20H16N2O4
F6412-1243,C20H19N3O3
F3406-9178,C17H13N5O2S
F6244-3334,C21H24N2OS
F6524-5854,C14H13F3N6O2
F3096-1051,C21H25NO4
F5860-0243,C13H22F3N3O3S
F0289-0149,C18H17NO5S
F6782-0620,C16H13Cl2N5O
F6619-5058,C19H22N8
F6562-4109,C20H20N4O3
F0630-0464,C16H19BrN2OS
F6512-1596,C19H21N5OS
F3284-8652,C21H15N5S
F6619-2959,C20H23FN4O2
F5855-0749,C20H21FN2O2S
F6752-5330,C17H19BrN4O
F6806-7019,C19H25N3O3S
F6559-2505,C16H14F3N7O
F6497-1660,C20H22N6O2
F5854-1787,C21H20N2O3S
F6750-6533,C19H23N7S
F6203-1288,C18H25NO4S2
F6507-7928,C17H17Cl2NO3S
F5787-0037,C19H22N4O3S
F6444-6606,C17H17BrN4O2
F6510-2558,C19H23N3O4S
F6658-5909,C23H26N4O2
F6812-1567,C17H15F3N6S
F5546-0055,C21H23N5O3
F6359-0671,C15H20F3N3O4S
F6764-1725,C24H24N6
F6473-6108,C21H22N2O6
F6443-8232,C19H20N4O4S
F6443-9720,C21H21F3N4O
F6840-0914,C23H28N6O
F3406-5367,C21H18ClN5O2
F6372-0784,C22H23N3O3S
F3375-3055,C17H13BrN6O2
F6024-0846,C24H22N4O3
F6805-9141,C20H23N3O3S2
F6608-3715,C25H33N5O
F2393-0599,C21H30N2O3S2
F6471-0617,C21H23N5O3S
F1873-0273,C21H24N4O4S
F6178-7875,C19H24F3N3O3S
F6064-5313,C20H26N4O5S
F8890-3208,C23H23N3O6
F5855-0792,C24H28N2O4S
F2617-0162,C23H29N3O6
F5755-0186,C23H25F3N4O2
F0064-0025,C22H17N3O4S2
F2233-0651,C24H19FN4O5
F0916-6603,C22H16F3N3O2S2
F3165-0798,C26H18FN3O6
