# All user editable compound information in the PCDL Manager compounds tab can be imported
# A minimum of formula or mass plus one identifier must be populated for compound import (recommended is formula and at least one other identifier, see examples)
# Multiple synonyms can be entered into the Synonyms column when separated by ';' (e.g. L-Isoleucine; 2-Amino-3-methylvaleric acid)
# All compounds will be assumed to be of a neutral ion type, unless a 1 is entered in the Cation or Anion column
Name,Formula
F6546-0987,C16H14N2O
F6804-8544,C12H12F3N3
F6550-4638,C12H13N5O2
F6619-5743,C14H22N4O
F6554-4514,C14H19FN2O2
F6550-6211,C13H14N6O
F6516-4149,C15H19N3O2
F6752-5329,C14H20N4O2
F3255-0159,C15H25N3O2
F6617-2007,C15H13N3OS
F6125-1087,C12H12Cl2N2O2
F6663-4327,C17H25N3O
F6478-1631,C10H15FN4O3S
F6807-6926,C14H20N4O3
F6451-3234,C13H17N3O3S
F5139-0412,C13H19N3O3S
F5012-0028,C14H21NO4S
F6549-2618,C16H19N3OS
F2289-0116,C16H18FN3O2
F6476-6026,C14H15ClN4O2
F0290-1407,C19H20N2O2
F6471-9016,C12H13N3O3S2
F2182-0061,C12H16BrN3S
F6752-2285,C18H26N4O
F1916-7020,C16H29FN2O3
F6190-1471,C17H22N2O4
F3329-0063,C17H16N6O
F6573-2294,C16H14N6O2
F6555-0973,C13H16N4O2S2
F6713-6189,C17H19N5O2
F6261-4627,C17H17N3O2S
F5854-3866,C19H24N2OS
F3366-5730,C17H18N2O3S
F6438-3661,C14H21N9O
F6562-9251,C18H15N5O2
F6064-8406,C14H10ClN3O3S
F5570-0975,C16H20N2O4S
F5958-0076,C16H23N3O3S
F2798-0034,C19H26N6
F1822-0640,C18H16N2O3S
F3406-4067,C18H16FN3O3
F0679-0117,C21H18N4O
F6812-1978,C19H17N7
F3215-0141,C18H13ClFNO3
F3268-0012,C18H18O7
F6253-2260,C14H25N3O3S2
F6178-7532,C19H28N2O2S
F6571-5873,C16H18N2O3S2
F6594-1784,C19H21N5O2
F0817-0549,C22H15N3O2
F6787-1363,C20H26N4O2
F8890-5413,C20H16N6O
F5854-1755,C19H16F2N2OS
F6561-0999,C19H29N5O2
F2659-0006,C22H23N3O2
F6296-1288,C19H17N5O3
F6668-2875,C15H20BrN5O
F5855-0464,C20H22N4O3
F6734-1542,C19H17FN4OS
F5033-0363,C21H27N3O3
F6523-3659,C21H17N5O2
F6556-8803,C19H19NO3S2
F6482-6120,C22H22N4O2
F2631-0289,C18H24N4OS2
F3168-1278,C16H14N2O3S3
F6357-0273,C19H25NO3S2
F5772-5486,C14H9BrClN3O3
F6513-3779,C23H18N4O2
F6419-0364,C17H15Cl3N2O2
F6493-0966,C21H24ClN3O2
F6676-2717,C19H22BrN3O
F2135-1811,C19H24N4O3S
F6502-0134,C18H16Cl2N4O2
F0894-0081,C22H21N3O2S
F6559-7550,C23H28N4O2
F1021-0551,C22H22N2O3S
F6619-5266,C19H25N9O
F6436-0765,C18H27N3O3S2
F6064-1623,C20H21N3O2S2
F6519-4307,C23H19N3O2S
F6178-5756,C21H20F3N3O2
F2504-0182,C24H27N3O3
F6246-0535,C21H20N4OS2
F6734-2497,C20H22N6O2S
F2780-0349,C19H16ClN5O2S
F6247-1864,C22H21N7O2
F6125-3268,C17H21F3N4O3S
F6713-0260,C19H21BrFN3O2
F6479-3176,C21H30ClN3O4
F2356-1524,C22H27FN6O2
F3394-1025,C23H31N3O3S
F2790-0011,C20H28N6O3S
F5096-0239,C24H29N5O3
F5882-2951,C24H30N4O4
F6559-0858,C20H19BrN4O3
F6125-2343,C20H19N3O7S
F5530-0973,C23H17ClN4O4
F3167-1118,C24H29N3O4S
F0655-0584,C26H30FN3O2S
F3167-1487,C27H33N3O3S
