# All user editable compound information in the PCDL Manager compounds tab can be imported
# A minimum of formula or mass plus one identifier must be populated for compound import (recommended is formula and at least one other identifier, see examples)
# Multiple synonyms can be entered into the Synonyms column when separated by ';' (e.g. L-Isoleucine; 2-Amino-3-methylvaleric acid)
# All compounds will be assumed to be of a neutral ion type, unless a 1 is entered in the Cation or Anion column
Name,Formula
F0346-0713,C11H10N2O3S
F6541-5822,C14H26N2O2
F1096-0120,C13H10ClN3O
F6546-1147,C13H15FN4O
F6221-0085,C13H10N6O
F1142-6992,C15H14N2OS
F6489-0764,C14H15N3O3
F6300-0170,C14H16N2O4
F6374-5349,C15H21NO2S
F6677-1482,C15H18N6
F1911-2942,C16H19N3O2
F6676-2754,C15H18FN5
F6480-1025,C16H23N3O2
F6512-1423,C14H14F2N4O
F6773-2841,C13H14ClN3OS
F6550-1513,C15H17ClFNO2
F6816-2743,C15H14ClN5
F5479-0005,C15H15N3O4
F5854-4022,C16H18ClN3O
F6619-7327,C16H27N5O
F5875-0211,C17H16N4O2
F6606-5343,C16H18N6O
F6730-4575,C17H20N4O2
F6015-0416,C18H22N2O3
F6443-1192,C16H20N4O3
F6514-1877,C15H18N4O4
F1639-0214,C16H20N2O3S
F5496-0553,C14H18N4OS2
F3358-0066,C15H25N5OS
F6725-1170,C17H19N5S
F6571-4263,C15H15F2NO3S
F6793-6867,C16H19F3N2O2
F6573-8819,C17H12ClFN2O2
F6473-9234,C17H21N3O4
F6194-1100,C17H19NO4S
F6549-4893,C20H22N4O
F6506-2620,C16H20N2O2S2
F6561-9498,C18H16FN5O
F5860-0314,C19H22N4O2
F5882-2456,C16H12N4OS2
F6436-0694,C15H14F3N3O3
F6524-6640,C17H18N4O4
F5526-0250,C19H21NO5
F6438-3544,C17H24N6O2
F6573-4631,C11H17F3N2O5S
F6473-7666,C18H21NO4S
F6562-1913,C20H20N4O2
F6089-9764,C19H31N3O3
F6796-8879,C19H21N5S
F6171-0841,C17H20ClNO3S
F6554-0209,C16H26N4O3S
F5857-5618,C19H20N2O3S
F6476-6328,C12H14ClF3N2O3S
F1392-0009,C19H25N3O2S
F6442-1898,C18H23N3O3S
F6479-4159,C18H19ClFN3O2
F6521-7876,C17H16ClNO4S
F3139-2027,C22H22O5
F3290-0291,C17H15F3N2O2S
F6752-6365,C18H25F2N3OS
F6287-0500,C19H21N3OS2
F6515-0745,C16H12BrN3OS
F6514-6750,C20H18N6O2
F6439-4425,C18H15F3N4O2
F6656-2228,C21H23N5O2
F6753-1159,C17H21N3O3S2
F6484-0199,C21H24N4O3
F6469-1433,C21H19FN2O2S
F6190-2405,C21H25N3O4
F6482-8063,C21H18F3N3O
F5570-0397,C17H13N3O6S
F2541-0086,C20H24N2O4S
F6199-0429,C23H27N5O
F5147-0622,C19H16F3N3O3
F6676-2713,C22H24N4O3
F1478-0276,C19H23ClN2O3S
F3382-6270,C21H25N5OS
F5688-0062,C20H20ClN5O2
F6556-4365,C18H16F3NO4S
F6369-0326,C19H13F2N3O3S
F3385-5641,C24H18FNO4
F5012-0047,C21H27NO5S
F6237-4151,C18H13BrN6O
F2365-0020,C21H19FN4O2S
F6456-1228,C24H24N6O
F5123-0820,C19H19ClFN7O
F2880-0656,C20H23BrN2O3
F6753-2114,C21H26F2N4O3
F5754-0145,C22H22FN5OS
F5527-2045,C22H23FN4O2S
F2342-0063,C25H23N3O2S
F2667-0148,C25H24N2O3S
F2423-0108,C24H25N3O3S
F1346-0032,C26H22N4O3
F6463-0753,C25H23N5O3
F6713-1803,C23H24N8O2
F2075-1034,C24H25N5O4
F6245-6790,C23H26N4O4S
F2017-0372,C22H21F3N2O4S
F2636-0393,C25H27ClN6O2
