# All user editable compound information in the PCDL Manager compounds tab can be imported
# A minimum of formula or mass plus one identifier must be populated for compound import (recommended is formula and at least one other identifier, see examples)
# Multiple synonyms can be entered into the Synonyms column when separated by ';' (e.g. L-Isoleucine; 2-Amino-3-methylvaleric acid)
# All compounds will be assumed to be of a neutral ion type, unless a 1 is entered in the Cation or Anion column
Name,Formula
F5791-0891,C12H14N2O2S
F1174-2919,C14H13N3S
F6451-0244,C11H17NO4S
F6573-7578,C13H18N4O2
F2135-0885,C15H14N4O
F6445-6240,C14H14N4O2
F6547-1204,C15H16FN3O
F2539-0355,C15H20N2O3
F1917-8795,C14H21N3O3
F6541-2365,C11H14BrN3O
F6414-1212,C18H23NO2
F2879-3980,C16H21N3O2
F6514-7663,C13H11FN4OS
F6473-2276,C17H16N4O
F6554-9058,C14H17NO4S
F5883-0525,C16H15N3O3
F6562-8724,C16H17N3OS
F6488-1521,C14H15N5O3
F3375-1733,C20H17NO2
F6573-8055,C13H11FN4O2S
F6559-1487,C13H22F2N2O2S
F0910-0527,C16H26N2O4
F6619-5863,C18H24N4O
F5614-0207,C17H22N4O2
F6676-2844,C17H24N4S
F6495-9634,C19H18N4O
F6672-1626,C17H21ClN2O2
F6478-1385,C14H15FN4O4
F6481-4447,C14H16N2OS3
F6556-2222,C15H23N3O3S
F5787-2055,C17H17N3S2
F6675-8952,C17H20N4O3
F6024-0485,C17H12F2N2O3
F6472-8027,C21H21N3O
F6442-1638,C16H19N3O3S
F6803-2463,C17H26N4O3
F6561-7753,C17H18F2N2OS
F6473-6772,C19H19N3O3
F6689-3269,C18H22N6O
F6374-3571,C15H20N2OS3
F0280-0073,C19H19NO3S
F6561-7818,C19H22N2O2S
F6564-3797,C16H20F3N3O2
F6512-0566,C15H12BrN3O2
F0630-1638,C18H16F2N2OS
F6031-0064,C17H21N3O3S
F6194-0492,C18H24N2O5
F1058-0214,C16H15ClN2O3S
F2372-0183,C17H22FN3O4
F6549-9823,C17H21Cl2N3O
F6556-0156,C21H26N2O3
F5860-0324,C18H20N4O2S
F6436-2041,C15H16F2N2O4S
F6619-5299,C17H22FN7O
F6795-5540,C17H23N5O2S
F6482-2545,C17H21N3O4S
F6573-2699,C16H20BrN3O2
F6555-0801,C19H19FN6O
F1036-0010,C17H21ClN2O3S
F5831-2856,C22H27NO2S
F6443-5563,C22H17N3O3
F6514-9011,C18H16ClN3O2S
F6474-0059,C20H23FN2O4
F6357-0378,C19H21FN2O3S
F6443-1539,C23H27N3O2
F6454-0307,C18H22ClN3O2S
F6713-5466,C20H24N6O2
F6363-0800,C19H19ClN6O
F2947-0558,C22H29N3O3
F6359-1930,C20H23N3O3S
F6448-2171,C19H15ClFN3O3
F1709-0038,C22H20N4O3
F5559-0054,C15H15BrN6O2
F5854-4495,C20H25NO3S2
F6523-1723,C21H24N6O2
F6559-2156,C18H17F3N4O3
F6497-1078,C21H25N5O3
F2265-0381,C24H19N3O3
F6556-8834,C21H21NO3S2
F6439-3825,C17H18F3N3O3S
F6556-1169,C20H25N3O2S2
F6783-8273,C19H24FN5O4
F6519-8191,C18H15F3N4O2S
F6727-5121,C21H22N4O3S
F6438-3417,C14H16BrN5O3S
F2862-0263,C21H25N3O4S
F6523-3319,C21H23ClN2O3S
F6520-0184,C18H16BrNO2S2
F5581-1951,C22H25N5O2S
F5012-0019,C20H30N2O6S
F5088-3005,C24H23N5O3
F3321-0233,C22H28N2O5S
F2255-1082,C24H25N3O5
F6363-0951,C22H26N6O2S
F6444-0898,C25H32ClN3O2
F2696-0708,C19H16BrN3O3S
F6514-4213,C18H17BrN4O3S
F2564-0022,C22H16F3N5OS
F1142-3586,C23H21N3O4S2
F3411-1504,C26H20F3N3O3
