# All user editable compound information in the PCDL Manager compounds tab can be imported
# A minimum of formula or mass plus one identifier must be populated for compound import (recommended is formula and at least one other identifier, see examples)
# Multiple synonyms can be entered into the Synonyms column when separated by ';' (e.g. L-Isoleucine; 2-Amino-3-methylvaleric acid)
# All compounds will be assumed to be of a neutral ion type, unless a 1 is entered in the Cation or Anion column
Name,Formula
F0915-2687,C11H9ClN2OS
F1967-0430,C14H16N4O
F2666-0034,C14H16N2O3
F6667-1861,C13H10F2N2O2
F6543-0223,C12H10F2N2OS
F6793-6123,C17H18FNO
F6573-2940,C14H18N4O2
F6789-0914,C16H15N5
F6031-0315,C16H28N2O2
F6657-1525,C11H13BrN2S
F6560-5917,C15H18N4O2
F6471-2881,C16H20N2O3
F6619-7174,C16H26N4O
F2805-1591,C14H19N3O2S
F8890-1147,C13H10F2N2O4
F6515-2552,C11H14N4O2S2
F6521-7941,C12H13ClN2O3S
F6477-5269,C15H14N2O3S
F6521-3566,C16H20N2O2S
F6441-4138,C11H17NO5S2
F6724-4372,C16H15N5O2
F5772-7278,C16H17N5O2
F6713-6474,C18H20ClN3
F6495-2796,C15H17N5O3
F6556-2743,C15H18F3NO3
F6245-5910,C10H12F3N7O2
F6190-1617,C16H19NO2S2
F6416-8098,C14H14BrNO3
F6571-3263,C16H24N2O3S
F6560-6756,C17H12F2N4O
F6559-0159,C18H21N3O3
F0636-0293,C16H15N3O3S
F6475-2636,C18H22N2O4
F6465-0166,C17H20N2O3S
F6619-5671,C17H27N5O2
F3386-0470,C17H21NO4S
F6791-8355,C18H20N6O
F6396-1625,C18H14N2O3S
F6064-2916,C19H18ClN3O
F6561-7664,C18H20N4OS
F6514-4523,C16H19N7O2
F6356-0821,C13H14BrNO3S
F6523-3797,C15H13ClN6O2
F6473-6074,C18H19NO6
F5033-1037,C19H23FN2OS
F6400-0707,C19H29N3OS
F6525-2919,C18H15N5OS
F6675-9210,C18H18N6O2
F6752-2886,C15H20N4O2S2
F6796-9001,C18H20FN7
F6549-2752,C19H18FN3OS
F6445-5009,C17H15N3O2S2
F6783-7505,C16H19FN8O
F5010-0253,C18H21ClN4O2
F6184-0876,C19H23ClN2OS
F6571-5856,C18H15F3N2OS
F2711-1962,C21H20FN3O2
F6367-0434,C19H17N3O3S
F5606-0111,C20H24N4O3
F6491-0926,C19H19ClN4O2
F6755-0345,C17H17BrN4O
F6675-8600,C21H19N5O2
F6518-2243,C20H22ClNO2S
F2871-0069,C15H12BrN3O4
F6372-0188,C17H22N4O4S
F3225-3469,C21H25N5O2
F6359-0801,C21H20ClN3O2
F3237-0336,C20H34N2O3S
F0370-0118,C24H20N2O3
F6279-0180,C17H17F3N2O3S
F6564-2208,C23H21N3O3
F6495-9714,C18H16ClN3O3S
F6442-1262,C20H23FN2O3S
F6363-0708,C22H25N5O2
F3411-8570,C22H20ClN3O2
F6559-7539,C23H27FN4O
F6795-0856,C19H20N6O2S
F6400-1341,C17H23BrN2O2S
F5788-4001,C20H25N5O4
F5112-0040,C19H18N2O4S2
F6436-2693,C20H24N2O3S2
F6513-5126,C22H22N4O4
F3074-0038,C19H12BrN3O3
F6553-1152,C20H20F3NO3S
F6671-3012,C22H31N5O3
F6445-3064,C24H21FN4O2
F6557-1720,C21H22ClNO4S
F6473-0145,C25H31N3O3
F6438-3307,C21H24N6O2S
F5452-0106,C23H29N3O3S
F6250-0428,C23H27FN2O5
F6605-3312,C19H27N7O3S
F5855-0690,C26H29FN2O3
F6372-1724,C21H17ClN4O3S
F6418-1811,C16H14BrNO3S3
F6679-2587,C16H16BrClN2O4S
F3406-5189,C22H19N5O4S
F6369-0401,C22H19F2N3O4S
F5252-0081,C22H26ClN7O3
F2573-0444,C26H24F3N3O3
