# All user editable compound information in the PCDL Manager compounds tab can be imported
# A minimum of formula or mass plus one identifier must be populated for compound import (recommended is formula and at least one other identifier, see examples)
# Multiple synonyms can be entered into the Synonyms column when separated by ';' (e.g. L-Isoleucine; 2-Amino-3-methylvaleric acid)
# All compounds will be assumed to be of a neutral ion type, unless a 1 is entered in the Cation or Anion column
Name,Formula
F6782-6376,C12H11ClN2O2
F6125-2084,C14H26N2O2
F3007-0332,C13H10FN3S
F6540-9095,C12H17F3N2O
F6665-7378,C12H12F2N4O
F6725-2310,C14H11FN4O
F6743-9957,C11H19N3O3S
F0916-3971,C15H12N6
F3376-2638,C12H17N5O3
F6844-0762,C15H18N6
F6739-7752,C16H19N3O2
F5540-0012,C16H21N3O2
F6604-7635,C16H23N3O2
F6438-2998,C13H16N4O4
F6677-3288,C14H15Cl2N3
F6515-4488,C16H15N3OS
F5791-2629,C12H17N3O4S
F2518-0271,C15H15N3O4
F6562-4335,C14H17N5OS
F6808-5255,C16H27N5O
F6491-0252,C17H16N4O2
F6773-4681,C16H18N6O
F6743-9720,C14H24N4O2S
F2147-0716,C18H22N2O3
F6660-0859,C16H20N4O3
F3230-0242,C20H18N2O2
F0590-0029,C16H20N2O3S
F6480-4897,C13H15ClN6O2
F8890-4308,C16H25N3O4
F6793-7157,C16H18F3N3O
F6816-4404,C13H12F3N5S
F2416-0955,C18H20N2O4
F6496-0918,C15H14N4OS2
F6764-3312,C18H17N7
F6549-2658,C17H17ClFN3O
F6209-0454,C20H22N4O
F6438-3029,C15H17ClN4O3
F6441-4322,C17H23NO4S
F6178-4284,C19H22N4O2
F1092-0370,C17H13ClN4S
F6502-2758,C15H17F2N3O2S
F6211-0401,C17H18N4O4
F6471-0715,C20H17N5O
F6556-5564,C20H28N2O3
F1278-0648,C15H20Cl2N2O3
F6454-0105,C18H19ClFN3O
F6496-1850,C20H20N4O2
F3254-0029,C22H39NO2
F6677-1393,C18H20F3N3O
F8890-5805,C17H14F3NO4
F6024-1019,C21H23FN2O2
F6353-7239,C19H20N2O3S
F6764-0795,C15H15BrN6
F1142-6833,C19H25N3O2S
F6786-5861,C18H23N3O3S
F5896-0254,C19H17N5OS
F2211-0081,C20H12FNO3S
F6482-3263,C20H19FN4O2
F6412-1944,C17H15F3N2O2S
F5860-4107,C20H23N3O4
F6480-4624,C18H18ClN5O2
F2347-0977,C17H12ClN3OS2
F6783-7166,C17H22N6O2S
F3406-8220,C20H16N4O4
F6439-0824,C21H23N5O2
F2069-0025,C14H22FN3O4S2
F6497-0629,C21H24N4O3
F2529-0090,C20H19ClN4O2
F6713-5856,C22H21N7
F6525-7487,C23H19N3O3
F2496-3333,C19H14FNO5S
F6436-0213,C20H24N2O4S
F6539-2744,C21H31N3O4
F6524-6207,C16H20F3N3O3S
F6559-1315,C22H24N4O3
F6612-0079,C17H22N4O3S2
F6487-0398,C22H25N3O4
F6472-2609,C20H20ClN5O2
F3328-0019,C20H18ClN3O2S
F1016-0661,C19H19N3OS3
F6559-0699,C19H16F3N5O2
F6734-0980,C21H22F3N3O2
F3358-0012,C18H11F3N2O4S
F3260-0342,C20H19ClN6O2
F6502-2959,C23H29ClN4O
F5939-3134,C21H22FN3O3S
F6512-6591,C16H17F3N4O4S
F5062-0128,C21H24N8O2
F6444-1898,C23H22FN3O4
F2318-0434,C21H23ClN6O2
F3406-1696,C24H23N5OS
F6594-2244,C20H19F3N6O2
F6261-1832,C24H25N3O3S
F5087-0231,C23H26N4O3S
F6617-3148,C22H27N5O3S
F3394-0968,C24H32N2O4S
F0669-0674,C24H25N5O4
F0570-0366,C22H26N6O3S
F1227-0063,C21H26N2O6S2
F6609-6957,C26H30N4O3S
