# All user editable compound information in the PCDL Manager compounds tab can be imported
# A minimum of formula or mass plus one identifier must be populated for compound import (recommended is formula and at least one other identifier, see examples)
# Multiple synonyms can be entered into the Synonyms column when separated by ';' (e.g. L-Isoleucine; 2-Amino-3-methylvaleric acid)
# All compounds will be assumed to be of a neutral ion type, unless a 1 is entered in the Cation or Anion column
Name,Formula
F6782-6358,C12H11ClN2O2
F6752-7613,C14H26N2O2
F6663-4421,C12H12ClF2NO
F6542-5816,C13H18N4S
F6221-0083,C13H10N6O
F0191-5128,C16H14O4
F6660-3513,C14H15N3O3
F3379-0370,C15H12N6
F1468-0043,C12H17N5O3
F6675-9227,C15H18N6
F6560-7765,C16H19N3O2
F6804-8528,C14H20F3N3
F2356-0170,C16H23N3O2
F6524-6637,C13H16N4O4
F6514-2900,C12H10F5NO2
F5791-0770,C16H15N3OS
F6436-1003,C12H17N3O4S
F5319-0063,C15H15N3O4
F6573-1326,C14H17N5OS
F6199-0394,C16H27N5O
F6471-7781,C17H16N4O2
F6812-6741,C16H18N6O
F1903-0477,C14H21FN4O3
F6560-8769,C18H22N2O3
F6525-5719,C16H20N4O3
F6673-9288,C15H19ClN6
F6482-6717,C16H20N2O3S
F6360-9287,C16H13F3N2O2
F6753-2151,C17H23F2N3O
F6559-6603,C14H15N9O
F5972-0091,C12H16F3NO4S
F6793-6956,C16H19F3N2O2
F6445-1352,C15H14N4OS2
F6262-1749,C17H21N3O4
F5857-7014,C17H19NO4S
F6709-0069,C20H22N4O
F6481-4301,C16H20N2O2S2
F6266-0203,C17H23NO4S
F6230-0332,C19H22N4O2
F0596-0089,C17H12N2O4S
F2331-0061,C18H16FN3OS
F6680-3106,C17H18N4O4
F5882-3773,C12H21N7O3S
F6619-7480,C16H24N8O
F6125-0040,C16H15ClN4O3
F6524-4912,C16H15F2N5O2
F5835-0487,C20H20N4O2
F6608-3934,C20H35N3O2
F6723-0330,C18H20F3N3O
F6353-6310,C15H19N3O3S2
F2416-0318,C21H23FN2O2
F6520-2045,C19H20N2O3S
F6789-1252,C16H15BrN4O
F6676-2539,C19H25N3O2S
F6524-6163,C18H23N3O3S
F6403-2882,C19H17N5OS
F3222-2177,C15H15N3O4S2
F5075-2484,C20H19FN4O2
F6412-1852,C17H15F3N2O2S
F2864-0097,C20H23N3O4
F3411-4573,C18H18ClN5O2
F6415-0323,C14H16BrNO4S
F6713-0222,C19H23ClN4O2
F6752-3972,C17H20ClF3N2O2
F6783-6449,C21H23N5O2
F6412-1505,C19H16F3NO4
F6372-0279,C21H24N4O3
F5017-0916,C18H23FN2O2S2
F6812-1361,C22H21N7
F6293-0187,C23H19N3O3
F5581-0268,C17H14ClN5O2S
F6521-2039,C20H24N2O4S
F6670-6096,C23H27N5O
F6445-6738,C22H18FN3OS
F6296-1227,C22H24N4O3
F6441-6971,C17H22N4O3S2
F6523-1773,C21H25N5OS
F5527-2209,C20H20ClN5O2
F6561-5734,C15H20F3NO4S2
F6525-7845,C16H14F3N3O4S
F5305-0074,C19H16F3N5O2
F1516-6427,C24H21F2N3O
F6474-3918,C18H17ClN2O3S2
F6523-3223,C20H18F4N2O3
F6240-0221,C21H25FN6O2
F3225-7542,C24H21N3O2S
F3382-4943,C21H14N4O6
F2519-0148,C20H28N4O6
F5239-0085,C21H22ClN7O
F6609-6134,C21H23ClN6O2
F5341-0349,C21H24ClN5O3
F6594-1237,C20H19F3N6O2
F1109-0247,C24H25N3O3S
F3406-1002,C23H23FN4O4
F1264-5795,C25H23N5O3
F6798-4811,C20H28N8O2S
F6713-1694,C24H25N5O4
F5729-0600,C23H21F3N6O
F0550-0204,C24H23ClN4O2S
F6609-0132,C23H31ClN4O5
