# All user editable compound information in the PCDL Manager compounds tab can be imported
# A minimum of formula or mass plus one identifier must be populated for compound import (recommended is formula and at least one other identifier, see examples)
# Multiple synonyms can be entered into the Synonyms column when separated by ';' (e.g. L-Isoleucine; 2-Amino-3-methylvaleric acid)
# All compounds will be assumed to be of a neutral ion type, unless a 1 is entered in the Cation or Anion column
Name,Formula
F5103-0018,C12H9F2NOS
F1243-0115,C15H15NO3
F6516-1043,C14H15NO2S
F1501-0118,C18H20N2
F6709-4063,C17H20N2O
F1596-1180,C15H10F2N2O
F6357-0722,C15H17NO2S
F6212-0375,C12H14N4O2S
F6452-1054,C15H20ClNO2
F6573-5308,C15H16N4O2
F3007-0413,C15H13NOS2
F6042-0068,C12H11N5O2S
F6471-6365,C14H17N3O2S
F6555-6541,C13H11ClN2O2S
F6515-1093,C17H16N2O3
F3366-5769,C17H15FN2O2
F6356-0168,C13H20N2O4S
F6619-5682,C16H19ClN4
F2031-0952,C15H24N6O
F0555-0037,C19H17NO3
F6763-2012,C19H23N3O
F6619-5451,C18H25N5
F2070-0015,C17H23N5O
F6523-1040,C16H21N5O2
F6312-0022,C17H23N3OS
F6807-7105,C15H18FN5O2
F6356-1246,C15H19N3O3S
F6747-9447,C14H18ClN5S
F2979-0172,C15H13Cl2NOS
F6186-0390,C15H22N2O4S
F6815-0994,C18H25N5O
F6476-7278,C17H19N3O2S
F6265-0305,C13H17NO5S2
F3316-0196,C13H24N4O4S
F2055-0027,C17H19ClN2OS
F5526-0097,C21H21NO3
F1858-0069,C14H15N3O3S2
F6523-0394,C14H13F3N6O
F6559-0665,C17H17N5O3
F6479-4598,C15H24N4O3S
F6452-0640,C22H31NO2
F2605-0001,C17H17N3OS2
F6561-7531,C18H20N2O3S
F5596-0738,C18H20FN3O3
F6550-3319,C12H14BrNO2S2
F2647-0418,C17H20N2O2S2
F6816-3612,C15H14F3N7
F6507-5500,C12H18BrNO4S
F6809-6699,C18H17FN6O
F6516-3722,C17H14N4O3S
F1836-0129,C19H21N3O4
F2093-0747,C18H19N3O3S
F6246-1424,C17H14ClN3O2S
F5063-0170,C16H24N8O2
F6089-2464,C19H26N2O3S
F2294-0104,C18H24N2O2S2
F6812-1617,C19H23N7O
F6372-0502,C20H18FN3O3
F6743-6325,C13H18F3N3O2S2
F6524-1685,C19H22N4O4
F3407-5018,C19H18ClFN4O
F6471-8262,C11H11BrN4O4S
F6818-1457,C17H16F3N7
F6482-7019,C21H16FN3OS
F1289-0100,C21H22N4O3
F3394-1022,C18H21ClN2O3S
F6503-5356,C20H23N5OS
F1011-0855,C20H18ClN3O3
F6244-2796,C24H24N4O
F6472-4403,C20H22N2O4S
F3411-1526,C21H29N3O2S
F6510-1605,C19H20FN3O3S
F5095-0886,C19H26N4O3S
F6612-0056,C18H18Cl2N4O2
F5910-0409,C21H23N5OS
F5901-0171,C18H19ClFN3O2S
F6286-0369,C19H23F3N4O2
F3382-1583,C21H22N2O4S
F5092-0213,C20H20N2O3S2
F2318-0050,C19H17F3N6O
F6785-6470,C19H22F2N6O2
F6286-0183,C16H14Cl2F3N3O2
F6525-8003,C18H18F3N5OS
F5882-0107,C19H29N3O5S
F2660-0083,C22H23FN2O3S
F2437-0456,C20H14F3N3O2S
F6438-3306,C20H26ClN5O3
F5495-0105,C22H22N4O3S
F5824-0111,C21H20ClN5OS
F6512-7277,C17H24N4O5S2
F3406-6671,C20H21N3O6S
F6557-1432,C21H23FN2O5S
F5264-0412,C21H25Cl2N3O3
F2617-1980,C24H25ClN2O4
F0916-6774,C24H21N5O4
F6512-7034,C20H23FN6O3S
F2096-1108,C19H16Cl2N4O3S
F3385-3439,C26H23NO7
F2042-0148,C23H20ClFN2O4S
F2501-0261,C22H19ClN4O5S
