# All user editable compound information in the PCDL Manager compounds tab can be imported
# A minimum of formula or mass plus one identifier must be populated for compound import (recommended is formula and at least one other identifier, see examples)
# Multiple synonyms can be entered into the Synonyms column when separated by ';' (e.g. L-Isoleucine; 2-Amino-3-methylvaleric acid)
# All compounds will be assumed to be of a neutral ion type, unless a 1 is entered in the Cation or Anion column
Name,Formula
F6562-7479,C13H18N2O3
F6186-1014,C11H17N3O2S
F6665-5268,C13H16F3NO
F6553-0013,C13H13NOS2
F6556-5994,C13H22N4O2
F6521-3559,C13H22N2O2S
F6513-5793,C14H19N5O
F6744-5949,C15H24N4O
F6666-7286,C13H10ClFN2O2
F6808-3493,C13H15F2N3S
F3394-0484,C15H14N2S2
F3139-0653,C15H10ClFN2O
F6439-7345,C14H12F2N4O
F6755-0613,C18H20N4
F6573-9285,C15H13N5O2
F5835-0680,C15H15N5O2
F5833-6831,C16H17N3O3
F6747-6565,C18H15N5
F6554-6111,C17H21NO4
F6204-0454,C15H18N2O3S
F6752-2427,C17H25ClN2O
F3375-2775,C18H14ClNO2
F6773-2891,C13H13ClFN3OS
F5303-0203,C12H14ClN3O3S
F5856-0071,C15H12ClN3OS
F6793-5416,C18H23FN2O2
F6725-2674,C16H16N8
F6673-9355,C14H19ClN6O
F6724-0070,C14H17ClN4OS
F1915-8791,C15H23N3O5
F6510-2199,C14H18FN3O3S
F6619-2843,C18H21FN4O
F6441-0445,C14H22N2O3S2
F5821-0110,C17H25N5O2
F6411-1264,C15H19N5O2S
F6553-7072,C16H14ClNO3S
F5599-0364,C18H16N4O3
F6525-2184,C18H19N5O2
F6522-0361,C12H12F3NO3S2
F3374-0531,C19H17ClN2O2
F6573-2732,C18H19N3O2S
F6786-6068,C18H19FN4O2
F6222-0651,C17H21N5O3
F6441-5757,C15H20ClNO2S2
F6429-0447,C16H18N4O3S
F3406-9255,C19H17N5O2
F6606-1907,C21H24N4O
F5857-2258,C17H19ClN2O2S
F6512-2938,C19H21N5O2
F6446-0448,C19H19N3O2S
F6556-7702,C15H14ClNO3S2
F6525-8053,C16H19F3N4O2
F6806-6610,C15H22N2O4S2
F6809-8106,C13H12BrF3N4
F6471-0875,C21H23N5O
F6723-7494,C21H21N3OS
F6064-1620,C18H15N5O2S
F6619-5368,C17H21F3N6
F6660-0362,C20H20N2O3S
F6796-4085,C19H27N7O
F6554-1190,C18H21N5O2S
F2272-0395,C18H16FN3O3S
F6752-3979,C21H24F2N2O2
F6374-1736,C19H24N2O4S
F5342-0075,C16H15ClN4O3S
F0599-0213,C21H21N3O2S
F6752-7978,C15H16BrN3O2S
F6561-7657,C20H22N4O2S
F6752-4557,C16H21BrN2O2S
F5967-0071,C20H23N3O5
F6425-0176,C17H15ClFN7O
F6473-8370,C20H24N2O6
F6240-6987,C18H16ClFN4OS
F6374-1756,C19H25N3O2S2
F6435-9496,C13H16BrNO4S2
F6240-0033,C19H18N6O4
F5062-0169,C21H29N7O
F6670-4886,C22H24ClN3O2
F6726-5426,C19H18FN5O2S
F6556-4260,C21H23NO5S
F6476-3679,C20H25N3O4S
F3395-0613,C25H31N3O2
F3300-0042,C21H20N4O3S
F6708-8339,C23H26N2O3S
F1673-3835,C22H20ClNO3S
F6480-5801,C25H25N3O3
F6411-0039,C23H19FN4O3
F6497-2201,C19H20FN3O3S2
F6178-7263,C21H33N3O4S
F3167-0015,C20H18BrN3O3
F2817-0370,C16H12Cl2N2O4S2
F5882-2145,C25H28N4O3
F6471-8175,C16H16ClF3N4O3S
F2700-0318,C17H14ClN3O5S2
F3411-7624,C21H19ClN4O3S
F3406-3316,C21H21ClFN5OS
F6474-3175,C23H20ClF3N2O2
F0877-0045,C23H21ClN2O4S
F5461-1522,C23H21ClN4O3S
F1608-0636,C25H24N2O6S
