# All user editable compound information in the PCDL Manager compounds tab can be imported
# A minimum of formula or mass plus one identifier must be populated for compound import (recommended is formula and at least one other identifier, see examples)
# Multiple synonyms can be entered into the Synonyms column when separated by ';' (e.g. L-Isoleucine; 2-Amino-3-methylvaleric acid)
# All compounds will be assumed to be of a neutral ion type, unless a 1 is entered in the Cation or Anion column
Name,Formula
F5860-3530,C12H14N2O2S
F6218-0054,C12H9N5O2
F6666-2874,C12H12F3NO2
F6031-2042,C11H22N2O3S
F6725-1303,C15H14N4O
F6353-6069,C12H18N2O3S
F5627-0006,C10H19N5O2S
F6715-1322,C14H17FN4O
F6789-0908,C16H17N5
F6436-1620,C13H11ClFNOS
F6559-1523,C14H21F2N3O
F6190-0600,C16H21N3O2
F6799-8518,C9H9F3N6S
F6389-0460,C17H16N4O
F6441-5607,C15H18ClNOS
F6668-0621,C14H14F3N3O
F6574-1655,C16H17N3OS
F6507-5291,C14H20FNO3S
F6571-2528,C12H21N3O4S
F6554-8608,C14H14N2O2S2
F2601-0023,C14H20N4O2S
F6696-0151,C18H22N4O
F6454-2815,C16H28N2O2S
F5033-2293,C17H22N4O2
F6228-0113,C17H21FN4O
F6619-8059,C14H18N6O3
F6485-1392,C15H17FN4O3
F6230-0236,C17H14N4O3
F6482-3875,C12H13BrN4O2
F6573-7469,C18H19N3O3
F6760-5068,C17H14FN3OS
F6564-2673,C17H20N4O3
F6442-1950,C14H19ClN2O3S
F6489-2008,C16H21N5O3
F3342-0404,C16H19N3O3S
F6806-6740,C17H26N4O3
F6446-1440,C15H20N4OS2
F5729-0163,C19H19N3O3
F6734-2606,C18H22N6O
F6725-1665,C13H11F3N6S
F6539-3330,C19H19NO3S
F6521-9178,C19H19FN2O3
F6678-8945,C19H19F2N3O
F0326-1113,C13H13Cl2N3O2S
F6515-1694,C18H13F3N2O2
F6448-0983,C17H21N3O3S
F5772-9694,C17H24N4O2S
F6549-6370,C14H15BrN4O2
F3382-5426,C20H21N3O3
F6360-9588,C15H19N3O5S
F6791-8085,C17H22N8O
F6360-9331,C20H21ClN2O2
F6516-0951,C18H15ClN2O4
F6619-4642,C20H21N7
F5832-5714,C19H24ClN3O2
F6515-1705,C17H21N3O4S
F6514-4323,C15H16ClN5O2S
F2434-1628,C21H22N2O4
F5950-0112,C18H16N4O3S
F6750-6534,C18H23N7S
F0537-0447,C22H17N3O3
F6442-2187,C16H14F3NO4S
F6443-4150,C23H22N2O3
F6250-0518,C19H21FN2O3S
F6473-0259,C23H27N3O2
F6753-2680,C18H22ClN3O2S
F6439-0827,C20H24N6O2
F6573-4221,C18H23ClN2O5
F6523-4709,C21H26FN5O
F0630-1684,C20H23N3O3S
F2507-0698,C18H12F3N5S
F5546-0013,C22H20N4O3
F6480-4598,C13H19BrN4O3S
F6454-0955,C17H21ClF3N3O2
F5558-0046,C21H24N6O2
F6439-3596,C18H17F3N4O3
F5075-6082,C21H25N5O3
F2774-1824,C24H19N3O3
F6476-3307,C18H17ClF3N3O2
F5382-0864,C20H20ClN3O2S
F6810-8311,C20H22FN3O3S
F6494-4842,C22H23N5O3
F2071-0236,C16H14F2N6O3S
F0594-0137,C21H22N4O3S
F3407-2867,C15H16BrN3O4S
F3371-0794,C21H25N3O4S
F6481-0874,C21H23ClN2O3S
F5788-4729,C25H32N4O2
F6469-2165,C25H21N5O2
F6617-2993,C24H22N6O2
F6041-0426,C22H27N3O4S
F6798-4360,C18H24N8O3S
F6286-0557,C22H24F3N3O3
F6796-3470,C22H26N6O2S
F6125-3710,C26H27N5O2
F6252-5583,C16H12BrN7O2S
F3165-0966,C18H14BrClN4O3
F0920-6561,C22H21N3O4S2
F1874-0812,C22H18ClN5O3S
F8890-6535,C25H22FN3O4S
