# All user editable compound information in the PCDL Manager compounds tab can be imported
# A minimum of formula or mass plus one identifier must be populated for compound import (recommended is formula and at least one other identifier, see examples)
# Multiple synonyms can be entered into the Synonyms column when separated by ';' (e.g. L-Isoleucine; 2-Amino-3-methylvaleric acid)
# All compounds will be assumed to be of a neutral ion type, unless a 1 is entered in the Cation or Anion column
Name,Formula
F6544-0728,C12H16ClN3O
F6539-3800,C16H19NO2
F6663-9759,C14H13F2N3
F6363-0176,C12H9F2N3O2
F6435-5419,C13H16ClNOS
F1915-6484,C13H15F3N2O
F6451-0015,C15H17NO4
F6573-3420,C13H15FN4O2
F3257-0119,C17H19N3O
F6400-1293,C14H24N2O2S
F6521-5213,C13H18ClNO2S
F6467-0241,C14H15N3O2S
F5882-1961,C14H17N3O4
F3375-1367,C17H14N2O3
F6471-2035,C16H16N4O2
F6743-9973,C14H22N2O3S
F0738-0005,C18H20O4
F6675-8396,C14H18N6O2
F6477-5320,C14H12FN3O2S
F6802-8989,C15H21N3O2S
F6725-2260,C16H11ClN4O
F1813-0976,C17H16N2O2S
F6562-8964,C15H11FN4OS
F2487-0037,C11H13BrN2O2S
F6454-2300,C18H27N3O2
F6502-2706,C15H21N5O3
F5857-2657,C20H19NO3
F6574-1450,C15H18FN3O2S
F5079-0249,C14H16ClN3O2S
F6246-2828,C14H22N4O3S
F6438-2253,C12H16N4O3S2
F5228-2142,C17H19N3O4
F6414-2069,C17H17NO4S
F6482-6140,C20H20N4O
F6680-0884,C15H18N4O3S
F6708-9812,C17H25N3O2S
F6556-5938,C15H20BrN3O
F5772-9787,C15H19FN4O2S
F6670-4749,C18H18FN5O
F6751-4277,C20H24N2O3
F0920-4752,C15H16ClFN2O2S
F6510-4178,C17H17N3O3S
F3268-0035,C19H21ClN2O2
F6560-5356,C20H19N5O
F3099-0599,C17H18BrNO2
F5033-0940,C18H21ClN2OS
F6495-9291,C20H19N3O3
F6516-1752,C17H12F3NO4
F6400-1251,C16H24N4O3S
F6522-0402,C19H18N2O3S
F5033-5377,C20H25N3OS
F6748-0560,C17H19N5O2S
F5012-0265,C16H16F3NO3S
F6523-4135,C16H16BrN3O2
F6764-1941,C20H22N6O
F6755-0007,C18H19F3N4O
F6439-4964,C13H11Cl2F3N4O
F6573-1642,C19H21N5OS
F6415-1281,C20H19NO4S
F2356-0429,C20H23FN4O2
F6775-5215,C18H20N4O3S
F6515-0692,C19H16ClFN2OS
F6481-2761,C19H25N3O3S
F0649-0833,C21H19N3O2S
F6524-5324,C20H22N6O2
F0336-0067,C21H20N2O3S
F6443-1695,C18H27N3O4S
F6171-0374,C21H21NO4S
F6609-3606,C17H14Cl3NO3
F6549-5211,C19H22N4O3S
F0013-1110,C18H17BrN2O3
F6510-0973,C19H23N3O4S
F6524-4819,C18H26N6O4
F6474-3189,C22H17FN2O2S
F6795-3717,C20H23N7S
F0545-0217,C21H18FN3O2S
F6112-0312,C23H28N2O4
F6469-1660,C20H22N4O3S
F6230-0187,C19H20N4O4S
F2814-1650,C21H26N2O4S
F6594-0038,C24H28N4O2
F6353-6500,C19H22ClN3O3S
F5450-0382,C22H23N3O3S
F5939-0241,C17H14Cl2N2O2S2
F6549-9063,C22H26N2O4S
F2580-2146,C20H17F2N3O5
F6523-0804,C24H29N5O2
F5241-0104,C19H26N4O5S
F5772-6508,C24H19N5O3
F6529-0925,C19H23F3N4O2S
F6454-1411,C20H22FN5O3S
F6523-0154,C21H21F3N4O3
F5073-0010,C22H23N5O3S
F6363-0872,C22H25ClN6O2
F3411-4461,C22H26FN5O4
F5328-0293,C23H30N2O5S
F3411-3822,C25H30N4O4
F3398-1991,C21H23FN4O3S2
F2569-0788,C16H14BrNO5S3
F5581-3151,C22H16F3N5O3S
