# All user editable compound information in the PCDL Manager compounds tab can be imported
# A minimum of formula or mass plus one identifier must be populated for compound import (recommended is formula and at least one other identifier, see examples)
# Multiple synonyms can be entered into the Synonyms column when separated by ';' (e.g. L-Isoleucine; 2-Amino-3-methylvaleric acid)
# All compounds will be assumed to be of a neutral ion type, unless a 1 is entered in the Cation or Anion column
Name,Formula
F0852-0175,C15H14N2O2
F6619-2069,C15H18N2O2
F1016-0492,C13H14N2O2S
F6546-0866,C14H23N3O2
F6619-7133,C15H19N5
F5856-0135,C13H11N3O2S
F6754-8410,C13H13ClN4O
F6471-2740,C15H15ClFNO
F6561-6574,C15H14N4O2
F2616-0869,C15H15N3O3
F3406-6774,C15H17N3O3
F6747-5334,C14H19N5S
F6300-0187,C17H12N2O3
F6752-5385,C16H20F2N2O
F6608-0483,C9H7BrF3NO2
F6514-3161,C9H12F3N3O3S
F6477-5187,C15H15N3S2
F6782-5969,C13H12F3NO4
F3188-0105,C15H19N3O4
F6573-6461,C15H14F2N2OS
F3366-5772,C18H18N2O3
F6524-5382,C15H16N6O2
F6241-0132,C17H18N2O4
F6514-2444,C17H20N2O2S
F6471-3054,C16H18N2O3S
F5860-0091,C14H16ClF3N2O
F3165-1045,C14H11ClN2O3S
F6562-8154,C20H21NO3
F6439-8068,C16H15N5O3
F6475-6312,C20H26N2O2
F6811-1184,C15H16N6OS
F6489-0941,C17H23N5O2
F0840-0129,C19H22ClNO2
F6525-7480,C16H13ClFN3O2
F6525-5462,C16H22N4O2S
F5852-0897,C16H14ClFN2O3
F6036-0034,C17H15N5O3
F6562-3604,C17H18N6O2
F1572-0105,C21H25NO3
F6608-2651,C14H20BrN3O2
F6448-0038,C17H18N4O2S
F6752-6218,C16H20ClF2N3O
F6489-2011,C18H21FN4O2
F0206-0054,C15H11BrN2OS
F6490-0151,C17H18ClN3O3
F6438-3552,C15H20N6O2S
F6190-2067,C22H23NO3
F6125-0257,C16H21N3O4S
F6608-2335,C13H13BrFN5O
F6726-4872,C17H18F4N4
F1308-0004,C17H16N4O3S
F6805-9172,C20H24FN3O2
F6478-0926,C19H22ClN3O2
F6791-7639,C14H15F4N5O2
F2547-0014,C14H21NO6S2
F6783-6626,C20H24N6O
F6476-0917,C18H17F3N2O3
F6785-7190,C20H25N5O2
F6523-0093,C16H18F3N5O2
F6507-7952,C17H16F3NO3S
F6619-2834,C20H25ClN4O
F6353-5652,C19H22N2O4S
F6502-5140,C17H11F3N4O3
F6446-0201,C22H20FN3O2
F6517-4340,C21H17NO2S2
F6524-1203,C19H20N6O3
F6378-0351,C17H16F2N2O4S
F6523-2907,C19H21N5O4
F6443-8237,C19H19N3O4S
F6750-6311,C21H22N8
F6502-6330,C19H18F2N4OS
F6747-6442,C20H27N3O3S
F0223-0003,C22H17NO4S
F6529-2771,C18H24N4O4S
F6064-3477,C17H13F3N4O2S
F6456-1751,C19H21N7OS
F6549-8742,C20H19N3O2S2
F6442-7107,C22H27FN4O2
F6519-4024,C21H28N4O2S
F2135-1352,C19H12F3N3O2S
F6478-3499,C20H21ClFN3O3
F6482-5389,C23H25N3O4
F6064-3524,C17H13F3N4O3S
F5870-0465,C22H24N2O4S
F6475-1847,C20H18ClN3O3S
F6438-3347,C20H27N5O3S
F6523-0160,C19H19F3N6O2
F6353-6000,C19H22ClN3O4S
F5099-0020,C22H22N2O3S2
F6617-3243,C23H16ClN5O2
F5939-3351,C20H20N2O5S2
F6372-1826,C23H18ClN3O4
F6471-9293,C18H22N4O5S2
F6436-2976,C22H23N3O3S2
F3406-6865,C22H22ClFN4O3
F2459-1771,C24H22ClN5O2
F6245-3185,C22H20FN5OS2
F8890-5746,C26H32N4O2S
F0614-0096,C25H23N3O5S
F3406-5741,C25H27N7O4
