# All user editable compound information in the PCDL Manager compounds tab can be imported
# A minimum of formula or mass plus one identifier must be populated for compound import (recommended is formula and at least one other identifier, see examples)
# Multiple synonyms can be entered into the Synonyms column when separated by ';' (e.g. L-Isoleucine; 2-Amino-3-methylvaleric acid)
# All compounds will be assumed to be of a neutral ion type, unless a 1 is entered in the Cation or Anion column
Name,Formula
F6789-0445,C13H18FN3O
F6619-2098,C12H14F2N2O2
F6660-6474,C14H13FN2O2
F6546-0864,C15H25N3O
F3095-4475,C18H21NO
F6516-0717,C16H17NO3
F2173-0923,C16H19ClN2
F6284-0097,C17H15N3O
F6561-0752,C13H20N4O3
F6518-4561,C17H21N3O
F6514-2428,C16H18N2O3
F0630-1107,C16H20N2OS
F6190-0364,C16H22N2O3
F0882-2741,C15H19NO3S
F6672-2084,C20H25NO
F6559-1424,C17H25F2NO
F6619-7300,C15H21N7
F2245-0383,C15H14N2OS2
F6513-5833,C15H17ClN4O
F2072-0282,C15H26N6O
F2879-6333,C17H15N3O3
F6560-7531,C17H17N3O3
F0656-0623,C15H15N5O3
F5883-0952,C16H17N3O4
F6496-1637,C16H19N3O2S
F6442-4201,C18H13N3O3
F5831-9827,C16H16FNOS2
F6744-6565,C18H22N6
F6482-4116,C13H20N6O2S
F6515-0807,C16H14N4O2S
F6803-2401,C15H17N7O2
F6436-2213,C15H14F3NO2S
F5831-6496,C17H22N4OS
F6734-1524,C16H17FN4OS
F5087-0249,C21H23N3O
F6416-9152,C18H19ClFNO2
F6359-3230,C19H20N4O2
F6475-1633,C15H15ClN2O3S
F6515-0343,C18H17N3O2S
F1403-0077,C20H20O5
F6559-3439,C17H19N5O3
F5833-1410,C19H26N4O2
F0895-0088,C20H12N2O2S
F6475-7513,C17H19N3O3S
F6452-1026,C19H23ClN2O2
F6539-2669,C18H25N3O4
F5222-0011,C18H20ClNO2S
F6660-0644,C19H18N4O3
F2049-0129,C19H16N2O3S
F6239-0548,C17H19N7O2
F3222-0315,C19H18ClN3O2
F2070-0697,C15H12BrN5O
F3394-0819,C20H23FN2OS
F6685-8838,C19H21ClN2O3
F2783-1363,C18H19FN2O3S
F1430-0103,C16H13ClN2O2S2
F6729-7076,C17H18F3N5O
F3179-0305,C15H23Cl2NO3S
F6564-4655,C20H24N4OS
F6448-2425,C18H18N4O3S
F3237-0135,C13H13BrN2O4S
F5831-7057,C19H23N3O3S
F6441-4487,C19H21NO3S2
F5248-0533,C19H28N4O2S
F6442-1146,C18H22N2O5S
F5831-8940,C21H22FN5O
F5854-1989,C20H19N3O3S
F6619-7704,C20H23FN6O
F6783-8019,C16H16F4N6O
F6225-0742,C18H15FN4OS2
F8890-7576,C20H17N7O2
F6435-8994,C14H16ClN3O4S2
F2839-0798,C21H18N4O4
F5530-0563,C23H25N3O3
F1840-0035,C21H19N3O3S
F6556-3249,C20H30N2O4S
F6519-7367,C20H20N4O3S
F6476-1279,C16H13BrClFN2O2
F6564-3290,C23H21N5O2
F3406-2099,C15H15ClN2O5S2
F2725-1167,C23H20N2OS2
F3406-5614,C22H22N4O2S
F6709-2646,C21H24N6O3
F6441-1013,C19H22FNO4S2
F5620-0141,C21H27N5O2S
F2224-0012,C23H20N4O4
F6262-6544,C19H15F2N3O2S2
F6605-0155,C23H24FN5O2
F5498-0116,C22H24N4O3S
F6445-3188,C21H25N5O3S
F6247-0705,C22H19FN8O
F2068-0718,C21H27N3O5S
F6043-0685,C19H28N6O4S
F3351-0479,C26H25N5O2
F6561-5445,C24H30N2O4S
F3226-1344,C25H27N5O3
F6510-1295,C17H18F3N3O4S2
F3406-5477,C24H22N6O4
F0654-1362,C21H18ClN5O4S
F0528-1018,C26H34N4O3S
