# All user editable compound information in the PCDL Manager compounds tab can be imported
# A minimum of formula or mass plus one identifier must be populated for compound import (recommended is formula and at least one other identifier, see examples)
# Multiple synonyms can be entered into the Synonyms column when separated by ';' (e.g. L-Isoleucine; 2-Amino-3-methylvaleric acid)
# All compounds will be assumed to be of a neutral ion type, unless a 1 is entered in the Cation or Anion column
Name,Formula
F0175-0013,C10H11N3O3S
F5868-0217,C14H15N3O2
F6363-0198,C13H12FN3O2
F0050-0002,C15H24N2O2
F6789-0766,C16H20N4
F6661-9139,C15H13FN2S
F9995-0116,C17H13N3O
F0017-0157,C17H14N2S
F6471-2966,C13H19N3O2S
F2138-0023,C14H21ClN2O2
F1142-1347,C14H10FN3OS
F1358-0094,C15H15NO3S
F6796-0069,C14H17N3O2S
F6481-4033,C13H14N2O2S2
F6210-0798,C14H20N2O3S
F6515-0649,C17H18N2OS
F6518-4340,C15H16N4O3
F5302-0057,C15H18N4O3
F6743-8057,C17H28N4O
F6561-3343,C16H21NO3S
F5461-0989,C16H27N3OS
F2468-0199,C13H13ClN2OS2
F6619-6381,C16H23N7
F6709-0352,C16H21N5O2
F6507-5324,C18H23NO4
F6549-3722,C15H21N5OS
F5971-1046,C17H17F2NO3
F6436-1990,C16H18FNO3S
F6609-3617,C15H10ClF2NO3
F6725-1133,C16H18N6S
F2184-0235,C11H9BrN2O3S
F6802-6977,C14H20FN3O3S
F6245-1759,C13H12F3N3O2S
F9995-1227,C21H20N2O2
F6395-2024,C14H17F3N2O2S
F1605-1232,C19H18FN5
F6514-3194,C13H14F3NO4S
F3385-2378,C20H18O5
F6439-7444,C14H21N5O3S
F6549-8413,C20H21FN2O2
F1132-0272,C13H15BrN2O2S
F6430-0119,C16H14ClN5O2
F5313-0560,C16H14F2N6O
F6448-1233,C18H23N3O2S
F3398-0091,C15H10ClN3O3S
F6481-4346,C17H20N2O2S2
F6524-4880,C17H15N7O2
F5526-0212,C16H15BrFNO2
F2505-0011,C17H24N2O4S
F3371-0901,C19H15FN2O2S
F6573-4303,C19H21N3O4
F3277-0939,C18H19N3O3S
F6372-0593,C17H14ClN3O2S
F6750-6564,C21H24N6
F6806-7036,C19H26N2O3S
F6495-4141,C20H20N4OS
F6359-1670,C22H27N3O2
F5773-3669,C20H21N3O2S
F2814-1621,C17H17F2NO4S
F6805-8031,C19H22N4O4
F5600-0181,C19H15F3N4O
F3074-0030,C18H12Cl2N2O3
F5954-0074,C19H17N7O2
F6436-0786,C15H18F3N3O3S
F5596-1186,C21H22N4O3
F6279-0097,C18H18F2N2O3S
F5782-0017,C20H23N5OS
F6796-3281,C18H17N5O3S
F5584-0005,C21H28N4OS
F6482-2157,C17H23FN2O5S
F0826-0015,C22H29NO5
F6713-4920,C17H14F3N7O
F5033-1368,C21H27FN2O2S
F6279-0019,C16H19F3N2O2S2
F5911-0366,C21H23N5OS
F6472-0675,C17H21ClF3NO2S
F8890-3832,C21H24N4O4
F6476-3928,C21H22N2O4S
F6752-6422,C18H23BrF2N2O
F6094-0718,C21H18N6O3
F5839-0142,C23H24N4O3
F5939-3047,C18H18ClN3O2S2
F2947-1014,C19H18F3N3O4
F3260-0567,C21H25N5O4
F6178-0291,C21H23ClN4O3
F6562-1084,C19H19N3O4S2
F2902-0353,C20H21N9O2
F2365-0022,C22H22N4O3S
F6374-1844,C20H24FNO4S2
F5092-0182,C22H24N2O3S2
F6411-5085,C22H22FNO5S
F0308-0412,C25H22O7
F6245-0032,C22H20FN5O2S
F3407-2221,C22H24N4O4S
F6529-0437,C21H25N5O4S
F6064-5410,C22H21F3N4O3
F0666-0186,C24H19ClN2O5
F6548-0080,C24H23N5O3S
F3111-1545,C23H23ClN2O5S
F2575-0032,C23H23ClN4O4S
