# All user editable compound information in the PCDL Manager compounds tab can be imported
# A minimum of formula or mass plus one identifier must be populated for compound import (recommended is formula and at least one other identifier, see examples)
# Multiple synonyms can be entered into the Synonyms column when separated by ';' (e.g. L-Isoleucine; 2-Amino-3-methylvaleric acid)
# All compounds will be assumed to be of a neutral ion type, unless a 1 is entered in the Cation or Anion column
Name,Formula
F5857-5721,C13H16ClNO2
F6816-2899,C13H15N5O
F5857-0383,C14H15NO4
F6357-1522,C13H15NOS2
F3386-3045,C10H11N3O4S
F0138-0405,C16H16O4
F5119-0577,C14H17N3OS
F6244-2642,C14H18N2O2S
F5490-1357,C17H19N3O
F1243-0074,C17H20N2O2
F6288-0027,C14H13N3O2S
F6546-1097,C14H15N3O2S
F6804-8540,C12H16F3N3O2
F5857-1861,C14H15FN2O2S
F6525-4441,C16H16N4O2
F3229-0013,C17H18N2O3
F6445-6902,C17H20N2OS
F5526-0743,C17H19FN2O2
F6744-9721,C13H12ClN5S
F2684-0069,C15H21N3O2S
F2135-0702,C14H15ClN2O2S
F6524-2658,C13H11F3N4O2
F6482-6864,C16H14N2OS2
F6384-1480,C19H29N3O
F6619-8098,C16H23N5O2
F6390-3483,C18H25NO2S
F6774-4165,C14H19N5O2S
F3328-0024,C18H17N3OS
F6184-0240,C15H16FNO2S2
F5876-0206,C17H18N4O3
F6548-0531,C15H12N4O3S
F6806-7571,C15H21F2N3OS
F6502-6816,C16H17N3OS2
F6471-2223,C20H20N4O
F5860-3022,C18H14N4O3
F5883-0302,C17H22FN3O3
F6192-0570,C19H15NO3S
F6515-2264,C18H18N4OS
F6200-3568,C20H21NO4
F6750-6542,C16H20N8O
F6415-0386,C15H16Cl2N2O3
F6597-2605,C15H16F3N3OS
F6252-5081,C17H17FN4O3
F6390-2612,C19H23NO5
F6677-3760,C13H14BrN7
F6403-0597,C19H16N4OS
F3386-5351,C18H23NO4S
F6204-0903,C17H18ClNO3S
F6448-0325,C19H20N4O3
F6041-0309,C19H18N2O3S
F6104-0092,C20H22FN3O2
F6725-0005,C17H19N5O2S
F5461-1788,C17H17N3O2S2
F6553-0943,C17H16BrNO3
F5097-2705,C19H26N2O5
F5854-2232,C18H24N2O4S
F5773-1268,C15H9Cl2FN4O2
F3411-3576,C21H22ClN3O
F6481-4347,C19H19N3OS2
F6752-2215,C21H26N2O2S
F6296-1240,C18H20N4O3S
F3371-0855,C18H19BrN2O2
F6473-4228,C22H21N3O3
F3395-2036,C19H18F3N3S
F6374-3471,C20H30N2OS2
F2743-0178,C21H17FN2O4
F0836-0059,C21H23N3O4
F6560-0849,C19H20F3NO2S
F6454-2486,C22H32N4O2
F3225-0164,C19H22N4O3S
F6679-2769,C14H12BrF3N4O
F2493-3608,C22H19N3O4
F6594-2648,C20H22N8O
F5469-0059,C19H21ClN2O3S
F6521-1779,C19H27N3O4S
F6480-3388,C18H22ClN3O3S
F6523-4623,C22H28N4OS
F6514-2661,C20H22N4O3S
F5839-0102,C20H15F3N4O2
F2296-0507,C21H26N2O4S
F5882-5652,C25H28N2O3
F6359-0629,C19H16F3N3O2S
F6761-7659,C20H22F3N3OS
F6796-4102,C22H30FN7
F3385-5688,C25H22N2O4
F6192-0701,C21H23NO4S2
F6257-3937,C22H25N7O2
F3406-6482,C23H23FN4OS
F5120-0397,C22H23N3O4S
F6726-5050,C20H21FN6O2S
F6438-3453,C18H21N7O4S
F6195-2809,C22H22N6O2S
F6225-0999,C22H23N5O3S
F6497-2335,C23H25FN4O2S
F3226-1669,C23H29N3O4S
F3222-3132,C22H27FN4O3S
F5254-0136,C24H26N4O3S
F2320-0275,C22H19BrN6O
F0001-2406,C22H30N6O4S
F3406-1657,C26H26N6O4
