# All user editable compound information in the PCDL Manager compounds tab can be imported
# A minimum of formula or mass plus one identifier must be populated for compound import (recommended is formula and at least one other identifier, see examples)
# Multiple synonyms can be entered into the Synonyms column when separated by ';' (e.g. L-Isoleucine; 2-Amino-3-methylvaleric acid)
# All compounds will be assumed to be of a neutral ion type, unless a 1 is entered in the Cation or Anion column
Name,Formula
F3358-0159,C11H8ClNO2S
F6661-9006,C14H15N3S
F5871-3614,C12H11N3O4
F6556-0199,C14H20N2O3
F6089-9876,C13H20N2O4
F6439-5400,C13H12N4OS
F0463-0371,C15H14FNO3
F6756-1040,C10H10F4N4O
F6617-2749,C16H15N3O2
F6471-2234,C15H16N4O2
F2245-0849,C12H8ClF2NOS
F6416-9173,C12H16ClNO3S
F1155-0431,C16H18ClNO2
F2167-0035,C10H9BrF2O3
F6412-1466,C17H16N2O3
F5772-2455,C15H14N4O3
F5526-0687,C16H16N2O4
F6200-1335,C16H18N2O4
F6494-0655,C16H24N4O2
F3411-2997,C18H14FN3O
F6562-7695,C20H23NO2
F6709-0420,C19H25N3O
F6502-2517,C18H23N3O2
F6237-1073,C16H21N5O2
F6554-0382,C17H20FN3O2
F0367-0014,C17H21NO5
F5066-0144,C15H19N3O3S
F3382-1905,C14H17N3O4S
F5033-0165,C21H28N2O
F6681-3333,C18H18N2O4
F6619-5459,C18H25N5O
F5834-4909,C17H19N3O2S
F6516-0091,C17H14ClNO2S
F5299-0363,C16H20N4O4
F6014-0015,C18H14N4OS
F3394-1288,C17H17N7O
F3222-0459,C15H15NO4S2
F6471-3276,C19H18N2O2S
F6471-5883,C15H16F3N5O
F6494-1082,C18H20N4O3
F6442-6533,C20H27N3O2
F5228-0768,C17H14FN3O2S
F6436-1982,C18H20N2O3S
F6514-8769,C21H19N3O2
F6514-7197,C18H26N4O3
F6445-6805,C20H16N2O2S
F6244-3399,C20H19N3OS
F6244-3246,C23H30N2O
F6412-2348,C20H20N2O4
F6445-0507,C18H14N2O4S
F6244-3070,C20H19F2N3O
F6245-1614,C14H14F3N5O3
F6525-4327,C16H14BrN3O2
F6246-4163,C17H24N6O3
F6244-2819,C22H22N2O3
F0212-0134,C21H20N2O2S
F6368-0249,C19H23N7O
F3407-0775,C23H17N3O2
F6557-1516,C14H15F4NO4S
F6761-7517,C17H21F3N4O2
F6357-0150,C19H20N2O4S
F5016-0797,C21H31N3O3
F5825-0160,C17H21N5O3S
F5772-7217,C19H15N5O2S
F6472-2668,C19H21F3N4O
F2496-2513,C21H17ClN2O3
F6818-0632,C18H19F4N5
F2494-0072,C16H21N3O4S2
F6374-1751,C22H28N2O2S
F6523-3188,C20H19FN2O5
F6014-0196,C24H25N3O2
F2743-0801,C22H19N3O2S
F6689-3141,C19H26N4O3S
F6441-3577,C16H22Cl2N2O3S
F6562-2412,C21H20FN5O2
F6240-6626,C21H15ClFN3O2
F6089-8175,C19H28N2O5S
F5238-0055,C19H19ClN6O2
F6451-3063,C18H16ClF3N2O3
F0676-0938,C19H22N4O4S
F5027-0099,C24H24N2O4
F2986-0228,C18H14ClNO4S2
F2865-0588,C19H16FN7OS
F6454-2440,C21H25N5O2S
F6559-1393,C20H22N4O4S
F6441-3331,C17H24BrNO4S
F2495-0270,C24H25N3O2S
F1374-0254,C25H18N4O3
F2279-0064,C19H21ClFN3O3S
F3398-3327,C21H15F3N4O3
F6240-7775,C20H13F4N5O2
F5078-0069,C18H16F6N4O2
F6436-2940,C20H21F2N3O4S
F5228-0345,C23H22ClFN4O2
F2862-0413,C22H25N3O5S
F5855-0623,C23H21F3N2O4
F6368-0420,C25H31N5O3
F6660-1561,C24H20ClN5O3
F3222-5241,C27H31N5O3
F3411-2941,C29H31N3O4
