# All user editable compound information in the PCDL Manager compounds tab can be imported
# A minimum of formula or mass plus one identifier must be populated for compound import (recommended is formula and at least one other identifier, see examples)
# Multiple synonyms can be entered into the Synonyms column when separated by ';' (e.g. L-Isoleucine; 2-Amino-3-methylvaleric acid)
# All compounds will be assumed to be of a neutral ion type, unless a 1 is entered in the Cation or Anion column
Name,Formula
F6540-5229,C15H26N2O
F2147-1719,C10H17N5O3
F6540-2944,C14H17N3O2
F6494-0749,C12H13N3O2S
F3375-1267,C12H10ClNO2S
F1915-2681,C13H22N2O4
F9995-4299,C16H23N3O
F2496-0263,C14H12ClNO3
F5937-0109,C14H14ClFN2O
F6064-0854,C14H13N5O2
F6546-1094,C15H14N2O2S
F1967-1111,C14H12N2O5
F6420-0455,C15H18N2O2S
F6438-0099,C15H24N4O2
F6188-0502,C15H21NO3S
F6681-3741,C17H16FN3O
F6796-3689,C14H14FN7
F5761-0144,C16H19N3O3
F6709-0403,C15H21N5O2
F6788-8088,C14H18N4O2S
F1018-0972,C14H9Cl2NO3
F3348-0022,C13H9F4N5
F2726-0787,C16H12FN3OS
F0239-0783,C17H11F2NO3
F6550-1867,C14H17ClFNO2S
F6539-3036,C17H26N4O2
F5791-1356,C19H20N4O
F6675-8147,C16H17F3N4
F5012-0249,C15H17FN2O3S
F6549-5573,C19H23N3O2
F6752-4657,C15H19ClFN3O2
F0672-0414,C19H24N2O3
F6523-4307,C16H18N4O2S
F6496-1450,C14H13BrN4O
F6438-0348,C16H20ClN5O
F6539-3830,C16H17NO3S2
F6438-1288,C15H20N4O3S
F6490-0016,C18H19N5O2
F6445-6463,C14H14ClN3O3S
F6515-0332,C17H16N4O2S
F6472-0678,C17H24ClNO2S
F6473-6375,C19H22N2O4
F6479-4315,C19H22FN3O2
F6562-9658,C16H15N3O4S
F5954-0152,C18H14N6O2
F6658-0158,C16H21N5O2S
F3386-4557,C13H10Cl3NO2S
F5498-0015,C16H19ClN4OS
F3368-0096,C22H25NO3
F6672-1895,C18H21F2NO2S
F6390-3472,C16H18ClNO2S2
F6795-5678,C16H20N8S
F2446-0096,C17H18N4O3S
F6481-3826,C17H16N2O3S2
F6806-6332,C20H31N3O3
F6792-3381,C17H25N5S2
F2070-1204,C19H13F2N5O
F6089-8151,C15H25F3N4O3
F6524-3999,C19H20N4O2S
F6809-6111,C17H15BrN4O
F6089-7671,C21H25NO3S
F6412-2395,C19H19NO5S
F5824-0017,C23H26N4O
F6245-6480,C18H24N4O3S
F3225-6673,C21H15ClN2O3
F6549-5337,C22H22ClN3O
F0015-0322,C20H13Cl2N3O
F6353-7458,C17H26N4O2S2
F6374-3619,C17H21FN2OS3
F6791-7527,C19H23N5O4
F6520-0684,C20H21NO5S
F6791-8925,C20H25FN4OS
F5560-0045,C16H18N6O2S2
F6225-0783,C21H21N5OS
F3411-8116,C16H16ClN5OS2
F6764-2069,C21H22N4O2S
F5620-0012,C16H17ClN4O2S2
F6473-4308,C21H23N3O5
F5882-2047,C20H21N3O4S
F5469-0063,C20H23N3O4S
F6111-2159,C24H25N3OS
F2527-0136,C17H15ClN4O4S
F6374-3632,C20H28N2OS3
F5615-0291,C22H26N4O2S
F2458-0054,C20H19N3O5S
F0603-0413,C18H14BrFN4S
F6043-0283,C22H22N6OS
F5729-0563,C21H19ClF3N3O
F2224-0058,C21H14Cl2N4O2
F6529-3475,C18H22ClN3O5S
F6619-7280,C16H18BrF3N6
F2691-0714,C18H17BrFN5O2
F5033-3731,C21H22Cl2N2O4
F6411-3639,C20H17ClF3N3O3
F6360-7865,C20H21F3N2O4S
F6475-4987,C22H24ClN3O5
F6658-2584,C20H25ClN6O2S
F5251-0109,C22H25FN6O2S
F0570-0345,C23H28N6O3S
F1673-2732,C27H32N2O6
