# All user editable compound information in the PCDL Manager compounds tab can be imported
# A minimum of formula or mass plus one identifier must be populated for compound import (recommended is formula and at least one other identifier, see examples)
# Multiple synonyms can be entered into the Synonyms column when separated by ';' (e.g. L-Isoleucine; 2-Amino-3-methylvaleric acid)
# All compounds will be assumed to be of a neutral ion type, unless a 1 is entered in the Cation or Anion column
Name,Formula
F6660-4207,C12H10ClNOS
F6546-1830,C15H17N3O
F6543-1574,C14H17N3O2
F6760-1795,C14H9N5O
F5857-7567,C12H13NO2S2
F6244-3217,C17H22N2O
F6672-1564,C16H23N3O
F5831-7519,C14H15NOS2
F0537-0595,C16H12N2O3
F6525-1182,C14H13N5O2
F6300-0213,C14H11FN4O2
F6677-3165,C14H13ClN4O
F6730-0264,C17H14N4O
F6752-2441,C16H28N4O
F6561-3934,C15H21NO3S
F6525-5276,C14H15N7O
F6448-0992,C13H21N3O3S
F6490-0217,C16H19N3O3
F6619-7330,C14H21N7O
F6743-9717,C14H18N4O2S
F6186-0262,C11H16ClNO3S2
F6435-0394,C14H17NO5S
F6239-0086,C15H12ClN5O
F3320-0894,C16H14ClN3O2
F6502-7688,C15H15N3OS2
F6089-9797,C17H26N4O2
F6471-5167,C19H20N4O
F6523-4349,C18H18N4O2
F6425-0036,C15H12N6O3
F3398-3354,C19H23N3O2
F5686-1032,C16H17N5OS
F6186-1363,C16H28N2O3S
F6225-0944,C16H18N4O2S
F6522-1527,C16H13ClN2O2S
F6125-2825,C13H23N3O5S
F6507-5343,C14H19Cl2NO4
F5582-0172,C20H17FN2O2
F6472-2747,C18H19N5O2
F3350-0794,C17H10FN3O2S
F6471-3787,C17H16N4O2S
F6427-0224,C15H15N7O3
F6549-7127,C19H22N2O4
F5033-1196,C19H25N3OS
F6237-1847,C16H13ClFN5O
F6564-2688,C17H19ClN4O2
F6497-0578,C18H19F2N3O2
F6507-8996,C12H16BrNO2S2
F6751-9921,C17H23BrN2O
F6660-0636,C21H25N3O2
F6200-4098,C20H19NO5
F6802-7337,C14H18BrN3O3
F6443-1449,C20H24N2O2S
F5780-0146,C16H23ClN2O3S
F6252-4105,C19H12N4O2S
F3278-0017,C22H35NO3
F6752-3610,C19H20F3N3O
F6524-5663,C16H14F3N5O2
F6619-6256,C18H22N8O
F6515-3127,C19H20N4O2S
F6789-2673,C17H15BrN4O
F6594-2634,C16H20F3N5O2
F6560-1231,C17H16FN5O2S
F6452-2596,C21H30N2O4
F6549-8906,C18H24N4O3S
F0537-1892,C18H19ClN2O3S
F6225-0777,C20H21N5OS
F6520-1164,C18H14F3NOS2
F6473-8568,C21H22N2O5
F6472-7722,C20H21BrN2O
F5788-0524,C24H23N3O2
F5857-2505,C20H21NO5S
F6524-5395,C20H20N8O
F6784-3596,C18H16F2N4O2S
F6438-1562,C18H22FN5O2S
F6374-1314,C17H20BrN3OS
F6246-0622,C21H22N4O2S
F3382-2600,C18H12F4N2O2S
F6796-7147,C19H20FN7O2
F5643-0004,C20H21N3O4S
F1637-0043,C20H23N3O4S
F6761-7498,C19H20F3N7
F6261-4237,C19H19ClN2O2S2
F6523-0048,C19H19F3N4O3
F6796-9332,C19H22F4N6
F2580-1697,C21H20ClN3O4
F2330-0246,C18H13ClN4O4S
F2602-0128,C21H21F3N4O2
F6523-0371,C19H18F3N5OS
F3386-5333,C18H20N2O4S3
F3406-1286,C21H16ClF2N5O
F3394-0909,C21H19ClN2O4S
F0541-1135,C20H17ClFN3O3S
F6237-2792,C19H16ClF3N6O
F0866-0160,C25H17N3O3S
F6433-0300,C23H18N6O2S
F1601-0305,C25H23N3O3S
F2297-0280,C22H25FN2O5S
F5919-0239,C23H28N4O4S
F2880-3312,C28H28N4O3
F2692-0300,C23H16ClN3O3S2
