# All user editable compound information in the PCDL Manager compounds tab can be imported
# A minimum of formula or mass plus one identifier must be populated for compound import (recommended is formula and at least one other identifier, see examples)
# Multiple synonyms can be entered into the Synonyms column when separated by ';' (e.g. L-Isoleucine; 2-Amino-3-methylvaleric acid)
# All compounds will be assumed to be of a neutral ion type, unless a 1 is entered in the Cation or Anion column
Name,Formula
F6662-1520,C9H8ClF3N2O
F5257-1003,C14H16N4O
F8889-8722,C14H16N2O3
F6246-1576,C9H11F3N4O2
F6617-2062,C12H10F2N2O3
F6675-6489,C14H17N5O
F6672-1608,C16H19FN2O
F6793-6920,C12H18F3N3O
F6554-1856,C12H12BrNO2
F6210-1073,C12H13ClN2O2S
F6064-0487,C15H18N4O2
F6507-4094,C16H20N2O3
F6439-3389,C16H26N4O
F6237-0127,C16H15N5O
F6482-7313,C13H16N2O2S2
F6560-4636,C12H15ClN4OS
F6660-0593,C15H12N2OS2
F6793-6938,C12H13F3N4S
F6416-6532,C16H20N2O2S
F6502-5873,C13H8F3N5O
F6788-8177,C13H19N5O2S
F6724-2789,C16H17N5O2
F6190-0306,C15H23NO4S
F6222-0582,C15H17N5O3
F6389-0247,C18H15N5O
F6184-0098,C17H18FNO2S
F5857-1608,C16H19NO2S2
F6513-5642,C13H14BrN3O2
F6752-2981,C16H24N2O3S
F6514-2869,C14H13F3N4O2
F6560-7533,C18H21N3O3
F6805-8538,C16H15N3O3S
F6215-0012,C18H22N2O4
F6808-5854,C17H15F3N4
F6808-5232,C18H31N5O
F6571-3773,C17H21NO4S
F5298-0347,C16H24N4O4
F6677-3878,C14H19BrN4O
F6435-9106,C16H21NO5S
F2476-0176,C18H20N4OS
F1633-0004,C20H23NO4
F3296-0415,C14H10BrN5O
F5860-3571,C15H15F3N2O2S
F6494-0684,C19H15N5O2
F1673-0760,C18H22N2O5
F6556-6192,C19H29N3O3
F0307-0134,C18H15N5OS
F6791-8050,C15H22N6O2S
F6514-2966,C17H15F3N2O3
F6443-8328,C19H23N5O2
F6670-4718,C18H18ClN5O
F6445-6608,C19H16FNOS2
F5097-0810,C23H22N2O2
F6795-0875,C16H20N6O2S
F5775-0098,C19H17F3N2O2
F5001-1940,C20H16N2O3S
F6454-2288,C21H23N3OS
F6436-3952,C19H17N3O3S
F6492-0970,C20H24N4O3
F6427-0261,C17H18N6O2S
F2702-0119,C18H16N2O3S2
F6752-4411,C18H23N5O2S
F3227-1677,C22H17NO5
F0850-2847,C17H13Cl2N3OS
F6240-4784,C17H22N4O4S
F6798-4683,C20H25N7O
F6559-0057,C19H19N5O2S
F2986-0167,C13H9ClF3NO3S2
F6571-6034,C21H24N2O3S
F6481-4313,C20H19FN2OS2
F3407-0662,C23H21N3O3
F3237-0583,C16H24BrNO3S
F6523-0108,C18H17F3N6O
F6523-4452,C19H29N5O2S
F1174-0396,C20H19N5O2S
F6676-1052,C24H30N2O3
F6783-7960,C16H21FN6O3S
F6473-6945,C17H19ClN2O5S
F3395-0130,C20H28F3N3S
F6681-8870,C17H19BrN6O
F6559-6686,C15H19F3N6O2S
F3411-6446,C22H22N4O4
F6805-7988,C15H16BrN5O2S
F6548-1894,C22H16F3N3O2
F6764-0750,C18H15BrN4OS
F5863-0180,C21H20N8O2
F6476-6067,C23H18ClN3O3
F6564-9348,C24H31N5O2
F1834-0047,C22H24N4O5
F6166-0447,C25H25N5O2
F5528-0906,C25H26N4O3
F6564-9067,C24H27N5OS
F6175-0321,C23H28N6O3
F6195-5069,C18H21ClN4O3S2
F6557-0040,C17H18BrNO4S2
F6246-2842,C15H19BrN4O3S2
F6748-0128,C19H23N5O4S2
F2609-0582,C22H25N3O4S2
F3141-0090,C28H29N3O4
F0590-0320,C25H29N3O5S
