# All user editable compound information in the PCDL Manager compounds tab can be imported
# A minimum of formula or mass plus one identifier must be populated for compound import (recommended is formula and at least one other identifier, see examples)
# Multiple synonyms can be entered into the Synonyms column when separated by ';' (e.g. L-Isoleucine; 2-Amino-3-methylvaleric acid)
# All compounds will be assumed to be of a neutral ion type, unless a 1 is entered in the Cation or Anion column
Name,Formula
F6438-0578,C12H18N4O2
F6554-5482,C13H15F2NO2
F3296-0487,C15H17NO3
F6518-2077,C13H13NO3S
F6805-5338,C14H23FN4
F5490-1308,C15H18N4O
F6543-1481,C14H19N5O
F6777-3362,C15H24N4O
F2135-1500,C13H10F2N2OS
F6555-6506,C15H13N3O3
F6125-3255,C9H13F3N2O3S
F6755-5463,C13H12N4S2
F2705-0145,C13H14N4O4
F6473-7006,C16H24N2O3
F6363-0731,C12H17N5O2S
F5791-3453,C15H15N5O2
F5834-1875,C16H17N3O3
F6755-0164,C17H20ClN3
F2070-1335,C15H18FN5O
F2812-1651,C15H18N2O3S
F6713-7254,C17H20N6
F0636-0073,C16H13N3O2S
F2733-0105,C15H11N3O3S
F1142-0865,C17H14ClNOS
F6514-2745,C12H10F3N3O2S
F6514-7242,C15H22N6O2
F2493-2230,C20H20N2O2
F6573-8806,C19H18N2O3
F6555-0535,C11H15F3N4O2S
F6791-8267,C16H19N7O
F6507-8997,C16H22ClNO2S
F6178-4855,C18H21FN4O
F3375-2789,C19H14N4O2
F6671-3463,C17H25N5O2
F6471-2466,C15H19N5O2S
F6554-9040,C13H12F3NO4S
F3382-6700,C18H16N4O3
F6524-3935,C18H19N5O2
F6448-1722,C13H14BrN3O3
F6564-3499,C17H16N4O2S
F2024-0161,C18H19N3O2S
F5496-1700,C18H22N4OS
F6674-5224,C17H21N5O3
F2265-0531,C17H15NO5S
F6495-2386,C16H18N4O3S
F6760-2002,C19H17N5O2
F6680-8878,C21H24N4O
F0537-2633,C20H12F2N2O2
F6702-2140,C19H21N5O2
F6560-0801,C19H19N3O2S
F2240-0373,C13H14BrN3O4
F6753-2055,C16H22F2N4OS
F6573-2146,C18H13F3N4O
F6519-5832,C15H13BrN4O2
F6438-1478,C21H23N5O
F6795-3192,C16H16F3N7
F6440-3519,C17H20ClN3O2S
F6559-0250,C19H22N6O2
F6514-1789,C20H20N2O3S
F6609-1853,C14H9BrF2N2O3
F6497-2047,C18H21N5O2S
F6734-1358,C17H20BrN5
F6734-2587,C21H22N6O
F6523-1860,C19H22ClFN4O
F6797-3204,C14H11F5N4OS
F6155-0322,C21H21N3O2S
F6679-2653,C15H16BrN3O2S
F3375-2013,C20H22N4O2S
F6561-5921,C18H17BrN4O
F6478-3820,C18H20FN7O2
F6443-4087,C21H19ClFNO3
F6560-5360,C21H20N6O2
F6036-0946,C17H15FN4O4S
F6438-2610,C18H22ClN5O3
F6245-5721,C12H11BrF3N5O2
F6564-5479,C16H22N6O4S
F6656-2919,C21H29N7O
F6231-0557,C20H23N5O2S
F6196-1356,C18H17N5O6
F6495-4070,C22H19N5OS
F5821-0084,C20H20F3N5O
F3379-0225,C24H31N5O
F6481-1731,C21H20N4O3S
F6559-6641,C18H21F3N6O2
F2421-0024,C20H19N3O3S2
F2294-0067,C22H29N3O3S
F6497-1772,C23H22N4O2S
F2672-0062,C19H24BrN3O3
F2583-0622,C23H29N5O3
F6481-1053,C19H22ClNO4S2
F3244-0176,C20H12Cl2N2O3S
F6057-0456,C22H32N4O3S
F1899-1434,C21H16N4O3S2
F5583-0069,C18H18ClN3O2S3
F3382-5212,C23H20ClFN2O2S
F2048-0017,C22H23NO7S
F3406-4511,C21H19F3N4O2S
F3411-6327,C24H16N4O6
F6043-0284,C23H25BrN4O2
F5121-0395,C24H24N4O5S
