# All user editable compound information in the PCDL Manager compounds tab can be imported
# A minimum of formula or mass plus one identifier must be populated for compound import (recommended is formula and at least one other identifier, see examples)
# Multiple synonyms can be entered into the Synonyms column when separated by ';' (e.g. L-Isoleucine; 2-Amino-3-methylvaleric acid)
# All compounds will be assumed to be of a neutral ion type, unless a 1 is entered in the Cation or Anion column
Name,Formula
F2491-0018,C15H13N3O
F2147-1759,C11H10F2N2O3
F6755-7658,C12H9FN4S
F6513-5865,C12H17N5O2
F6793-8551,C13H18FN3S
F3257-0113,C15H14ClN3
F6222-0139,C13H14N4OS
F6436-1651,C15H16FNOS
F5104-0047,C14H20N2O2S
F6446-1056,C13H21N3O2S
F6661-9183,C16H18N2OS
F5966-0044,C13H15F3N2O2
F6793-7327,C12H17F3N4O
F5773-4645,C13H15N3O3S
F6713-5316,C16H17N5O
F6554-4817,C19H20FNO
F6562-1836,C17H21N3O2
F5806-0225,C17H23N3O2
F5317-0547,C15H16N2O3S
F6190-0391,C16H22N2O4
F0326-0627,C17H15N3OS
F6725-1138,C17H17N3OS
F6525-2154,C15H15N5OS
F3099-5759,C16H17N3O2S
F6773-3053,C16H16FN3OS
F6521-7964,C13H18ClNO4S
F3385-3710,C14H9BrClNO
F3257-0394,C20H22N2O2
F5596-0594,C17H16N4O3
F0301-0003,C14H12F2N2O3S
F3237-0041,C16H22FNO3S
F6556-2708,C13H16BrNO4
F6445-2365,C21H18N2O2
F3329-0240,C17H12N6S
F6438-3206,C14H19N7O3
F6518-4488,C15H17N3O4S
F5033-3421,C17H24N2O3S
F6773-4763,C19H23N5O
F6438-3120,C14H15ClFN5O2
F8890-1259,C17H16N4O4
F6258-1181,C18H19N3O4
F6464-0211,C20H23FN2O2
F6619-3902,C17H25N7O
F6563-0362,C18H19NO4S
F3247-0013,C18H22N2O3S
F6258-0228,C21H21N3O2
F6436-2225,C13H14F3N3O3S
F6681-3529,C18H17F3N2O2
F2799-0200,C15H14Cl2N4O2
F2701-0584,C16H23N3O4S
F6443-6614,C16H16F3N3OS
F6036-1883,C19H24N4O3
F6574-0405,C21H18N4O2
F6743-7917,C16H22ClFN2O2S
F6171-0793,C17H18N2O3S2
F6753-2111,C18H23F2N5O
F6564-2523,C18H18F3N3O2
F1756-0397,C16H18BrNO2S
F5149-0760,C19H20N4O4
F5852-1984,C17H14F4N2O3
F6514-1943,C20H25N3O4
F6525-7193,C19H20FN3O2S
F6436-2210,C17H14ClF4NO2
F6190-2342,C23H24N2O3
F2744-1526,C22H19ClN2O2
F5860-3728,C20H21N5O3
F2482-0037,C19H16ClN5O2
F6787-1072,C17H26N4O4S
F6441-2454,C20H20N2O4S
F3375-2809,C21H31N5O2
F6471-0883,C19H16F3N5O
F6438-3673,C19H25FN6O2
F6374-1810,C20H23ClN2O2S
F6658-5984,C18H25N5O3S
F6374-1636,C20H21ClFNO2S
F2471-1000,C23H23FN2O3
F3398-1458,C20H17FN4O2S
F5596-0407,C21H24FN5O2
F6252-3312,C20H19F2N5O2
F6178-6242,C21H27N3O3S
F1762-0639,C18H17ClN4OS2
F3406-0533,C19H23ClN4O2S
F6475-4962,C21H23F3N2O3
F2720-0045,C18H15Cl2NO6
F6561-5474,C20H23N5O3S
F6514-1765,C19H20ClF3N2O3
F3398-2470,C23H26N6O2
F5033-3798,C21H22F3N3O3
F6196-0193,C21H20N4O4S
F6670-6315,C23H23ClFN3O2
F5603-0111,C22H18N6O4
F6802-7878,C19H23ClF3N3O3
F6284-0578,C23H24N4O3S
F6231-0599,C21H19F2N7O2
F6557-0290,C20H30N2O5S2
F6448-2316,C24H23N5O4
F5485-1690,C25H28N4O2S
F5834-3374,C27H24FN3O3
F3411-6213,C22H16ClFN4O3S
F1551-0033,C24H23BrN2O4
