# All user editable compound information in the PCDL Manager compounds tab can be imported
# A minimum of formula or mass plus one identifier must be populated for compound import (recommended is formula and at least one other identifier, see examples)
# Multiple synonyms can be entered into the Synonyms column when separated by ';' (e.g. L-Isoleucine; 2-Amino-3-methylvaleric acid)
# All compounds will be assumed to be of a neutral ion type, unless a 1 is entered in the Cation or Anion column
Name,Formula
F6671-3936,C13H12N6
F6420-0525,C11H15NO2S2
F6521-5114,C12H24N2O2S
F6436-1006,C13H16N2O4
F6445-2451,C16H16N2O2
F6031-1856,C13H25N3O3
F3394-1124,C11H14FNO4S
F6172-0017,C17H27NO2
F6782-5860,C17H12FNO2
F6089-5671,C16H16N2OS
F6752-2266,C16H22N4O
F6561-2346,C17H24N2O2
F6401-0031,C16H18ClNS
F2088-0036,C15H23N3OS
F2434-0769,C17H13FN2O2
F6549-3405,C15H14N4OS
F6507-9269,C13H20N2O2S2
F6502-5962,C13H14N6O3
F6475-2618,C15H20N4O3
F2870-0002,C14H17N3O3S
F6556-5750,C15H23N3O2S
F6739-7754,C18H21N3O2
F6312-0245,C16H19N5O2
F6564-1634,C17H21N3O3
F6556-2878,C13H23N3O4S
F6708-8525,C17H16F3N3
F6748-8232,C16H17ClFN3O
F6451-0621,C16H18ClNO2S
F6658-6131,C17H20N6O
F6524-1911,C17H15FN4O2
F6492-0656,C19H22FN3O
F6554-6126,C18H19NO3S
F6244-2088,C19H26N2O3
F6521-9780,C18H18F2N2O2
F6747-6016,C15H15ClN4OS
F6496-1447,C18H17N5O2
F3395-0102,C21H28N4
F6478-0324,C15H13F3N4O2
F6448-1745,C18H17N3O4
F5033-6889,C16H24N2O4S
F6438-1479,C18H23N5O2
F6436-3492,C15H15F2NO4S
F6288-0720,C17H17ClN4O2
F6438-0619,C17H20ClN5O
F6810-2272,C16H22N6O3
F6476-5968,C17H17ClN2O2S
F6436-0338,C18H23NO2S2
F5053-0078,C18H26N2O5
F6734-1416,C17H16F4N4
F1043-0611,C14H11ClN2OS3
F6353-5616,C19H21N3O2S
F2537-1513,C18H16FN3O2S
F6619-6172,C18H26N6O2
F3382-4629,C18H24N4O2S
F6573-4782,C22H19FN2O2
F6441-3985,C17H20N2O5S
F6806-7038,C18H27N3O3S
F2496-3521,C19H17N3O5
F6573-9451,C16H12BrN5O
F0613-0183,C21H23ClN2O2
F6353-6280,C19H20N2O2S2
F6279-0462,C20H27N3O2S
F6812-1444,C19H17N7S
F6246-0545,C18H17ClFN3OS
F5871-1578,C20H21F3N2O2
F5320-0251,C19H13FN4O2S
F6444-1862,C19H24FNO4S
F6244-2831,C19H18BrN3O
F6658-3420,C19H21FN6O2
F5689-0042,C19H19ClN4O3
F6559-1395,C19H25N5O2S
F2392-0039,C19H20ClN3O2S
F3096-2824,C20H26N2O4S
F6274-0144,C18H14ClFN2O3S
F6521-1804,C20H27NO3S2
F0694-0212,C20H14ClN3O2S
F5871-3683,C21H24N4O2S
F6482-7480,C24H18N2O2S
F2659-0063,C19H17BrN2O3
F5864-0251,C22H18N4O2S
F5042-0506,C22H20N4O4
F6619-3921,C22H26N6O2
F6539-2359,C15H24ClN3O4S2
F6415-0995,C23H25NO4S
F0007-1028,C24H18N2O3S
F6257-3654,C24H28N6O
F6475-4071,C21H23ClFN3O3
F3394-0917,C20H23ClN2O4S
F1899-1113,C20H16BrN3OS
F3406-0007,C21H17ClN2O4S
F6529-2272,C19H18BrN3O4
F2635-1992,C22H15FN4O3S
F1441-0209,C22H19N3O3S2
F2090-2340,C21H21ClN6OS
F3406-4522,C21H22ClN5O2S
F6359-0853,C21H23ClN4O3S
F0653-0826,C24H24FN5OS
F0579-0009,C21H24N4O4S2
F2756-1503,C22H24BrN3O2S
F2380-0328,C23H20FN3O4S2
