# All user editable compound information in the PCDL Manager compounds tab can be imported
# A minimum of formula or mass plus one identifier must be populated for compound import (recommended is formula and at least one other identifier, see examples)
# Multiple synonyms can be entered into the Synonyms column when separated by ';' (e.g. L-Isoleucine; 2-Amino-3-methylvaleric acid)
# All compounds will be assumed to be of a neutral ion type, unless a 1 is entered in the Cation or Anion column
Name,Formula
F6662-1548,C12H9F3N2O
F6487-0001,C14H14N2O3
F1915-2678,C15H23N3O
F5964-0121,C14H19NO4
F6677-3263,C13H20ClN3O
F6806-6749,C14H22F2N2O
F3320-0857,C15H21N3O2
F1900-9640,C14H8F3NO2
F9995-0114,C16H14N2O3
F5857-6612,C13H16FNO3S
F3386-2394,C13H21NO4S
F5087-0296,C15H19N3OS
F6608-0275,C10H11BrF2N2O
F6089-9749,C15H22N2O2S
F6752-3502,C17H20N4O
F6660-0506,C17H22N4O
F1048-2947,C13H8BrN3O
F6520-0537,C15H13NO2S2
F6743-9753,C15H19N3O2S
F6555-6557,C14H13ClN2O2S
F3374-0712,C18H15FN2O2
F3375-1228,C16H16N4O3
F6724-2981,C17H18N2O2S
F6192-0072,C16H16N2O5
F6515-1112,C19H14N2O3
F6254-0196,C15H16N2O2S2
F0754-0019,C15H23N5O3
F6036-1809,C17H17N5O2
F3407-0636,C17H15N3O4
F3375-2838,C18H22N4O2
F5860-3520,C16H16N4O2S
F5285-0060,C20H19N5
F2984-0187,C18H21NO3S
F6200-1645,C16H16BrNO2
F6194-1464,C17H22N2O3S
F2357-0372,C15H10F2N2OS2
F6515-1461,C18H15N3O4
F2444-0120,C18H18N4O3
F6561-0765,C18H21N5O2
F6524-5832,C13H10F3N5OS
F6506-0993,C18H18N2O3S
F3406-3540,C18H18FN3OS
F6475-3825,C19H21FN2O3
F6764-2048,C21H23N5
F6200-4083,C18H18FNO3S
F6561-8335,C17H20N2O6
F6246-0812,C19H19N5O2
F6734-0055,C18H17N5OS
F6606-1731,C19H24N6O
F6713-7051,C18H19ClN6
F6416-8929,C16H18Cl2N2O3
F6359-2955,C19H23N3O4
F3328-0110,C18H21N3O3S
F6433-0307,C19H15N5OS
F6512-2766,C16H18BrN3O2
F6806-7498,C17H22F2N6O
F1142-6658,C20H18N2O3S
F6713-7335,C20H22FN5O
F6261-2496,C20H20FN3OS
F6560-1053,C16H18ClNO3S2
F0696-4686,C22H20N4O2
F6515-0270,C21H18N4OS
F3386-2709,C16H13BrN2O2S
F5832-0261,C20H24FNO3S
F6436-2769,C15H16F3NO3S2
F6479-4356,C18H19F3N4O2
F2580-0555,C19H15BrN2O2
F6485-1700,C16H22FN5O3S
F6562-6299,C16H23N3O2S3
F5033-7686,C20H23FN4O3
F6510-3041,C18H17FN4O3S
F5607-0029,C20H19N7O2
F1269-0406,C19H18ClNO4S
F6244-1161,C17H23F3N2O3S
F6411-0383,C24H31N3O2
F6564-3262,C20H21N5O2S
F6510-3955,C17H17ClFN3O3S
F6363-0866,C23H22N6O
F6456-0228,C21H20N8O
F3386-4329,C15H15BrClNO3S
F6529-2022,C16H18F3N3O4S
F6560-0724,C24H25NO3S
F6783-7110,C22H27N5O3
F5831-0456,C17H24N4O4S2
F6446-1520,C15H18BrN3O2S2
F3325-0118,C22H22F3N3O2
F1174-0098,C22H20N4O3S
F6446-0687,C18H22BrN3O2S
F2768-0159,C19H20Cl2N2O3S
F2245-1148,C20H16ClN3O2S2
F6670-4510,C26H29N3O3
F3406-2101,C19H18ClN3O3S2
F3398-3425,C19H16ClFN2O3S2
F2635-0906,C22H17ClFN3O2S
F6559-0870,C20H20N4O6S
F5939-3038,C21H22ClN3O4S
F3222-5791,C26H21FN6O
F0560-0454,C24H21BrN2O3
F2707-0060,C26H25FN4O4
F5531-0220,C23H18F3N3O4S
