# All user editable compound information in the PCDL Manager compounds tab can be imported
# A minimum of formula or mass plus one identifier must be populated for compound import (recommended is formula and at least one other identifier, see examples)
# Multiple synonyms can be entered into the Synonyms column when separated by ';' (e.g. L-Isoleucine; 2-Amino-3-methylvaleric acid)
# All compounds will be assumed to be of a neutral ion type, unless a 1 is entered in the Cation or Anion column
Name,Formula
F6725-2776,C10H14N4O2S
F6401-0033,C15H18N2S
F6782-7100,C13H11FN2OS
F6540-2141,C17H19N3
F6471-2113,C16H19N3O
F2245-0121,C14H11NOS2
F6660-3494,C13H9FN2O2S
F1913-9650,C12H13N3O3S
F6512-0033,C15H14N4O2
F6477-5241,C15H15N3OS
F5761-0292,C15H17N3O3
F6517-0015,C16H19NO4
F5831-9900,C14H16N2OS2
F6808-5911,C17H18N4O
F6556-3245,C14H24N4O3
F1412-0044,C13H11F2NOS2
F2208-0036,C16H12ClNO3
F2147-1702,C15H11F2N3S
F6561-0928,C14H16FN5O2
F2004-0278,C16H12N4OS
F6789-2529,C17H15FN4O
F6489-2239,C13H20N4O3S
F6015-0279,C16H18N4OS
F5882-6249,C20H16N2O2
F5871-3444,C16H18N2O3S
F6471-2968,C15H16N2O4S
F5852-0834,C17H27N3O3
F6764-3032,C19H21N3S
F3398-4861,C19H16FNO3
F5831-9227,C20H23FN2O
F5876-0105,C18H14F2N2O2
F6521-7603,C18H23N3O3
F6810-4127,C20H17N3O2
F6574-0420,C15H12FN3O3S
F5659-5333,C19H18N4O2
F6225-0681,C14H13FN4OS2
F6521-9499,C20H19NO2S
F6559-0678,C17H18N6O2
F6791-8252,C17H21N7O
F6518-2196,C16H14F3NO2S
F5833-5087,C19H19ClN2O2
F6414-0127,C19H21NO3S
F6550-4584,C21H20N4O
F6689-3351,C18H27N5O2
F6204-0896,C18H21NO2S2
F6240-4763,C17H21ClN4O2
F6445-7368,C17H23N3O5
F2518-0401,C19H17N3O4
F6820-4795,C22H32N4
F0643-0352,C20H22N2O2S
F6806-8104,C14H21BrN4O2
F6709-0268,C18H23N5O3
F6796-8714,C18H16F3N5
F1837-0170,C17H19N3O4S
F6548-0768,C16H17N3O3S2
F6660-0653,C21H24N4O2
F6359-2793,C19H18N4O2S
F6400-1265,C18H29N3O3S
F6351-0361,C17H19N7OS
F6245-5876,C14H12F3N5O2S
F6465-0012,C20H24N2O5
F2688-0050,C22H18N2O4
F6192-0979,C18H17ClN2O3S
F6525-2850,C17H23N5O3S
F6524-2734,C14H13F4N3O3S
F6473-7500,C17H24N4O4S
F3068-0037,C21H16Cl2N2O
F6539-2166,C17H25N3O5S
F6442-1480,C17H23NO5S2
F5831-9764,C21H27ClN4O
F6279-0322,C17H19F3N2O3S
F6524-5322,C19H19N9O
F6448-2044,C15H16F3N3O4S
F6656-4414,C19H19F3N4O2
F3323-0200,C20H14N2O3S2
F5490-0691,C21H21N3O5
F6454-2747,C17H24BrN3OS
F6472-7688,C26H26N2O2
F6246-0930,C19H24N6O4
F0682-0414,C18H12ClF2N5S
F2988-0095,C22H19N3O3S
F6517-3788,C24H25NO5
F6680-9150,C17H19BrN2O3S
F5792-0406,C21H21FN4O2S
F6125-2455,C19H14ClN3O4S
F2075-1032,C23H23N5O3
F6525-8051,C18H18F6N4O
F6442-0111,C23H18FNO4S
F6287-0571,C21H19ClN4O2S
F6785-6697,C19H20BrN5O2
F6523-0224,C16H16BrF3N4O2
F6414-3922,C20H21NO6S2
F5323-0645,C21H18N4O3S2
F3142-0155,C18H23N3O6S2
F3398-3530,C24H20N4O3S
F6441-4898,C23H26ClNO4S
F0603-0403,C21H20BrN5S
F5754-0181,C23H24ClF3N4O
F0536-0403,C24H19N3O4S2
F5049-0110,C23H27N3O7S
