# All user editable compound information in the PCDL Manager compounds tab can be imported
# A minimum of formula or mass plus one identifier must be populated for compound import (recommended is formula and at least one other identifier, see examples)
# Multiple synonyms can be entered into the Synonyms column when separated by ';' (e.g. L-Isoleucine; 2-Amino-3-methylvaleric acid)
# All compounds will be assumed to be of a neutral ion type, unless a 1 is entered in the Cation or Anion column
Name,Formula
F2156-0052,C12H10ClNO3
F1967-0306,C15H17N3O
F6540-3431,C14H17N3O2
F9994-0379,C13H14ClN3O
F2135-0642,C11H10ClN3O3
F6666-4395,C17H22N2O
F6745-4839,C16H23N3O
F6463-0233,C14H15NOS2
F6404-4251,C13H13FN2O4
F2199-0546,C14H13N5O2
F6471-2357,C14H14N4OS
F6502-5892,C14H10F2N4O
F6252-7795,C14H15FN4O2
F3088-1656,C13H12BrNO2
F2740-0167,C17H17N3O2
F6247-0252,C18H19NO3
F5475-0062,C18H18FNO2
F6752-2973,C13H23N3O3S
F6451-3250,C18H25NO3
F5600-0226,C14H18N4O2S
F2394-0035,C15H13ClFNOS
F6724-4969,C15H13N5OS
F2496-0226,C17H15NO3S
F6560-3044,C14H13N5O2S
F6096-0020,C15H15N3OS2
F6558-0448,C17H26N4O2
F5772-8631,C19H20N4O
F6774-4072,C18H18N4O2
F6014-0060,C19H17ClN2O
F1630-0008,C18H28ClNO2
F6791-8288,C16H17N5OS
F6439-0397,C18H24N4O2
F6475-6765,C16H18N4O2S
F3129-0175,C16H13ClN2O2S
F6390-2666,C18H20FNO4
F1142-6995,C18H13N3O2S
F6381-3813,C20H20N2OS
F6556-6186,C17H24ClN3O2
F6507-7847,C16H15ClFNO2S
F5828-0066,C17H16N4O2S
F6571-5838,C20H20FNOS
F3314-0291,C19H22N2O4
F6680-8913,C19H25N3OS
F6431-0840,C16H13ClFN5O
F6672-1204,C17H19ClN4O2
F5264-0252,C18H22FN3OS
F6442-1871,C12H16BrNO4S
F6715-6962,C15H18ClF3N2O2
F0783-0018,C21H25N3O2
F5596-1001,C18H16FN5O2
F1897-0439,C18H11F2N3OS
F6522-0505,C20H24N2O2S
F6573-4208,C16H17F3N2O4
F6261-3878,C18H17ClN2O2S
F6515-1426,C15H11BrN2O2S
F6473-4232,C21H21N3O3
F6796-3228,C19H16FN5S
F5857-6972,C22H26N2O3
F1238-0008,C19H20N4O2S
F2761-0009,C15H15FN2O4S2
F5122-0307,C18H21N5O4
F6442-0929,C16H23NO5S2
F5854-0345,C25H30N2O
F5477-0397,C18H24N4O3S
F6549-8829,C18H19ClN2O3S
F6523-4434,C20H21N5OS
F6481-4578,C17H19NO3S3
F6521-4029,C21H22N2O5
F6359-1008,C20H17ClN2O4
F6656-3808,C21H24FN3O3
F6178-5720,C20H19ClFN3O2
F6469-2419,C20H20N8O
F6529-3803,C15H17F3N4O3S
F6723-7512,C20H20F3N3O2
F3406-8902,C17H16ClN3O4S
F6750-6580,C16H17F3N8O
F6524-0517,C17H14F2N2O5S
F6713-1910,C19H23N7OS
F2313-0197,C20H21N3O4S
F5854-2737,C25H23NO2S
F6245-7405,C21H21N7O2
F6468-0023,C21H15ClN4OS
F3382-8261,C21H20N4O5
F6726-4650,C21H23FN6O2
F0784-0160,C24H19N3O2S
F0921-5561,C18H17BrN4O3
F6257-1861,C23H22N4O4
F6448-2048,C21H19N5O3S
F6515-4440,C20H16ClF3N2OS
F6471-6293,C21H21N3O3S2
F6237-3072,C19H13F3N6OS
F6188-1016,C21H24BrNO2S
F6559-0280,C18H21ClN6O3S
F3406-1782,C19H17ClF3N5O2
F5605-0016,C22H23ClN4O2S
F6436-2614,C25H23N3O3S
F5251-0222,C20H22F2N6O2S
F5754-0229,C24H29ClN4O3
F6609-5662,C27H28N6O2
F2573-0494,C20H24BrN3O4S
