# All user editable compound information in the PCDL Manager compounds tab can be imported
# A minimum of formula or mass plus one identifier must be populated for compound import (recommended is formula and at least one other identifier, see examples)
# Multiple synonyms can be entered into the Synonyms column when separated by ';' (e.g. L-Isoleucine; 2-Amino-3-methylvaleric acid)
# All compounds will be assumed to be of a neutral ion type, unless a 1 is entered in the Cation or Anion column
Name,Formula
F2117-0025,C11H13N3O2S
F6672-2306,C16H21N3
F6454-0004,C15H21N3O
F6540-9723,C16H13N3O
F0866-0221,C13H17NO3S
F6436-3475,C15H13NO2S
F6660-4702,C13H11ClN4O
F5857-7937,C14H15NO3S
F5857-6799,C14H17ClN2O2
F6435-9142,C14H21NO3S
F6515-1393,C14H14N4O3
F6568-3480,C13H10F2N6
F5854-3793,C16H16F2N2O
F3222-2354,C16H11N3OS
F6752-3393,C14H21N3O2S
F6482-8266,C17H19N3O2
F6573-7488,C15H17N5O2
F6752-1008,C12H23N5O2S
F1627-0297,C15H13ClN2OS
F6487-0829,C19H18N2O2
F5791-2210,C15H11N5OS
F6420-0624,C15H21NO2S2
F2073-0546,C16H15N3O2S
F5882-5614,C17H17NO3S
F6510-3106,C12H16FN3O4S
F6730-4909,C14H14BrN3O
F3348-0825,C18H20N6
F5852-0845,C17H20F2N2O2
F0412-0302,C18H16N2O4
F6743-7984,C20H27N3O
F6491-0109,C17H17N3O4
F6773-4821,C17H24N6O
F6438-0066,C17H19ClN4O
F6477-5292,C16H16N2O2S2
F3010-0007,C20H19N3O2
F2463-0523,C16H17NO5S
F6609-5705,C19H17FN4O
F6561-3126,C20H23N3O2
F6554-4612,C16H15F2NO3S
F3406-8181,C18H17ClN4O
F6446-0803,C17H19N5OS
F5016-1309,C18H22N4O3
F6574-1126,C19H25N3O3
F5772-7142,C15H15N5O3S
F5981-0122,C16H18N4O5
F6203-1103,C19H25NO3S
F6064-1976,C16H13ClFN3OS
F5661-0196,C19H15FN4O2
F6789-6529,C22H29N3O
F6783-6515,C18H19N5OS
F6562-8691,C18H17N3OS2
F6562-4099,C19H24N4OS
F6683-1312,C17H19ClN6O
F5834-0170,C18H17FN2O3S
F6752-2216,C15H20Cl2N2O2S
F3222-2359,C20H21N5O2
F2205-0116,C19H18F3NO3
F2090-1260,C20H26N6O
F5658-0161,C20H20N2O5
F2726-0781,C19H15FN2O3S
F3283-0303,C22H21N5O
F1736-0032,C19H19NO7
F6774-4158,C15H14BrN5O2
F5869-0333,C20H20N6O2
F1094-0323,C21H18N2O3S
F2752-0171,C21H21N3O4
F6050-0131,C17H14F3N3O2S
F6257-4585,C19H22N6OS
F6479-3445,C16H21ClN4O3S
F2024-2344,C21H27N3O4
F6161-0249,C22H17N3O4
F5023-0163,C21H28N2O3S
F5099-0141,C19H22N2O3S2
F6559-2299,C19H20F3N5O
F6482-8410,C18H14F3N3O2S
F6608-2459,C19H21F3N4O2
F6617-3116,C20H14F2N4OS
F2752-0115,C25H23N3O2
F6400-1545,C18H26ClN3O3S
F6812-1554,C19H18F3N7
F6789-2256,C23H25N5O2
F1443-3602,C22H18N2O4S
F3406-9851,C20H20N6O4
F6619-6956,C20H26N8O2
F2340-0102,C24H19N3O4
F5854-1934,C20H20N2O4S2
F6561-7146,C21H22N8O2
F2482-0172,C21H19N5O5
F5581-1370,C21H17FN4O3S
F3398-5719,C23H17N5O4
F6296-1172,C20H22N4O3S2
F2697-0190,C20H21Cl2N5O2
F8890-6052,C20H19F3N4O4
F5013-0240,C23H22ClN3O4
F5788-3731,C22H23ClN4O4
F5016-2531,C23H28ClN3O2S
F1757-0010,C22H28N2O6S
F1211-0405,C22H23N3O4S2
F2202-0823,C23H23N3O6S
F2459-0214,C24H24ClN5O4
