# All user editable compound information in the PCDL Manager compounds tab can be imported
# A minimum of formula or mass plus one identifier must be populated for compound import (recommended is formula and at least one other identifier, see examples)
# Multiple synonyms can be entered into the Synonyms column when separated by ';' (e.g. L-Isoleucine; 2-Amino-3-methylvaleric acid)
# All compounds will be assumed to be of a neutral ion type, unless a 1 is entered in the Cation or Anion column
Name,Formula
F6546-1396,C13H17F2N3
F6660-4637,C11H6F4N2O
F6609-1790,C15H19NO3
F5883-0932,C12H15N3O4
F3095-4679,C16H15NO3
F6560-8841,C16H17FN2O
F6438-2454,C13H17N5O2
F6556-3047,C15H22N2O3
F6608-1726,C12H15BrN2O
F6541-6981,C11H16BrN3O
F6438-3249,C10H17N5O3S
F6524-2657,C12H14F3N3O2
F5831-4964,C16H21NO4
F6480-1436,C15H19ClN2O2
F6681-3559,C15H16N6O
F6514-7152,C15H18N6O
F6502-2613,C16H20N4O2
F6492-0511,C16H22N4O2
F6238-0193,C15H11N7O
F6722-1219,C19H21N3O
F6554-2301,C14H18N2O4S
F6806-6984,C13H17FN4O2S
F5791-2818,C14H14N6OS
F2373-0112,C16H16N2O3S
F6442-1975,C12H18N2O4S2
F6606-1639,C18H29N3O2
F6573-6294,C18H21F2NO2
F2711-1892,C18H17N3O3
F6411-1815,C17H15N3O2S
F6619-7650,C15H18N8O
F6522-0490,C17H16N2O3S
F6555-0290,C16H19N5O3
F5777-0332,C17H18ClN3O2
F6244-1403,C22H24N2O
F6438-3202,C14H18N6O2S
F6713-5375,C18H21N7
F6438-2951,C14H16ClN5O3
F6475-8322,C16H22N2O4S
F6549-2661,C19H21N3O3
F6363-0860,C18H24N6O
F6523-3801,C17H15ClN4O2
F0836-0057,C18H18ClN3O2
F6475-2698,C18H20N2O5
F6529-1715,C18H23N3O4
F6435-9117,C15H16F3NO3S
F6573-2127,C19H16N4O3
F6258-2475,C17H23N3O3S
F0696-0508,C19H14FN3O3
F2257-0017,C21H24N2O3
F2444-0116,C18H18N4O2S
F6619-6126,C18H25N7O
F3332-0046,C19H23N3O2S
F6471-0897,C16H17N5O3S
F6517-0729,C18H16FNO4S
F3095-1689,C16H14BrNO4
F6561-6099,C19H20N6O2
F6524-5850,C16H13F3N4OS
F5096-0038,C17H20F3N5O
F6571-6529,C16H23N3O3S2
F6796-3374,C19H26N6O2
F2416-0827,C23H20N2O3
F6519-7716,C18H19ClN4OS
F6619-6853,C19H21N9
F2372-0455,C19H18F3N3O2
F2416-0698,C24H30N2O2
F6411-1727,C20H20N4O2S
F6656-1123,C22H27N3O3
F6225-0920,C20H21N3O3S
F6672-1120,C16H20ClN3O2S2
F6573-8889,C24H22N2O3
F2446-0603,C18H14F2N4O2S
F6359-1648,C21H19N5O3
F3062-0138,C16H14BrN3O2S
F2050-0523,C19H21FN2O4S
F6561-7235,C20H23N7O2
F6371-0575,C21H21N3O3S
F6574-0620,C15H16BrN3O3S
F5833-5128,C25H22N2O3
F6658-3409,C19H21FN6OS
F6811-1656,C21H22N8O
F5883-0489,C19H17Cl2N3O3
F6436-2972,C19H22FN3O4S
F2672-0091,C21H23F4N3O
F6481-3326,C19H19ClF2N2O2S
F6727-2360,C22H22N8O
F6497-1427,C20H18F3N5O2
F2300-0654,C23H17FN2O3S
F6245-4679,C22H26N6O3
F6713-1888,C24H23N7O
F5266-0476,C22H25FN4O4
F2758-0737,C24H22FN5O2
F6246-2936,C21H30N4O4S
F6261-3522,C23H27N5O2S
F2644-0324,C22H28N6O4
F5097-2591,C18H16BrF3N2O3
F6188-0823,C16H18BrNO3S3
F2074-1235,C25H29N3O5
F6153-0129,C23H18ClN5O4
F6617-3223,C23H14BrFN4O2
F3411-7519,C24H17BrN4O3
