# All user editable compound information in the PCDL Manager compounds tab can be imported
# A minimum of formula or mass plus one identifier must be populated for compound import (recommended is formula and at least one other identifier, see examples)
# Multiple synonyms can be entered into the Synonyms column when separated by ';' (e.g. L-Isoleucine; 2-Amino-3-methylvaleric acid)
# All compounds will be assumed to be of a neutral ion type, unless a 1 is entered in the Cation or Anion column
Name,Formula
F2135-0403,C10H10N4O4
F6125-2771,C10H13N3O3S
F6554-8387,C13H13N3OS
F1913-1918,C14H18N2O3
F6660-8265,C13H18N2O2S
F0537-0451,C15H14N2O3
F6724-2631,C13H15N5O2
F6540-5365,C15H20N2OS
F6617-7850,C15H21NO4
F2106-0210,C11H10BrNO3
F6549-3530,C15H19N5O
F5759-0014,C16H21N3O2
F2020-0429,C14H11ClN2OS
F5104-0032,C15H20N2O2S
F2135-1325,C16H13N3OS
F6252-7779,C15H12FN5O
F5060-0119,C14H13N5O3
F6562-8177,C17H19NO2S
F6491-1340,C15H17N3O4
F2145-0740,C11H9F3N2O3S
F6617-3622,C17H16N4O2
F5857-6813,C19H22N2O2
F5940-2582,C19H24N2O2
F6676-1263,C17H22N4O2
F6497-0622,C15H20N6O2
F2879-2924,C17H22N2O2S
F6681-3512,C18H16N4O2
F6438-0032,C15H16ClFN4O
F6752-8520,C17H29N3O3
F6561-1312,C18H19N3O3
F6438-2042,C14H12F3N3O3
F6808-5299,C15H22ClFN4O
F3371-0814,C17H15ClN2O3
F5596-0793,C16H21N5O3
F6451-2696,C18H20ClNO3
F6031-0381,C18H26N2O4
F6550-5025,C18H16N4OS
F6807-7255,C17H18F3N3O
F6178-7510,C16H26N4O2S
F6681-3413,C15H14F2N2O3S
F6253-1910,C17H16ClN5O
F6783-4897,C15H18N8S
F6259-0421,C17H21N5OS
F3386-2516,C14H13Cl2NO3S
F1016-0074,C18H19ClN2OS
F6353-5602,C17H21N3O3S
F6443-8064,C17H24N4O2S
F0306-0093,C16H12F2N2OS2
F5058-0277,C20H21N3O3
F6554-1110,C16H20ClN3O2S
F6363-0821,C18H22N6O2
F6445-6275,C21H16N4O2
F6573-4759,C18H19BrN2O
F6178-8016,C18H25N5OS
F6561-6576,C20H19N5O2
F6743-6352,C15H20F3N3O2S
F6252-3984,C18H12ClN5O2
F5033-0824,C19H21F3N2O2
F6680-2720,C16H12F4N4O2
F6549-2897,C20H23N3O4
F6237-3562,C15H16F3N5O3
F1065-0785,C17H16BrN3O2
F6559-2502,C19H18N8O
F6471-1500,C14H24N4O4S2
F6756-0450,C20H23N7O
F2342-0214,C19H17N5O2S
F6178-7604,C23H28N2OS
F6491-1476,C17H17F3N4O3
F6656-3387,C20H25N5O3
F5033-3648,C20H23N3O3S
F6557-0232,C18H17N3O3S2
F6504-1120,C22H20N4O3
F1791-2456,C17H15BrN2O4
F5857-2039,C23H21NO3S
F6808-5351,C19H28N4O3S
F5139-0120,C18H22N2O6S
F1540-0060,C19H29N3O4S
F6726-4248,C20H20FN5OS
F6562-2264,C17H16F3N3O3S
F6808-5363,C15H24BrN5OS
F5871-0726,C17H26ClN3O4S
F6619-6059,C20H25ClFN5O
F6520-2000,C19H15F3N2O3S
F5319-0702,C21H19FN4O4
F6608-3746,C24H36N4O2
F2758-0918,C24H21N3O4
F6507-8097,C20H22N2O4S2
F6559-0241,C23H28N6O2
F6284-0575,C23H25N3O3S
F2640-0245,C22H26N4O3S
F6454-3041,C20H26F3N3O2S
F2972-0190,C24H24N4O2S
F6570-2600,C23H25N5O2S
F2811-0113,C24H26N2O6
F6252-4698,C22H27N5O5
F6089-8285,C23H32N4O5
F6257-3768,C25H29N5O3
F3283-0134,C20H18BrN5OS
F2580-1804,C22H15BrFN3O3
F2768-0328,C24H21N3O4S2
