# All user editable compound information in the PCDL Manager compounds tab can be imported
# A minimum of formula or mass plus one identifier must be populated for compound import (recommended is formula and at least one other identifier, see examples)
# Multiple synonyms can be entered into the Synonyms column when separated by ';' (e.g. L-Isoleucine; 2-Amino-3-methylvaleric acid)
# All compounds will be assumed to be of a neutral ion type, unless a 1 is entered in the Cation or Anion column
Name,Formula
F3055-0135,C14H18O4
F6660-1396,C14H13N3O2
F6616-6021,C14H14FN3O
F6672-2198,C16H26N2O
F6806-8093,C13H19FN4O
F6544-0021,C16H18N2O2
F6244-0040,C15H19N3O2
F6561-4786,C16H24N2O2
F6808-9928,C9H8BrF3N2
F5882-0981,C13H17NO4S
F1656-0039,C15H11ClN2O2
F2806-0006,C14H9ClN2OS
F6512-1430,C14H15ClN4O
F6560-8663,C19H20N2O
F6507-3677,C15H15F2NO3
F6561-3567,C18H19NOS
F6678-9277,C15H17N5S
F3215-0103,C17H19NO4
F6471-2253,C16H21N3OS
F6549-3210,C14H15FN4OS
F5806-0254,C18H20N4O
F5526-0166,C15H12ClF2NO2
F6510-4580,C12H12FN3O2S2
F5323-0057,C12H11Cl2N3OS
F2986-0075,C12H9F2NO3S2
F6671-3456,C15H19FN6O
F6795-5671,C14H20N6OS
F6445-6211,C18H15FN4O
F6573-2225,C17H13ClN4O
F6610-2826,C17H19N5O2
F3098-5409,C17H17N3O2S
F6494-1056,C16H20N6O2
F5833-4952,C17H18N2O3S
F6599-2263,C18H25N3O3
F5772-0679,C18H15N5O2
F6455-1480,C14H14BrN3O2
F6257-2827,C16H15F3N4O
F6258-1272,C18H19N5O2
F6184-0528,C14H14BrNO2S
F6420-0898,C15H20N2O3S2
F6481-3472,C18H19N3O2S
F6472-7274,C21H18N4O
F6451-1725,C20H25NO2S
F6477-0194,C16H15N3O2S2
F6360-9303,C18H19ClN2O3
F3398-2816,C19H17N5O2
F6549-2257,C21H24N4O
F6524-0990,C18H14N4O2S
F6786-5704,C19H21N5O2
F2135-1822,C19H19N3O2S
F6436-1959,C14H14BrNOS2
F3179-0390,C16H24N2O5S
F6522-1539,C18H18N2O4S
F3237-0460,C12H13BrN2O4S
F6476-1008,C22H23N3O2
F5871-1372,C16H21N5O3S
F6506-0132,C18H14F3NO4
F6479-4071,C20H22N4O3
F5854-2973,C20H20N2O3S
F6481-2382,C23H31NOS
F6734-0773,C20H22ClN3O2
F3334-2479,C18H16ClN3O4
F6549-8688,C22H22N4O2
F6743-7910,C17H23F3N2O2S
F6478-1995,C15H15BrN4O3
F2213-0596,C21H18FN3O3
F6609-3154,C15H12BrNO6
F8890-1475,C20H19FN4O3
F2392-0610,C17H18Cl2N2O2S
F6503-3957,C19H23N5O2S
F6796-3335,C18H15F2N5OS
F2539-0910,C24H21FN2O2
F6681-8766,C17H19BrN4O2
F6178-1718,C19H22FN3O3S
F6617-5624,C25H32N2O2
F6452-0340,C19H23FN2O4S
F1005-0087,C23H29N3O3
F6727-8053,C23H19N5O2
F3225-5949,C24H17NO5
F6441-0877,C20H20FN3O3S
F6240-6624,C23H21N3O4
F6734-2852,C23H27N5O2
F5526-0128,C19H21FN2O5S
F6252-3931,C21H22N4O5
F6369-0302,C19H13F2N5O2S
F6764-1678,C24H25N5S
F6156-0647,C21H23FN2O4S
F6682-6391,C19H20ClN3O4S
F2205-0249,C25H29NO5
F5328-0407,C18H19BrFNO3S
F2572-0055,C23H31N3O5
F6495-5168,C22H24N8O2
F1607-0651,C20H13BrN4OS
F2356-0661,C25H31FN4O2
F2028-0404,C22H19ClN2O4S
F6529-1373,C17H18F3N5O4S
F2850-0056,C22H19F3N2O3S
F6245-5258,C20H33N5O5S
F3382-5390,C21H17BrN4O2S
F6064-3242,C21H19F3N4O4S
