# All user editable compound information in the PCDL Manager compounds tab can be imported
# A minimum of formula or mass plus one identifier must be populated for compound import (recommended is formula and at least one other identifier, see examples)
# Multiple synonyms can be entered into the Synonyms column when separated by ';' (e.g. L-Isoleucine; 2-Amino-3-methylvaleric acid)
# All compounds will be assumed to be of a neutral ion type, unless a 1 is entered in the Cation or Anion column
Name,Formula
F2158-2286,C12H9FO3S
F6610-5517,C14H16N4O
F6512-8978,C14H16N2O3
F0808-1026,C17H12O3
F6210-0151,C12H13ClN2O3
F6473-2048,C14H17N5O
F6789-1732,C14H18N4O2
F6540-9096,C12H18F3N3O
F6790-0194,C11H9BrFN3
F6666-8783,C12H10ClFN2O3
F6222-0061,C15H18N4O2
F6356-0867,C16H20N2O3
F6808-5406,C16H26N4O
F3099-6149,C15H19NO5
F6515-1009,C13H16N2O2S2
F6753-4833,C14H16Cl2N2O
F3202-0448,C15H12N2OS2
F3268-0002,C16H14O6
F6773-3054,C16H20N2O2S
F6562-8498,C15H14FNO3S
F6753-2610,C15H20ClN3O2
F6774-4140,C16H17N5O2
F5857-6287,C15H23NO4S
F6478-3179,C15H17N5O3
F3375-1365,C18H15N5O
F6436-1961,C17H18FNO2S
F5105-0126,C16H19NO2S2
F6436-2036,C13H14BrN3O2
F6752-2206,C16H24N2O3S
F6565-3030,C14H13F3N4O2
F6677-1243,C18H21N3O3
F6467-0132,C16H15N3O3S
F6436-0294,C18H22N2O4
F5882-1830,C14H24N2O3S2
F3395-0147,C19H31N3O2
F6435-9275,C17H21NO4S
F6787-1311,C18H20N6O
F3394-0215,C15H15FN2O4S
F6451-3457,C16H21NO5S
F6789-2021,C18H20N4OS
F6507-8465,C20H23NO4
F6381-3526,C13H13NO4S3
F6200-2437,C15H15F3N2O2S
F6562-9347,C19H15N5O2
F6554-6252,C18H22N2O5
F6529-2866,C19H29N3O3
F0568-0817,C18H15N5OS
F6658-2267,C15H22N6O2S
F6412-1915,C17H15F3N2O3
F6222-0412,C19H23N5O2
F6439-4185,C18H18ClN5O
F5854-5704,C16H14F3NO3S
F6562-8456,C23H22N2O2
F6439-4593,C16H20N6O2S
F5097-0767,C19H17F3N2O2
F2269-0150,C20H16N2O3S
F6559-1106,C21H23N3OS
F5833-8492,C19H17N3O3S
F6178-4629,C20H24N4O3
F6555-0525,C17H18N6O2S
F5570-0365,C15H14F2N2O5S
F6752-3889,C15H21F2N5O4
F3077-0001,C20H16F3NO3
F6471-6345,C17H13Cl2N3OS
F6441-6943,C17H22N4O4S
F6475-2902,C19H29N3O5
F6559-0002,C19H19N5O2S
F5772-9535,C14H8BrF2N3OS
F5097-2754,C21H24N2O3S
F5832-8527,C20H19FN2OS2
F6573-6863,C23H21N3O3
F3268-0038,C17H15ClF3NO4
F6472-7942,C20H23FN2O3S
F6454-2426,C19H29N5O2S
F6443-3718,C20H19N5O2S
F2384-0527,C24H30N2O3
F6789-7382,C19H20N6O2S
F5795-0540,C17H19ClN2O5S
F1558-0176,C25H25N3O2
F3226-2915,C23H15ClN2O3
F6743-6292,C15H19F3N6O2S
F6503-4869,C22H22N4O4
F6359-5060,C17H17BrClN3O2
F5265-0243,C19H23ClFN3O2S
F3371-0670,C19H15BrN2O2S
F5266-0448,C21H25FN4O2S
F6441-4877,C21H22FNO3S2
F5056-0413,C24H31N5O2
F6368-0215,C23H25FN4OS
F6562-0858,C25H25N5O2
F6363-0008,C21H22N10O
F6523-0784,C24H27N5OS
F6726-0464,C23H28N6O3
F6443-5635,C22H21BrN2O3
F6435-2836,C17H18BrNO4S2
F6671-3341,C15H19BrN4O3S2
F6510-1484,C21H24ClN3O4S
F1298-0330,C25H21N3O4S
F5601-0899,C21H23F2N9O2
F2068-0589,C25H29N3O5S
