# All user editable compound information in the PCDL Manager compounds tab can be imported
# A minimum of formula or mass plus one identifier must be populated for compound import (recommended is formula and at least one other identifier, see examples)
# Multiple synonyms can be entered into the Synonyms column when separated by ';' (e.g. L-Isoleucine; 2-Amino-3-methylvaleric acid)
# All compounds will be assumed to be of a neutral ion type, unless a 1 is entered in the Cation or Anion column
Name,Formula
F5857-4937,C13H19NO2S
F6546-0711,C15H19N3O
F6752-2915,C10H19N3O3S
F6190-1033,C13H15NO3S
F6435-1858,C14H11N3O3
F2167-7103,C15H16N2O3
F6471-7707,C14H17N3O3
F6507-3844,C14H18N2O4
F2879-0214,C14H23N3O3
F6561-2166,C14H24N2O4
F6573-6536,C12H15F2N3OS
F6279-0615,C13H14F3NO3
F6571-6134,C16H21NO2S
F6194-0461,C14H18N2O3S
F6753-1051,C13H17FN4O3
F6438-2770,C16H18N4O2
F6561-5039,C17H20N2O3
F6597-0649,C16H19FN4O
F5686-0538,C15H16ClN3S
F6559-1544,C16H19F2N3O
F1625-0055,C17H14N2O2S
F1704-0151,C17H16N2O2S
F6782-6682,C17H15ClN2O2
F6244-0392,C12H16N2O4S2
F6445-6249,C13H11BrN4O
F0417-2525,C17H25N3OS
F6438-2462,C15H17F2N5O
F5831-2073,C16H21NO4S
F5105-0070,C15H19NO3S2
F6395-0138,C19H22N2OS
F6560-5072,C13H17ClN4O2S
F0687-0451,C19H20FNO3
F6571-1876,C15H19ClFNO4
F6445-3143,C17H24N4OS
F5971-0299,C14H17F3N2O4
F5782-0214,C19H21N5O
F5833-5488,C18H15N3O2S
F6507-8397,C19H18N2O4
F6809-8148,C18H21N5S
F6550-5033,C19H24N4O2
F3294-0058,C18H15ClN2O3
F0777-2574,C17H17N3O3S
F6561-2695,C17H20N4O2S
F6454-1094,C17H20FN5O2
F6439-4730,C14H13ClF3N3O2
F6089-7094,C15H19F3N2O2S
F6381-6190,C20H19N3O3
F5871-4722,C13H16F3N3O3S
F6796-8657,C16H19F3N6
F6190-2447,C20H19ClN2O2
F6755-2749,C18H24F3N3O
F2314-0514,C20H23NO3S
F2605-0159,C18H15F2N3OS
F6520-1675,C18H16ClNO3S
F6343-0308,C22H26N4O
F6514-2486,C20H20N4O3
F6672-0869,C15H19BrN4S
F6512-2946,C18H20F3N3O2
F6286-0785,C17H18F3N3OS
F6562-4117,C20H26N4OS
F6560-2558,C20H16N6O2
F6471-6467,C18H18N2O3S2
F6444-6543,C21H21N5O2
F6553-1009,C20H18F3NO3
F5857-4160,C23H26N2O3
F5529-0157,C18H21FN2O4S
F6561-6753,C20H23N5O3
F2758-0138,C23H17N3O3
F6442-1366,C16H20BrNO3S
F6812-2063,C19H17F3N6
F6476-3099,C17H13ClF4N2O2
F6480-1134,C19H23N3O4S
F6806-4840,C22H26N6O
F6559-2170,C16H14F6N4O
F6502-0943,C21H23N5O3
F6473-8201,C22H21NO4S
F6454-2500,C22H28N4O3
F2751-0156,C18H26N2O6S
F2665-0095,C21H21FN2O3S
F6529-2350,C23H22N4O3
F6609-3834,C15H11BrF3NO4
F6237-3637,C18H16F3N5O3
F6560-5366,C24H19N5O2
F0685-0249,C18H15F3N2O2S2
F6617-6707,C21H23FN4O4
F6091-0238,C22H19N5O2S
F0665-0094,C18H14ClFN4OS2
F6442-7306,C20H27FN4O3S
F0911-2389,C21H23N5O5
F5823-0810,C20H24ClF3N4O
F6235-0490,C22H21N7OS
F2628-0003,C27H22N4O2
F6750-6441,C21H23N7O2S
F2724-1987,C26H24N4O3
F6727-3727,C24H25N7O2
F5072-4934,C25H26N4O4
F6609-1111,C20H22ClN3O5S
F0590-0335,C26H26N2O4S
F1009-0197,C22H25N3O5S2
F0507-0895,C26H22FN5O2S
