# All user editable compound information in the PCDL Manager compounds tab can be imported
# A minimum of formula or mass plus one identifier must be populated for compound import (recommended is formula and at least one other identifier, see examples)
# Multiple synonyms can be entered into the Synonyms column when separated by ';' (e.g. L-Isoleucine; 2-Amino-3-methylvaleric acid)
# All compounds will be assumed to be of a neutral ion type, unless a 1 is entered in the Cation or Anion column
Name,Formula
F6543-0206,C9H16F2N2O2S
F6614-4667,C15H18N2O2
F2145-1025,C13H14N2O2S
F3368-0827,C15H23NO3
F6791-9618,C13H20FN3O2
F0911-1657,C14H11NO3S
F6782-7645,C14H13ClN2O2
F6436-2764,C14H17NOS2
F5580-2932,C15H14N4O2
F6672-1457,C16H16ClN3
F6561-1471,C15H17N3O3
F6791-8316,C14H16FN5O
F6363-0451,C13H13ClN4O2
F6464-0695,C16H23ClN2O
F6755-2643,C18H24N4
F3367-0068,C15H10ClN3O2
F5791-1896,C15H12FN3OS
F6435-2039,C14H13N3O3S
F5854-4023,C16H17F2N3O
F6773-3025,C15H17ClN2OS
F6755-5532,C16H17F3N2O
F6573-5229,C18H20N2OS
F0651-0181,C18H16F2N2O
F6473-0522,C17H20N2O2S
F3022-0018,C16H18N2O3S
F6503-2527,C15H14ClFN4O
F1125-0049,C20H35NO2
F6555-0265,C16H17N7O
F1905-8998,C16H20FNO3S
F5033-0263,C20H26N2O2
F6809-1065,C17H17ClN4O
F6791-7337,C17H23N5O2
F5319-0697,C17H18FN3O3
F6471-2951,C14H14F3NO3S
F6675-8958,C19H18N4O2
F6554-8689,C15H16N2O3S2
F6675-7788,C15H14F3N5O
F6471-5303,C17H18N6O2
F6814-6840,C17H21N7O
F6516-1136,C18H15NO4S
F3273-0010,C17H18N4O2S
F6573-0402,C17H15F2N5O
F6681-9600,C18H21FN4O2
F6808-5477,C20H31N3O2
F6476-6075,C17H18ClN3O3
F6734-0320,C15H20N6O2S
F5865-0297,C18H19N7O
F6529-6492,C16H21N3O4S
F3386-3200,C15H16BrNO2S
F6556-6448,C17H26N2O2S2
F6359-0989,C19H17ClN2O3
F6539-2290,C15H27N5O3S
F5889-0018,C20H17N5O2
F6435-2584,C19H20FNO3S
F5772-2023,C20H14ClN3O2
F3164-0648,C18H28N4O2S
F5017-1493,C16H22N4O2S2
F6564-5617,C20H25N5O2
F6472-0604,C21H23NO3S
F2537-0020,C18H17N3O2S2
F6560-8151,C21H20N6O
F2391-1006,C19H22N2O4S
F1800-0077,C15H15F3N2O4S
F6656-3255,C17H23N5O3S
F6403-1507,C16H17N3O4S2
F2476-0178,C22H24N2O2S
F6246-3107,C13H14F4N4O3S
F6523-0306,C17H20F3N5O2
F6245-0245,C17H18F3N3O2S
F6245-4824,C20H26N4O4
F6372-0640,C19H15F3N4O2
F6258-1302,C23H23N3O3
F6225-1288,C17H18ClN5O2S
F6471-1180,C18H24N4O4S
F2537-1463,C21H15FN2OS2
F6529-2045,C18H25N3O5S
F5832-8533,C20H16FN3O3S
F5632-0019,C20H26N6O3
F6764-1315,C24H24N4O2
F0359-0217,C22H14ClN3OS
F6510-2699,C19H23N3O3S2
F3407-4940,C22H25N5OS
F5295-0280,C18H19ClN2O3S2
F3270-2222,C20H21ClN6O2
F5006-0242,C19H17N3O4S2
F5072-5157,C23H23N5O3
F6512-5483,C19H24N4O5S
F6039-0470,C18H16F3N5O2S
F3222-2739,C20H18N4O5S
F3406-6512,C18H21ClFN3O4S
F2738-1040,C22H16N4O2S2
F3290-0135,C22H18ClN5OS
F1408-0289,C19H22N2O6S2
F2018-7908,C20H19F4N3O2S
F2736-4566,C18H25FN4O4S2
F6514-4061,C23H21N5O3S
F3411-3465,C23H20ClN3O3S
F2024-2453,C25H28N4O5
F2017-0317,C22H21F2N3O5S
F5091-0974,C28H23N7O2
