# All user editable compound information in the PCDL Manager compounds tab can be imported
# A minimum of formula or mass plus one identifier must be populated for compound import (recommended is formula and at least one other identifier, see examples)
# Multiple synonyms can be entered into the Synonyms column when separated by ';' (e.g. L-Isoleucine; 2-Amino-3-methylvaleric acid)
# All compounds will be assumed to be of a neutral ion type, unless a 1 is entered in the Cation or Anion column
Name,Formula
F6554-4695,C13H14FNO3
F0302-0050,C14H9ClN2O
F6608-0270,C8H9BrN2OS
F6550-3074,C15H15F2NO
F1016-0237,C14H18FNOS
F3007-0324,C14H13N3OS
F0919-6824,C13H14N4OS
F6211-0352,C13H15N3O2S
F1741-0186,C17H16N2O2
F6090-0268,C16H17N3O2
F5625-0181,C11H18N4O3S
F6555-0025,C14H16N4OS
F6436-3370,C15H18N2O4
F6435-1915,C14H10F3N3O
F5772-7379,C16H17N5O
F5644-0002,C17H19N3O2
F1175-0030,C18H21NO3
F6415-0077,C18H23NO3
F6553-0485,C15H16N2OS2
F6573-4700,C18H18N4O
F2066-0007,C10H19N3O4S2
F5937-0007,C17H17N3OS
F6451-3275,C15H14F3NO3
F5831-3178,C18H18ClNO2
F6523-4327,C16H16ClN3O2
F6561-4773,C16H18BrNO
F5621-0085,C20H24N4
F6796-9007,C19H19FN4
F6681-3571,C15H15F3N4O
F6560-4237,C12H15BrN4O2
F2541-0144,C14H21N3O4S
F6451-3363,C12H12BrNO3S
F6549-6569,C16H18N4O4
F6089-7543,C15H16N4OS2
F6743-7908,C17H23N3O2S
F6411-0273,C16H18ClN3OS
F3398-1318,C20H20N2O3
F6089-9763,C17H27N3O2S
F6502-2737,C15H18ClN3O2S
F6438-2165,C15H15F3N4O2
F6209-0073,C19H17F2N3O
F6445-7363,C18H22N4O3
F6786-6192,C18H25N5O2
F6571-0463,C17H19N3OS2
F5001-1539,C18H19FN2O4
F6258-1120,C21H21N3O2
F6416-8253,C14H14F3NO4S
F6788-8067,C16H19FN4O2S
F2880-0216,C15H17BrN2OS
F3382-7112,C19H19N3O4
F6412-2255,C19H17NO4S
F5831-6750,C20H24N2O4
F2982-0207,C19H22N2O3S
F6349-0931,C20H16N4OS
F2265-0150,C20H14N2O3S
F5016-0190,C18H25N3O5
F5260-0260,C18H21ClFN3O2
F6609-3997,C15H14BrNO3S
F6561-6970,C18H20N6OS
F6685-8928,C15H19ClN4O3S
F6158-0196,C19H25N5OS
F5854-0338,C22H19N3OS
F6279-0270,C16H16F3NO2S2
F6561-0740,C18H24N4O5
F5332-0028,C18H22N2O3S2
F6724-1945,C19H21N7S
F6359-3957,C17H20ClN3O3S
F6491-1425,C20H22N4O4
F5832-0118,C18H19F3N2O2S
F6178-5063,C20H27N5O3
F5597-0046,C19H21N3O4S
F5782-0154,C23H24N4O2
F6570-2611,C21H18N4O2S
F2583-0728,C21H21N5O3
F5383-0091,C18H17ClFN3O4
F6154-0432,C21H22N4O4
F5837-0090,C21H20N2O2S2
F6458-0378,C19H23N7O3
F6178-4509,C20H22ClN5O2
F5226-0388,C24H23N3O3
F6764-0839,C16H13BrN4O2S
F6359-1185,C20H23ClN2O3S
F6839-8190,C22H24N4O2S
F1853-0040,C13H10BrN5O2S2
F1821-0713,C21H23N3O4S
F5089-1492,C19H20N4O3S2
F6252-3930,C24H26N4O3
F5788-4015,C20H19N7O4
F6372-1433,C22H15F3N4O2
F3411-3057,C22H25N3O2S2
F6246-2849,C18H21F3N4O3S
F3309-1790,C21H24ClN3O3S
F3411-7264,C22H21FN6OS
F6064-0942,C21H22ClN7O2
F3382-4218,C26H22N2O5
F6359-5361,C22H27N3O5S
F6473-4185,C26H25FN2O4
F2756-1047,C23H27N3O3S2
F2679-0079,C28H27N3O4
F2074-1108,C26H31N3O6
