# All user editable compound information in the PCDL Manager compounds tab can be imported
# A minimum of formula or mass plus one identifier must be populated for compound import (recommended is formula and at least one other identifier, see examples)
# Multiple synonyms can be entered into the Synonyms column when separated by ';' (e.g. L-Isoleucine; 2-Amino-3-methylvaleric acid)
# All compounds will be assumed to be of a neutral ion type, unless a 1 is entered in the Cation or Anion column
Name,Formula
F6541-1483,C15H14N4
F6471-2307,C14H13N3O2
F6656-0917,C11H15F2N3O2
F3263-0048,C9H10ClNO4S
F6514-1611,C14H22N2O3
F6544-0532,C16H18N2O2
F6471-2676,C17H20FNO
F6451-2042,C16H24N2O2
F6252-8404,C10H9BrN4O
F5759-0036,C16H11F2N3
F5945-0324,C13H10N4O2S
F0016-0350,C14H12N2OS2
F5600-0028,C14H15ClN4O
F6550-1808,C16H21FN2O2
F6561-5143,C15H18FNO2S
F6791-6761,C13H14F3N5
F1142-4154,C15H17N5S
F6521-8456,C17H19NO4
F6672-2095,C18H19F2NO
F6660-1308,C18H14N2O3
F3412-0046,C18H20N4O
F0537-0715,C17H13NO3S
F6436-1641,C14H13F2NOS2
F0014-0408,C17H11Cl2NO
F6730-0227,C14H12BrN3O
F6448-0270,C16H22N4O3
F5095-0206,C16H18F2N4O
F6725-1136,C18H18N4S
F2496-2010,C14H16N2O5S
F6244-3491,C19H20FN3O
F0636-0261,C17H17N3O2S
F6678-8904,C21H20N4
F6571-3761,C17H18N2O3S
F6619-4493,C16H22FN7
F6448-0222,C17H20ClN3O2
F6439-5730,C14H11Cl2N5O
F6246-0119,C16H15F3N4O
F5596-0657,C18H19N5O2
F6724-4159,C13H14BrN3OS
F6725-1144,C15H15F3N4S
F6520-5205,C18H19N3O2S
F6216-0263,C18H19FN4O2
F6436-2575,C17H21N5O3
F6276-2049,C16H15N3O2S2
F6037-0817,C16H18N4O3S
F6495-4132,C19H17N5O2
F6503-4420,C21H24N4O
F2397-0222,C18H14N4O2S
F6513-5703,C19H21N5O2
F6756-2505,C19H19N3O2S
F6171-0122,C14H14BrNO3S
F6565-4714,C17H20N6OS
F1391-0004,C18H18N2O4S
F3244-0172,C17H10Cl2N2O3
F6480-1008,C22H23N3O2
F5517-0022,C21H18FN3O2
F6473-6424,C17H19NO6S
F6479-6055,C17H26N4O3S
F6445-6916,C20H20N2O3S
F6656-3452,C20H27N5O2
F6514-9090,C18H21N5O2S
F6471-9466,C13H19N5O4S2
F6436-2468,C19H26N4O2S
F1345-0409,C19H24N2O4S
F3386-4044,C17H15ClN2O4S
F6559-3621,C18H19F2N3O4
F3386-3555,C16H16BrNO3S
F5855-0107,C22H23ClN2O2
F5854-0369,C19H17BrN2O2
F6806-6823,C18H22F3N3O3
F5147-0712,C19H18ClN3O4
F6796-8644,C19H19F3N6
F6550-4487,C17H19BrN4O2
F2880-2720,C19H22FN3O3S
F6608-3805,C24H32N4O
F6753-2113,C19H21ClF2N4O
F6523-0735,C22H29N5O2
F6726-4495,C20H20FN5O3
F6374-5531,C19H20F3NO3S
F0696-3150,C19H20ClN5O3
F6464-0399,C22H26ClNO4
F6814-0548,C22H27N7O
F6390-3043,C19H24N2O4S2
F5834-1621,C26H22N2O3
F6802-6982,C15H19ClF3N3O3S
F6458-0243,C21H21N9O
F6608-2513,C19H17F3N6O2
F6448-2529,C19H17F2N3O4S
F6678-9469,C24H29N3O4
F1716-0187,C21H18BrNO4
F2031-0510,C24H27N7O
F6818-1168,C21H26F2N6O2
F3226-1380,C22H13ClN2O4S
F6442-6999,C27H35FN2O2
F2297-0437,C19H23ClN2O4S2
F3165-0980,C24H19N3O4S
F2407-0164,C24H20N2O5S
F0007-1076,C17H14Cl2N4O3S2
F0433-0484,C23H20N2O5S2
F1127-0326,C25H21FN2O5S
