# All user editable compound information in the PCDL Manager compounds tab can be imported
# A minimum of formula or mass plus one identifier must be populated for compound import (recommended is formula and at least one other identifier, see examples)
# Multiple synonyms can be entered into the Synonyms column when separated by ';' (e.g. L-Isoleucine; 2-Amino-3-methylvaleric acid)
# All compounds will be assumed to be of a neutral ion type, unless a 1 is entered in the Cation or Anion column
Name,Formula
F6543-0617,C7H6BrF2N3
F6735-1999,C15H18N4
F3385-6144,C14H10ClNO2
F6244-1828,C14H18N2OS
F3316-0152,C11H14N4O2S
F6089-5666,C15H14N2OS
F6782-3900,C14H15N3O3
F6608-1605,C12H15F3N2O2
F6211-0409,C13H17N3O4
F6443-6887,C13H22N4OS
F6678-7921,C16H19N3O2
F6192-0031,C17H21NO3
F6811-1192,C13H19N7O
F5957-0233,C14H17ClN4O
F6435-2028,C12H13N3O2S2
F6577-0678,C11H15N5O3S
F5860-3977,C13H12F3N3O2
F0585-1197,C16H13F2N3O
F6609-0186,C17H18FNOS
F3083-0235,C17H24FN3O
F2135-1026,C18H16N2O3
F6681-3544,C16H20F2N2O2
F6682-6573,C17H20N4O2
F6676-2674,C17H19FN4O
F6448-0060,C16H20N4O3
F2135-1663,C16H19FN4S
F5857-8617,C16H20N2O3S
F5828-0072,C17H14N4OS
F6523-1555,C18H21N5O
F6562-3798,C17H16FN5O
F5856-0055,C16H13N3O3S
F2434-1310,C17H17FN4O2
F6556-8710,C16H14N2O2S2
F6448-2323,C17H21N3O4
F6514-2826,C15H18F3NO2S
F6472-8580,C18H26N2O2S
F6476-5755,C16H17FN2O3S
F6553-0883,C20H19NO4
F5228-2497,C19H22N4O2
F3277-0887,C17H12N2O2S2
F6478-1723,C13H16FN5O3S
F6473-4202,C17H18N4O4
F1316-0034,C18H21N3O2S
F6184-0778,C20H28N2OS
F6524-0483,C17H15FN2O3S
F5882-1007,C18H21NO4S
F6573-5339,C20H20N4O2
F0585-2705,C22H27N3O
F3348-0498,C22H17N5
F6562-8680,C18H15N3O3S
F6211-0301,C19H22N4O3
F3320-0759,C19H20N2O3S
F1813-1159,C15H7F5N2OS
F5264-0360,C19H25N3O2S
F5871-3268,C18H20FN3O4
F6521-3736,C19H16F3NO3
F6204-2770,C15H15N3O2S3
F6563-0446,C21H22N2O2S
F6401-0078,C19H16N2O2S2
F6792-3689,C19H23N5OS
F6478-3802,C19H18FN3O2S
F6619-6291,C20H32N6O
F6353-5746,C20H23FN2O2S
F6525-2142,C19H16N6OS
F6471-0369,C21H23N5O2
F6519-5997,C17H18FN3O4S
F6796-8664,C19H23F3N4O
F6512-5588,C16H22N4O3S2
F6530-0545,C21H25N3O4
F3179-0504,C21H23NO4S
F6678-8120,C18H15BrFN3O
F5607-0187,C21H17FN6O
F6353-6570,C21H31N3O2S
F6424-0884,C20H17N5O2S
F6363-0826,C21H21FN6O
F6495-4136,C20H18N4O3S
F6786-6513,C21H22FN5O2
F2501-0950,C21H20FN3O2S
F6677-3690,C18H18BrN5O
F6523-2494,C18H13ClFN5OS
F6262-6299,C20H22FN3OS2
F6674-5466,C19H24ClN5O3
F6557-0627,C17H17BrN2O3S
F6559-0030,C21H19ClN4O3
F6608-4007,C22H28N4O2S
F6372-2904,C22H17N5O4
F5496-1744,C17H18ClF3N4OS
F6513-1109,C22H24N6O3
F6471-9169,C19H25N3O6S
F3371-0666,C25H19FN4O2
F5342-0120,C20H23N5O4S
F2204-0361,C23H20N4O5
F2565-0250,C22H21N5O5
F6363-0840,C22H23ClN6O2
F3167-0415,C23H27N3O4S
F6257-1259,C21H28N6O3S
F5591-1317,C23H22FN7O2
F2574-0255,C22H25F3N2O3S
F3398-1541,C22H16ClFN6OS
F6240-0788,C22H22ClF3N6O
