# All user editable compound information in the PCDL Manager compounds tab can be imported
# A minimum of formula or mass plus one identifier must be populated for compound import (recommended is formula and at least one other identifier, see examples)
# Multiple synonyms can be entered into the Synonyms column when separated by ';' (e.g. L-Isoleucine; 2-Amino-3-methylvaleric acid)
# All compounds will be assumed to be of a neutral ion type, unless a 1 is entered in the Cation or Anion column
Name,Formula
F6793-5583,C12H14FN3S
F2833-0185,C10H6Cl2N2O2
F6677-2315,C15H21N3O
F6608-0883,C13H17N3OS
F6471-7772,C15H13N3O2
F5860-1596,C13H15ClFNO2
F2135-1587,C14H14N2O2S
F1711-0339,C15H16ClNO2
F6147-0050,C14H12N6O
F6524-1901,C16H17N3O2
F6360-9450,C14H14N4O3
F6748-5378,C14H16N4OS
F6549-6827,C15H18N2O4
F6275-0180,C12H14F3NO2S
F6708-8293,C19H18FNO
F9996-0235,C17H19N3O2
F9994-0664,C20H17N3
F6789-0456,C17H20FN3O
F6782-8163,C14H10F2N4S
F6724-2543,C18H18N4O
F6416-8074,C15H16ClNO4
F5001-0653,C17H14FN3O2
F6788-7921,C13H16FN3O3S
F6723-0917,C15H14FN5S
F6481-2548,C17H19NOS2
F6516-0062,C16H11F2NO2S
F6803-2462,C16H24N4O3
F6713-6177,C17H18N6O
F5141-0416,C15H20N2O4S
F2674-0180,C14H12Cl2N2O3
F6755-0083,C17H18ClN5
F6279-0659,C20H28N2O2
F6753-2060,C14H20F2N4OS
F6510-4568,C15H13FN4O2S
F5866-0394,C20H19N3O2
F3244-0012,C17H13N5OS
F2318-0471,C16H16N8O
F6521-7294,C20H23N3O2
F6194-1124,C16H18FNO2S2
F6604-9458,C16H16N6OS
F6549-1176,C17H19N5OS
F6485-1741,C18H22N4O3
F6806-6236,C16H29N3O3S
F5679-0035,C17H16FN3O2S
F6253-3734,C21H18N2O3
F6125-3711,C16H21N5O4
F6791-8244,C14H16BrN5O
F5882-5870,C19H18N4OS
F5094-0266,C14H10Cl2N4OS
F2622-0049,C19H19N3O4
F5882-3200,C16H19Cl2N3O2
F6473-7055,C20H24N2O4
F5775-0029,C19H19FN2O4
F6677-2899,C14H21ClN4O3S
F6471-6088,C18H13F3N2OS
F6564-8280,C20H21N5O2
F1218-1197,C21H20ClN3O
F3200-0023,C20H34N2O4
F6571-3604,C17H24N2O5S
F6724-5138,C15H23BrN4S
F5822-0093,C21H26ClN3O
F6811-1943,C17H19N5O3S
F6517-4738,C19H15ClFNO2S
F2790-0323,C17H24N6O2S
F2036-0324,C18H19FN2O4S
F6445-3497,C19H18FN7O
F6443-4106,C21H16FNO3S
F6685-8671,C18H21F3N4O2
F6451-1498,C18H16F4N2O3
F6672-0214,C21H27N3O4
F5833-8463,C19H21N3O4S
F0916-6761,C23H24N4O2
F6250-0066,C20H20ClFN2O3
F5788-2695,C21H21N5O3
F6517-2705,C22H19NO2S2
F5078-0439,C21H22N4O4
F6473-7428,C18H21ClN2O4S
F1115-0132,C22H27N3O2S
F6294-0466,C21H22FN3O2S
F6435-7132,C22H27NO4S
F3072-0020,C22H33N3O2S
F2871-0081,C21H18N4O3S
F3407-0602,C22H24N4O2S
F5823-0216,C23H30N4O3
F8890-4354,C21H23N3O4S
F6523-3491,C22H16N4O3S
F2294-0103,C22H30N2O4S
F3398-5553,C23H23N3O3S
F2252-0299,C22H20N2O5S
F2870-0272,C22H22FN3O3S
F0528-0363,C21H23ClN4O2S
F3398-5431,C24H20ClN3O3
F6442-0899,C24H24N2O4S
F6477-0292,C23H25N3O2S2
F6245-6996,C22H26N4O2S2
F2902-1364,C23H20FN7O2
F6249-0364,C22H23F3N4O3
F1492-0028,C23H28BrN3O2
F2066-0197,C21H31N3O5S2
F6617-3455,C26H28FN3O3S
