# All user editable compound information in the PCDL Manager compounds tab can be imported
# A minimum of formula or mass plus one identifier must be populated for compound import (recommended is formula and at least one other identifier, see examples)
# Multiple synonyms can be entered into the Synonyms column when separated by ';' (e.g. L-Isoleucine; 2-Amino-3-methylvaleric acid)
# All compounds will be assumed to be of a neutral ion type, unless a 1 is entered in the Cation or Anion column
Name,Formula
F6808-8283,C12H19N3O3
F2450-0101,C13H10N2O2S
F6273-1380,C15H19NO3
F1608-0425,C17H15NO2
F6617-5839,C16H15NO3
F3412-0040,C13H16N6O
F6473-2207,C13H17N5O2
F5966-0036,C15H22N2O3
F6680-0981,C10H11ClN6S
F6414-3788,C12H15NO3S2
F0311-0239,C18H13N3O
F6473-3828,C14H15N3O4
F6561-1759,C16H21NO4
F6743-9035,C13H18N4O2S
F6678-8480,C15H16N6O
F6549-7566,C15H18N6O
F2199-0314,C16H20N4O2
F6725-0299,C15H22N6O
F6471-5360,C14H16ClN5O
F3249-0181,C19H21N3O
F3157-0316,C14H18N2O4S
F6559-7401,C13H12N8O2
F6439-4806,C13H13F3N4O2
F6412-1252,C16H16N2O3S
F3288-0131,C16H15ClN2O3
F2506-1051,C12H9BrN4S
F6604-7091,C18H19N5O
F6476-5221,C18H17N3O3
F6559-6592,C12H10F3N7O
F6556-5913,C17H21F3N2O
F1759-0011,C17H16N2O3S
F6555-6493,C21H19N3O
F3222-2171,C17H18ClN3O2
F6279-0575,C19H28N2OS
F5078-0051,C16H16F2N4O2
F6619-6332,C18H21N7
F5267-0488,C17H17F2NO2S
F6713-6013,C17H18N6S
F6554-0021,C19H21N3O3
F6672-2223,C21H28N2O2
F6252-7267,C17H15ClN4O2
F6230-0154,C18H18ClN3O2
F6473-6369,C18H20N2O5
F6604-0766,C19H19N7
F2982-0211,C17H17NO5S
F6252-2092,C19H16N4O3
F6556-6585,C17H23N3O3S
F6451-0227,C18H19ClFNO3
F0613-0160,C21H24N2O3
F5857-0751,C17H17F3N2O3
F6436-0577,C18H33N3O2S
F6725-0020,C19H23N3O2S
F1757-0305,C15H22ClN3O3S
F6608-2754,C17H20BrN3O
F6747-5469,C14H14BrN5S
F6786-6402,C19H20N6O2
F6502-7737,C16H13F3N4OS
F6199-0425,C17H20F3N5O
F5526-0409,C18H18F3NO4
F5097-1350,C22H30N2O3
F6681-3355,C23H20N2O3
F6155-0012,C16H18N6OS2
F6750-6372,C19H21N9
F3222-2143,C21H19N3O4
F6830-7789,C24H30N2O2
F3358-0412,C17H24N4O2S2
F6658-5592,C22H27N3O3
F0919-3279,C20H21N3O3S
F6573-7679,C16H14F3N3O3S
F2261-0598,C24H22N2O3
F5773-0741,C17H16N4O5S
F2508-0287,C21H19N5O3
F6672-0822,C16H15BrClN5
F6357-0689,C19H24N2O3S2
F6727-3428,C20H23N7O2
F5382-0750,C21H21N3O3S
F6192-1302,C17H16ClNO4S2
F5033-3682,C22H26N2O3S
F6570-2783,C21H19F3N4O
F6713-0290,C21H22N8O
F6608-2692,C18H20BrN3O3
F5092-0162,C19H25N3O3S2
F6518-4733,C26H23N3O2
F2750-0108,C19H16N4O5S
F6549-8499,C26H26N2O3
F6795-5301,C17H22F3N5O2S
F2056-0078,C20H21FN2O3S2
F3411-3092,C24H27FN4O2
F5040-0669,C24H23N7O
F0916-4781,C22H28N4O3S
F6252-5099,C24H22FN5O2
F6609-6090,C23H26N6O3
F3406-4931,C23H27N5O2S
F6368-0052,C26H28N6O
F3411-3299,C20H17BrN2O5
F6471-8949,C15H18BrN3O4S2
F3337-0037,C26H33N3O4
F2238-0289,C21H20F3N5O2S
F3167-1131,C22H18ClFN2O5S
F3222-5071,C22H21ClN4O3S2
