# All user editable compound information in the PCDL Manager compounds tab can be imported
# A minimum of formula or mass plus one identifier must be populated for compound import (recommended is formula and at least one other identifier, see examples)
# Multiple synonyms can be entered into the Synonyms column when separated by ';' (e.g. L-Isoleucine; 2-Amino-3-methylvaleric acid)
# All compounds will be assumed to be of a neutral ion type, unless a 1 is entered in the Cation or Anion column
Name,Formula
F6745-4783,C12H18N4O2
F6818-1859,C13H13N5O
F2545-0021,C12H21NO3S
F3110-1477,C10H14FNO4S
F6556-3253,C15H26N2O2
F6438-1308,C15H18N4O
F6672-0054,C14H19N5O
F6744-1158,C10H8BrN5
F6667-6325,C12H13ClN4S
F5876-0001,C15H13N3O3
F5791-2768,C11H9F3N4O2
F6516-0020,C14H12N2O3S
F1175-0671,C15H18N2O2S
F6562-7626,C16H24N2O3
F6754-5251,C14H15F2N3O2
F6573-7418,C15H15N5O2
F6681-3493,C16H17N3O3
F5889-0056,C16H19N3O3
F1827-0015,C16H21N3O3
F2173-0496,C13H12F2N6O
F6806-8100,C15H24N4O3
F5644-0005,C16H13N3O2S
F1804-0011,C12H15N3O3S2
F2496-0630,C16H13NO4S
F6442-2628,C13H16ClNO4S
F5095-0938,C15H22N6O2
F1021-0619,C20H20N2O2
F6549-7044,C19H18N2O3
F6482-6638,C18H16N2O2S
F6482-2283,C20H23NO3
F6194-0141,C16H16F3NO3
F6203-1936,C19H24N2O3
F5831-3396,C18H19ClN2O2
F6472-8875,C19H29N3O2
F6480-0995,C17H17F2N3O2
F6550-2986,C16H18BrNO2
F6438-3069,C15H17FN4O4
F6573-1856,C18H19N5O2
F3227-1753,C18H10ClNO4
F6424-0991,C17H16N4O2S
F3382-2721,C18H19N3O2S
F6523-4710,C18H22N4OS
F6489-1995,C17H21N5O3
F5889-0143,C17H13ClFN3O2
F5033-2877,C13H22N4O3S2
F6805-9849,C18H22ClN3O2
F6416-8817,C19H28N2O4
F6516-2061,C17H13F3N2O3
F6761-7358,C21H22FN3O
F6445-6871,C19H19N3O2S
F6442-2885,C13H13ClF3NO3S
F5283-0160,C18H20N4O4
F6608-2573,C15H17F3N4OS
F6439-8115,C16H13ClN4O2S
F6549-7761,C21H23N5O
F6524-5485,C18H17N7O2
F6753-3396,C17H20ClN3O2S
F6363-0612,C19H22N6O2
F6524-6236,C17H24N2O3S2
F0821-0422,C15H15BrO6
F6530-0530,C19H21N3O5
F6155-0458,C18H19N3O2S2
F6438-2627,C18H23FN6O2
F5981-0240,C21H20N4O3
F6482-6954,C18H13F3N2O2S
F6493-1243,C21H21N3O2S
F6609-3824,C16H16BrNO5
F6296-1304,C20H22N4O2S
F1874-0553,C18H13FN4O3S
F5870-0420,C22H27NO3S
F6764-4778,C19H18FN3O3S
F6514-6641,C21H20N6O2
F3320-0810,C19H19ClN2O3S
F2514-0621,C21H18FN5O2
F6481-1271,C18H17BrFNOS
F6111-1314,C23H23ClN2O2
F3342-0418,C16H17BrN2O3S
F6785-7227,C20H23N5O2S
F2517-1239,C23H17N3O4
F5493-0463,C19H20FN5O2S
F6559-0792,C22H21N5O3
F3398-5494,C16H15BrN4O2S
F3225-0029,C21H20N4O3S
F6687-5308,C20H22F4N4O
F6441-0541,C16H22F3NO4S2
F2227-0191,C24H25N5O2
F6031-0168,C22H27ClN2O2S
F6548-4466,C21H19N5OS2
F3118-0030,C17H14BrFN2O3S
F6510-3173,C18H19ClFN3O4S
F0537-5164,C20H19BrN2O2S
F2234-0210,C22H32N4O5
F6480-4443,C18H21BrN4O4
F6471-8650,C18H22BrN3O3S
F3406-6195,C22H17ClF2N4O2
F1609-0111,C22H24ClN3O3S
F6372-2531,C23H20N4O4S
F5097-2602,C21H23F3N2O4S
F6043-0696,C21H26ClFN4O3S
F1757-0145,C26H28N2O5S
