# All user editable compound information in the PCDL Manager compounds tab can be imported
# A minimum of formula or mass plus one identifier must be populated for compound import (recommended is formula and at least one other identifier, see examples)
# Multiple synonyms can be entered into the Synonyms column when separated by ';' (e.g. L-Isoleucine; 2-Amino-3-methylvaleric acid)
# All compounds will be assumed to be of a neutral ion type, unless a 1 is entered in the Cation or Anion column
Name,Formula
F6809-7511,C13H17ClN2O
F6541-0078,C9H12BrN3O
F6789-0587,C15H20N2O2
F6608-1131,C14H14F2N2O
F3162-0022,C16H16N2S
F5096-0191,C15H21N5
F2146-0326,C13H10ClN3S
F6440-4220,C15H23N3O2
F1677-0339,C14H16ClNO3
F2257-0257,C16H13FN2O2
F5937-0151,C17H22N2O2
F6471-1855,C17H24N2O2
F2879-5316,C14H11F2N3O2
F5938-0463,C18H19N3O
F2879-7513,C14H17ClN2O3
F6439-4240,C15H14N4OS
F6724-1208,C16H16N2O2S
F6369-0257,C16H18N2O2S
F6619-6464,C16H18F2N4
F6194-0101,C16H18ClNO3
F6435-1945,C18H19N3O2
F6681-3800,C18H21N3O2
F6793-6995,C14H18F3N5
F6734-1485,C16H18FN5O
F6573-2831,C16H19N3O4
F6390-3070,C17H21NO3S
F6571-4251,C16H19NO4S
F5857-0448,C16H15ClFNO3
F6713-4885,C17H20N6O
F6252-0738,C15H14N6O3
F6259-1121,C17H21N5O2
F6508-0021,C18H16FNO4
F6677-0811,C18H23FN4O
F6479-4447,C16H20N4O2S
F5001-1352,C16H12F2N2O2S
F6523-3705,C18H17N5O2
F6713-4719,C19H24N6
F5802-0024,C15H18N2O5S
F6125-2268,C18H17N3O4
F6556-0258,C16H24N2O4S
F6560-5933,C18H23N5O2
F6371-0044,C16H13N3O4S
F1142-3812,C21H16N2OS
F6525-1301,C18H15N7O
F6604-0799,C18H18N8
F2398-0076,C16H16N2O3S2
F6414-1248,C18H20FNO3S
F6656-3184,C20H22N4O2
F6734-0236,C15H15F3N6O
F6619-6004,C19H27N7
F1201-0296,C19H21N3O2S
F6523-3789,C18H16ClN3O3
F6245-0031,C19H26N4O3
F6471-5604,C21H20N4O2
F5882-2471,C17H22N4O3S
F6685-8561,C15H19F3N2O3S
F6178-4120,C21H23N3O3
F6359-0411,C17H16F3N3O3
F3386-4628,C15H16BrNO3S
F5598-0037,C19H19FN4O3
F6808-5304,C15H22BrFN4O
F6677-1221,C23H23N3O2
F6443-5444,C18H21N3O4S
F6363-0585,C16H16ClN5O2S
F6473-0787,C21H22N4OS
F6508-0607,C20H16N2O2S2
F5854-2432,C22H23NO3S
F6519-8083,C16H15F2N3O2S2
F1863-0046,C21H24N2O5
F6482-7830,C20H22N2O2S2
F5264-0530,C21H26ClN3O2
F2496-3149,C19H19NO6S
F5939-2654,C20H26N2O4S
F6564-5388,C16H17BrN4OS
F6561-5407,C23H23NO3S
F6415-1461,C18H18ClNO3S2
F6296-1229,C24H20N4O2
F6246-1479,C19H18N4O4S
F6473-8918,C16H17ClN2O4S2
F5854-1063,C20H22N2O3S2
F6245-5828,C20H19F3N4O2
F2519-0064,C23H26N4O3
F6442-0450,C19H20FNO4S2
F8890-6318,C21H22ClN5O2
F2392-0876,C22H20ClFN2OS
F0696-4977,C25H28N4O2
F2371-0332,C20H22FN3O4S
F6471-5477,C19H17F3N4O2S
F6414-3885,C17H16BrNO3S2
F6252-1345,C19H17BrN4O3
F6442-0990,C17H18ClNO6S2
F5792-0620,C19H19ClN4O2S2
F6064-3188,C20H15ClF3N3O3
F6504-1381,C19H19F3N4O3S
F6436-2959,C19H20F3N3O4S
F5042-0098,C20H22N4O4S2
F0634-0215,C24H24ClN5O2
F1874-0625,C20H21ClN6O3S
F3386-5044,C15H12BrClF3NO4S
F3382-1371,C22H20BrN3O3S
