# All user editable compound information in the PCDL Manager compounds tab can be imported
# A minimum of formula or mass plus one identifier must be populated for compound import (recommended is formula and at least one other identifier, see examples)
# Multiple synonyms can be entered into the Synonyms column when separated by ';' (e.g. L-Isoleucine; 2-Amino-3-methylvaleric acid)
# All compounds will be assumed to be of a neutral ion type, unless a 1 is entered in the Cation or Anion column
Name,Formula
F6754-6544,C16H19N3
F2158-0051,C11H9F3N2O2
F6573-7216,C14H19N3O2
F6561-2323,C14H19NO2S
F6660-2748,C15H15N3O2
F6616-2159,C14H19F3N2
F6672-1456,C18H17N3
F6806-8094,C14H22N4O2
F6773-2815,C11H14N4OS2
F1804-0262,C11H15N3O2S2
F6573-5546,C15H17N3OS
F6474-8955,C11H19N3O4S
F3238-0083,C15H21N3O3
F6473-2206,C15H14N6O
F6713-5327,C14H16N8
F6562-7653,C18H22N2O2
F2147-0978,C14H24N2O5
F6279-0033,C18H26N2O2
F5857-1914,C16H19NO3S
F0518-0071,C18H21N5
F6560-7584,C16H14N4O3
F2413-0179,C17H16N2O4
F6246-1145,C15H14N4O4
F6573-5234,C17H17ClN2O2
F2773-0186,C19H14N2OS
F6252-9113,C14H10Cl2N4O
F5033-2302,C18H19N5O
F6203-0560,C15H21N3O3S
F6445-6560,C19H16FNOS
F6200-1847,C19H22N2O3
F6442-1632,C14H20N2O3S2
F6112-0344,C20H24ClNO
F6514-4297,C15H17N5O2S
F6415-0376,C19H28N2O3
F6671-3435,C15H19ClN6O
F6619-7497,C16H25N5O3
F6774-4245,C16H17ClFN3O2
F6803-4498,C16H17F3N4O
F6761-7903,C17H18FN7
F6656-3010,C20H28N4O
F6555-0159,C17H15FN4OS
F6617-6831,C16H17N5O2S
F6438-0696,C18H21ClN4O
F6559-2246,C15H22F3N5O
F2073-0056,C17H12F3N3O2
F5672-0116,C16H20N4O3S
F6441-5420,C19H27NOS2
F5597-0265,C16H18FN3O3S
F6731-0759,C19H21FN6
F6677-3052,C19H19ClN4O
F3237-0882,C13H13BrN2O3S
F6245-6412,C16H19N7O3
F6562-1806,C18H18FN3O2S
F0636-0068,C20H15N3O2S
F6156-0589,C17H15BrFNO2
F6359-3585,C19H20N6O2
F3070-0078,C17H19ClN2O3S
F6436-2618,C19H21N5O3
F6809-1099,C20H20ClN3O2
F6204-2709,C14H14BrNO2S2
F2256-0116,C20H24N2O3S
F6813-8048,C18H19FN4S2
F5940-0359,C23H25N3O2
F5875-0209,C21H19N3O4
F6472-0949,C13H18BrNO3S2
F2617-0661,C21H20N2O5
F3406-5517,C21H27N5O2
F6442-1240,C19H26ClNO3S
F3406-7242,C17H15ClF3N3O2
F6435-2874,C21H26N2O3S
F6554-4634,C19H17FN2O4S
F6549-7449,C18H23N5O3S
F6609-3859,C18H18BrNO4
F8890-3233,C21H17FN4O3
F0634-0464,C18H27N5O5
F2629-0049,C21H21N3O3S
F2743-1682,C20H13Cl2N3O2
F5295-0149,C22H26N2O3S
F5470-0327,C22H25ClN2O3
F0518-0205,C23H23FN6
F2202-0077,C19H14F3N3O2S
F6559-0901,C21H21N5O2S
F6619-7438,C18H22F3N7O
F2043-0439,C18H21FN2O4S2
F2657-0161,C25H26N4O2
F2812-1522,C24H23N3O2S
F0686-0325,C21H19F3N2O2S
F6796-9376,C23H27FN6O
F6497-1244,C22H27N5O4
F6670-5979,C24H24N6O2
F6496-3339,C25H25N3O4
F6805-3637,C25H27FN4O2
F6619-5245,C21H26F3N5O2
F5255-0020,C17H16ClN3O5S2
F6526-1365,C20H21BrN4OS
F6411-0368,C21H14BrN5O2
F3382-3079,C22H17ClN4O3S
F2662-0105,C25H25N3O4S
F1607-0231,C23H22ClFN2O4S
F2323-0123,C25H21ClN6O3
