# All user editable compound information in the PCDL Manager compounds tab can be imported
# A minimum of formula or mass plus one identifier must be populated for compound import (recommended is formula and at least one other identifier, see examples)
# Multiple synonyms can be entered into the Synonyms column when separated by ';' (e.g. L-Isoleucine; 2-Amino-3-methylvaleric acid)
# All compounds will be assumed to be of a neutral ion type, unless a 1 is entered in the Cation or Anion column
Name,Formula
F6414-0007,C13H17NO4
F5787-1532,C13H12N4S
F5772-8301,C12H12N4OS
F6675-9646,C14H21N3O2
F6541-2858,C16H17N3O
F6480-6796,C11H17N3O3S
F5860-4768,C9H17F3N2O2S
F6665-8355,C14H13F2N3O
F5490-1335,C16H16N4O
F6789-0637,C15H17N5O
F9995-0930,C17H18O4
F6439-8050,C14H16N4O3
F6212-0011,C14H18N4O3
F6660-2732,C15H11N5O2
F5791-0555,C19H21NO2
F6573-1291,C16H19N5O
F6574-1064,C17H21N3O2
F6709-0390,C16H23N5O
F6685-3814,C14H16N4O2S
F2167-4202,C15H22N4O3
F2158-0832,C14H19N3OS2
F0774-0007,C15H21NO4S
F6064-8361,C16H15N3O4
F6374-0262,C13H21N3O2S2
F5831-9954,C17H19NO3S
F6464-0478,C17H18ClNOS
F3161-0177,C14H12ClN3O2S
F6436-2558,C17H23FN2O3
F0545-0799,C19H20N2OS
F2553-0091,C17H14N2O3S
F2517-1623,C16H17N5O3
F6507-3888,C14H16ClNO4S
F3156-0019,C18H22N2O2S
F6562-1355,C15H16N4O3S
F6594-1889,C18H21F2N3O
F5857-1956,C17H18FNO3S
F5689-0026,C19H20N4O2
F1804-0300,C11H12Cl2N2O2S2
F6523-0450,C11H16F3N5O2S
F2416-0715,C19H20N2O2S
F6797-2760,C16H16FN7O
F6178-4217,C19H23FN4O
F6471-3414,C13H13ClN2O3S2
F0699-0021,C20H15N3O3
F6792-0359,C16H19FN6S
F6240-7415,C20H21N5O
F6442-1993,C14H20FNO4S2
F6475-7474,C17H22N2O4S
F5857-7829,C16H17ClN2O3S
F6507-8951,C18H27NO2S2
F3281-0051,C18H17N3O3S
F6753-2155,C17H26F2N4O2
F6617-7496,C18H19FN4O3
F6279-0680,C18H20N2O4S
F6561-1263,C18H13F3N2O3
F6764-1423,C22H25N3O2
F6154-0072,C20H19N3O4
F1897-0214,C19H14ClN3OS
F5001-0272,C24H20N2O2
F2749-0128,C19H18N2O4S
F6479-4311,C19H25N5O3
F6374-5474,C20H23NO4S
F6508-0049,C18H17NO6S
F6750-6314,C18H20N10
F5882-6179,C20H18N4O2S
F6478-3913,C17H22FN5O4
F6452-0320,C18H20FNO5S
F6245-4476,C19H22N6O3
F1199-0184,C21H21ClN2O3
F6471-1279,C15H19BrN2O3S
F6439-7482,C18H21N5O3S
F3368-0330,C23H36N2O3
F1678-0314,C19H22N2O5S
F2260-0102,C19H25N3O6
F6481-2616,C20H21F2NOS2
F3406-8626,C20H22N6O3
F6400-0407,C16H23F3N2O2S2
F5016-3048,C19H31N3O4S
F6178-2575,C21H25N3O3S
F6440-4392,C22H28ClN3O2
F5773-0377,C18H20N4OS3
F5118-0294,C18H22N4O5S
F6523-0715,C21H24N6OS
F3407-2198,C21H15ClFN3OS
F5832-1037,C22H24FN3O2S
F6557-0439,C21H24N2O3S2
F6609-5019,C25H30N4O2
F1827-0067,C20H27N3O5S
F3225-4893,C22H21FN4O2S
F3309-0729,C25H21N3O4
F2574-0303,C22H26N2O5S
F5017-2960,C21H27N3O3S2
F6089-9183,C22H23F3N2O4
F6247-0790,C24H21N7O2
F6472-6142,C22H26N4O4S
F6252-5703,C23H23N7O3
F3406-3209,C25H28N4O4
F2570-0042,C22H22N2O5S2
F3382-8025,C24H27ClN4O2S
F5121-0871,C24H23FN4O4S
