# All user editable compound information in the PCDL Manager compounds tab can be imported
# A minimum of formula or mass plus one identifier must be populated for compound import (recommended is formula and at least one other identifier, see examples)
# Multiple synonyms can be entered into the Synonyms column when separated by ';' (e.g. L-Isoleucine; 2-Amino-3-methylvaleric acid)
# All compounds will be assumed to be of a neutral ion type, unless a 1 is entered in the Cation or Anion column
Name,Formula
F1967-1354,C11H8ClNO2S
F6708-8542,C14H15N3S
F6755-1694,C11H11N5OS
F6279-0621,C14H20N2O3
F6571-2379,C13H20N2O4
F2479-0054,C13H12N4OS
F6541-4846,C13H14ClN5
F6717-1759,C13H14N2O3S
F2135-0646,C16H15N3O2
F6359-3029,C15H16N4O2
F6667-1147,C11H11BrFNO2
F3394-0170,C12H16ClNO3S
F6549-7168,C14H14FN3O3
F2147-6866,C7H2BrF3N4O
F5857-2283,C17H16N2O3
F6660-1002,C15H14N4O3
F2414-0083,C16H16N2O4
F5857-0832,C16H18N2O4
F6523-1761,C16H24N4O2
F3040-4078,C13H17N5O2S
F6681-2172,C16H19N7
F6806-8091,C19H25N3O
F6487-0939,C18H23N3O2
F3376-1752,C16H21N5O2
F6573-3391,C17H20FN3O2
F6482-2321,C17H21NO5
F6472-0800,C15H19N3O3S
F6525-0780,C12H16F3N3O2S
F6677-0987,C18H24N6
F6521-3803,C18H18N2O4
F5096-0056,C18H25N5O
F2740-0751,C17H19N3O2S
F6521-4178,C17H14ClNO2S
F6258-2960,C16H20N4O4
F6230-0007,C18H14N4OS
F6237-0311,C17H17N7O
F6442-0543,C15H15NO4S2
F5854-0603,C19H18N2O2S
F6775-2396,C15H16F3N5O
F5863-0013,C18H20N4O3
F6503-4388,C20H27N3O2
F2368-0101,C17H14FN3O2S
F6550-7753,C18H20N2O3S
F6561-1330,C21H19N3O2
F5266-0316,C18H26N4O3
F0537-4440,C20H16N2O2S
F2331-0042,C20H19N3OS
F6795-4708,C20H26N6
F5833-6679,C20H20N2O4
F5600-0056,C15H16Cl2N4O2
F6795-5494,C18H21N5OS
F5591-1183,C14H14F3N5O3
F6679-2735,C16H14BrN3O2
F6788-3881,C18H22F2N6
F6561-1248,C22H22N2O3
F0651-0399,C21H20N2O2S
F6619-6084,C19H23N7O
F6488-2792,C15H21N5O4S
F6438-0463,C16H17Cl2N3O3
F2602-0120,C20H20F2N4O
F2811-0079,C19H20N2O4S
F6454-1027,C19H30F3N3O
F6514-7479,C17H21N5O3S
F6560-7738,C19H15N5O2S
F6438-1648,C19H21F3N4O
F6519-4637,C17H15F3N4OS
F6517-0161,C22H23NO5
F6481-1291,C19H17F4NOS
F6442-6509,C22H28N2O2S
F6249-0971,C20H19FN2O5
F3320-0598,C24H25N3O2
F5788-2180,C19H17F2N3O4
F3382-4891,C19H26N4O3S
F6561-6251,C17H17ClN4O3S
F6469-1703,C24H19N5O
F0537-0711,C21H17NO5S
F5033-7005,C19H28N2O5S
F6237-0847,C19H19ClN6O2
F6200-2378,C18H16ClF3N2O3
F6502-6440,C19H22N4O4S
F2302-0520,C24H24N2O4
F6573-2016,C15H14BrN5O2S
F0280-0240,C20H24ClNO4S
F0659-0226,C21H25N5O2S
F6472-4102,C22H23ClN2O4
F3382-4408,C19H16ClN3O4S
F3222-5189,C24H25N3O2S
F2437-0010,C25H18N4O3
F1915-6487,C19H21ClFN3O3S
F6240-6961,C21H21ClN4O2S
F2644-0570,C19H18ClN5O5
F1346-0061,C20H22N2O7S
F2726-1157,C23H20FN3O3S
F6166-0532,C23H22ClFN4O2
F2416-1122,C22H25N3O5S
F5486-0473,C21H26N4O3S2
F6523-0776,C24H28FN7O
F2204-0230,C24H20ClN5O3
F3395-1280,C25H35N3O4S
F3406-5757,C26H27N7O3
