# All user editable compound information in the PCDL Manager compounds tab can be imported
# A minimum of formula or mass plus one identifier must be populated for compound import (recommended is formula and at least one other identifier, see examples)
# Multiple synonyms can be entered into the Synonyms column when separated by ';' (e.g. L-Isoleucine; 2-Amino-3-methylvaleric acid)
# All compounds will be assumed to be of a neutral ion type, unless a 1 is entered in the Cation or Anion column
Name,Formula
F6471-2891,C12H14N2O2S
F6663-1217,C12H14FNO2S
F6496-1322,C13H13N3OS
F2147-0282,C12H15FN6
F6616-2292,C15H14N4O
F6479-2765,C12H18N2O3S
F6806-8313,C13H15N5O2
F0578-0130,C12H16N6O2
F6672-0031,C16H17N5
F2135-1569,C11H10ClN3O2S
F3350-0699,C15H19N5O
F6549-5239,C16H21N3O2
F6125-2731,C11H12F2N2O3S
F5791-2351,C17H16N4O
F6512-1504,C13H14FN3O2S
F6518-2292,C14H19NO4S
F3320-0829,C16H17N3OS
F6796-1072,C15H13F2N5
F1969-0034,C15H18ClN5
F3157-0456,C14H11FN2O3S
F6753-0975,C16H21ClN2O2
F6609-8210,C18H22N4O
F6451-1646,C19H24N2O2
F6676-1343,C17H22N4O2
F6796-8770,C20H20N4
F5857-8615,C17H22N2O2S
F5864-0061,C18H16N4O2
F6439-7415,C15H13F3N4O
F6735-2059,C12H13BrN4S
F3320-0860,C18H19N3O3
F6524-1930,C14H12F3N3O3
F6513-1240,C17H20N4O3
F5772-9202,C15H14N4O3S
F6178-4863,C16H21N5O3
F0594-2813,C16H19N3O3S
F6783-6500,C19H22N6
F6438-1605,C15H17FN4O2S
F6560-7641,C19H19N3O3
F5325-0187,C18H22N6O
F6515-4614,C18H16N2OS2
F6204-0533,C19H19NO3S
F2370-0490,C19H19FN2O3
F6257-6736,C17H21N5OS
F5857-6691,C13H16BrNO3S
F6539-3306,C18H13F3N2O2
F2340-0135,C17H21N3O3S
F6057-0593,C17H24N4O2S
F6679-2794,C14H15BrN4O2
F6764-3251,C20H21N3O3
F6478-4602,C13H18F3N3O3S
F6809-6698,C20H23FN4O
F6497-0001,C18H17FN4O3
F6574-0778,C14H13F3N4O2S
F6668-2958,C17H24F3N3O2
F3259-0242,C20H19N5O2
F6353-5936,C17H21N3O4S
F2496-1299,C20H12FNO5
F5834-4696,C21H22N2O4
F6524-0504,C18H16N4O3S
F6539-2291,C17H27N3O4S
F6594-1070,C17H18ClN7O
F2646-0586,C17H15N3O3S2
F2784-0010,C23H22N2O3
F6553-0968,C22H20N2O2S
F5831-6874,C23H27N3O2
F6523-2877,C19H17N5O2S
F6811-1452,C20H24N6O2
F8890-1954,C19H18N4O5
F6438-1737,C19H25N7O2
F3358-0194,C20H23N3O3S
F6443-9538,C17H14ClF4N3O
F6559-0437,C22H20N4O3
F2011-0980,C19H16Cl2N2OS
F6524-2623,C18H16F3N5O2
F6436-0636,C21H32N2OS2
F6782-3884,C21H16F2N4O2
F6676-4660,C19H24F3N5O
F6783-5787,C19H20ClN7O
F5141-0180,C16H21N3O5S2
F6261-4107,C20H20ClN3O2S
F6442-4295,C23H21N3O2S
F6443-6191,C22H23N5O3
F5142-0108,C18H20N2O5S2
F6439-8327,C21H22N4O3S
F6442-2209,C16H16BrNO5S
F6529-0481,C21H25N3O4S
F5042-0017,C19H19FN4O4S
F6796-3365,C22H28N8O
F6727-2471,C21H22FN7S
F3011-0017,C22H26N4O3S
F3342-0142,C22H27N3O4S
F6523-0149,C19H19F3N8O
F6503-9083,C22H24F3N3O3
F6798-4201,C22H26N6O2S
F6438-3836,C21H27N7O4
F6510-1340,C15H16BrN3O4S2
F6444-0878,C27H33N3O3
F8890-5635,C22H18ClN3O6
F3222-0040,C21H17ClF3N3O2S
F3407-0641,C25H22ClN3O5
