# All user editable compound information in the PCDL Manager compounds tab can be imported
# A minimum of formula or mass plus one identifier must be populated for compound import (recommended is formula and at least one other identifier, see examples)
# Multiple synonyms can be entered into the Synonyms column when separated by ';' (e.g. L-Isoleucine; 2-Amino-3-methylvaleric acid)
# All compounds will be assumed to be of a neutral ion type, unless a 1 is entered in the Cation or Anion column
Name,Formula
F6608-0630,C12H13F2N3O
F0208-0013,C16H19NO2
F6614-1355,C11H14F3N3O
F6665-9944,C12H12FN3OS
F3358-0301,C16H12FNS
F6015-0151,C15H16N2O3
F6508-0033,C15H17NO4
F5957-0223,C13H18N4OS
F6708-8551,C17H19N3O
F6549-4974,C16H20N4O
F6554-8690,C11H17N3O2S2
F5834-5074,C14H15N3O2S
F6573-4132,C14H17N3O4
F6560-7658,C17H14N2O3
F6562-5400,C16H16N4O2
F6525-0587,C16H18N4O2
F6675-7347,C16H17FN4O
F2475-0002,C14H18N6O2
F5854-4109,C16H16ClNOS
F6573-3228,C15H21N3O2S
F6550-3223,C15H16Cl2N2O
F6436-3491,C17H16N2O2S
F6237-2235,C14H11ClN6O
F6261-3661,C12H13ClN2O2S2
F6806-6750,C18H27N3O2
F2442-0728,C15H21N5O3
F1345-0508,C20H19NO3
F6200-1132,C17H16F3NO2
F5857-5044,C15H20BrNO2
F6491-2815,C14H22N4O3S
F2879-5050,C14H11F3N2O4
F6681-3537,C17H19N3O4
F0319-0008,C17H17NO4S
F2740-0351,C20H20N4O
F6473-7025,C15H18N4O3S
F6521-8480,C18H25NO5
F6436-2817,C13H17F2NO5S
F5857-3751,C17H17F3N2O2
F6560-5547,C18H18FN5O
F6452-0909,C20H24N2O3
F6469-0701,C16H14N4OS2
F5947-0193,C17H17N3O3S
F1791-0101,C19H21ClN2O2
F0517-0195,C20H19N5O
F3097-3065,C17H18BrNO2
F6549-1083,C16H20N4OS2
F6525-4434,C20H19N3O3
F5857-6694,C14H16F3NO4S
F6490-0295,C16H24N4O3S
F3215-0234,C19H18N2O3S
F6454-0131,C20H25N3OS
F5854-3162,C19H20FN3OS
F6571-5748,C19H18FNOS2
F6359-2905,C16H16BrN3O2
F1757-0204,C18H26N4O4
F6255-0105,C18H19F3N4O
F6679-2792,C14H15BrN4O3
F6443-6847,C19H21N5OS
F0666-1585,C20H19NO4S
F6670-6645,C20H23FN4O2
F6539-2151,C15H24N4O3S2
F6439-7591,C14H13F3N4O3S
F6559-1811,C19H25N3O3S
F5787-0552,C21H19N3O2S
F6560-2574,C20H22N6O2
F5854-1788,C21H20N2O3S
F6483-0225,C18H27N3O4S
F6436-0866,C21H21NO4S
F5836-0013,C17H12BrN3O3
F6565-4812,C19H22N4O3S
F6556-5700,C15H21BrN2O3S
F6436-1224,C19H23N3O4S
F6619-7923,C19H22N10
F0715-0061,C19H18F2N2O3S
F6178-4785,C19H22F3N5O
F2880-1830,C18H19F2N3O3S
F5857-4320,C23H28N2O4
F6471-0988,C20H22N4O3S
F3406-4030,C19H20N4O4S
F5788-2269,C19H20F2N6O2
F5095-0394,C24H28N4O2
F6680-2561,C19H16F3N3O4
F6436-2522,C22H23N3O3S
F6523-0407,C13H12ClF3N4O2S2
F5250-1073,C20H20F2N6O2
F6482-7153,C23H19N3O3S
F6513-2011,C24H29N5O2
F6476-3495,C27H22N2O3
F6764-1474,C23H24ClN3O3
F3406-4928,C21H24N4O4S
F3385-1475,C22H20F3N3O3
F5330-0012,C24H23FN4OS
F5670-0022,C19H24FN5O4S
F2049-0104,C27H24N2O4
F6246-0079,C27H26FN3O2
F1299-0224,C23H30N2O5S
F6064-3178,C19H13BrF3N3O2
F3407-3224,C25H20ClFN4O2
F3165-0110,C19H15BrClN5O3
F0622-0223,C23H22FN3O4S2
