# All user editable compound information in the PCDL Manager compounds tab can be imported
# A minimum of formula or mass plus one identifier must be populated for compound import (recommended is formula and at least one other identifier, see examples)
# Multiple synonyms can be entered into the Synonyms column when separated by ';' (e.g. L-Isoleucine; 2-Amino-3-methylvaleric acid)
# All compounds will be assumed to be of a neutral ion type, unless a 1 is entered in the Cation or Anion column
Name,Formula
F5017-1887,C9H18N2O4S
F6472-0807,C12H17NO3S
F6791-9608,C10H17N3O3S
F5966-0029,C15H22N2O2
F6807-6925,C12H18N4O3
F6438-0625,C11H18N4O2S
F3215-0117,C16H19NO3
F6562-7740,C15H20N2O3
F0265-0463,C19H21NO
F6539-3096,C16H13NO2S
F5882-0117,C14H27N3O3
F6143-0279,C14H21N7
F6617-8575,C15H15ClN2O2
F6521-9149,C15H20N2O4
F6562-9503,C16H13N3O3
F5871-2004,C16H15N3O3
F5882-5613,C17H17NO4
F5856-0130,C16H19N3OS
F6212-0370,C14H17N5O3
F2135-1581,C13H14N4O3S
F6573-4398,C14H20N4O4
F0013-1174,C13H11BrClNO
F6436-3137,C12H12BrNO2S
F6673-4925,C16H22N6O
F6658-5577,C16H24N6O
F6353-7329,C16H22N4OS
F5596-0235,C15H20N4O2S
F6549-7102,C16H16F2N2O3
F3371-0592,C14H16N2O3S2
F3411-6131,C17H19N5O2
F6194-0256,C15H18FNO4S
F5596-0679,C17H20N4O3
F6510-4445,C17H18N2O3S
F6438-3533,C15H21N7O2
F6609-3910,C18H17F2NO3
F6724-5042,C13H10BrN3OS
F6186-1478,C14H19F3N2O2S
F6390-2725,C19H19N3O3
F0336-0354,C21H26N2O2
F6553-0808,C16H15F3N2OS
F6734-0693,C16H16ClN7
F6444-0407,C16H23FN2O3S
F6488-1314,C18H21N3O4
F1439-0015,C18H13ClFNOS
F6395-0259,C17H18N2O4S
F6496-1682,C17H21N3O3S
F6788-1179,C16H24N6OS
F6237-2289,C17H11ClN6O
F6556-3419,C17H25N3O3S
F6680-2845,C15H14F3N5O2
F6677-1398,C20H26N4O2
F6416-8926,C17H19F3N2O3
F6796-9127,C15H14F4N4S
F0541-1183,C20H29N3OS
F2617-1084,C23H23NO3
F6745-8760,C17H16F3N5O
F6609-3540,C18H17ClFNO4
F6748-0540,C19H22N6S
F5230-1032,C19H17ClN4O2
F6734-0273,C19H23N5O3
F6782-4668,C19H21N3O3S
F5772-9387,C17H15N3O5S
F6178-7595,C20H26N2O3S
F1899-2229,C16H20N6O3S
F6482-7730,C15H11BrN2OS2
F6473-8897,C17H21N3O5S
F0696-5230,C22H28N4O2
F2669-0130,C21H22N2O3S
F6457-0567,C14H10BrFN2O3S
F6476-4345,C22H19N5O2
F5461-0170,C19H18FN3OS2
F6474-0153,C21H25ClN2O3
F6679-2475,C18H19BrN2O3
F6680-2752,C17H18F5N3O2
F6438-3664,C20H24N8O
F6559-2490,C18H18N8OS
F6802-7689,C20H27F2N3O3
F6475-3953,C21H23N3O3S
F6125-2096,C20H18FN3O3S
F6680-2689,C19H14F3N5O2
F5999-0892,C22H21N5OS
F5461-0029,C24H27N3OS
F0657-0289,C21H17ClN4O3
F6617-3661,C22H22N2O6
F5040-0188,C18H16BrN5O2
F6178-3605,C22H26ClN3O3
F5230-0247,C20H17F3N4O3
F6477-0570,C18H19N3O3S3
F3407-2772,C23H25N3O5
F6660-0144,C23H27FN4O3
F6456-0287,C22H23N9O
F5110-0092,C21H28N4O4S
F6658-2320,C22H25N7O3
F6782-3870,C26H28F2N2O2
F5461-2005,C20H19BrN4OS
F6525-6273,C18H18F3N3O3S2
F6559-0809,C20H18Cl2N4O4
F3406-3105,C22H25N5O2S2
F6609-1996,C26H21N5O4
F3222-3857,C26H29N3O4S
