# All user editable compound information in the PCDL Manager compounds tab can be imported
# A minimum of formula or mass plus one identifier must be populated for compound import (recommended is formula and at least one other identifier, see examples)
# Multiple synonyms can be entered into the Synonyms column when separated by ';' (e.g. L-Isoleucine; 2-Amino-3-methylvaleric acid)
# All compounds will be assumed to be of a neutral ion type, unless a 1 is entered in the Cation or Anion column
Name,Formula
F5871-4337,C11H11FN4O2
F2167-0629,C13H18ClNS
F6064-8225,C13H13N3O3
F1913-7908,C15H19FN2O
F6573-6545,C14H16F2N2O
F6496-1310,C14H14N4O2
F6541-5906,C15H19N3S
F2784-0179,C15H20N2O3
F6561-3835,C14H21N3O3
F2158-0102,C12H13NO5S
F6518-5596,C17H23N3O
F6713-5335,C15H21N5O
F6554-2229,C14H14N2O3S
F6452-0228,C14H17FN4O2
F6420-0577,C14H17NO4S
F5791-1524,C16H15N3O3
F6481-0238,C16H17N3OS
F6411-2046,C19H15N3O
F0826-0011,C17H21NO2S
F6550-4966,C14H12ClFN4O
F6512-1065,C16H16N6O
F6677-0948,C17H22N6
F6518-6058,C18H24N4O
F6677-2449,C17H22N4O2
F6412-1511,C18H24N2O3
F2227-0622,C19H18N4O
F3406-4515,C15H20N4O2S
F8890-6243,C14H18N4O3S
F1616-0094,C16H12N4S2
F6556-7640,C20H20FNO2
F2496-1011,C18H17NO3S
F6514-2325,C17H20N4O3
F6574-0402,C16H12F2N4O2
F0902-0822,C21H21N3O
F6483-0476,C16H19N3O3S
F5754-0745,C21H26N4
F6561-1217,C19H16N2O4
F6525-0551,C19H19N3O3
F6448-1828,C16H26N4O4
F6482-4080,C14H17ClN4O2S
F6796-9023,C17H16FN5S
F6445-6787,C19H22N2O2S
F6564-3270,C18H21N3O4
F6451-0804,C14H16ClNO3S2
F6573-5610,C17H18N2O4S
F6442-1288,C17H21N3O3S
F5564-0086,C19H20N6O
F6469-1080,C19H14N2OS2
F1478-0048,C17H25N3O3S
F6548-2915,C20H19NO3S
F3386-4103,C21H26N2O3
F6752-3253,C18H20N4O2S
F5854-0414,C18H18N2O2S2
F6560-0648,C21H29NO2S
F6806-6990,C17H23N5O2S
F6619-6589,C18H17N7S
F6184-0771,C17H19NO4S2
F6356-1051,C18H26N2O4S
F6734-0681,C17H16ClF3N4
F6676-0592,C17H22F3N5O
F6464-0335,C21H22ClNO3
F1143-1096,C21H12FN3OS
F6443-8026,C20H26N2O3S
F6805-7871,C17H15F3N6O
F5826-0047,C22H27N5O
F5871-0891,C18H19F2N3O2S
F5755-0091,C22H25FN4O
F6561-7604,C19H21F3N2OS
F6368-0264,C21H29N5O2
F6559-1223,C20H23N3O3S
F6609-6715,C19H18ClN3O2S
F6523-2191,C22H20N4O3
F6523-0591,C15H14ClF3N4OS
F6252-3955,C20H17N5O4
F6524-1653,C21H24N6O2
F6286-0167,C15H21F3N4O3S
F6805-3689,C21H25N5O3
F6474-7185,C21H20FN3O4
F6514-6908,C18H17N5O4S
F3411-3173,C20H20FN3OS2
F6442-1230,C19H24F3NO3S
F6245-5251,C19H27N5O3S
F2282-0057,C19H21ClN2O4S
F3225-0787,C21H22N4O3S
F3406-7062,C16H11ClF3N5OS
F6443-9791,C21H20F3N5O
F6412-1861,C18H21F3N2O4S
F6442-3068,C19H16ClNO4S2
F6539-2262,C19H26FN5O3S
F6514-1722,C22H26N4O5
F6559-0430,C24H23N5O3
F5090-2527,C24H24N4O4
F6480-0395,C23H25N5O4
F5601-0107,C21H23FN8O2
F3382-4748,C18H11BrN4O5
F3385-4823,C20H16ClN3O5S
F5331-0360,C20H18Cl2N4O2S
F5017-3774,C20H23ClFN3O4S
F0654-0443,C20H20F3N5O3S
F2432-0307,C24H25N5O4S
