# All user editable compound information in the PCDL Manager compounds tab can be imported
# A minimum of formula or mass plus one identifier must be populated for compound import (recommended is formula and at least one other identifier, see examples)
# Multiple synonyms can be entered into the Synonyms column when separated by ';' (e.g. L-Isoleucine; 2-Amino-3-methylvaleric acid)
# All compounds will be assumed to be of a neutral ion type, unless a 1 is entered in the Cation or Anion column
Name,Formula
F3266-0242,C10H11N3O3S
F6363-0189,C14H15N3O2
F6666-7700,C13H12FN3O2
F6560-4611,C14H24N4O
F6745-4836,C16H20N4
F6516-1571,C14H12N2O4
F6801-7977,C14H14FN3O2
F5959-0239,C13H15ClN4O
F6562-7661,C15H17F2NO2
F6788-7832,C12H20N4O2S
F6477-5200,C14H13N3S2
F6200-3979,C15H15NO3S
F5228-2335,C14H17N3O2S
F1201-0273,C14H12ClFN2O2
F6662-0552,C14H20N2O3S
F1913-7912,C14H19FN2O2S
F6549-3402,C15H16N4O3
F6448-0830,C15H18N4O3
F6512-0711,C12H8BrN3O2
F6725-1606,C14H13N9
F3072-0060,C21H27NO
F6549-6847,C13H13ClN2O3S
F6200-1602,C20H27NO2
F2148-0004,C18H25N3S
F6808-5858,C19H19N5
F6606-5310,C17H19F2N3O
F6203-0558,C17H20FNO2S
F6571-3748,C16H18FNO3S
F3406-7201,C14H13Cl2N3O2
F6675-8727,C16H18N6S
F1190-0066,C13H13BrO5
F5831-9126,C19H20FNOS
F6506-0058,C17H14ClNO4
F6523-3184,C18H21FN2O3
F3172-0057,C19H15ClN4
F3386-2740,C18H25NO3S
F3284-8645,C16H11N5O2S
F5228-0798,C18H15FN4O2
F3406-2096,C19H18FN3O2
F5860-2813,C20H24N2OS
F6549-1203,C13H12Cl2N4OS
F6430-0152,C16H14ClN5O2
F5012-0266,C15H21FN2O4S
F6184-0998,C18H23N3O2S
F6171-0569,C14H12ClF2NO3S
F6523-3380,C16H17ClN4O3
F6562-8178,C19H18F3NO2
F6516-1848,C16H14ClNO4S
F6435-7213,C17H24N2O4S
F6782-8091,C16H16F2N2O3S
F5123-0092,C17H18FN7O
F5833-5284,C18H19N3O3S
F6200-3619,C18H18BrNO2
F6795-2304,C18H25FN6O
F6796-6974,C17H23FN6S
F2740-0350,C20H20N4OS
F6178-4190,C22H27N3O2
F5883-0503,C20H21N3O2S
F6556-8851,C20H19NO2S2
F6485-0453,C19H22N4O4
F6559-2173,C16H16F4N4O2
F3168-0259,C17H15BrN2O3
F6438-0362,C18H22ClN5O2
F6473-8084,C19H20ClNO5
F6524-4338,C21H22N4O3
F5788-1631,C20H17ClN4O2
F6178-8076,C20H23N5OS
F5890-0523,C17H16F3N3O4
F1021-0420,C22H28N2O4
F6524-1207,C18H19FN6OS
F6713-1430,C23H25N5O
F5871-0373,C19H23N3O2S2
F2504-0018,C20H26N2O6
F3349-0184,C18H20N2O4S2
F5594-0184,C18H27N5OS2
F6412-2049,C20H17N3O4S
F8890-6061,C21H24N4O4
F0311-0517,C18H26N2O4S2
F6510-3040,C19H17FN4O3S
F5016-1379,C20H23ClN4O3
F6525-4414,C23H24N4O3
F6451-2965,C17H17ClF3NO3S
F5834-3877,C19H21F2N3O3S
F6036-1946,C26H25N3O2
F8890-3880,C21H23ClN4O3
F6155-0849,C19H14F3N5OS
F6448-2302,C24H25N3O4
F5013-1977,C19H23FN4O4S
F5122-1098,C20H19N5O4S
F6523-0176,C19H20F4N4OS
F6262-2883,C22H17N5O5
F6359-0426,C21H18F4N4O2
F6442-8659,C21H25ClFN3O2S
F5013-0154,C22H24N4O4S
F1604-0573,C26H22FN3O3
F3225-2122,C24H22N4O5
F2516-0097,C24H22N2O3S2
F2204-0570,C24H23N5O5
F2052-0150,C23H23FN2O4S2
F3167-0930,C24H26N2O5S2
