# All user editable compound information in the PCDL Manager compounds tab can be imported
# A minimum of formula or mass plus one identifier must be populated for compound import (recommended is formula and at least one other identifier, see examples)
# Multiple synonyms can be entered into the Synonyms column when separated by ';' (e.g. L-Isoleucine; 2-Amino-3-methylvaleric acid)
# All compounds will be assumed to be of a neutral ion type, unless a 1 is entered in the Cation or Anion column
Name,Formula
F6807-6892,C12H18N4O2
F1907-2314,C10H16F3NO3
F6356-0085,C15H17NO3
F6518-2268,C13H13NO3S
F6752-5370,C15H26N2O2
F6446-0250,C15H18N4O
F6614-0275,C14H19N5O
F6543-5314,C9H9BrFNOS
F6514-3047,C10H11F3N2O2S
F6435-1887,C15H13N3O3
F6512-0899,C14H11ClN4O
F0838-0205,C14H12N2O3S
F6445-2680,C18H14N2O2
F5857-5278,C16H24N2O3
F6514-7366,C12H17N5O2S
F6389-1615,C15H15N5O2
F6492-0126,C16H17N3O3
F6492-0407,C14H18F3N3O
F6709-0358,C15H18FN5O
F6415-0093,C15H18N2O3S
F6808-2780,C17H20N6
F6724-4383,C16H13N3O2S
F5831-2055,C14H16ClNO3S
F6515-0888,C15H13N3OS2
F1284-0095,C16H12ClNO4
F6619-8005,C15H22N6O2
F5791-1332,C20H20N2O2
F6573-9066,C19H18N2O3
F6725-2677,C16H13ClN6
F6811-1586,C16H19N7O
F6752-4488,C14H21N3O2S2
F6454-0575,C17H23F3N2O
F6747-5848,C14H17F3N4S
F5754-0076,C22H25N3
F6359-3042,C15H19N5O2S
F0630-0089,C15H14ClN3O2S
F6424-0881,C18H16N4O3
F6523-0904,C18H19N5O2
F8890-6396,C16H12Cl2FNO2
F6617-4372,C17H16N4O2S
F6756-2629,C18H19N3O2S
F6113-0295,C18H22N4OS
F6612-0048,C17H21N5O3
F6516-0866,C17H15NO5S
F5589-0101,C16H18N4O3S
F6237-1608,C16H18FN5O3
F6518-6070,C21H24N4O
F3407-4921,C15H18N4O2S2
F6722-6215,C18H26ClN3O2
F6000-0178,C19H19N3O2S
F6553-0574,C16H15Cl2NO2S
F6524-3981,C18H20N4O4
F0308-0429,C19H18O7
F6473-2181,C14H13BrN6O
F6471-5861,C21H23N5O
F2392-1740,C18H25N3OS2
F2088-0046,C17H20ClN3O2S
F6810-1205,C19H22N6O2
F5854-2243,C17H21FN2O4S
F3226-2949,C17H11BrN2O3
F5788-2073,C20H19F2N3O2
F6441-4454,C17H21ClFNO3S
F2090-0852,C21H22N6O
F6559-2409,C17H16N10O
F6685-3725,C16H15FN4O2S2
F3328-0021,C21H21N3O2S
F6480-4297,C15H16BrN3O2S
F6178-2294,C20H22N4O2S
F1143-4102,C19H16N2O3S2
F5871-0737,C17H27N3O5S
F6515-0826,C22H17N3O2S
F6561-5996,C21H20N6O2
F6481-0989,C19H19ClN2O3S
F6438-0902,C18H22ClN5O3
F2711-1161,C17H13Cl2N3O2S
F3398-1631,C24H18N4O2
F6619-3880,C22H33N7
F2758-0960,C20H23N5O2S
F2775-1717,C19H21N5OS2
F6529-3771,C16H18F3N5O4
F6439-0871,C22H21N5O3
F0710-0023,C17H12BrClN2OS
F6559-1235,C21H20N4O3S
F6564-8554,C20H22N6O4
F2620-0604,C20H19N3O3S2
F5253-0097,C22H29N3O3S
F6367-0770,C20H23FN4O3S
F2840-0150,C23H20ClN3OS
F2573-0292,C25H33N3O3
F3362-0425,C21H19BrFN3O
F0018-0097,C19H15BrN2O3S
F5908-0019,C24H28N6O2
F2815-0878,C20H21ClN2O3S2
F0473-0211,C22H18BrNO4
F5581-1440,C21H19FN4O2S2
F6523-2304,C22H21ClFN3O4
F6523-3312,C25H21ClN2O4
F2267-0535,C23H24N2O4S2
F2213-0158,C26H20N4O3S
F2967-0079,C26H25FN2O4S
