# All user editable compound information in the PCDL Manager compounds tab can be imported
# A minimum of formula or mass plus one identifier must be populated for compound import (recommended is formula and at least one other identifier, see examples)
# Multiple synonyms can be entered into the Synonyms column when separated by ';' (e.g. L-Isoleucine; 2-Amino-3-methylvaleric acid)
# All compounds will be assumed to be of a neutral ion type, unless a 1 is entered in the Cation or Anion column
Name,Formula
F6752-4258,C10H15F3N2O2
F1915-2665,C12H7F4NO
F5857-6785,C15H20N2O2
F6554-1910,C13H16N2O4
F1791-0017,C16H16N2O2
F6617-3601,C15H21N5
F1916-3110,C15H8F3NO
F6752-3685,C14H23N5O
F6573-9232,C12H15N3O3S
F6724-3096,C16H16N2OS
F6502-9194,C16H22N4O
F6215-0078,C17H24N2O2
F5772-8319,C14H14FN3OS
F6513-5470,C15H23N3OS
F1218-1148,C17H13FN2O2
F0306-0385,C15H14N4OS
F6472-0755,C13H20N2O2S2
F5871-3457,C16H18N2O2S
F6774-4192,C15H20N4O3
F2158-0568,C14H17N3O3S
F1909-1902,C15H20FN3O3
F6561-2673,C18H21N3O2
F6549-7526,C16H19N5O2
F1142-1004,C15H20F3N3O
F6721-9960,C16H20ClN5
F6442-1862,C14H25NO3S2
F6171-0100,C16H19NO4S
F0594-0239,C14H14FN3O3S
F6671-3423,C17H20N6O
F3267-0019,C20H14N4O
F6803-0112,C17H21N5O2
F6184-0494,C18H19NO3S
F5857-7114,C19H26N2O3
F6200-3929,C18H18F2N2O2
F3366-5755,C17H16Cl2N2O
F6237-0933,C18H17N5O2
F6057-0303,C17H28N4O3
F6550-5173,C15H13F3N4O2
F6519-5778,C18H17N3O4
F6031-2077,C16H24N2O4S
F6057-0026,C18H23N5O2
F5347-0070,C13H17N3O4S2
F6514-2775,C12H19F3N2O4S
F0049-0019,C17H19F4NO2
F6549-8596,C19H26N2O2S
F6556-0988,C17H17ClN2O2S
F6454-1016,C15H19ClF3N3O
F1685-0427,C18H26N2O5
F0196-0383,C21H20O5
F6550-7928,C13H11BrN2O3S
F6560-0775,C19H21N3O2S
F6514-9523,C18H16FN3O2S
F6279-0540,C21H30N2OS
F6111-0072,C18H24N4O2S
F6796-6754,C15H16F2N8O
F6512-1808,C18H21FN2OS2
F5033-7078,C18H27N3O3S
F5834-0177,C19H17N3O5
F5772-6247,C14H12ClN3O5S
F6472-8083,C21H23ClN2O2
F6517-2653,C19H20N2O2S2
F2392-1655,C20H27N3O2S
F1840-0170,C18H21N3O4S
F5496-1939,C18H17ClFN3OS
F6788-3482,C16H17F3N8
F6660-0334,C18H18Cl2N2O3
F3386-5030,C22H23NO3S
F6508-0643,C15H17N3O5S2
F6239-0465,C22H20N6O
F6475-2000,C19H19ClN4O3
F5591-1243,C19H25N5O2S
F2879-3945,C19H20ClN3O2S
F1549-0018,C20H26N2O4S
F3328-0099,C17H11F3N4S2
F6559-2199,C18H18F3N5O2
F6359-5009,C16H18BrN3O4
F6512-1634,C21H24N4O2S
F6512-6708,C16H22N4O4S2
F3394-1038,C17H18Cl2N2O3S
F5834-0949,C22H18N4O2S
F6442-4587,C22H20N4O4
F5016-1538,C20H30N4O3S
F0650-0166,C21H16FN3O3S
F6445-6705,C23H25NO4S
F6709-5237,C19H18N4O5S
F6442-6853,C22H29FN4O3
F6523-3601,C22H18FN5O3
F5564-0059,C21H16ClFN6O
F6476-1597,C17H17BrClN3O3
F1608-0688,C21H17ClN2O4S
F6436-1859,C18H16F3NO4S2
F6559-0778,C19H19ClN4O4S
F6609-2939,C22H19N3O3S2
F6604-9729,C21H20N4O5S
F2380-0393,C21H21N3O6S
F3406-2395,C22H18N6O3S
F6286-0214,C21H22F3N5O3
F3222-3372,C24H20N4O4S
F3398-4649,C21H17ClFN5OS2
F2569-0778,C24H20FNO5S2
