# All user editable compound information in the PCDL Manager compounds tab can be imported
# A minimum of formula or mass plus one identifier must be populated for compound import (recommended is formula and at least one other identifier, see examples)
# Multiple synonyms can be entered into the Synonyms column when separated by ';' (e.g. L-Isoleucine; 2-Amino-3-methylvaleric acid)
# All compounds will be assumed to be of a neutral ion type, unless a 1 is entered in the Cation or Anion column
Name,Formula
F6448-0197,C12H19N3O3
F6609-8770,C13H10N2O2S
F6609-8261,C15H19NO3
F6356-0098,C17H15NO2
F6356-0570,C16H15NO3
F6791-6705,C13H16N6O
F5285-0024,C13H17N5O2
F2879-8446,C15H22N2O3
F6608-0479,C10H10ClF3N2O2
F6608-0272,C11H16BrN3O
F6512-0664,C18H13N3O
F6559-5570,C12H14F3N3O2
F2147-6720,C16H21NO4
F6403-1699,C13H18N4O2S
F6445-2869,C15H16N6O
F6363-0809,C15H18N6O
F6677-1357,C16H20N4O2
F6782-5810,C16H22N4O2
F6438-1361,C14H16ClN5O
F6808-6068,C19H21N3O
F6554-6285,C14H18N2O4S
F6014-0140,C18H14F2N2O
F6439-4654,C13H13F3N4O2
F6518-4512,C16H16N2O3S
F6550-7673,C16H15ClN2O3
F6743-6622,C17H29N5O
F6561-1801,C17H23NO5
F6471-2245,C18H17N3O3
F6577-1906,C14H16FN3O3S
F6619-7667,C15H18N8O
F6516-0232,C17H16N2O3S
F1839-0122,C21H19N3O
F6656-1586,C17H18ClN3O2
F6556-5003,C19H28N2OS
F5882-6349,C19H15FN4O
F6559-6472,C18H21N7
F6436-3008,C17H17F2NO2S
F6565-4976,C17H18N6S
F6480-0587,C19H21N3O3
F1303-0009,C21H28N2O2
F1374-0822,C17H15ClN4O2
F5539-0074,C18H18ClN3O2
F6395-4102,C18H20N2O5
F6679-0103,C19H19N7
F0804-1592,C20H14ClN3O
F5896-0231,C19H16N4O3
F6525-6112,C17H23N3O3S
F6548-2031,C19H14FN3O3
F0687-0490,C21H24N2O3
F6359-0804,C17H23ClN2O2S
F0840-0013,C22H29NO3
F5871-0117,C19H23N3O2S
F6473-2499,C16H17N5O3S
F6755-5367,C17H20BrN3O
F3293-0253,C13H18BrNO4S
F6604-0499,C19H20N6O2
F6560-3146,C16H13F3N4OS
F6608-2563,C17H20F3N5O
F6390-2764,C18H18F3NO4
F5831-9754,C21H27FN4O
F6516-1033,C23H20N2O3
F5141-0121,C15H22N2O5S2
F6750-6367,C19H21N9
F6571-0735,C19H18F3N3O2
F6556-5550,C24H30N2O2
F6619-6587,C15H15F3N8O
F6604-7750,C22H27N3O3
F6479-6303,C20H21N3O3S
F6519-6002,C16H14F3N3O3S
F0882-0580,C24H22N2O3
F2690-0329,C17H16N4O5S
F6514-3977,C21H19N5O3
F6374-5607,C15H18ClNO3S3
F6441-6726,C19H21FN2O4S
F6523-1066,C20H23N7O2
F1897-0584,C21H21N3O3S
F5854-2541,C17H16ClNO4S2
F5033-3129,C22H26N2O3S
F6562-1016,C21H19F3N4O
F6658-2316,C21H22N8O
F6359-3624,C18H20BrN3O3
F6400-1584,C19H25N3O3S2
F2874-0063,C26H23N3O2
F0545-0300,C20H17FN4OS2
F6619-5672,C21H27ClN6O
F2985-0602,C22H19N5O4
F6481-4341,C23H20N2O2S2
F6259-1232,C22H26N6O3
F5040-0670,C24H23N7O
F5266-0278,C22H28N4O3S
F6000-0263,C24H22FN5O2
F6111-0540,C23H28F2N2O4
F6405-1375,C23H27N5O2S
F2261-0375,C25H32N2O5
F1591-0757,C18H18Cl2N2O5S
F2986-0288,C16H18BrNO5S2
F2329-0150,C24H29N5O4
F3406-4384,C22H20F3N3O3S
F6609-6813,C23H17BrN4O3
F3411-4721,C22H22BrFN4OS
