# All user editable compound information in the PCDL Manager compounds tab can be imported
# A minimum of formula or mass plus one identifier must be populated for compound import (recommended is formula and at least one other identifier, see examples)
# Multiple synonyms can be entered into the Synonyms column when separated by ';' (e.g. L-Isoleucine; 2-Amino-3-methylvaleric acid)
# All compounds will be assumed to be of a neutral ion type, unless a 1 is entered in the Cation or Anion column
Name,Formula
F6471-2542,C16H15NO2
F0585-1137,C15H19N3O
F6562-5191,C13H15N3O3
F6667-1815,C11H11F4NO2
F5835-0051,C12H15NO4S
F6782-7553,C15H16N2O3
F6782-0605,C13H17N5S
F6550-3256,C15H16F2N2O
F6414-3043,C15H23NO4
F6708-9979,C16H20N4O
F0286-0490,C12H17NO5S
F6475-6366,C14H15N3O2S
F6436-3379,C16H18FNO3
F5735-0011,C17H14N2O3
F1684-0556,C16H16N4O2
F6725-2744,C16H18N4O2
F6604-0577,C13H16N8O
F5627-0042,C11H22N6O2S
F0825-0370,C14H15N3OS2
F6764-3283,C17H17N5O
F6443-5492,C17H14N2O2S
F6471-2831,C17H16N2O2S
F3300-0063,C16H14N2O3S
F6714-9285,C13H11F3N2O2S
F3337-0041,C20H31NO2
F5304-0094,C20H21N3O
F6554-6182,C17H20FNO4
F6507-5470,C16H21NO4S
F6357-1135,C16H14F3NOS
F3053-0439,C19H19FN2O2
F6436-1950,C17H16N2OS2
F6474-8893,C14H23N3O4S
F6608-2344,C15H14FN5OS
F6057-0135,C17H21FN4O2
F6475-0850,C17H16F2N2O3
F6677-1365,C19H21N5O
F6471-9202,C13H15N5O4S
F3375-1276,C19H18N2O4
F6791-8327,C18H18FN5O
F2751-0006,C17H28N2O3S
F3394-0805,C17H14N2O4S
F6514-1933,C17H17N3O3S
F6564-7760,C17H20N4O2S
F6550-4696,C20H19N5O
F6233-0066,C15H11ClFN5O2
F2862-0286,C20H16N2O4
F6476-3475,C20H19N3O3
F6753-0856,C16H18ClN3O2S
F6556-1063,C18H25FN2O2S
F6796-6816,C14H16F2N6OS
F3348-0709,C22H21N5
F6809-1082,C18H20ClN5O
F6359-1813,C18H15ClFN3O2
F0666-1559,C18H13ClFNO4
F5857-4539,C23H26N2O2
F6473-4244,C20H20N4O3
F1260-1698,C16H15ClN2O4S
F1252-0773,C19H21N5OS
F6225-0521,C18H16FN5OS
F6439-5337,C20H26N4OS
F6808-5837,C18H15F3N6
F6803-2410,C15H14ClF3N4O2
F6815-1594,C19H20F3N5
F5854-4778,C20H24ClNO2S
F5607-0022,C20H22N6O2
F0016-0684,C21H20N2O3S
F6228-0319,C18H22F3N5O
F6713-6260,C19H21N5S2
F1478-0134,C17H17Cl2NO3S
F6439-4120,C19H22N4O3S
F6660-6535,C17H17BrN4O2
F5788-4636,C19H23N3O4S
F6656-2394,C23H26N4O2
F5677-0007,C18H20N2O6S
F6497-0440,C21H23N5O3
F6438-3437,C17H19ClFN5O3
F6178-7235,C20H32N2O4S
F6798-4866,C17H18F4N6O
F2318-0124,C19H18ClFN6O
F6525-8031,C21H21F3N4O
F6619-6912,C22H28N8
F6252-5768,C21H18ClN5O2
F3406-6951,C22H23N3O3S
F6805-5588,C15H18BrClN6O
F1608-0319,C24H22N4O3
F1822-0055,C20H23N3O3S2
F0414-0011,C16H10Br2N2O2
F6252-5110,C23H23FN4O3
F6247-0702,C25H20FN5O
F6658-5874,C21H24N4O4S
F6510-4377,C21H25N3O5S
F2267-0679,C22H27FN2O4S
F6436-2492,C18H26F3N3O4S
F6190-2190,C24H28N2O4S
F6496-3487,C24H25N7O2
F6174-1130,C25H26N4O4
F2652-1194,C20H22ClN3O3S2
F3382-3602,C24H22N4O4S
F3394-0363,C22H22ClN3O3S2
F3411-5364,C25H18FN5O5
