# All user editable compound information in the PCDL Manager compounds tab can be imported
# A minimum of formula or mass plus one identifier must be populated for compound import (recommended is formula and at least one other identifier, see examples)
# Multiple synonyms can be entered into the Synonyms column when separated by ';' (e.g. L-Isoleucine; 2-Amino-3-methylvaleric acid)
# All compounds will be assumed to be of a neutral ion type, unless a 1 is entered in the Cation or Anion column
Name,Formula
F6708-9462,C16H19N3
F6573-6484,C11H12F2N2OS
F6359-2835,C14H19N3O2
F6435-5410,C14H19NO2S
F6782-6299,C15H15N3O2
F6754-6716,C16H20N2O2
F5087-0305,C15H18FN3O
F6543-1559,C14H22N4O2
F6457-0440,C12H14N2O4S
F6520-5393,C11H15N3O2S2
F6526-0153,C15H17N3OS
F6355-0215,C16H16FNO3
F5788-0095,C15H21N3O3
F6238-0371,C15H14N6O
F6675-8043,C14H16N8
F6443-7594,C18H22N2O2
F6752-3506,C15H20N6O
F6609-8227,C18H26N2O2
F6451-3264,C16H19NO3S
F2803-0043,C18H21N5
F5283-0196,C16H14N4O3
F6609-8256,C17H16N2O4
F2517-0946,C15H14N4O4
F6555-6230,C17H17ClN2O2
F6445-6551,C19H14N2OS
F6471-5279,C13H13BrN4O
F5791-2226,C18H19N5O
F6178-1580,C15H21N3O3S
F2265-0529,C18H15NO5
F6404-4734,C19H22N2O3
F5141-0434,C14H20N2O3S2
F6550-2983,C20H24ClNO
F6519-4182,C15H17N5O2S
F5078-0309,C18H28N4O2
F1105-0110,C20H18N2O3
F3320-0903,C21H25N3O
F1899-2232,C17H15N5OS
F6767-7918,C16H17F3N4O
F5033-2856,C16H25N3O3S
F3354-0196,C18H32N2O4
F6113-0194,C17H15FN4OS
F6523-2923,C16H17N5O2S
F6454-0494,C18H21ClN4O
F2455-0427,C17H23N5O3
F6561-2999,C18H22BrNO
F6442-1808,C16H20N4O3S
F6562-2363,C19H19N5O2
F6559-1802,C16H18FN3O3S
F6788-1614,C19H21FN6
F3398-4225,C19H19ClN4O
F6549-3613,C12H13BrN4O2S
F6773-4243,C16H19N7O3
F6288-0504,C18H18FN3O2S
F6445-0043,C20H15N3O2S
F5222-0074,C17H18BrNOS
F6438-1253,C19H20N6O2
F2496-3038,C20H12F2N2O3
F6559-0476,C19H21N5O3
F6443-6061,C20H20ClN3O2
F1756-0319,C14H11Cl2N3O3S
F2829-0724,C20H24N2O3S
F6471-9309,C17H18N4O4S
F6000-0177,C23H25N3O2
F6514-8899,C21H19N3O4
F2645-0021,C16H11Cl2N3O2S
F2496-2257,C21H20N2O5
F6608-4071,C21H27N5O2
F6481-4028,C17H25N3O3S2
F6564-3813,C17H15ClF3N3O2
F6521-7529,C21H26N2O3S
F6276-1474,C19H17FN2O4S
F5950-0271,C18H23N5O3S
F2899-0035,C20H13N3O2S2
F0649-0765,C23H21ClN2O2
F6438-3634,C19H23N9O
F1651-0092,C21H21N3O3S
F2518-0103,C20H13Cl2N3O2
F6521-1750,C22H26N2O3S
F5857-4324,C22H25ClN2O3
F3293-0182,C22H30N2O3S
F6363-0645,C18H17Cl2N5O2
F6785-6752,C21H21N5O2S
F6796-7432,C18H22F3N7O
F2383-0560,C18H21FN2O4S2
F3406-6373,C25H26N4O2
F1174-3175,C21H24FN3O3S
F6261-1713,C21H19F3N2O2S
F5264-0421,C24H30N4O3
F5037-1051,C22H27N5O4
F5561-0072,C21H28N6O2S
F6560-0282,C25H25N3O4
F0687-0304,C25H27FN4O2
F3395-0530,C21H26F3N5O2
F6442-2258,C18H20BrNO5S
F2416-0507,C22H18Cl2N2O4
F2756-3430,C18H18BrN5O2S
F0013-1131,C23H21BrN2O3
F2392-1554,C25H25N3O4S
F2587-0227,C21H21FN4O4S2
F3222-5694,C22H25ClN6O3S
