# All user editable compound information in the PCDL Manager compounds tab can be imported
# A minimum of formula or mass plus one identifier must be populated for compound import (recommended is formula and at least one other identifier, see examples)
# Multiple synonyms can be entered into the Synonyms column when separated by ';' (e.g. L-Isoleucine; 2-Amino-3-methylvaleric acid)
# All compounds will be assumed to be of a neutral ion type, unless a 1 is entered in the Cation or Anion column
Name,Formula
F6616-7267,C14H12N4O
F6616-3148,C8H8BrN3S
F6724-1368,C15H20N2O2
F6560-4610,C12H16N4OS
F6752-7931,C11H16N4O2S
F6672-2313,C16H21N3O
F6541-0794,C17H26N2O
F6733-1424,C14H20FN5
F6754-9761,C13H13F2N3S
F6666-3831,C12H11F3N4O
F6523-1580,C14H18N6O
F6525-2231,C14H20N6O
F6284-0133,C14H14ClN3O2
F6744-7761,C13H19N5O3
F6473-2088,C13H11F3N4O
F6525-2899,C15H14N4OS
F5835-0543,C16H16N2O2S
F6658-4765,C11H18N4O4S
F6416-8496,C16H20N2O4
F6445-6088,C15H12F3N3O
F6574-1072,C18H19N3O2
F6680-3499,C18H21N3O2
F0687-0450,C19H20FNO2
F3348-0460,C19H17N5
F2517-0570,C16H19N3O4
F6521-1748,C17H21NO3S
F1732-0185,C19H15NO4
F6806-7232,C14H18BrN3O
F6708-8426,C20H21FN2O
F5882-5246,C15H19FN2O3S
F6525-4897,C17H21N5O2
F6764-1615,C16H16ClN5O
F6713-6127,C16H22N6O2
F5228-3050,C16H20N4O2S
F6089-2194,C16H15ClN2O2S
F6184-0519,C21H21NOS
F5823-0387,C20H24N4O
F3225-8556,C18H15ClN4O
F6275-0220,C16H16F3N3O2
F6787-0697,C17H17FN6O
F6257-6193,C18H23N5O2
F0674-0074,C17H14ClN3OS
F6512-0520,C16H16N4O3S
F5346-0141,C17H19N3O5
F6681-9037,C17H22N4O4
F6803-4471,C15H17BrN4O
F2158-1730,C16H19N3O4S
F6605-5243,C20H22N4O2
F2135-1429,C20H20N2O2S
F6359-0302,C21H27N3O2
F6724-0802,C19H21N3O2S
F6437-0172,C14H14F3N5OS
F6795-5713,C18H26N6S
F6573-7615,C21H20N4O2
F8890-2774,C17H19FN4O4
F2780-0731,C16H20N4O2S2
F6263-0354,C21H23N3O3
F5097-2463,C17H16F3N3O3
F6247-0228,C15H10BrClFNO2
F6524-6241,C17H23FN2O4S
F3281-0045,C22H16N2O2S
F6713-5924,C19H19N9
F6764-1575,C21H18ClN5
F3023-0275,C18H17Cl2N3O2
F0909-0104,C20H24ClFN2O2
F3407-2337,C18H12ClF3N2O2
F6529-2059,C17H23N3O5S
F3280-0052,C19H14ClN3O2S
F6473-4096,C21H24N2O5
F3411-0406,C18H13F3N6O
F6000-0016,C22H21N5O2
F6200-2259,C17H18F3NO4S
F2704-0319,C18H23ClN6O2
F6475-7922,C17H17BrN2O2S
F6549-5212,C18H23N3O5S
F6677-3012,C14H13ClF3N3O3S
F5123-0054,C19H20N6O4
F6479-3206,C19H18ClF3N2O2
F2651-0133,C17H13BrN4OS
F6756-2490,C18H13F3N6O2
F3111-1572,C20H24N2O5S
F3406-6405,C23H26N4O3
F2634-0506,C21H16FN3OS2
F2699-0297,C21H21N3O6
F5854-0394,C22H20Cl2N2O2
F6811-1658,C22H24N8O
F2407-0329,C23H21N3O3S
F5259-0075,C22H16F2N4OS
F2356-0394,C24H29FN4O2
F6454-1376,C16H18BrFN4O2S
F6411-2569,C19H12BrClFN3O
F6752-0309,C15H23BrN4O2S2
F6438-3421,C17H20BrN5O4
F1345-0426,C19H24N2O6S2
F6438-3415,C17H19F2N5O5S
F6277-0045,C21H17F3N4O2S
F0653-0185,C23H23N5O3S
F0507-3917,C19H14F6N4OS
F3351-0328,C25H27F3N4O2
F6548-1083,C28H28N4O4
