# All user editable compound information in the PCDL Manager compounds tab can be imported
# A minimum of formula or mass plus one identifier must be populated for compound import (recommended is formula and at least one other identifier, see examples)
# Multiple synonyms can be entered into the Synonyms column when separated by ';' (e.g. L-Isoleucine; 2-Amino-3-methylvaleric acid)
# All compounds will be assumed to be of a neutral ion type, unless a 1 is entered in the Cation or Anion column
Name,Formula
F6608-0354,C15H15N3O
F6244-1827,C15H19N3O
F6561-2896,C15H19NOS
F6733-2295,C13H13ClFN3
F6436-3508,C11H15N3O3S
F6439-7314,C14H16N4O2
F2094-0497,C14H17N3O3
F5033-2788,C11H22N2O4S
F6802-7325,C14H23N3O3
F6804-7492,C18H24N2O
F6090-0013,C14H13N3O4
F2143-0018,C15H15NO5
F6448-0745,C13H17N5O3
F6192-0943,C14H18N2O3S
F5857-5283,C15H21ClN2O2
F6496-1605,C16H18N4O2
F6739-7884,C17H20N2O3
F6672-0051,C16H22N4S
F2495-0452,C14H15N3O3S
F6416-8499,C15H21N3O4
F5860-0892,C14H18N2O2S2
F0651-0175,C18H17ClN2O
F6512-0017,C15H14N4O2S
F6516-2045,C16H13ClN2O3
F6515-1648,C15H11ClN2O2S
F6791-6455,C19H21N5
F6796-3669,C15H15N9
F6724-5692,C17H17N5S
F6471-6035,C17H15N3O2S
F0297-0002,C19H22N2OS
F6730-5031,C16H13FN4OS
F6381-3933,C19H23NO2S
F6524-6034,C16H17N3O3S
F6562-7723,C18H24N2O4
F6561-7758,C17H19FN2O2S
F6525-5389,C19H21N5O
F2004-0118,C18H15N3O2S
F6443-5066,C19H18N2O4
F6795-5669,C18H21N5S
F5598-0132,C19H24N4O2
F6560-3231,C16H14N4O3S
F6764-1561,C17H15ClFN5
F6795-0449,C17H20N4O2S
F6809-1147,C19H24ClN3O
F6192-0732,C17H17NO3S2
F3111-1562,C17H20N2O4S
F6559-1093,C20H19N3O3
F1886-1049,C18H14ClN5O
F6448-1025,C18H20N6O2
F6475-7009,C18H18N4O2S
F5834-5112,C20H25N3O3
F6563-0315,C20H23NO3S
F6471-2438,C17H17N3O4S
F6415-0917,C18H16ClNO3S
F1142-5565,C22H26N4O
F3412-0136,C20H20N4O3
F2331-0046,C18H14N4OS2
F6571-0989,C20H21N3O4
F5243-0642,C19H19N3O3S
F3352-0044,C21H26N2O4
F6524-1101,C17H17FN6O3
F6539-4006,C19H16ClFN2O3
F6786-6012,C21H21N5O2
F6609-3755,C19H20FNO6
F6802-7653,C18H24F2N6O
F6454-1250,C18H19ClF2N4O
F6490-0388,C20H23N5O3
F6374-1335,C18H20F3N3OS
F2093-0213,C16H17Cl2N3O2S
F6556-5175,C21H26N2OS2
F2580-0445,C19H14ClFN2O4
F2775-1200,C19H23N3O4S
F6240-0420,C22H26N6O
F6064-8464,C18H15F3N4O3
F5791-1859,C21H23N5O3
F5033-2674,C18H26BrN3O2
F5910-0499,C21H28N6O2
F6240-7645,C19H22N6O2S
F6573-6288,C18H22F2N2O4S
F3309-0257,C23H22N4O3
F6559-3684,C14H14BrF2N3O2S
F6436-1793,C20H25NO4S2
F6247-2102,C21H20FN5O3
F6261-0656,C18H15F3N2O2S2
F6675-9603,C21H26N4O3S
F6727-8385,C19H20FN5O3S
F3406-0222,C19H17ClN2O3S2
F6436-0633,C20H30N4O2S2
F1603-0246,C26H23N3O3
F8890-3849,C22H25ClN4O3
F6497-7892,C21H20F3N5O2
F1360-0191,C24H26N4O2S
F6619-3070,C20H25F2N5O2S
F6727-8437,C23H25FN4O4
F6656-3914,C27H29N3O3
F5772-6112,C22H30N4O4S
F3406-5374,C22H18ClN5O4
F6111-0699,C23H30N2O6S
F1122-1378,C26H25N3O4S
F3398-3668,C27H25N3O4S
