# All user editable compound information in the PCDL Manager compounds tab can be imported
# A minimum of formula or mass plus one identifier must be populated for compound import (recommended is formula and at least one other identifier, see examples)
# Multiple synonyms can be entered into the Synonyms column when separated by ';' (e.g. L-Isoleucine; 2-Amino-3-methylvaleric acid)
# All compounds will be assumed to be of a neutral ion type, unless a 1 is entered in the Cation or Anion column
Name,Formula
F6662-1580,C10H12F3NOS
F6672-1453,C14H17N5
F1913-6002,C13H17N5O
F6445-7064,C12H13N3O4
F6782-4545,C13H11F2NO3
F6415-1007,C11H13NO3S2
F6790-0519,C10H12BrFN2O
F6554-4954,C12H11F4NO2
F3350-1072,C13H16N2O3S
F6678-8295,C16H17N3S
F2580-2110,C15H14N2O4
F2189-0323,C15H16N2O2S
F6513-5835,C14H18N4OS
F6514-2867,C12H11ClF3NO2
F5490-1294,C17H17N3O2
F6190-0272,C15H23NO3S
F6555-0036,C15H17N5O2
F6680-3462,C15H19N5O2
F6471-6873,C17H25N3O2
F6439-7377,C16H14N6O
F6446-0404,C13H15N3O2S2
F6717-7266,C14H12F3N3O2
F6660-5655,C16H12FN3O3
F6745-8780,C15H14ClN5O
F1836-0174,C16H13ClFN3O
F0346-4805,C14H10BrNO3
F3398-3660,C16H24N4OS
F6258-1209,C18H18N4O2
F1441-0767,C17H16N4OS
F6709-0293,C18H23N5O
F6810-6309,C15H16F3N3O2
F6755-2716,C18H24N4O2
F6782-4442,C18H19FN2OS
F6524-2684,C12H11F3N4O2S
F3202-0373,C18H23NO3S
F5310-0127,C17H18ClNO2S
F6573-7456,C17H16N6O2
F6812-1987,C17H19N7O
F3165-0571,C15H17NO4S2
F0643-0161,C18H16N2O5
F6525-1248,C17H16FN5O2
F6796-3780,C17H22N6S
F3348-0173,C21H21N5
F1272-0013,C18H16FNO3S
F6480-5613,C17H19ClN4O2
F6312-0016,C18H17N7O
F6414-1135,C16H16BrNO3
F6673-9293,C15H19ClN6S
F6811-4831,C20H25N5O
F6559-3697,C15H17F2N5O3
F5854-4545,C16H18FNO3S2
F2790-0491,C14H24N6O3S
F6473-0580,C19H22N2OS2
F6178-4320,C17H17ClN4OS
F6495-2753,C15H15BrN4O2
F6660-0890,C21H21N3O3
F6261-4443,C20H19N3O2S
F8890-6454,C22H26N2O3
F6788-7473,C19H20N4O2S
F5882-3420,C16H19ClN2O2S2
F5788-0707,C20H22FN3O3
F6554-0588,C16H18F3N3O2S
F6679-2734,C16H14BrN3OS
F2392-0511,C23H24N2OS
F5126-0795,C17H19ClN4O2S
F6676-0539,C19H20F3N3O2
F6517-1164,C18H14F3NO3S
F6786-7594,C19H19FN6O2
F6515-4734,C20H20N2O2S2
F6478-0824,C21H27N3O2S
F5773-2522,C18H21N5OS2
F1605-0154,C24H24N2O3
F6240-7001,C17H19ClN6OS
F6570-2390,C22H21N3O4
F6525-2345,C16H16ClN5O3S
F6252-5093,C20H19FN6O2
F5460-0523,C19H13FN4O3S
F6529-2315,C20H23N5O4
F6240-6997,C19H21N5O3S
F3406-8229,C22H19N5O3
F5325-0125,C22H22FN7
F6413-0485,C22H18N2O2S2
F6752-3998,C18H21F5N2O3
F5940-0509,C24H27FN2O3
F3411-3164,C21H23N3O2S2
F6473-4150,C20H21BrN2O3
F6442-6269,C22H27FN2O3S
F6517-4328,C23H20FN3O2S
F6559-0979,C18H15F3N4O3S
F1298-1093,C22H22ClN3O2S
F5792-0348,C20H22N4OS3
F6512-4924,C20H20ClN3O4S
F2437-0419,C22H20N4O4S
F2008-0090,C21H21N5O2S2
F6246-3410,C21H22N4O5S
F6480-5003,C21H24ClN5O4
F2898-5217,C24H24N4O3S
F2205-0028,C29H32N2O3
F1866-0468,C19H21Cl2N5O3S
F6609-1019,C24H20FN3O5S
