# All user editable compound information in the PCDL Manager compounds tab can be imported
# A minimum of formula or mass plus one identifier must be populated for compound import (recommended is formula and at least one other identifier, see examples)
# Multiple synonyms can be entered into the Synonyms column when separated by ';' (e.g. L-Isoleucine; 2-Amino-3-methylvaleric acid)
# All compounds will be assumed to be of a neutral ion type, unless a 1 is entered in the Cation or Anion column
Name,Formula
F6253-6771,C15H14N2O2
F6608-0367,C15H18N2O2
F6015-0097,C14H15ClN2O
F9995-0565,C13H8Cl2O2
F6471-2790,C18H23NO
F6559-1432,C13H14ClF2NO
F2828-0745,C14H16N2O2S
F6190-1526,C14H17NO3S
F6796-9491,C15H14N4O2
F2199-0403,C15H15N3O3
F8890-6331,C15H17N3O3
F6286-0013,C13H18F3N3O
F6514-1622,C14H16N2O3S
F6672-0384,C16H18N6
F6363-0177,C12H9Cl2N3O2
F1756-0374,C13H14FNO4S
F6516-1066,C16H15NO3S
F6760-1477,C15H14ClN3O2
F2199-0573,C15H19N3O4
F6617-2798,C14H16N2O4S
F3367-0113,C18H18N2O3
F6550-6851,C17H17FN4O
F6521-5144,C14H22N2O4S
F6507-8230,C17H20N2O2S
F5002-0209,C18H14N4O2
F6438-3041,C14H16N4O3S
F0895-0090,C18H11ClN2O2
F5857-6663,C17H25NO3S
F6753-5005,C13H19N5O3S
F6525-0002,C19H26N4O
F6296-1198,C17H14F2N4O
F6497-0710,C17H23N5O2
F6497-0684,C17H21N3O2S
F0748-0029,C14H15N5OS2
F6438-1391,C16H22N4O2S
F6514-2183,C16H17ClN2O2S
F6262-3442,C17H15N5O3
F6675-8548,C17H18N6O2
F6750-6602,C16H21N9
F3088-1546,C19H16ClNO3
F6523-2728,C17H18N4O2S
F3024-0004,C16H17N5O4
F6744-6005,C18H24N4OS
F5939-3487,C13H15ClN2O3S2
F1065-0786,C17H15F2N3O3
F6619-3089,C17H18F2N4O2
F6658-3191,C17H19N9
F6203-0258,C18H22FNO3S
F6481-0800,C15H16ClN3OS2
F6560-6036,C19H19FN4O2
F6475-2865,C16H15F3N2O4
F6438-3478,C17H23N7O2
F5016-1409,C17H21N5O2S
F6788-3916,C17H17F2N5S
F6481-2525,C19H19ClFNOS
F6656-3540,C20H24N6O
F6443-4291,C20H18N2O5
F6606-1458,C19H25N7O
F1892-0207,C18H19N5O4
F6064-2322,C17H14FN5O2S
F6660-4638,C19H24N4O4
F2285-0089,C19H22N2O4S
F6685-9131,C15H16ClF3N4O2
F6658-3317,C17H18F3N7
F2722-0043,C20H14ClN3O3
F6438-3260,C19H20N6O3
F5857-4165,C18H20Cl2N2O3
F6403-1320,C24H21N3O2
F6521-1758,C21H23NO2S2
F6111-1181,C22H27FN2O3
F3222-5688,C18H20N4O4S
F5823-0006,C20H27N3O3S
F6557-0420,C19H21NO4S2
F6438-3697,C18H22ClFN6O
F5857-2228,C18H19ClN2O4S
F6523-0153,C18H20F3N5O2
F0816-0619,C21H19NO5S
F6178-0269,C22H30N4O3
F6111-0271,C22H28N2O5
F6506-2296,C20H21NO2S3
F3222-5066,C18H20FN5O3S
F6764-3934,C23H25N3O4
F6523-3089,C18H19ClN2O5S
F6529-1048,C19H20F4N4O2
F6474-3845,C21H19Cl2N3O2
F2660-0142,C25H27N3O3
F6497-0031,C23H21FN4O3
F6523-2262,C22H18FN3O3S
F2029-0409,C21H19FN4O3S
F6559-2402,C17H18F3N5O3S
F6512-5722,C16H24N4O4S3
F6476-3367,C17H20F3N3O5S
F5014-0393,C22H19ClN4O4
F6497-3781,C21H20FN5O3S
F6785-6429,C21H24N4O5S
F2096-1301,C21H26ClN5O2S
F2633-0315,C24H18F3N3O3
F6660-6441,C20H12ClF4N5O2
F0579-0008,C26H27N3O2S2
