# All user editable compound information in the PCDL Manager compounds tab can be imported
# A minimum of formula or mass plus one identifier must be populated for compound import (recommended is formula and at least one other identifier, see examples)
# Multiple synonyms can be entered into the Synonyms column when separated by ';' (e.g. L-Isoleucine; 2-Amino-3-methylvaleric acid)
# All compounds will be assumed to be of a neutral ion type, unless a 1 is entered in the Cation or Anion column
Name,Formula
F5857-0770,C14H22N2O2
F0405-2679,C16H17NO2
F6512-9068,C14H17N3O2
F6543-8697,C12H13N3O2S
F2157-1477,C10H10BrN3O
F6543-4881,C15H18N4O
F6708-9224,C17H23NO2
F9995-2412,C13H11NO4S
F2730-0241,C13H16N2OS2
F6564-2797,C12H17N3O3S
F6215-0280,C15H14N2O2S
F3158-0243,C12H17ClN2O2S
F1798-0502,C15H18N2O2S
F6438-0100,C15H24N4O2
F5735-0163,C18H17NO3
F6680-0867,C12H19N5O2S
F6523-3716,C16H17N3O3
F5119-0545,C16H19N3O3
F6561-4832,C21H21NO
F6210-0182,C16H19ClN2O2
F6725-2475,C19H24N4
F6436-1975,C13H17N3O2S2
F5319-0098,C13H10F3N3O3
F0857-0001,C15H13N3O3S
F5079-0138,C15H12FN3O2S
F6801-8002,C18H26N2O3
F6752-4528,C17H24N2O2S
F6435-9075,C16H22N2O3S
F0630-0091,C18H16N2O2S
F6677-1383,C19H23N3O2
F3225-5893,C18H18ClN3O
F1288-0034,C19H24N2O3
F6525-6013,C16H18N4O2S
F0651-0112,C15H13BrN2O2
F6414-0559,C16H19N3O5
F2536-1914,C16H14FNO4S
F6514-7474,C15H20N4O3S
F6525-5382,C18H19N5O2
F0910-0558,C16H15Cl2NO3
F2275-0329,C17H16N4O2S
F6573-7289,C18H19N3O2S
F6031-0364,C17H21F3N2O2
F5069-0036,C19H22FN3O2
F6514-9627,C14H14F3N3O2S
F6571-3168,C15H20F2N2O3S
F2135-1858,C16H21N5O2S
F3320-0869,C22H28N4
F6502-3033,C16H19ClN4OS
F6787-1295,C18H21N7O
F5261-0045,C16H23N3O2S2
F6554-4657,C16H15ClFNO3S
F5857-2674,C23H20N2O2
F6571-2604,C16H20ClFN2O4
F6808-9621,C16H17BrN4O
F6708-8334,C24H27NO2
F6312-0042,C20H18FN5O
F6413-2560,C21H19NO3S
F6811-1766,C19H22N6O2
F5735-0083,C21H21ClN2O2
F3382-6819,C19H12ClFN2OS
F6089-6680,C21H22FNO4
F2496-1413,C22H15NO5
F6178-7664,C21H30N2O2S
F6523-3042,C21H20N4O3
F6204-2763,C17H18N2O4S2
F3385-4768,C22H21NO5
F6805-5587,C15H17BrClN5
F6390-3243,C20H22N4O2S
F2394-0866,C17H15F3N2O3S
F6489-2181,C19H23N5O4
F6560-0826,C19H21N3O2S2
F6502-0462,C18H24N6O2S
F6524-6694,C18H16ClFN4O3
F6240-6962,C21H21N5OS
F6847-2400,C14H12Cl2F3N5O
F6606-1758,C21H22N4O2S
F1711-0174,C19H13ClN4O2S
F6608-2600,C19H22F3N3O3
F6443-4009,C22H22ClNO4
F6559-0467,C23H19N3O4
F6178-4986,C19H25N5O3S
F6476-6272,C16H14ClF3N2O3S
F6241-0366,C20H19F3N2O4
F5303-0048,C22H26N4O2S
F6372-1909,C21H14F3N3O3
F2604-0061,C25H29N5O
F6436-1809,C21H26N2O5S
F6435-8673,C21H24ClNO4S
F2813-0337,C18H17FN2O3S3
F2494-0097,C17H21N3O6S2
F6245-3393,C19H19BrN4O3
F2496-3303,C20H13F2NO6S
F6671-3407,C19H22BrFN4O2
F2635-1601,C22H15F2N3O3S
F3394-0897,C20H21F3N2O4S
F2965-0409,C22H24FN3O2S2
F6523-0130,C19H18F6N4O2
F3411-6834,C21H24N6O4S
F6609-5032,C25H23F3N4O2
F5978-0259,C22H27F3N6O3
