# All user editable compound information in the PCDL Manager compounds tab can be imported
# A minimum of formula or mass plus one identifier must be populated for compound import (recommended is formula and at least one other identifier, see examples)
# Multiple synonyms can be entered into the Synonyms column when separated by ';' (e.g. L-Isoleucine; 2-Amino-3-methylvaleric acid)
# All compounds will be assumed to be of a neutral ion type, unless a 1 is entered in the Cation or Anion column
Name,Formula
F9995-2541,C13H17NO2S
F6608-1068,C11H10F2N2OS
F9994-0488,C12H9ClN4O
F6793-6972,C11H16F3N3O
F6660-4578,C14H13N5O
F6663-4594,C13H15F2NOS
F6482-3428,C13H14N4OS
F6437-0115,C13H15N3O2S
F1217-0012,C17H16N2O2
F6487-0814,C16H17N3O2
F2716-0791,C16H18N2OS
F6562-0114,C14H16N4OS
F5033-6857,C12H22N2O4S
F2758-0674,C13H15N3O3S
F6512-1076,C16H17N5O
F6440-2896,C14H23N3O2S
F6441-4286,C15H25NO3S
F6484-0276,C17H23N3O2
F6476-5996,C14H13ClN4O2
F6782-7363,C18H18N4O
F5529-0152,C15H16FNO3S
F3305-0359,C17H17N3OS
F1768-0003,C17H16ClN3O
F6512-0994,C16H17N3O2S
F3083-0294,C13H20ClN3O2S
F6435-2067,C14H13N3O4S
F1915-2676,C17H28N4O2
F6604-0793,C16H18N8
F2275-0330,C17H16N4O3
F1696-0259,C14H15ClN2O3S
F5857-5398,C19H21NO2S
F1701-0039,C16H12BrNO2
F2266-0298,C21H18N2O2
F6457-0523,C16H16N2O4S
F5882-7700,C17H23N3O2S
F5773-1376,C16H12F3N3O2
F2633-0020,C20H20N2O3
F6564-4032,C19H23N5O
F6480-2874,C12H16F3N3O3S
F6411-1077,C17H16N4O4
F6559-1453,C18H22ClF2NO
F6442-7831,C15H26N4O3S
F6805-5313,C18H25N5O2
F6414-2100,C18H19NO4S
F1441-0496,C18H22N2O3S
F9994-0600,C21H21N3O2
F6471-2648,C17H20BrNO2
F6374-1473,C16H22N4OS2
F6357-1403,C16H14ClFN2O2S
F1065-0244,C19H19N3O4
F5857-1739,C16H21NO4S2
F6438-0114,C19H24N4O3
F6436-2559,C19H22N2O3S
F1874-0562,C17H17FN4O2S
F6754-9806,C16H19BrN4O
F6724-1965,C19H21N7O
F6246-1650,C13H18F3N5O4
F6520-1821,C16H14ClNO3S2
F6685-8753,C17H19F3N4O2
F6196-1439,C17H14N4O6
F6473-7369,C20H25N3O4
F2828-0121,C22H19N3OS
F6508-1258,C18H17NO4S2
F6658-3190,C19H20N8O
F6609-5843,C18H14F4N4O
F6438-2526,C18H20F3N5O
F6560-0716,C19H21ClFNO2S
F6489-1351,C20H22N4O4
F5317-0334,C20H20N2O4S
F5823-0121,C22H31N3OS
F2751-0421,C16H22FN3O5S
F6222-0507,C22H24N6O
F6296-1308,C18H19FN4O3S
F6496-1575,C21H21N5O3
F6476-2896,C18H14F3N3O4
F6474-0500,C18H26N4O4S
F6512-6997,C17H21ClN4O3S
F2724-2284,C24H23N5O
F6441-4844,C22H25NO4S
F2372-0450,C21H24FN3O4
F2696-0252,C19H14ClFN2O3S
F6037-0532,C22H19ClN4O2
F6472-7269,C19H20N8O3
F6444-1871,C17H15BrFNO5
F2070-0290,C23H19N5O3
F5324-0048,C20H21ClN4O2S
F8890-3738,C24H26N4O3
F3225-1527,C22H23N5O2S
F3371-0704,C21H20N4O4S
F6507-1991,C18H25N3O7S
F6761-3090,C20H22N4O5S
F6523-0070,C18H17F6N5O
F6529-1365,C16H23F3N6O3S
F6372-0578,C23H25N3O4S
F6548-1291,C23H26N2O5S
F6497-7863,C22H22F3N5O2
F6279-0596,C25H25FN4O3
F3281-0089,C24H23N7OS
F3228-0118,C20H14BrF3O5
F3406-0639,C23H19ClN4O2S2
