# All user editable compound information in the PCDL Manager compounds tab can be imported
# A minimum of formula or mass plus one identifier must be populated for compound import (recommended is formula and at least one other identifier, see examples)
# Multiple synonyms can be entered into the Synonyms column when separated by ';' (e.g. L-Isoleucine; 2-Amino-3-methylvaleric acid)
# All compounds will be assumed to be of a neutral ion type, unless a 1 is entered in the Cation or Anion column
Name,Formula
F6617-2028,C11H8F2N2OS
F6540-9056,C12H13F3N2O
F6203-0009,C16H23NO2
F5461-1352,C13H19N3OS
F6573-6203,C14H17F2NO2
F3238-0039,C15H20N4O
F6211-0114,C15H21N3O2
F3386-2966,C8H10BrNO3S
F6550-1803,C14H16ClFN2O
F6796-0963,C14H12ClN5
F5286-0020,C16H17NO4
F6555-6316,C18H15N3O
F1917-5685,C17H25NO3
F6215-0175,C18H18N2O2
F6751-4140,C17H20N4O
F6015-0204,C17H22N4O
F6808-5401,C17H24N4O
F5303-0182,C11H11ClFN3O2S
F6471-2602,C17H20ClNO2
F6436-3128,C13H13BrN2O2
F2370-0629,C15H19ClN2O3
F6559-0006,C16H16N4O3
F6571-6136,C17H18N2O2S
F6743-5932,C12H20N4O2S2
F6439-7408,C15H15FN4OS
F0674-0116,C16H11F3N2S
F6359-3667,C16H23N3O4
F6472-7218,C17H17N5O2
F6680-0877,C16H15N5OS
F6359-3087,C18H22N4O2
F6799-8638,C16H16N4O2S
F3263-0065,C19H23NO4
F1707-0067,C21H17NO3
F6471-2262,C14H12BrN3O2
F5831-2683,C17H22N2O3S
F3099-5419,C14H13BrN2OS
F6660-0340,C16H17F2N3OS
F5106-0029,C18H18N4O3
F6436-1422,C18H21N5O2
F3281-0018,C17H12ClN3OS
F6518-2270,C18H18N2O3S
F3406-0981,C18H15F2N3O2
F6812-1864,C18H16N8
F5823-0450,C19H24FN3O2
F6506-1687,C16H17N3O4S
F6445-2509,C21H20N2OS
F6549-7428,C19H19N5O2
F6349-0923,C20H18ClN3O
F6743-6258,C17H28N4O2S
F2455-0083,C18H18N4O4
F6558-0419,C15H18BrFN2O2
F6597-2782,C17H22F3N3O2
F5854-0642,C21H17N3O3
F2982-0184,C18H19NO5S
F6524-1999,C13H12F3N3O4S
F6089-6275,C22H24N2O3
F6469-2729,C19H15FN4OS
F6786-7628,C18H21N7O2
F2711-1967,C20H17F2N3O2
F6439-7052,C16H14BrN5O
F6513-5742,C22H20N4O2
F5672-0215,C19H22N2O2S2
F6523-4704,C19H29N5O3
F6478-1050,C18H23N3O4S
F6442-2301,C17H14FNO4S2
F6556-4205,C18H24N2O5S
F6481-4091,C15H15BrN2OS2
F6259-0893,C19H21N5O2S
F3406-8259,C19H16FN3O3S
F5999-0662,C23H22N4O2
F6559-2318,C16H16F4N4OS
F6125-2208,C19H23N3O6
F6523-3868,C17H15Cl2N5O2
F0649-0399,C20H19F3N2O3
F6806-7563,C21H29F2N3O2
F6764-1466,C22H22ClN3O2
F6237-4238,C18H16BrN5O
F2266-0289,C22H26N2O5
F6788-9458,C19H24N6O2S
F5033-2684,C18H34N4O4S
F6482-2145,C21H21Cl2NO3
F6806-4799,C18H17F4N7
F6496-2826,C23H27N3O4
F5528-0377,C21H21ClN4OS
F5949-0436,C21H30N6OS
F6559-3578,C20H21F2N5O3
F6480-1348,C24H21ClN2O3
F2135-1708,C21H14ClN3O3S
F6473-7449,C17H19BrN2O4S
F2475-1273,C22H32N6O3
F5461-1110,C26H29N3OS
F2696-0440,C19H15Cl2N3O3S
F5621-0024,C24H31N5O3
F3382-4617,C20H16ClN5O3S
F2665-0107,C21H20N2O7S
F5305-0728,C20H19Cl2N5O3
F6441-8998,C24H24N2O5S
F3260-0076,C25H29N5O4
F3407-3110,C26H22F2N4O3
F2233-0881,C27H28N4O5
