# All user editable compound information in the PCDL Manager compounds tab can be imported
# A minimum of formula or mass plus one identifier must be populated for compound import (recommended is formula and at least one other identifier, see examples)
# Multiple synonyms can be entered into the Synonyms column when separated by ';' (e.g. L-Isoleucine; 2-Amino-3-methylvaleric acid)
# All compounds will be assumed to be of a neutral ion type, unless a 1 is entered in the Cation or Anion column
Name,Formula
F1915-2674,C10H15N3O
F0020-1563,C17H18O2
F6540-5405,C15H22N4
F6252-8428,C12H14N4O3
F6451-0538,C12H14N2O3S
F6782-0676,C14H11ClN4
F6540-9101,C12H14F3N3O
F6502-2674,C13H16N4OS
F6389-1024,C15H13N5O
F6754-9329,C16H18N4O
F3098-0033,C17H19NO3
F6744-8675,C14H17N5O2
F6775-2551,C14H19N5O2
F6223-0039,C13H16N4O2S
F6190-0269,C10H14ClNO3S2
F2212-0017,C17H12FNO3
F2447-0092,C14H13N5OS
F6412-1833,C14H14F3NO3
F6487-0800,C15H17N3O2S
F6472-8535,C16H23N3O3
F0430-0094,C17H16N4S
F6752-4492,C14H22N4O2S
F6549-2629,C17H20N4O2
F6578-6867,C15H18N6O2
F6451-0059,C17H20N2O4
F6440-4185,C16H19ClN4O
F6508-0002,C19H16N2O3
F6563-0437,C15H18N2O2S2
F6791-6662,C18H21N5O
F6156-0053,C19H19NO4
F6516-0075,C17H13NO4S
F6524-4848,C15H16N6O3
F6573-6361,C13H13BrF2N2O
F6802-8081,C16H21N5OS
F5788-0796,C16H16FN3O2S
F6819-1686,C17H18N8
F6223-0325,C14H16N4O4S
F3183-0038,C19H19N3OS
F6471-6904,C17H26N2O3S
F5086-1869,C13H10Cl2N4OS
F6685-3810,C16H15N5O2S
F6713-6258,C16H18N6OS
F6525-6389,C18H21N3O2S
F6258-0405,C18H24N4O3
F6524-0454,C17H15ClN2O4
F6559-0020,C16H18ClN5O2
F6792-0325,C16H21FN6S
F6752-2442,C16H26F3N3O2
F6559-1077,C20H21N3OS
F5529-0086,C16H16FNO5S
F6525-4840,C19H22N4O3
F6502-1287,C17H17ClN6O
F5016-0309,C21H31N3O2
F6472-7585,C22H21N3O2
F6349-1285,C21H19N3O3
F6416-6640,C19H22ClNO2S
F2394-0036,C16H16BrNO2S
F6474-3059,C21H19FN2O3
F6442-0373,C16H14ClFN2O3S
F6252-0986,C22H19N5O
F5854-0832,C19H18ClN3O3
F6506-4893,C21H28N2O4
F6658-4722,C18H22N4O3S
F6374-0165,C19H21FN2OS2
F3277-0099,C22H23N3O3
F5098-0561,C20H17N3O3S
F6783-7999,C20H21FN6O
F5857-2589,C21H19ClN2O3
F6351-0489,C17H21N9O2
F6571-1117,C19H22F3NO2S
F6522-1360,C16H12F3NO3S2
F6178-2041,C19H21FN4O2S
F6456-0047,C21H23N7O
F6523-3988,C20H14FN5O3
F6523-0683,C22H24N4OS
F5003-0038,C16H16F2N6O2S
F6619-6214,C17H20F3N7O
F0825-0371,C19H19N5O3S
F6481-1684,C18H19ClFNO2S2
F6557-0386,C17H17ClFNO3S2
F2743-1496,C23H18ClN3O2
F6436-2951,C23H23N3O2S
F3243-0336,C25H33N3O2
F2432-0367,C20H18N4O4S
F6443-5324,C26H24N2O3
F5092-0170,C21H22FN3OS2
F3222-1693,C20H13F3N2O3S
F6727-2391,C21H21FN8O
F3320-0565,C23H22ClN3O3
F6804-4833,C20H22ClF3N4O
F1677-0646,C20H28ClNO5S
F6783-4811,C19H21FN6O3S
F5490-0733,C23H21N3O6
F2227-1005,C23H23ClN4O3
F6233-0441,C22H24ClN5O3
F6529-0401,C22H28N4O4S
F6670-6439,C21H26FN5O3S
F2850-0095,C24H23ClN2O3S
F5832-1667,C26H28FN3O4
F2233-0538,C24H19ClN4O5
