# All user editable compound information in the PCDL Manager compounds tab can be imported
# A minimum of formula or mass plus one identifier must be populated for compound import (recommended is formula and at least one other identifier, see examples)
# Multiple synonyms can be entered into the Synonyms column when separated by ';' (e.g. L-Isoleucine; 2-Amino-3-methylvaleric acid)
# All compounds will be assumed to be of a neutral ion type, unless a 1 is entered in the Cation or Anion column
Name,Formula
F6554-8465,C11H13N3O2S
F6541-5916,C16H21N3
F6562-5857,C13H25NO2S
F6793-5160,C11H13F4N3
F6744-1138,C14H10FN5
F1905-7716,C12H14ClNO4
F3375-3074,C13H11ClN4O
F1930-0029,C14H15NO3S
F6476-5807,C14H17ClN2O2
F5965-0049,C14H21NO3S
F6789-0809,C12H13F3N4O
F6616-6039,C15H16N2O2S
F6791-5279,C14H18N4OS
F6512-0839,C16H11N3OS
F6752-2943,C14H21N3O2S
F6492-0385,C17H19N3O2
F6445-3402,C15H17N5O2
F6438-2191,C15H19N5O2
F2348-0283,C15H10ClFN2O2
F6471-2810,C19H18N2O2
F1579-0001,C15H11N5OS
F6482-3461,C13H12F3N5O
F6739-7760,C16H15N3O2S
F6521-4152,C17H17NO3S
F6254-0011,C15H15N3O3S
F3394-0129,C13H9F4NO2S
F6567-1956,C18H20N6
F5475-0103,C20H19FN2O
F3323-0590,C18H16N2O4
F6436-2481,C15H27N5O3
F5479-0277,C17H17N3O4
F6713-4738,C17H24N6O
F6764-1610,C17H19ClN4O
F3394-0797,C16H16N2O2S2
F6562-0893,C20H19N3O2
F6481-1488,C17H18FNOS2
F6496-1536,C19H17FN4O
F2740-0825,C20H23N3O2
F3368-0194,C16H18ClNO3S
F6037-0265,C18H17ClN4O
F6446-0593,C17H19N5OS
F6494-0931,C18H22N4O3
F6514-1995,C19H25N3O3
F6516-4261,C17H16ClN3O3
F6515-2758,C17H19FN4OS
F6203-0249,C19H25NO3S
F6443-5353,C16H15NO4S2
F6713-4938,C19H15FN4O2
F6513-1706,C22H29N3O
F6560-8282,C18H19N5OS
F6445-1502,C18H17N3OS2
F6523-0742,C19H24N4OS
F6810-0334,C17H19ClN6O
F6561-1307,C21H16N2O2S
F6752-2958,C15H20Cl2N2O2S
F6727-5850,C20H21N5O2
F6414-1213,C19H18F3NO3
F6795-5367,C20H26N6O
F6473-4245,C20H20N2O5
F2496-3008,C19H12F2N2O4
F6679-0140,C22H21N5O
F6524-5742,C18H14F3N5O
F5027-0659,C16H13ClF3NO2S
F6245-6292,C20H20N6O2
F6443-5156,C21H18N2O3S
F2024-2367,C21H21N3O4
F1065-0546,C17H14F3N3O2S
F6438-3547,C19H22N6OS
F6495-5560,C17H16N6O3S
F6443-7927,C21H27N3O4
F6481-2896,C20H19F2N3OS
F5017-0791,C21H28N2O3S
F6441-5082,C19H22N2O3S2
F6685-8733,C19H20F3N5O
F3222-4320,C18H14F3N3O2S
F6245-4567,C19H21F3N4O2
F5581-0290,C20H17ClN4OS
F2073-0263,C25H23N3O2
F5228-0873,C24H18FN3O2
F5832-8628,C21H24FN3O2S
F5788-4693,C23H25N5O2
F5003-0127,C17H19ClN6O2S
F6252-6147,C20H20N6O4
F6806-4838,C20H26N8O2
F6412-1660,C22H18F3N3O2
F6564-5210,C19H21BrN4O2
F6658-2318,C21H22N8O2
F6188-0794,C21H27NO4S2
F6196-1835,C18H15F3N4O5
F0696-1732,C23H17N5O4
F5139-0310,C20H22N4O3S2
F2135-1809,C21H18F3N3O2S
F6523-0716,C20H25ClN4O3S
F3406-6758,C23H22ClN3O4
F6233-0775,C23H18N6O4
F6761-2828,C19H18F3N9O
F1056-0566,C22H28N2O6S
F2699-0160,C22H20ClN3O6
F2571-0112,C21H22F3N3O4S
F2013-0668,C24H24ClN5O4
