# All user editable compound information in the PCDL Manager compounds tab can be imported
# A minimum of formula or mass plus one identifier must be populated for compound import (recommended is formula and at least one other identifier, see examples)
# Multiple synonyms can be entered into the Synonyms column when separated by ';' (e.g. L-Isoleucine; 2-Amino-3-methylvaleric acid)
# All compounds will be assumed to be of a neutral ion type, unless a 1 is entered in the Cation or Anion column
Name,Formula
F6089-9786,C12H20N4O2
F6488-0461,C10H15N3O3S
F3095-4474,C13H11NO3S
F6472-8807,C14H20N2O3
F6816-2871,C15H16N4O
F6760-5122,C11H13FN2O3S
F6555-0325,C12H13N5OS
F1813-0615,C13H14N2O3S
F1967-2382,C14H14F3N3
F6436-3927,C13H20N2O3S
F6752-5384,C18H26N2O
F2004-0284,C13H11N3OS2
F6793-7311,C12H13F4N3O
F5264-0293,C16H24FN3O
F6725-1155,C16H16N4S
F6783-0092,C14H14N6S
F6788-9343,C12H17FN4O2S
F5033-2281,C15H18N4OS
F2879-5670,C17H24N2O3
F6617-5746,C16H13N5O2
F2438-0164,C16H24ClN3O
F6715-8940,C20H25NO2
F3098-7313,C19H23NO3
F9995-2670,C15H25NO6
F6760-6866,C20H19N3O
F3097-1764,C16H21N3O2S
F8890-1194,C15H19N3O3S
F6805-9092,C15H18ClN3OS
F2707-0444,C19H24N4O
F2269-0533,C18H18N2O4
F6773-4873,C19H25N3O2
F6200-3557,C19H20ClNO2
F6730-0353,C15H14BrN3O
F6438-1617,C17H18F2N4O
F2795-0553,C17H16ClFN2O2
F6398-0074,C20H18FN3O
F6724-3932,C14H16BrN3O2
F6482-6894,C19H18N2O2S
F6539-3700,C20H21NO2S
F6555-0611,C18H20N4O3
F6813-8152,C19H24FN5
F3179-0419,C14H18ClN3O3S
F6554-4507,C18H17FN2O4
F3164-0634,C16H19N5O4
F6619-7519,C20H22N6
F6564-2964,C15H16N4O4S
F5625-0185,C15H19N5O3S
F6443-7694,C22H26N2O2
F6495-5262,C16H16N8O2
F6519-4227,C17H14N4OS2
F6712-3637,C18H21N5OS
F3323-0630,C19H16FNO5
F6442-1872,C14H18BrNO3S
F3083-0243,C15H28N4O4S
F6594-2321,C18H18N8O
F6559-7790,C16H20N4O4S
F5688-0029,C20H23N5O2
F6488-1029,C18H17N5O4
F6439-4915,C13H12F5N3O2S
F6451-0174,C17H26N2O5S
F6445-0243,C20H15F3N2O2
F5264-0079,C24H27N3O
F6473-7360,C19H22ClN3O3
F6562-8597,C18H19NO6S
F6523-1865,C19H21F3N4O
F1020-0005,C17H20N2O4S2
F0599-0208,C21H23N3O2S
F6508-0073,C19H17N3O4S
F2862-0261,C25H24N2O2
F6479-3244,C18H19ClN6O2
F6178-3284,C24H25N3O2
F6529-0888,C15H18F3N5O2S
F6570-2808,C22H22N4O3
F5795-0350,C15H15F3N2O5S
F6440-4487,C19H24FN3O3S
F6252-3957,C19H14ClN5O3
F6783-8107,C20H21FN6O2
F2258-0248,C17H20F2N4O3S
F2879-2030,C19H17ClN4O2S
F2437-0270,C22H18N4O4
F6514-4097,C20H20N8O2
F6445-6993,C17H14BrNO2S2
F6209-0317,C19H18F3N3O2S
F6670-6470,C21H22FN5O3
F6495-4140,C22H18N6OS
F6679-2495,C18H16BrN3O4
F5825-0161,C19H25N5O4S
F2770-0046,C23H22N2O4S
F5297-0087,C20H16ClN5O4
F3382-3716,C20H20N4O3S2
F5092-0169,C21H22ClN3OS2
F1883-0479,C21H17F3N2O5
F5017-3614,C20H24ClN3O4S
F3394-0902,C21H23F3N2O3S
F3266-0010,C24H21N5O2S
F5228-2882,C24H22N4O3S
F6617-3261,C24H27N5O4
F5494-0183,C21H20FN3O4S2
F3406-1020,C26H27N5O2S
F5088-0456,C27H27N5O2S
