# All user editable compound information in the PCDL Manager compounds tab can be imported
# A minimum of formula or mass plus one identifier must be populated for compound import (recommended is formula and at least one other identifier, see examples)
# Multiple synonyms can be entered into the Synonyms column when separated by ';' (e.g. L-Isoleucine; 2-Amino-3-methylvaleric acid)
# All compounds will be assumed to be of a neutral ion type, unless a 1 is entered in the Cation or Anion column
Name,Formula
F9995-1019,C10H8ClF3O2
F6616-2489,C14H16N4O
F6554-1987,C14H16N2O3
F6661-9087,C13H16N2S2
F1916-6891,C11H13ClN4S
F6616-2423,C14H17N5O
F3316-0078,C14H18N4O2
F6560-4946,C13H16FN5O
F1967-2614,C11H8BrNO3
F6541-4323,C10H13BrN4O
F3225-1549,C15H18N4O2
F0882-0464,C16H20N2O3
F6057-0061,C16H26N4O
F6481-1481,C16H20FNOS
F1143-0821,C16H12N2O2S
F3253-0045,C16H11FN2OS
F6747-5980,C12H11Cl2FN4
F6472-0891,C12H18N2O3S2
F3386-0177,C16H20N2O2S
F6212-0363,C13H13N3O4S
F1757-0215,C15H20ClN3O2
F6724-3472,C16H17N5O2
F1658-1142,C15H23NO4S
F0696-0909,C15H17N5O3
F6414-0535,C17H19NO5
F6414-2047,C17H18FNO2S
F6481-4249,C16H19NO2S2
F6724-4477,C13H14BrN3O2
F6507-9283,C16H24N2O3S
F6245-1791,C14H13F3N4O2
F6524-3978,C18H21N3O3
F6445-7088,C16H15N3O3S
F0716-0039,C18H22N2O4
F6560-0748,C17H20N2O3S
F5630-0025,C17H27N5O2
F6411-5646,C17H21NO4S
F6549-7551,C18H20N6O
F5001-1904,C18H14N2O3S
F6403-0590,C19H18ClN3O
F6573-0138,C18H20N4OS
F6521-9400,C20H23NO4
F6573-3389,C12H14BrN3O2S
F6420-0489,C15H15F3N2O2S
F0656-0103,C19H15N5O2
F5857-0747,C18H22N2O5
F6755-0196,C21H25N5
F6573-0281,C18H15N5OS
F6743-6296,C15H22N6O2S
F6788-9461,C15H20N4O2S2
F6806-6651,C17H27N3O3S
F6454-0783,C13H20F3N3O3S
F0882-0811,C16H14F3NO3S
F6539-2267,C15H26N4O4S
F6222-0155,C18H21ClN4O2
F6596-4161,C19H17F3N2O2
F2493-0509,C20H13FN2O4
F6469-2047,C21H23N3OS
F6089-7557,C19H17N3O3S
F6803-2472,C20H24N4O3
F6678-8612,C19H19ClN4O2
F6748-3449,C17H17BrN4O
F6685-8839,C20H24ClN3O2
F6279-0398,C20H16F3NO3
F6231-0244,C14H12BrN5O3
F5283-0112,C17H22N4O4S
F5476-0624,C23H26FN3O
F6559-0719,C19H19N5O2S
F6444-0642,C24H34N2O2
F5190-0596,C21H24N2O3S
F6357-1921,C17H17F3N2O3S
F6359-3225,C23H21N3O3
F6521-9469,C19H20BrNO3
F6441-2745,C20H23FN2O3S
F6786-6206,C22H25N5O2
F6789-7331,C20H19N5O2S
F6619-5346,C20H26N8O
F6495-2001,C19H20N6O2S
F0882-1054,C21H13F3N2OS
F2372-0051,C25H25N3O2
F6752-3999,C17H21BrF2N2O2
F6571-0285,C20H24N2O3S2
F6178-5767,C22H22N4O4
F3267-0075,C16H16BrN3O3S
F6559-3575,C19H20ClF2N3O3
F6619-7841,C21H31N7O2
F5655-0069,C24H24N4OS
F6441-4083,C19H21N3O4S2
F6523-1821,C24H31N5O2
F6685-8658,C20H23F3N4O3
F6609-1981,C25H25N5O2
F6442-6284,C23H30N2O4S
F6497-2208,C24H24FN5O2
F6713-1827,C23H28N6O3
F5033-5260,C22H21BrN2O3
F2245-0475,C19H14BrN3OS2
F5030-0569,C18H12BrFN4O2S
F2434-1148,C22H19N5O4S
F0665-0344,C24H21N5OS2
F2640-0572,C24H29N3O5S
F2865-0553,C26H22FN7O2
