# All user editable compound information in the PCDL Manager compounds tab can be imported
# A minimum of formula or mass plus one identifier must be populated for compound import (recommended is formula and at least one other identifier, see examples)
# Multiple synonyms can be entered into the Synonyms column when separated by ';' (e.g. L-Isoleucine; 2-Amino-3-methylvaleric acid)
# All compounds will be assumed to be of a neutral ion type, unless a 1 is entered in the Cation or Anion column
Name,Formula
F6616-3680,C14H15N5
F0378-0062,C14H10O3S
F6414-0010,C15H19NO3
F6745-1630,C11H15N5OS
F3095-1022,C16H15NO3
F6438-0592,C14H16N4O2
F5103-0023,C16H21NOS
F0401-0040,C19H20NO+
F3394-0238,C12H11ClN2O2S
F2145-1016,C12H16BrNO2
F6190-0257,C13H18FNO3S
F3040-4487,C13H15N5OS
F6143-0252,C12H17N7O2
F6471-1859,C15H19ClN2O2
F6502-1194,C15H16N6O
F6744-5979,C13H22N4O2S
F6554-0937,C16H20N4O2
F6696-0211,C16H22N4O2
F6514-3007,C12H14F3N3O3
F6349-0975,C19H21N3O
F2348-0269,C17H14N2O4
F3349-0065,C16H16N4OS
F2761-0183,C13H18N2O5S
F6436-0337,C16H16N2O3S
F6471-3567,C15H14N2O4S
F6464-0240,C18H26FN3O
F6452-2130,C16H23N3O2S
F6559-0459,C18H17N3O3
F6523-3731,C17H15N3O2S
F6573-3896,C16H18N6O2
F0643-0153,C17H16N2O3S
F6436-1194,C16H19N5O3
F6184-0131,C18H21NOS2
F6550-3235,C22H24N2O
F6258-2440,C16H19ClN4O2
F1915-2682,C17H25N3O4
F6752-3217,C15H19N3O2S2
F5857-6590,C16H22N2O4S
F6573-4885,C19H21N3O3
F6818-1446,C18H24N6O
F6515-0153,C18H18N2OS2
F5596-1221,C18H18ClN3O2
F5001-2212,C18H20N2O5
F1915-6794,C18H23N3O4
F6773-2923,C16H17N3O2S2
F5685-0157,C19H16N4O3
F6448-0430,C17H23N3O3S
F2395-0299,C17H21NO3S2
F6619-7738,C17H20N8O
F6480-6374,C18H18N4O2S
F6440-2740,C21H26FN3O
F6125-2106,C19H20FN3O3
F5833-5418,C18H18ClN3O3
F6237-1961,C16H13ClFN5O2
F6521-3739,C16H14BrNO4
F6245-3434,C19H20N6O2
F3139-2727,C18H13F3O5
F5016-1594,C17H25N3O4S
F6435-1592,C18H24ClNO3S
F6111-1169,C22H27FN2O2
F2094-1403,C18H20N4O5
F5256-0010,C18H18N2O5S
F6619-7493,C19H23F2N5O
F0655-0152,C19H24ClN3OS
F6448-1318,C19H30N4O4
F3406-7523,C20H20N4O2S
F6658-3847,C18H23N9O
F5854-1126,C20H21N3O3S
F6476-5765,C19H16ClN3O2S
F6680-3241,C19H22N4O5
F6683-1053,C18H17ClN4O2S
F5042-0480,C21H19N5O3
F6481-1638,C15H15ClFNO2S3
F3225-7443,C22H20N2O3S
F5831-7068,C23H27N3OS
F6562-1130,C21H21N3O3S
F3386-0286,C16H16BrNO4S
F0223-0045,C25H22N2O3
F6436-3118,C21H24N2O4S
F6279-0232,C21H27ClN4O2
F6442-1375,C17H21Cl2NO4S
F1840-0094,C22H21N3O3S
F6559-2358,C19H22F3N5O2
F6241-0247,C19H16ClF3N2O3
F6257-4577,C20H26N6O2S
F6444-1675,C22H24FNO4S
F3226-0875,C23H17ClN2O4
F6798-4730,C22H26N6O3
F5111-0059,C23H27N3O5
F5257-0388,C25H24N4O3
F8890-7688,C21H26ClN5O3
F5033-7508,C24H26N4O4
F6609-1975,C26H23N5O2
F6430-0350,C24H24N8O
F0686-0309,C17H12BrF3N2O2S
F3407-0027,C24H30N8O
F0617-0259,C25H29N3O3S
F2570-0678,C22H25NO4S3
F3398-5204,C26H29N5O4
F2902-0117,C26H33N9O
