# All user editable compound information in the PCDL Manager compounds tab can be imported
# A minimum of formula or mass plus one identifier must be populated for compound import (recommended is formula and at least one other identifier, see examples)
# Multiple synonyms can be entered into the Synonyms column when separated by ';' (e.g. L-Isoleucine; 2-Amino-3-methylvaleric acid)
# All compounds will be assumed to be of a neutral ion type, unless a 1 is entered in the Cation or Anion column
Name,Formula
F6789-0701,C15H15N3O
F6789-0368,C15H19N3O
F6541-1893,C15H19NOS
F6733-1023,C13H13ClFN3
F6730-4903,C11H15N3O3S
F6472-2507,C14H16N4O2
F5058-0159,C14H17N3O3
F6543-1047,C14H16F2N4
F3097-2318,C19H23NO
F6672-1774,C18H24N2O
F6494-0387,C14H13N3O4
F6190-1074,C15H15NO5
F6774-4221,C13H17N5O3
F6517-0986,C14H18N2O3S
F6788-7907,C13H20N4O2S
F6514-6997,C16H18N4O2
F6660-0287,C17H20N2O3
F6755-5548,C17H22N2O3
F6436-3887,C14H15N3O3S
F1957-0079,C15H21N3O4
F6476-6216,C13H15ClN4O3
F6609-0168,C18H17ClN2O
F6512-1388,C15H14N4O2S
F2487-0224,C16H13ClN2O3
F6560-7384,C15H11ClN2O2S
F6764-3279,C19H21N5
F6673-9391,C14H20ClN7
F1806-0110,C14H21N5S2
F6515-1128,C17H15N3O2S
F0825-0177,C19H22N2OS
F6550-6145,C16H13FN4OS
F6472-0776,C19H23NO2S
F5011-0174,C16H17N3O3S
F6561-2557,C18H24N2O4
F6807-7111,C17H19FN2O2S
F6679-0027,C19H21N5O
F6287-0071,C18H15N3O2S
F6443-5192,C19H18N2O4
F6805-5234,C18H21N5S
F6247-1101,C19H24N4O2
F5460-0044,C16H14N4O3S
F6510-4517,C14H18FN3O4S
F6755-4182,C17H20N4O2S
F6178-4758,C17H23N5OS
F1899-2247,C15H11F2N5OS
F6573-5097,C17H20N2O4S
F5659-0035,C20H19N3O3
F6445-7157,C15H17N3O5S
F8890-2305,C18H20N6O2
F6524-0934,C18H18N4O2S
F6676-2649,C20H25N3O3
F2984-0191,C20H23NO3S
F2397-0129,C17H17N3O4S
F1308-0049,C16H15N3O3S2
F6608-3873,C19H30N4OS
F5600-0170,C20H20N4O3
F6482-7118,C18H14N4OS2
F6436-0625,C20H21N3O4
F6523-2193,C19H19N3O3S
F5285-0033,C22H22N6
F6525-0093,C19H21ClN4O2
F3324-0293,C20H14N4O2S
F6478-3735,C18H22FN5O3
F6524-0965,C20H16FN5O2
F0372-0041,C17H26N6O4
F5023-0132,C18H24N2O3S2
F6514-6815,C20H23N5O3
F6676-4650,C18H20F3N3OS
F6764-3529,C18H16BrN3O2
F6374-0185,C21H26N2OS2
F3167-0041,C19H14ClFN2O4
F6496-2167,C19H23N3O4S
F6788-1768,C22H26N6O
F3382-1606,C21H17FN4OS
F6252-4176,C21H23N5O3
F6670-5140,C20H18FN5OS
F3124-1140,C21H28N6O2
F6524-1631,C19H22N6O2S
F5017-0993,C21H24N2O2S2
F6478-3754,C20H23FN4O4
F6237-4181,C16H13BrClN5O
F1105-0075,C25H17N3O3
F2504-0147,C23H24ClN3O2
F3382-7922,C19H17BrN4O2
F6660-2562,C21H26N4O3S
F6726-5312,C19H20FN5O3S
F6418-0404,C19H17ClN2O3S2
F6111-0049,C22H25F3N2O3
F6529-2442,C23H24FN3O4
F6619-6100,C20H24N6O3S
F6513-3736,C21H20F3N5O2
F2780-0659,C24H26N4O2S
F6363-1006,C22H24ClN7O
F2235-0335,C23H25FN4O4
F2879-6412,C27H29N3O3
F5265-0305,C22H30N4O4S
F3222-1155,C24H19ClFN3O3
F6609-6587,C26H27FN4O3
F6609-1416,C26H25N3O4S
F1605-0281,C27H25N3O4S
