# All user editable compound information in the PCDL Manager compounds tab can be imported
# A minimum of formula or mass plus one identifier must be populated for compound import (recommended is formula and at least one other identifier, see examples)
# Multiple synonyms can be entered into the Synonyms column when separated by ';' (e.g. L-Isoleucine; 2-Amino-3-methylvaleric acid)
# All compounds will be assumed to be of a neutral ion type, unless a 1 is entered in the Cation or Anion column
Name,Formula
F0911-3153,C16H13NO2
F6608-3067,C10H13BrN2O
F3095-0662,C17H25NO
F5087-0342,C13H17N3OS
F5857-6484,C14H15F2NO2
F1749-0181,C14H13N3OS
F6724-3304,C14H14N2O2S
F1621-0039,C13H15N3O2S
F0758-0076,C18H16O3
F2616-0818,C16H17N3O2
F6488-2764,C11H18N4O3S
F6560-2983,C14H16N4OS
F6415-0059,C15H18N2O4
F0326-1063,C14H15NO4S
F6507-8496,C15H21NO5
F6675-7156,C17H19N3O2
F6464-0068,C16H20F3NO
F6507-5401,C13H23N3O5
F6804-8539,C13H12F4N2S
F6573-4831,C18H18N4O
F6438-2091,C13H15N3O4S
F6562-7660,C16H19ClFNO2
F6539-3136,C18H13F2NO2
F6793-7395,C14H16F3N3S
F5831-9823,C17H19NOS2
F6312-0276,C15H14ClN3OS
F6279-0282,C21H24N2O
F6454-1258,C14H19FN6O2
F6560-4215,C15H18ClFN4O
F6507-5819,C13H15BrN2O3
F6479-2873,C14H21N3O4S
F2245-0859,C12H9BrClNOS
F6438-3078,C16H18N4O4
F6773-2936,C15H16N4OS2
F6478-3673,C17H20FN3O3
F6573-8636,C14H14FN5O2S
F6672-2364,C18H19F3N2O
F6549-2428,C20H23N3O2
F6474-7154,C15H15ClFN3O3
F6448-1859,C15H15F3N4O2
F6773-4724,C17H19N5OS
F6558-0277,C18H22N4O3
F6791-7993,C18H25N5O2
F6452-0114,C17H16FN3O2S
F1757-0391,C21H18N2O3
F6619-7589,C17H17N9
F6472-0928,C14H20ClNO3S2
F6788-9498,C16H19FN4O2S
F6521-7837,C15H13ClN2O2S2
F2711-2076,C19H19N3O4
F6821-6703,C15H10F5N5
F5033-3591,C20H24N2O4
F5033-3593,C19H22N2O3S
F6014-0002,C20H16N4OS
F0666-0108,C20H14N2O3S
F6014-0030,C22H22FN3O
F5857-0608,C18H23NO5S
F3097-0920,C15H11BrClNO3
F2507-0374,C18H20N6OS
F6660-5363,C18H15ClN4O3
F6792-2562,C19H25N5OS
F5791-1871,C19H17F2N3O3
F6554-4572,C16H13F4NO3S
F6752-3767,C19H22F2N4O2
F6608-2905,C15H18ClF3N4O2
F6556-1496,C18H25N3O4S
F5838-0014,C20H16ClN3O3
F6523-2203,C20H22N4O4
F2688-0088,C23H16N2O4
F6673-4783,C20H27N5O3
F6474-3897,C19H21N3O4S
F6479-6219,C23H24N4O2
F6482-7658,C21H18N4O2S
F6524-4322,C21H21N5O3
F5893-0190,C21H16ClN3O3
F8890-3358,C21H22N4O4
F6562-4528,C16H20N4O4S2
F6529-3128,C19H23N7O3
F6523-1354,C21H17N7O2
F2302-0677,C22H22F3N3O
F6523-1750,C21H33N5O3
F1441-0763,C21H18N4O3S
F6788-7409,C22H24N4O2S
F6608-4055,C22H30N6O2
F6503-4165,C21H23N3O4S
F6617-6346,C21H21ClN2O3S
F3379-0130,C24H26N4O3
F5017-2859,C20H24FN3O4S
F6178-7774,C17H23F3N2O3S2
F6435-2738,C22H22FN3O3S
F3406-4880,C21H17F3N4O3
F3407-2857,C19H20FN5O4S
F6441-0992,C21H25FN2O5S
F6795-1299,C22H22FN5O2S
F0818-0051,C26H22N2O5
F3222-2861,C22H27N3O5S
F6676-4622,C19H27F3N4O3S
F2099-0066,C26H23N3O3S
F2382-0521,C25H25F2N3O4
F5601-0870,C22H27N9O2S
