# All user editable compound information in the PCDL Manager compounds tab can be imported
# A minimum of formula or mass plus one identifier must be populated for compound import (recommended is formula and at least one other identifier, see examples)
# Multiple synonyms can be entered into the Synonyms column when separated by ';' (e.g. L-Isoleucine; 2-Amino-3-methylvaleric acid)
# All compounds will be assumed to be of a neutral ion type, unless a 1 is entered in the Cation or Anion column
Name,Formula
F6672-1436,C16H17N3
F0850-2327,C15H13FN2O
F0343-0005,C17H12N2O
F5957-0039,C15H25N3O
F3097-5831,C18H21NO
F6356-0902,C16H17NO3
F6733-1919,C14H15FN4O
F5835-0320,C17H15N3O
F5319-0188,C13H20N4O3
F2740-0096,C17H21N3O
F6356-0367,C16H18N2O3
F6672-2246,C16H20N2OS
F5857-7085,C16H22N2O3
F1249-0012,C15H19NO3S
F6672-1797,C20H25NO
F6556-6562,C15H27N3OS
F5852-1560,C14H25N3O4
F1560-0219,C15H11FN2O2S
F6439-5462,C16H12N6O
F6806-5906,C16H26N4O2
F6561-1497,C17H15N3O3
F6443-4142,C17H17N3O3
F6573-6929,C15H15N5O3
F5479-0255,C16H17N3O4
F5283-0198,C16H19N3O2S
F2199-0467,C18H13N3O3
F6357-1128,C16H16FNOS2
F2792-0241,C18H22N6
F0738-0127,C20H20O4
F2531-0038,C16H14N4O2S
F6425-0305,C15H17N7O2
F5854-1096,C16H15N3OS2
F6755-0333,C17H22N4OS
F6549-1307,C16H17FN4OS
F1218-1240,C21H23N3O
F6452-0099,C18H19ClFNO2
F6359-2792,C19H20N4O2
F6411-4373,C16H10ClF3N2O
F6559-1170,C18H17N3O2S
F6475-2512,C16H16N6O3
F6444-6531,C17H19N5O3
F3366-5230,C19H26N4O2
F5303-0211,C12H16N4O4S2
F6445-6176,C17H19N3O3S
F6203-0478,C19H23ClN2O2
F6452-2470,C18H25N3O4
F6563-0131,C18H20ClNO2S
F6609-5380,C19H18N4O3
F6562-8317,C19H16N2O3S
F5954-0060,C17H19N7O2
F6809-1097,C19H18ClN3O2
F6514-2946,C13H12Cl2F3NO3
F6454-0633,C17H21F3N2O3
F3366-5634,C19H21ClN2O3
F6522-1541,C21H18N2O2S
F6773-2952,C14H13BrN4OS
F6562-4293,C17H18F3N5O
F1345-0650,C16H18ClN3O3S
F5822-0893,C20H24N4OS
F6454-1403,C13H18F4N4O2S
F3095-2792,C13H13BrN2O4S
F6125-1766,C19H20FN3O4
F6557-0947,C19H21NO3S2
F6497-3640,C19H25FN4O3
F5857-0526,C18H22N2O5S
F6609-5713,C21H22FN5O
F5834-4741,C20H19N3O3S
F6438-3600,C15H26N8O2S
F1883-1215,C20H20N2O6
F6743-6479,C16H23BrN2O2S
F6400-0414,C20H25N3OS2
F2548-0122,C18H16BrNO4
F5115-0038,C21H18N4O4
F5013-0757,C23H25N3O3
F3277-0253,C21H19N3O3S
F6556-2166,C20H30N2O4S
F6523-2151,C20H20N4O3S
F0816-0098,C18H11BrN2O2S
F6161-0220,C23H21N5O2
F2085-0042,C18H12Cl2N4OS
F6539-3518,C20H15F3N2O4
F6245-2843,C22H22N4O2S
F6561-6993,C21H24N6O3
F1275-0052,C19H17ClF3N3O2
F6789-7993,C21H27N5O2S
F6359-4293,C21H19F3N4O2
F6374-1628,C20H22BrNO2S
F6495-4065,C26H23N5O
F3406-4514,C22H24N4O3S
F5496-1614,C21H25N5O3S
F5097-2840,C23H27ClN2O4
F6473-9117,C21H27N3O5S
F2353-0638,C22H24N6O4
F3124-0116,C26H25N5O2
F6438-3752,C20H26N8O2S
F5861-0056,C25H27N5O3
F6276-1210,C20H14F3N3O4S
F3398-2644,C25H23ClN6O
F6246-2514,C20H17F4N3O2S2
F0688-0105,C26H31FN4O2S
