# All user editable compound information in the PCDL Manager compounds tab can be imported
# A minimum of formula or mass plus one identifier must be populated for compound import (recommended is formula and at least one other identifier, see examples)
# Multiple synonyms can be entered into the Synonyms column when separated by ';' (e.g. L-Isoleucine; 2-Amino-3-methylvaleric acid)
# All compounds will be assumed to be of a neutral ion type, unless a 1 is entered in the Cation or Anion column
Name,Formula
F6474-8004,C12H17N3O3
F0286-0433,C14H12N2O3
F6619-2163,C11H11F3N2O2
F6561-2596,C14H21N3O2
F6541-1454,C16H17N3O
F6564-3181,C13H13N5O2
F5283-0226,C13H14N4O3
F6559-1827,C13H15N3O4
F6683-1375,C15H21ClN2O
F5857-6848,C18H21NO2
F6546-0690,C15H18N4S
F6680-3465,C14H16N4O3
F6561-7576,C16H22N2OS
F6438-3153,C12H15N5O2S
F1249-0241,C16H25NO2S
F6805-3279,C15H19N7
F6494-1497,C16H21N5O
F6805-5326,C16H23N5O
F6805-8048,C14H16N4O2S
F6556-5870,C17H23FN2O2
F6554-8217,C15H19NO4S
F6395-4156,C15H21NO4S
F6556-2698,C15H20ClNO4
F6443-7338,C17H18ClN3O
F6186-1240,C14H23NO3S2
F0307-0207,C16H17NO4S
F6745-0479,C13H12ClN5OS
F6752-2941,C17H26N2O2S
F6559-1461,C13H22F2N2O3S
F6471-7942,C14H15FN2O4S
F5882-6247,C21H17N3O
F5857-8352,C14H16FNO3S2
F6805-5625,C15H21ClF2N4
F5964-0300,C14H15F3N2O4
F2795-0155,C17H23N3O4
F5854-4514,C17H21NO2S2
F6439-3914,C19H20N4O2
F3412-0094,C17H11BrN2O
F6562-9265,C18H17N3O2S
F5854-1733,C19H20N2O2S
F6806-6492,C15H23N3O4S
F6438-3703,C16H22N8O
F6679-2795,C15H13BrN4O
F6414-1128,C19H20ClNO3
F6514-9272,C20H18N4O2
F6472-2728,C20H21N5O
F0317-0054,C19H15N3O2S
F6550-4503,C17H17F3N4O
F6571-5723,C19H16N2OS2
F6472-7332,C18H19N5O3
F3407-2178,C18H17N3O3S
F6795-5081,C20H28N4O2
F6747-5755,C18H22N4O2S
F6514-6509,C18H15F3N4O
F2080-0124,C17H19ClN4OS
F6773-4757,C21H25N5O
F6847-1675,C17H23N3O4S
F5626-0068,C14H18BrN5O2
F6521-7368,C21H24N2O2S
F6471-0740,C19H16ClFN4O
F6796-4326,C20H26FN5O
F6791-7676,C15H18F3N5O3
F6247-2130,C16H17N5O2S2
F5832-4540,C22H24N4O2
F1036-0021,C19H23ClN2O2S
F6482-8099,C25H21N3O
F2547-0059,C18H23NO4S2
F5614-0430,C21H23FN4O2
F6510-3606,C19H20N4O3S
F1736-0021,C19H15ClN2O3S
F6524-4015,C18H21N5O3S
F6445-5201,C16H12BrN3O2S
F6525-1740,C20H18N6OS
F6514-4624,C20H21N7O2
F6524-6672,C17H14F3N5O3
F6482-8285,C25H22N4O
F6474-0412,C18H24N2O4S2
F6561-0684,C21H27N5O3
F6678-9509,C21H25N3O3S
F3407-2768,C25H27N3O2
F6753-2722,C18H21BrN4O2
F5860-3440,C20H23FN2O4S
F6523-1868,C20H23F3N4O2
F3258-0036,C17H18FN3O4S2
F5788-2628,C25H23N3O3
F6481-0936,C22H25ClN2O2S
F1011-1895,C18H15BrClN3O2
F6559-2181,C20H22F3N5O2
F6658-2363,C19H20N8O2S
F5110-0403,C22H25N3O4S
F5833-5932,C22H26N2O5S
F2506-0835,C23H23N5O2S
F6761-7730,C21H23F3N4O3
F2240-0074,C27H25N3O3
F6476-6155,C23H27ClN4O3
F6497-0040,C25H24FN5O2
F6495-5979,C24H28N6O3
F3211-0036,C23H26N2O4S2
F3358-0137,C27H26N4O2S
F2018-1842,C24H26N4O5S
