# All user editable compound information in the PCDL Manager compounds tab can be imported
# A minimum of formula or mass plus one identifier must be populated for compound import (recommended is formula and at least one other identifier, see examples)
# Multiple synonyms can be entered into the Synonyms column when separated by ';' (e.g. L-Isoleucine; 2-Amino-3-methylvaleric acid)
# All compounds will be assumed to be of a neutral ion type, unless a 1 is entered in the Cation or Anion column
Name,Formula
F6561-4622,C16H16N2O
F6617-7877,C12H13ClFNO2
F6472-2827,C14H20N4O
F6660-5520,C11H16N6S
F2879-0714,C16H16N2O2
F6210-0189,C9H9BrN2O3
F6554-8162,C13H13N3O2S
F6608-0277,C9H9BrF2N2O
F6435-5440,C14H19NOS2
F6523-2776,C13H12N6O2
F6502-9071,C16H22N4O
F6744-5907,C16H24N4O
F5971-1002,C15H17NO3S
F6571-1716,C16H23NO4
F1244-0091,C17H16N2OS
F6514-2876,C14H13F3N2O2
F6573-7540,C15H13FN4O2
F2145-0070,C18H14N4O
F6107-0059,C17H21FN2O2
F2629-0003,C14H17N3O3S
F6556-4980,C15H23N3O2S
F6709-4745,C18H21N3O2
F6774-4066,C16H19N5O2
F3406-7252,C17H21N3O3
F3386-1593,C18H23NO2S
F2449-0093,C19H17N3O2
F6784-2131,C14H16FN5OS
F6412-1824,C16H12F3NO3
F6660-0352,C15H24N4O4
F5772-7389,C17H18N4OS
F6753-2160,C16H23F2N3O2
F6561-2199,C15H20FNO4S
F6753-2622,C18H26N4O2
F6089-9810,C15H19F3N2O3
F6244-1704,C16H19BrN2O
F6764-3243,C18H17N5O2
F6718-6518,C15H13BrClNO
F6443-9953,C12H17F3N4O2S
F6561-8663,C18H17N3O4
F6523-0338,C16H19F3N4O
F6502-3036,C18H23N5O2
F6204-2711,C18H17NO2S2
F6549-3652,C15H16N6O2S
F6125-2839,C14H23N3O5S
F6489-1962,C16H22N6O3
F0317-0280,C17H11F3N2O3
F6372-2030,C18H15N5O3
F6795-1678,C19H22N6O
F6471-0558,C19H17FN4O2
F0630-0916,C15H12ClFN2OS2
F6554-6104,C18H20F3NO3
F6439-5105,C18H19N3OS2
F6619-6159,C17H26N8O
F6805-5296,C18H24N4O2S
F6374-5565,C19H23FN2O2S
F6446-1422,C17H21ClN4OS
F6761-7689,C18H22F3N5
F6356-1123,C16H21N3O5S
F3222-0465,C15H15NO6S2
F6514-7461,C19H22N4O2S
F6480-1186,C18H17ClN4O3
F6416-8622,C21H27NO5
F6237-3039,C18H16F3N5O
F6482-7237,C18H14F3N3OS
F5857-3402,C22H22N2O4
F2223-0050,C19H16N4OS2
F5686-0849,C20H20FN5S
F6806-6207,C14H17ClF3N3O2S
F6240-6972,C19H24N6OS
F6448-1725,C19H19ClN4O3
F5675-0012,C20H25N3O5
F6468-0106,C19H17F2N3O2S
F6734-0842,C20H21F3N4O
F5854-1051,C18H17ClN2O2S2
F6529-1533,C19H24ClN3O4
F6246-1861,C14H16F3N3O3S2
F6497-1219,C21H24N4O2S
F5854-1058,C21H22N2O2S2
F3222-1810,C17H15F3N2O2S2
F2493-2359,C21H17F3N2O3
F1754-0049,C21H25ClN2O4
F6525-1862,C22H26N6O2
F6609-3735,C19H20ClNO7
F6727-9501,C20H22ClN7O
F6259-0651,C20H23BrN4O
F6796-4090,C23H28N8
F2432-0314,C22H21N5O2S
F6523-2183,C22H19ClN4O3
F6658-6232,C17H20BrN3O3S
F2895-0253,C20H17ClN4O3S
F6557-1845,C19H17ClF3NO3S
F6279-0173,C21H17F3N2O3S
F2633-0562,C23H17ClFN3O3
F6441-4998,C23H24N2O3S2
F2515-3945,C24H18FN5OS
F2635-1489,C24H19FN4O2S
F3394-0030,C25H27N3O3S
F2570-0162,C23H28N2O4S2
F3385-5705,C24H18F3NO4S
F1122-1155,C23H23N3O5S2
