# All user editable compound information in the PCDL Manager compounds tab can be imported
# A minimum of formula or mass plus one identifier must be populated for compound import (recommended is formula and at least one other identifier, see examples)
# Multiple synonyms can be entered into the Synonyms column when separated by ';' (e.g. L-Isoleucine; 2-Amino-3-methylvaleric acid)
# All compounds will be assumed to be of a neutral ion type, unless a 1 is entered in the Cation or Anion column
Name,Formula
F6414-1991,C13H17NO2S
F6210-0221,C11H10ClFN2O2
F2147-0311,C10H10Cl2N2S
F6416-8452,C14H17NO4
F6512-0031,C14H13N5O
F6554-8339,C14H13N3OS
F6730-4493,C13H14N4OS
F5871-2012,C13H15N3O2S
F6471-2585,C17H16N2O2
F6681-3514,C16H17N3O2
F6512-1573,C11H18N4O3S
F6751-4162,C14H16N4OS
F6725-2686,C16H14N6
F3055-0853,C16H11N3O3
F6610-1905,C16H17N5O
F1757-0268,C17H19N3O2
F6356-0921,C18H21NO3
F6507-5292,C18H23NO3
F6554-8438,C15H16N2OS2
F6724-5093,C18H18N4O
F1406-0296,C15H16FNO3S
F6518-5606,C17H17N3OS
F1477-0041,C17H15NO5
F6559-0073,C16H17N3O2S
F6359-3300,C16H16ClN3O2
F5791-2264,C15H11F2N3OS
F3250-0196,C20H24N4
F6814-2907,C16H20F2N4O
F6502-2617,C15H15F3N4O
F3215-0181,C16H11ClN4S
F6619-7735,C15H17N7S
F0802-0097,C13H12ClNO3S2
F6793-6840,C16H18F4N2O
F0575-0031,C17H14F2N2OS
F6549-5128,C17H23N3O2S
F6809-1079,C16H18ClN3OS
F2049-0078,C20H20N2O3
F6031-1747,C17H27N3O2S
F0916-3360,C15H18ClN3O2S
F6471-5614,C15H15F3N4O2
F6525-7863,C16H18F3N3O2
F1911-5825,C18H22N4O3
F6786-6114,C18H25N5O2
F0793-0170,C19H14F3NO2
F6473-8382,C18H19FN2O4
F5938-0279,C21H21N3O2
F5883-0862,C16H13ClFN3O3
F6485-1580,C16H19FN4O2S
F3309-3133,C15H13ClN2O4S
F2368-0892,C19H19N3O4
F5854-2379,C19H17NO4S
F0672-0626,C20H24N2O4
F5671-0215,C19H22N2O3S
F6482-7718,C20H16N4OS
F3309-4367,C17H15FN2O4S
F6788-5130,C19H21N7O
F6225-1019,C19H19N5OS
F6416-9086,C16H15BrClNO2
F6734-1161,C20H18F2N4O
F5655-0274,C21H14N4OS
F6454-0920,C18H24F3N3O2
F0694-0049,C22H19N3OS
F6752-7972,C17H18BrN3O2
F6605-0285,C19H20N8O
F6374-3590,C18H22N2O3S2
F6788-1008,C19H21N7S
F2392-1008,C17H20ClN3O3S
F6524-1639,C20H22N4O4
F6438-3601,C15H21ClN6O2S
F6513-4970,C20H27N5O3
F3406-3518,C19H21N3O4S
F6485-1583,C20H25FN4O3
F5652-2196,C21H18N4O2S
F6403-2722,C21H21N5O3
F6560-1641,C16H16FN5O4S
F2232-0011,C21H22N4O4
F6660-1344,C20H17ClN4O3
F6473-8098,C23H27NO5
F3139-2824,C25H21NO4
F6523-3077,C24H23N3O3
F2493-1942,C17H13BrN2O5
F6521-4057,C20H17F3N2O4
F3382-2830,C22H24N4O2S
F6192-0819,C16H14BrNO3S2
F2834-0185,C21H23N3O4S
F6512-7296,C16H21FN4O4S2
F6526-1359,C24H26N4O3
F6247-2082,C22H20FN5O3
F6502-6488,C19H19F3N4O2S
F0617-0233,C22H25N3O2S2
F6673-4744,C18H21F3N4O3S
F6523-2205,C21H18F3N3O4
F6521-1727,C21H28N2O4S2
F5496-0826,C23H25N3O4S
F6617-6179,C23H23FN2O6
F6235-0443,C23H23N7OS
F3406-1280,C24H22F2N6O
F1635-0004,C24H27NO6S
F3395-0814,C25H26F3N5O
F0919-6466,C23H13Cl2FN4O3
