# All user editable compound information in the PCDL Manager compounds tab can be imported
# A minimum of formula or mass plus one identifier must be populated for compound import (recommended is formula and at least one other identifier, see examples)
# Multiple synonyms can be entered into the Synonyms column when separated by ';' (e.g. L-Isoleucine; 2-Amino-3-methylvaleric acid)
# All compounds will be assumed to be of a neutral ion type, unless a 1 is entered in the Cation or Anion column
Name,Formula
F6617-2419,C13H14FNO3
F0014-0931,C14H9ClN2O
F0020-1754,C9H9BrO2S
F6438-6362,C13H17N3OS
F6514-3032,C11H16F3NO3
F1836-0165,C14H13N3OS
F1318-0229,C15H15ClN2O
F6212-0352,C13H15N3O2S
F6733-0055,C16H13FN4
F2879-0479,C16H17N3O2
F5772-7335,C11H18N4O3S
F6796-0080,C14H16N4OS
F6125-0553,C15H18N2O4
F6555-6394,C14H10F3N3O
F6678-8715,C16H17N5O
F6680-9007,C17H19N3O2
F6804-8579,C16H20F3NO
F1516-2521,C18H23NO3
F2683-0096,C15H13FN2O2S
F6724-3715,C18H18N4O
F6677-2707,C15H17Cl2N3
F0723-0015,C17H17N3OS
F6806-7037,C13H19N3O2S2
F6521-9343,C18H18ClNO2
F6496-1267,C16H16ClN3O2
F6435-0529,C12H17NO5S2
F6438-3655,C15H24N6O2
F5831-8844,C16H23ClN4O
F6524-5760,C15H15F3N4O
F0594-2706,C14H9F3N2O2S
F3316-0113,C14H21N3O4S
F0161-0305,C13H7BrF3NO
F6573-3696,C16H18N4O4
F6775-2839,C15H16N4OS2
F6803-2496,C17H20FN3O3
F5493-0068,C16H18ClN3OS
F3385-1215,C20H20N2O3
F5033-7638,C17H24FN3O3
F6549-5138,C15H18ClN3O2S
F6565-1541,C15H15F3N4O2
F6559-1152,C19H17F2N3O
F6676-1188,C18H22N4O3
F6228-0294,C18H25N5O2
F6573-7292,C17H16FN3O2S
F5857-0669,C18H19FN2O4
F5791-1059,C21H21N3O2
F6506-1094,C17H13F2NO3S
F2239-0085,C16H19FN4O2S
F6222-0235,C13H13BrN4O3
F6562-1792,C19H19N3O4
F6436-2189,C19H17NO4S
F6465-0258,C20H24N2O4
F6512-1633,C19H22N2O3S
F6284-0479,C20H16N4OS
F5836-0106,C20H14N2O3S
F9995-2591,C22H22FN3O
F6680-3326,C16H17F2N5O3
F2829-0177,C15H14BrNO3S
F6559-2451,C18H20N6OS
F5684-0052,C16H14N6O3S
F6748-3291,C19H25N5OS
F0650-0027,C22H19N3OS
F3407-4901,C16H14ClN5O2S
F5832-5940,C19H25FN4OS
F0774-0098,C18H22N2O3S2
F5049-0060,C18H25N3O4S
F6559-3394,C15H16FN5O4S
F6473-6680,C20H22N4O4
F6357-0491,C18H19F3N2O2S
F6178-4780,C20H27N5O3
F6445-0340,C19H21N3O4S
F6709-2461,C23H24N4O2
F3394-1317,C21H18N4O2S
F6734-3237,C21H21N5O3
F6802-8049,C16H19ClF3N3OS
F1289-0110,C21H22N4O4
F6734-0764,C18H16ClF3N4O
F6231-1183,C19H23N7O3
F5095-0269,C20H22ClN5O2
F6782-5983,C24H23N3O3
F0111-0201,C17H13BrN2O3S
F2371-0174,C20H23ClN2O3S
F6471-0435,C22H24N4O2S
F6660-0158,C15H11BrClN3O2S
F2062-0017,C21H23N3O4S
F2443-0347,C19H20N4O3S2
F3406-2849,C24H26N4O3
F6424-0818,C20H19N7O4
F2036-0076,C19H24N2O5S2
F6805-5607,C19H21ClF3N5O
F6178-2221,C18H21F3N4O3S
F6510-0948,C21H24ClN3O3S
F3406-5731,C19H19F3N6O3
F6286-0560,C24H20F3N3O2
F2539-1161,C26H22N2O5
F0774-0095,C22H27N3O5S
F2902-0506,C22H24N8OS
F1174-0598,C23H27N3O3S2
F0849-4385,C29H27NO5
F6660-1543,C28H27N5O3
