# All user editable compound information in the PCDL Manager compounds tab can be imported
# A minimum of formula or mass plus one identifier must be populated for compound import (recommended is formula and at least one other identifier, see examples)
# Multiple synonyms can be entered into the Synonyms column when separated by ';' (e.g. L-Isoleucine; 2-Amino-3-methylvaleric acid)
# All compounds will be assumed to be of a neutral ion type, unless a 1 is entered in the Cation or Anion column
Name,Formula
F6791-9552,C13H20N2O3
F5865-0137,C13H11N3O3
F0901-1009,C10H12ClNO3S
F6657-1523,C13H20N4S
F6471-2224,C15H16N4O
F1967-1009,C14H12N2O2S
F6730-0869,C14H14ClN3O
F1016-0053,C13H14N2O3S
F6553-0623,C14H19NO3S
F2616-0582,C16H16N2O3
F6619-7168,C15H22N6
F6556-8858,C14H11NO2S2
F6754-7501,C15H15ClFN3
F3260-0895,C14H23N5O2
F6502-1321,C11H16N6O2S
F1443-6243,C13H18N2O4S
F6502-9052,C15H16N4OS
F2776-0008,C15H18N4OS
F6089-9822,C17H24N2O3
F5827-0072,C16H13N5O2
F6724-5072,C17H19N5O
F6672-2101,C20H25NO2
F5831-9272,C19H23NO3
F6451-1804,C19H22FNO2
F3386-2590,C20H19N3O
F6446-1073,C16H21N3O2S
F6356-0678,C17H20ClNO3
F5832-5690,C15H18ClN3OS
F6523-1658,C19H24N4O
F3385-3234,C18H18N2O4
F6497-0658,C19H25N3O2
F6435-1966,C20H15N3O2
F6554-5744,C11H10F5NO3S
F6808-5786,C20H17FN4
F6254-0238,C16H18N2O2S2
F6672-0300,C15H21N5O2S
F6356-0690,C15H16BrNO3
F6573-8834,C19H18N2O2S
F6812-1641,C16H17N7S
F0696-4120,C18H20N4O3
F6203-1559,C21H27NO3
F3334-2515,C17H14ClN3O3
F3244-0428,C21H16N2O3
F6390-2966,C19H23NO3S
F6452-2469,C19H26N2O4
F6560-8481,C13H15F3N4O2S
F6619-5856,C15H19N5O3S
F6562-7882,C22H26N2O2
F6439-4339,C19H20N4OS
F6609-1868,C15H19BrN2O3
F6435-7010,C17H25NO5S
F6539-2705,C16H21Cl2N3O2
F6190-1673,C15H15Cl2NO3S
F5632-0006,C17H24N6OS
F6713-6145,C18H18N8O
F0601-0060,C16H20N4O4S
F6606-1371,C20H23N5O2
F2334-0063,C18H17N5O4
F6802-8083,C15H20BrN3OS
F6497-0202,C18H19FN6O2
F6178-5572,C18H20N4OS2
F2705-0294,C19H27N5O3
F6524-2538,C20H17N5O3
F5857-3513,C19H14F3NO4
F0696-5089,C19H21F3N4O
F1345-0004,C17H20N2O4S2
F5310-0110,C21H23N3O2S
F6241-0003,C19H17N3O4S
F5596-0374,C17H28N4O4S
F6795-0422,C19H22N4OS2
F6812-1341,C20H21N9
F6524-5759,C18H14F3N5O2
F6504-0950,C22H22N4O3
F6471-1430,C15H21ClN2O4S2
F0541-1511,C22H23N3O2S
F6510-3814,C17H18FN3O3S2
F5725-0189,C23H20N6O
F6296-1168,C20H19FN4O2S
F6454-0854,C14H19F3N2O4S2
F6360-7640,C20H17F3N4O2
F3406-3349,C23H24N4OS
F6228-0428,C23H30N6O
F2773-0672,C19H15F4N3O3
F5031-0176,C23H25NO6
F5095-0829,C21H20ClFN4O2
F6441-1024,C17H17ClFNO4S2
F6125-0093,C20H20F3N5O2
F3407-0221,C21H19ClN6O2
F2245-0584,C21H19N3O3S2
F5015-0099,C20H17FN4O4S
F6734-1311,C20H22BrN3O3
F2296-0272,C21H23ClN2O4S
F6469-0737,C22H17F2N5OS
F3111-1602,C22H24N4O2S2
F2977-0076,C22H25N3O3S2
F6810-8361,C22H24ClFN4OS
F5669-0515,C22H26F3N5O2
F6609-0901,C21H14ClF2N3O3S
F3394-0668,C27H27N3O3S
F1264-2687,C26H24ClN7O
