# All user editable compound information in the PCDL Manager compounds tab can be imported
# A minimum of formula or mass plus one identifier must be populated for compound import (recommended is formula and at least one other identifier, see examples)
# Multiple synonyms can be entered into the Synonyms column when separated by ';' (e.g. L-Isoleucine; 2-Amino-3-methylvaleric acid)
# All compounds will be assumed to be of a neutral ion type, unless a 1 is entered in the Cation or Anion column
Name,Formula
F0006-0445,C16H14N2O
F6668-0766,C10H11F2N5O
F6550-4373,C12H13N5O2
F6806-6268,C14H22N4O
F1913-1527,C17H18N2O
F5475-0024,C16H15FN2O
F5791-2734,C15H19N3O2
F0696-3878,C14H20N4O2
F6752-2440,C15H25N3O2
F0176-0134,C15H13N3OS
F6404-4452,C11H8Cl2N2O3
F6503-5189,C17H25N3O
F6617-3682,C15H15ClN2O2
F6793-6921,C12H19F3N4O
F6745-8229,C11H16F3N3OS
F6479-6271,C13H19N3O3S
F5965-0078,C14H21NO4S
F6443-7940,C16H19N3OS
F0915-2758,C19H17N3O
F2554-0060,C15H18N2OS2
F2167-2684,C19H20N2O2
F6442-2115,C13H13NO4S2
F6451-3278,C12H12BrNO4
F6244-1351,C19H26N2O2
F6442-5797,C19H28N2O2
F6561-2671,C17H22N2O4
F6395-4281,C16H20N2O5
F6816-4445,C14H13F3N6
F6194-1459,C15H17ClN2O2S
F6801-7965,C17H19N5O2
F2881-0336,C17H14FN3O3
F6200-3925,C19H21FN2O2
F5855-0866,C17H18N2O3S
F6773-4698,C17H22FN5O
F6194-1208,C18H20FNO2S
F6553-0141,C15H14BrNOS
F6442-1856,C16H20N2O4S
F6573-4734,C16H23N3O3S
F6439-3142,C20H26N4O
F0590-0010,C18H16N2O3S
F5652-0757,C18H16FN3O3
F6125-0167,C16H18N6O3
F6713-5231,C19H17N7
F6494-0809,C14H11ClF3N3O2
F6752-3801,C14H17ClF2N4O2
F6562-1283,C17H21N3O3S
F6190-2061,C22H24N2O2
F2300-0270,C19H14N2O3S
F6523-1120,C19H21N5O2
F6795-3252,C17H16ClN7
F6755-6566,C20H26N4O2
F2811-0078,C19H20N2O5
F1878-0811,C17H18N4OS2
F3395-0207,C20H29N3O3
F3234-1150,C17H23N5O4
F6203-1147,C19H25NO2S2
F6024-0529,C19H15N3O3S
F6245-4621,C20H22N4O3
F5839-0039,C19H14F2N4O2
F6524-1174,C18H23N7O2
F6609-3719,C20H21NO6
F1757-0048,C18H20BrN3O
F6514-9433,C22H22N4O2
F6524-1691,C18H21FN4O2S
F0630-0639,C16H15BrN2O2S
F6245-5679,C17H16F3N5O2
F6438-1554,C21H28N6O
F6438-3539,C16H20F2N6OS
F1603-0482,C18H13BrN2O3
F2271-0293,C21H24ClN3O2
F5772-9513,C18H17N3O5S
F6446-1401,C19H24N4O3S
F5836-0123,C19H13F3N2O2S
F6089-4350,C22H21N3O2S
F6559-6461,C23H28N4O2
F6274-0534,C22H22N2O3S
F5882-7509,C18H29N5O5
F5049-0150,C18H24FN3O4S
F5496-0970,C20H21N3O2S2
F6514-6951,C18H19N5O4S
F6796-4345,C19H22FN5O2S
F6796-7171,C20H23N9O
F6792-3741,C17H22BrFN6
F3382-0849,C22H23ClN4O2
F6517-3827,C21H20BrNO3
F3141-0259,C25H22FN3O2
F6439-2617,C20H20F2N4O2S
F6237-1938,C21H13ClFN5O2
F6761-7615,C22H25N5O4
F2320-0222,C25H26N6O
F9994-0425,C23H31N3O3S
F6565-4834,C23H24N6O3
F6503-4671,C25H29N3O4
F6363-0873,C26H26N6O
F5011-0244,C18H20Cl2N4O3S
F5447-0130,C21H20ClN3O4S
F6246-3293,C19H20N4O5S2
F0554-0021,C27H25N3O2S
F2736-1298,C25H29N3O4S
F1866-0434,C25H29N5O3S
