# All user editable compound information in the PCDL Manager compounds tab can be imported
# A minimum of formula or mass plus one identifier must be populated for compound import (recommended is formula and at least one other identifier, see examples)
# Multiple synonyms can be entered into the Synonyms column when separated by ';' (e.g. L-Isoleucine; 2-Amino-3-methylvaleric acid)
# All compounds will be assumed to be of a neutral ion type, unless a 1 is entered in the Cation or Anion column
Name,Formula
F6782-0674,C14H11FN4
F6541-1446,C15H18N2O2
F6616-7100,C13H14N2O2S
F6540-0492,C14H23N3O2
F6677-0412,C15H19N5
F9995-0612,C11H12FNO4S
F6482-3155,C13H13ClN4O
F5228-2003,C13H11F2N3O2
F6512-0815,C15H14N4O2
F6666-5584,C16H13F2N3
F6514-1618,C15H17N3O3
F5600-0497,C14H16FN5O
F2644-0538,C12H12N4O5
F6752-3702,C16H20F2N2O
F6442-6299,C17H32N2O2
F3394-1089,C15H10FN3OS
F5303-0225,C12H13F2N3O2S
F2265-0188,C16H11F2NO3
F6573-4381,C15H19N3O4
F6773-2887,C13H16N4OS2
F6516-1625,C18H18N2O3
F1626-0099,C18H20N2OS
F6660-5861,C17H18N2O4
F6472-0785,C17H20N2O2S
F5343-0144,C16H18N2O3S
F6725-2287,C15H11F3N4O
F6262-1818,C12H11BrN4O2
F6190-0192,C20H21NO3
F6472-0580,C16H23NO2S2
F6370-0091,C20H26N2O2
F3386-0665,C14H20N2O5S
F6438-2243,C17H23N5O2
F6480-5349,C17H18FN3O3
F2982-0212,C16H15NO5S
F2370-0623,C18H23ClN2O2
F1899-2421,C15H11F3N4S
F6724-1256,C15H14F3N5O
F6524-3957,C17H18N6O2
F5027-0014,C21H25NO3
F2227-0165,C18H13ClFN3O
F6212-0396,C17H18N4O2S
F6524-5805,C14H16F3N5O2
F6660-0115,C18H21FN4O2
F0684-0014,C11H11BrN2O2S2
F6359-2915,C17H18ClN3O3
F6564-7891,C15H20N6O2S
F6713-5873,C18H19N7O
F6677-0209,C16H21N3O4S
F6415-1407,C15H15NO3S3
F1403-0098,C21H22O5
F5854-0641,C19H17ClN2O3
F6454-2163,C20H24FN3O2
F6448-0693,C19H22ClN3O2
F6561-9460,C17H14F3N5O
F6481-0875,C17H18ClN3O2S
F6656-3335,C20H24N6O
F6476-5567,C18H17F3N2O3
F6658-5833,C20H25N5O2
F3398-5018,C19H17F2N5O
F3398-3705,C17H14ClN5O3
F5831-8853,C20H25ClN4O
F6353-6168,C19H22N2O4S
F6514-6868,C17H17ClN4O2S
F6753-2003,C17H20F5N3O
F6436-1826,C21H17NO2S2
F6818-1461,C17H19F3N6O
F2252-0145,C20H15FN2O3S
F6489-1964,C19H21N5O4
F6403-0699,C19H19N3O4S
F6619-7785,C21H22N8
F5097-2505,C19H15F3N4O2
F6617-7930,C20H24FN3O4
F6363-0734,C17H18ClN5O2S
F6438-1730,C18H24N4O4S
F5854-0378,C21H19BrN2O
F5607-0129,C19H21N7OS
F6475-6847,C20H19N3O2S2
F6442-8224,C22H27FN4O2
F6761-7931,C21H25FN4O3
F6252-4104,C19H12F3N3O2S
F3407-5071,C23H20ClN3O2
F2580-1511,C23H25N3O4
F2861-0087,C19H20Cl2N2O2S
F3165-1612,C22H24N2O4S
F2758-0080,C18H11F6N3O2
F5111-0081,C20H27N5O3S
F6031-0180,C24H24N2O3S
F5327-0400,C21H23Cl2NO4
F2270-0548,C22H19FN2O4S
F6709-4210,C18H18F3N3O4S
F6474-3943,C20H20N2O5S2
F2496-2977,C21H19F2NO5S
F5461-2090,C22H19FN4OS2
F6441-5131,C22H23N3O3S2
F2282-0441,C22H24N2O6S
F6161-0404,C22H20F3N3O4
F2254-1139,C20H24ClN3O3S2
F2923-0104,C24H28N6O4
F2736-0887,C22H24FN3O4S2
F3406-2231,C27H28ClN5O2
