# All user editable compound information in the PCDL Manager compounds tab can be imported
# A minimum of formula or mass plus one identifier must be populated for compound import (recommended is formula and at least one other identifier, see examples)
# Multiple synonyms can be entered into the Synonyms column when separated by ';' (e.g. L-Isoleucine; 2-Amino-3-methylvaleric acid)
# All compounds will be assumed to be of a neutral ion type, unless a 1 is entered in the Cation or Anion column
Name,Formula
F6752-5371,C15H26N2O
F6507-5196,C13H18FNO3
F6809-4185,C14H17N3O2
F1967-2492,C12H13N3O2S
F6553-7174,C12H10ClNO2S
F5257-1004,C15H18N4O
F1909-1853,C17H23NO2
F6663-4604,C12H11ClF3NO
F6677-2812,C12H13ClN4O2
F6676-9837,C12H12F3N5
F6356-0605,C15H14N2O2S
F2879-5064,C12H11F3N2O3
F6204-2757,C15H18N2O2S
F6617-6455,C15H24N4O2
F6571-6519,C15H21NO3S
F6312-0124,C17H16FN3O
F6412-1496,C16H17N3O3
F3316-0298,C16H19N3O3
F6454-0236,C15H21N5O2
F6529-0482,C14H18N4O2S
F1018-0050,C13H9BrClNO
F6516-0592,C17H13NO5
F3098-1906,C14H20BrNO2
F6571-3247,C14H18ClNO3S
F1016-0146,C17H16ClNOS
F6556-5899,C18H26N2O3
F2713-0117,C19H20N4O
F3237-0454,C16H22N2O3S
F6445-6764,C18H16N2O2S
F6553-1038,C19H23N3O2
F2545-0420,C15H21NO5S
F6482-2231,C19H24N2O3
F6724-0419,C16H18N4O2S
F6550-4602,C14H13BrN4O
F6560-2362,C17H15N7O
F5788-1640,C13H13ClF3N3O2
F6230-0225,C15H20N4O3S
F6524-4330,C18H19N5O2
F0594-0395,C14H14ClN3O3S
F5319-1859,C17H16N4O2S
F6502-9280,C15H20FN3O3S
F5671-0175,C19H22N2O4
F6676-2457,C19H22FN3O2
F6473-3989,C16H15N3O4S
F6561-7543,C18H22N2OS2
F6752-4716,C16H21N5O2S
F0382-0057,C11H6BrCl2NOS
F6685-9070,C16H19ClN4OS
F5857-5432,C22H25NO3
F6571-5816,C21H20FNOS
F6520-0620,C17H13N3O2S2
F5854-0314,C23H20N2O2
F6774-4131,C17H18N4O3S
F6679-2723,C16H17BrN4O
F6792-3754,C19H28FN5O
F6089-0877,C17H22FN5OS
F6190-1677,C21H19NO3S
F6398-0393,C21H23FN4O
F5072-3249,C19H20N4O2S
F3375-0995,C17H15BrN4O
F6481-2411,C21H25NO3S
F5529-0324,C17H18F3NO3S
F5628-0031,C18H26N6O3
F6452-1549,C20H25ClN2O3
F6574-1915,C17H13F3N4OS
F6727-8377,C20H18FN5O2
F6436-1995,C17H20BrNO2S
F6796-7801,C15H17F3N8O
F6539-3420,C19H16N2O5S
F6444-6683,C19H23N5O4
F6539-2743,C17H23Cl2N3O3
F6497-8046,C17H23F3N4O3
F2690-0176,C18H19ClN4O2S
F2005-0170,C21H21N5OS
F5857-3623,C16H15ClF3NO3S
F0594-0579,C21H22N4O2S
F6443-5721,C20H17BrN2O2
F5788-4507,C21H23N3O5
F2018-1644,C20H21N3O4S
F2528-0176,C23H19N3O4
F6471-2185,C24H22FN3O2
F3406-5636,C17H19BrN4OS
F6725-1179,C18H19F3N6S
F6670-5631,C22H26N4O2S
F1882-1468,C20H19N3O5S
F6562-7404,C15H17BrN2O5S
F5309-0290,C21H24ClFN4O2
F5477-0413,C19H23N3O4S2
F6359-5124,C18H21BrN2O3S
F1011-1233,C21H22BrN3O2
F2019-0546,C20H19ClN4OS2
F0594-2863,C19H16ClN3O5S
F2011-0337,C20H21FN2O4S2
F6497-1004,C22H22BrN3O2
F5857-3570,C20H21F3N2O4S
F6680-2756,C21H18F3N5O3
F6497-2521,C21H22F2N4O3S
F5017-2716,C24H28N2O5S
F2588-0069,C24H28N4O4S
F2504-0339,C26H29FN4O4
