# All user editable compound information in the PCDL Manager compounds tab can be imported
# A minimum of formula or mass plus one identifier must be populated for compound import (recommended is formula and at least one other identifier, see examples)
# Multiple synonyms can be entered into the Synonyms column when separated by ';' (e.g. L-Isoleucine; 2-Amino-3-methylvaleric acid)
# All compounds will be assumed to be of a neutral ion type, unless a 1 is entered in the Cation or Anion column
Name,Formula
F6708-8515,C16H17N3
F6512-0793,C13H12N4O2
F6473-3887,C10H16N2O4S
F6755-6354,C14H21N3O2
F2184-0341,C15H17N5
F6663-8272,C14H16F3NO
F8889-9370,C15H15FN2O2
F6518-2264,C15H19NO2S
F6473-6352,C14H20N2O4
F3386-4200,C15H25NO2S
F6015-0119,C16H18N2O3
F0468-0112,C19H16N2O
F6789-0861,C18H18N4
F6559-1601,C11H17F2N3O2S
F6752-2291,C15H25N3OS
F6775-2575,C18H23N3O
F6760-2370,C16H21N5O
F2773-0224,C15H11ClN2OS
F6476-3075,C13H15F3N2O3
F5857-6735,C17H26N2O3
F6404-4751,C17H15N3O3
F6465-0017,C17H17N3O3
F6571-3242,C15H20FNO3S
F6796-3182,C15H17N5OS
F6560-8573,C18H20ClNO2
F6525-0406,C16H15ClFN3O
F6677-3792,C13H16BrN5
F6549-3858,C19H22N4O
F6573-0234,C16H16N6O2
F3367-0122,C18H15ClN2O2
F6472-7878,C18H21N3OS
F6482-7767,C16H15N3OS2
F6708-9791,C17H19FN4O2
F6400-0368,C14H21FN2O2S2
F0696-3711,C16H23N5O3
F6438-2128,C16H18ClN3O3
F6559-0507,C19H20N4O2
F0630-0914,C15H12ClFN2O2S
F6524-2369,C18H17N3O2S
F5033-3426,C16H21FN2O3S
F5857-5420,C20H23NO2S
F6203-0476,C20H26N2O3
F3385-5411,C18H13ClO5
F6525-7029,C17H19N3O3S
F6549-3233,C20H18N4O2
F6438-3814,C14H21N9O2
F6557-1497,C16H16FN3O3S
F6709-4789,C19H18N4O3
F3358-0191,C19H16N2O3S
F5729-0880,C20H23N3OS
F6451-1283,C20H18FNO2S
F2982-0174,C15H13Cl2NO3S
F6734-2598,C18H22N4O2S
F5125-0045,C20H16N4O3
F6564-5538,C18H20Cl2N4
F6436-2483,C20H30FN3O2
F6517-3806,C22H20FNO3
F2047-0135,C17H18FNO3S2
F6515-4147,C23H20N4O
F6680-2886,C16H17F3N4OS
F6619-5963,C19H29N7O
F3277-0256,C22H19N3O3
F6403-1777,C17H18ClN5OS
F6439-4379,C22H24N4O2
F6443-3999,C21H18N2O5
F5564-0183,C19H21N7O2
F3398-3452,C20H16FN3O4
F6518-4550,C22H26N2O4
F6519-4549,C19H20N4O3S
F2005-0281,C18H15ClN4O2S
F6529-3703,C17H20F3N3O4
F6414-3703,C18H16BrNO2S
F6476-3113,C19H17F3N4O2
F5527-0552,C22H22FN5O
F6726-0716,C19H16ClN7O
F6363-0049,C19H22N8O2
F2972-0418,C20H20N4O3S
F3379-0026,C25H27N5
F2881-0639,C23H21N5O2
F5016-1068,C23H35N3O3
F2380-0611,C20H21ClN2O3S
F8890-2478,C22H19FN4O3
F6573-8060,C19H28N4O4S
F3290-0302,C18H16F3N3O3S
F0417-2588,C22H27N3O3S
F1094-0315,C21H24N2O5S
F6764-3530,C20H14BrN5O
F5001-2926,C24H24FN3O3
F6713-1911,C21H21FN6OS
F1412-0015,C22H25N3O4S
F5017-3461,C19H30N2O5S2
F2261-0318,C24H23N3O5
F6178-1205,C23H24N4O5
F6438-3714,C19H24F3N7O2
F6514-1886,C22H26N4O6
F5383-0027,C26H27N3O4
F6442-0189,C19H16ClF4NO3S
F2617-1754,C24H21F3N2O4
F2047-0172,C18H15BrFNO4S2
F3382-3173,C28H26N4O4
