# All user editable compound information in the PCDL Manager compounds tab can be imported
# A minimum of formula or mass plus one identifier must be populated for compound import (recommended is formula and at least one other identifier, see examples)
# Multiple synonyms can be entered into the Synonyms column when separated by ';' (e.g. L-Isoleucine; 2-Amino-3-methylvaleric acid)
# All compounds will be assumed to be of a neutral ion type, unless a 1 is entered in the Cation or Anion column
Name,Formula
F6355-0455,C13H20N2O3
F6511-9319,C11H10F3N3O
F6616-3162,C11H8BrN3
F6752-5219,C13H17FN4O
F6435-2117,C15H16N4O
F6436-3466,C14H12N2O2S
F3284-8104,C14H13NO5
F5871-1902,C13H14N2OS2
F6414-1220,C14H19NO3S
F6360-9483,C16H16N2O3
F6747-5694,C15H22N6
F6666-5461,C12H10F3NS2
F0347-0772,C15H17NO3S
F6438-1833,C14H23N5O2
F6525-2281,C11H16N6O2S
F6412-1575,C13H18N2O4S
F2513-0687,C15H16N4OS
F6696-0172,C15H18N4OS
F6558-0123,C17H24N2O3
F3375-1035,C16H13N5O2
F6709-0307,C17H19N5O
F3097-2214,C20H25NO2
F0848-0042,C19H23NO3
F6471-1367,C14H25N3O3S
F6284-0175,C20H19N3O
F5860-0300,C16H21N3O2S
F6474-8058,C15H16FN3O4
F6561-4724,C17H19Cl2NO
F6255-0539,C19H24N4O
F6556-4996,C14H22N4OS2
F6656-3157,C19H25N3O2
F6560-7650,C20H15N3O2
F6521-5304,C13H18BrNO2S
F5302-0229,C17H21ClN4O
F5857-1955,C16H18N2O2S2
F6676-2588,C15H21N5O2S
F6201-0196,C15H16BrNO3
F6560-7420,C19H18N2O2S
F5852-0320,C15H21N3O4S
F6519-6174,C18H20N4O3
F1246-0003,C21H27NO3
F5505-0055,C17H14ClN3O3
F6685-9049,C16H17ClN6O
F1441-0443,C19H23NO3S
F5857-0671,C19H26N2O4
F6252-7307,C16H11F3N4O2
F6559-0124,C15H19N5O3S
F6619-4410,C18H22N8
F6561-7766,C19H20N4OS
F6557-0409,C15H15FN2O3S2
F6571-2801,C17H25NO5S
F6436-2100,C17H18F3NO2S
F3293-0058,C18H11Cl2NO3
F6792-0772,C17H24N6OS
F5596-1351,C21H19FN4O
F5066-0024,C16H20N4O4S
F6296-1253,C20H23N5O2
F6808-5485,C17H26BrN3O
F6556-8797,C19H15NO3S2
F3329-0028,C21H18N6O
F6400-1442,C17H22ClFN2O2S
F6619-5961,C20H25F2N5
F6562-9379,C20H17N5O3
F0666-1568,C19H14F3NO4
F6594-1075,C17H18N10O
F6057-0398,C16H21BrN4O2
F6678-9900,C21H23N3O2S
F5913-0323,C19H17N3O4S
F6125-1036,C20H24N4O4
F6178-5580,C19H22N4OS2
F6559-0737,C19H25N5O4
F6443-5080,C23H19NO3S
F6524-3955,C22H22N4O3
F5017-3399,C15H21ClN2O4S2
F6469-0514,C22H23N3O2S
F5832-3253,C20H17N3O2S2
F1079-0152,C22H24N2O5
F6564-3281,C20H19FN4O2S
F5833-8498,C17H15F3N2O4S
F3165-0975,C20H17F3N4O2
F6443-6211,C23H21FN4O2
F6604-3010,C23H30N6O
F6477-0462,C20H19N5OS2
F6556-6527,C19H29N3O3S2
F0911-2665,C24H18N2O5
F3406-7188,C17H16BrN5OS
F6442-1772,C22H26FNO4S
F0517-0592,C21H19ClN6O2
F3007-0090,C21H19N3O3S2
F1741-0128,C22H18ClFN2O4
F6178-3343,C20H22BrN3O3
F6372-1245,C22H18N4O4S
F2609-4389,C22H20ClN5OS
F2018-4737,C22H24N4O2S2
F0582-0193,C22H25N3O3S2
F6481-0187,C22H26N2O4S2
F5832-3788,C25H28ClN5O
F6609-6651,C27H29FN4O2
F2303-0086,C24H28ClN3O5
F2074-1126,C25H28ClN3O5
