# All user editable compound information in the PCDL Manager compounds tab can be imported
# A minimum of formula or mass plus one identifier must be populated for compound import (recommended is formula and at least one other identifier, see examples)
# Multiple synonyms can be entered into the Synonyms column when separated by ';' (e.g. L-Isoleucine; 2-Amino-3-methylvaleric acid)
# All compounds will be assumed to be of a neutral ion type, unless a 1 is entered in the Cation or Anion column
Name,Formula
F6608-0939,C13H16F2N2O
F1250-0166,C16H22N2O
F6540-9062,C10H13F3N4O
F6201-0233,C12H14N2O3S
F6619-9037,C12H9F3N2O2
F6550-4721,C13H12FN5O
F6438-0024,C13H16N4OS
F1913-7882,C13H17N3O2S
F6186-0463,C14H22N2O2S
F6482-2590,C15H18F3NO
F6550-4558,C14H17N5O2
F6363-0656,C14H19N5O2
F6448-1874,C13H16N4O2S
F5103-0065,C12H10BrNOS
F2005-0016,C16H12FN3S
F0451-3437,C16H14ClN3O
F3318-0460,C14H20ClNO2S
F6752-7843,C15H17N3O2S
F6708-8494,C18H19N5
F6212-0017,C12H16N6O2S
F6550-6351,C17H18N4O2
F6374-5570,C15H24N2O3S
F6279-0341,C18H22N2OS
F6395-3665,C17H20N2O4
F2792-0161,C17H14N6O
F6725-1193,C15H20N4S2
F6473-3582,C15H15FN2O3S
F6550-1646,C21H22FNO
F6560-1364,C15H15N7O2
F6436-3678,C15H15ClFNO2S
F6554-4820,C15H21FN2O3S
F2257-0291,C15H11BrN2O2
F6562-4455,C16H21N5OS
F6515-4536,C19H15N3OS
F6813-8197,C17H23FN4S
F6475-4132,C16H17ClN2O4
F6396-1778,C19H19N3OS
F6792-5050,C18H19FN6
F6619-6317,C18H25N7
F6481-4040,C16H23NOS3
F5559-0268,C16H18N6OS
F6752-4380,C18H21N3O2S
F6496-3081,C18H24N4O3
F6439-5326,C16H15ClN4OS
F6753-3254,C17H21N3OS2
F2880-0236,C18H24N2O3S
F6803-0143,C20H23N5O
F2605-0174,C20H21N3OS
F6440-4013,C16H17Cl2N3O2
F6619-5430,C18H22N6S
F6760-5482,C18H17FN4OS
F6660-1158,C19H27N5O2
F2864-0070,C22H21N3O2
F5028-0087,C19H23NO4S
F3280-0060,C20H17N3O2S
F6724-4827,C14H12BrN3O2S
F6480-3368,C16H22N4O4S
F1058-0345,C13H18Cl2N2O4S
F6482-6039,C22H19N5O
F6414-3673,C20H21NO2S2
F6471-6698,C20H25FN4O2
F6525-5039,C18H22N4O3S
F5855-0850,C19H18F2N2O2S
F2272-0324,C22H23N3O3
F6524-2735,C13H16F3N5O3S
F2493-0593,C22H24N2O4
F6796-3718,C18H18N6S2
F6656-2940,C20H25N5OS
F6524-3934,C19H20ClN5O2
F6441-0645,C16H15ClFNO3S2
F6161-0610,C22H17FN4O2
F5865-0485,C21H23N7O
F6481-3185,C20H19F2NO3S
F6514-4104,C22H21FN4O2
F6748-6067,C17H23BrN4O2
F6178-5745,C22H25N3O2S
F6161-0156,C21H20ClN3O3
F2135-0243,C16H12F3N3O4S
F6445-6634,C19H16BrNO2S
F2011-0095,C19H21N3O3S2
F2443-0017,C18H23N5O4S
F3379-0067,C23H29N5O2
F6559-2270,C18H17F3N4O2S
F6439-3817,C19H23F3N4O3
F6178-2005,C18H20F3N3O3S
F6473-4106,C19H19BrN2O4
F6089-2390,C23H24N4O4
F6279-0357,C19H25N3O4S2
F6363-0839,C21H20ClFN6O
F6529-0174,C21H23N3O5S
F6240-6611,C24H21ClN4O2
F6685-8511,C21H20F3N3O4
F6523-0313,C21H22ClF3N4O
F3168-0500,C23H24FN3O3S
F6526-1335,C23H23F3N4O2
F5496-1454,C24H25N5O2S
F1602-0671,C22H19FN4O2S2
F3139-0513,C26H27NO7
F1345-0347,C21H22N2O7S2
