# All user editable compound information in the PCDL Manager compounds tab can be imported
# A minimum of formula or mass plus one identifier must be populated for compound import (recommended is formula and at least one other identifier, see examples)
# Multiple synonyms can be entered into the Synonyms column when separated by ';' (e.g. L-Isoleucine; 2-Amino-3-methylvaleric acid)
# All compounds will be assumed to be of a neutral ion type, unless a 1 is entered in the Cation or Anion column
Name,Formula
F1415-0142,C11H15N3O2S
F1907-9062,C12H17F2N3O
F2135-0801,C14H15NO4
F2185-0178,C12H12ClN3O2
F6663-9313,C12H12FNO3S
F3228-0132,C16H16O4
F6401-0030,C16H18FNS
F1696-0163,C14H18N2O2S
F6573-5560,C17H19N3O
F1967-0164,C17H20N2O2
F6512-0957,C14H13N3O2S
F6562-8900,C14H15N3O2S
F6745-8269,C12H16F3N3O2
F6494-0646,C11H14N6O2S
F6524-1821,C16H16N4O2
F6739-8180,C17H18N2O3
F5791-2809,C17H20N2OS
F3325-0061,C13H22N2O6
F6556-0527,C15H15NO2S2
F5303-0131,C15H21N3O2S
F0596-0091,C17H11FN2OS
F6793-6947,C10H15F3N4O2S
F5854-0850,C16H14N2OS2
F3230-0297,C19H29N3O
F6791-8258,C16H23N5O2
F6562-7601,C18H25NO2S
F6573-4445,C15H19N3O5
F0660-2451,C18H17N3OS
F6363-0222,C17H12ClN3O2
F6561-8340,C17H18N4O3
F1773-0418,C14H17ClN2O3S
F6496-0869,C17H19N3O4
F0825-0043,C16H17N3OS2
F6679-0016,C20H20N4O
F6359-1013,C17H19ClN2O3
F6178-7666,C17H25N3O2S
F6521-4187,C19H15NO3S
F3407-4909,C18H18N4OS
F6200-3569,C20H21NO4
F1124-0091,C20H24N2O3
F6549-3609,C13H15ClN4O3S
F0870-0054,C17H14FN3O4
F5001-0379,C19H21ClN2O2
F6495-3924,C20H19N5O
F6467-0291,C16H14ClN3O2S
F6574-1730,C19H16N4OS
F6818-0966,C19H19N5S
F5857-1992,C17H18ClNO3S
F6559-1741,C19H20N4O3
F6521-9073,C19H18N2O3S
F6806-6837,C17H23F2N3O3
F6818-0763,C17H19N5O2S
F6369-0187,C17H17N3O2S2
F3406-2061,C17H13Cl2N3O2
F2490-0044,C20H22N6O
F2199-0283,C18H24N2O4S
F6809-1033,C16H16BrClN2O
F6471-2103,C21H22ClN3O
F6617-7548,C18H16ClN5O2
F6257-1599,C18H22N6O3
F6513-5985,C18H20N4O3S
F6514-2786,C16H14ClF3N2O3
F5047-0164,C19H22FN3O4
F6515-0864,C21H19N3O2S
F6811-1696,C20H22N6O2
F6374-0150,C21H20N2O3S
F2740-0811,C21H23N3O4
F6517-1745,C21H21NO4S
F6571-6507,C15H16BrNO2S2
F6475-7490,C19H22N4O3S
F6473-7418,C15H17ClN2O4S2
F6454-0953,C17H22F3N3O2S
F5857-3015,C24H26N2O3
F6452-1476,C19H21ClN2O3S
F5097-0121,C19H27N3O4S
F6479-4564,C18H22ClN3O3S
F6798-4481,C19H24N8O2
F6678-8466,C20H22N4O3S
F3411-7814,C22H16N4O4
F0147-0029,C21H26N2O4S
F3314-0287,C22H29FN2O4
F6247-0689,C21H15ClFN5O
F6435-3457,C24H24ClNO3
F6608-3783,C22H33N7O
F2416-1105,C25H22N2O4
F5777-0100,C21H15F4N3O2
F6495-5330,C22H25N7O2
F5492-0068,C22H22N4O5
F0541-0958,C22H23N3O4S
F2724-0299,C22H19F3N4O2
F6561-5465,C22H25NO6S
F3411-6844,C22H22N6O2S
F6195-0762,C22H23N5O3S
F6240-2780,C22H25ClN6O2
F6798-4342,C21H23F2N7O2
F6438-1552,C21H27ClN6O3
F6609-5333,C23H26N6O4
F3222-3375,C23H18N4O3S2
F3407-4205,C26H30N6OS
F3385-4498,C29H30N2O5
