# All user editable compound information in the PCDL Manager compounds tab can be imported
# A minimum of formula or mass plus one identifier must be populated for compound import (recommended is formula and at least one other identifier, see examples)
# Multiple synonyms can be entered into the Synonyms column when separated by ';' (e.g. L-Isoleucine; 2-Amino-3-methylvaleric acid)
# All compounds will be assumed to be of a neutral ion type, unless a 1 is entered in the Cation or Anion column
Name,Formula
F6125-2385,C12H16N2O2S
F6541-5419,C15H20N4
F6525-0167,C12H16N6O
F6793-6979,C10H12F4N4
F6435-1427,C12H16N2O3S
F3223-0092,C16H21N3O
F6751-4247,C16H22N2O2
F6678-8251,C18H19N3
F6802-9551,C12H15N3OS2
F6782-7612,C15H12N2O4
F5853-3821,C17H19FN2O
F2167-4193,C15H20N4O2
F6471-3828,C13H13N3O3S
F6478-2651,C14H19N3O4
F0921-6507,C16H12N2O4
F6200-0452,C13H18N2O2S2
F3139-0614,C17H13FO4
F3222-2587,C15H15ClN4O
F6773-4773,C15H20N4OS
F6471-2954,C15H17NO4S
F6561-1863,C16H23NO3S
F3095-1901,C19H21NO3
F6530-0110,C17H19N3O3
F5074-0616,C14H17N7O2
F6709-4282,C14H18F3N3O2
F6147-0091,C16H13N7O
F6773-2997,C15H19N3OS2
F6559-1612,C13H16ClF2NO2S
F6471-2363,C18H20N4O2
F6481-3772,C18H18N2O2S
F6031-1772,C15H25N3O3S
F8890-2744,C17H13F2N3O2
F6676-2440,C17H22N4O3
F3407-4919,C16H20N4O2S
F2726-0927,C16H12ClFN2OS
F6440-4207,C16H21N3O3S
F6400-0207,C18H28N2O2S
F6438-0682,C14H18N4O2S2
F2135-1638,C17H17N5OS
F6516-1021,C19H20N2O4
F6479-6002,C19H23N3O3
F6724-4280,C16H13N3O2S2
F2783-0635,C18H17ClN2O3
F2726-0793,C21H16FN3O
F6245-0322,C15H21F3N4O2
F5939-3755,C13H14F2N2O3S2
F6523-2207,C16H19N3O4S
F6752-6227,C16H20F2N6O
F6734-0763,C18H17ClN6
F6604-2257,C17H23N9
F6230-0196,C22H17N3O2
F2135-0452,C17H15N3O4S
F6671-3042,C19H26N4OS
F6680-9114,C19H24N2O3S
F6482-6172,C20H18N4O3
F6560-7712,C19H16N4O2S
F6752-3821,C17H21F2N5O2
F6359-1245,C20H18ClN3O2
F5780-0262,C19H32N2O3S
F6415-1542,C20H22N2O3S
F3268-0066,C19H21BrN2O
F3179-0385,C21H27NO3S
F6445-1391,C19H22ClN3OS
F6369-0100,C17H16ClN3O3S
F6438-2493,C16H22N6O3S
F3382-2848,C17H11ClF2N2O2S
F5054-0052,C20H19N3O5
F6442-2681,C17H15ClFNO4S
F6442-7465,C22H25ClN2O2
F6523-3488,C18H18N4O4S
F6796-6826,C18H19F2N7O
F6240-6919,C18H16FN3O4S
F6604-1818,C17H17F3N8
F6482-6772,C16H13BrN2O3S
F6424-0111,C21H19N3O5
F6188-0640,C17H18BrNO3S
F6473-1091,C22H24N2O3S
F5857-2230,C18H17F3N2O3S
F6660-0712,C21H29N5O3
F3360-0004,C22H15FN4OS
F6279-0197,C21H19F3N2O3
F6548-4409,C23H26N4OS
F2606-0083,C21H16ClN3O2S
F6064-2654,C22H22ClN3O3
F5097-1125,C21H19ClN2O3S
F6454-2257,C21H28N4O3S
F6233-0601,C18H21N5O5S
F2347-0876,C21H18N4O2S2
F2261-0300,C24H28N2O5
F6111-0322,C26H37NO4
F3208-0045,C24H34N2O3S
F6787-1155,C23H27N7O2
F6178-6322,C18H20BrN3O3S
F6497-2150,C21H20N4O3S2
F2410-1285,C22H13F4N3O3
F1525-0985,C24H18N2O5S
F5253-0179,C21H24FN3O5S
F2013-0349,C26H29N5O3
F1602-0850,C27H24N2O6
F2258-1002,C24H25ClN4O3S
