# All user editable compound information in the PCDL Manager compounds tab can be imported
# A minimum of formula or mass plus one identifier must be populated for compound import (recommended is formula and at least one other identifier, see examples)
# Multiple synonyms can be entered into the Synonyms column when separated by ';' (e.g. L-Isoleucine; 2-Amino-3-methylvaleric acid)
# All compounds will be assumed to be of a neutral ion type, unless a 1 is entered in the Cation or Anion column
Name,Formula
F6616-2283,C14H15N5
F1957-0167,C9H11BrN2O2
F6789-0528,C14H16FN3O
F6389-1344,C14H11N5O
F2146-0376,C15H15N3S
F6681-3647,C14H16N4O2
F6436-3502,C16H18FNO2
F5854-4302,C15H22N2OS
F6210-0120,C11H11BrN2O2
F6416-8012,C12H12ClNO3S
F5854-4077,C16H17NO2S
F6555-0392,C13H15N5OS
F2158-0829,C15H21N3OS
F6489-0253,C16H14N4O2
F6610-2069,C15H16N6O
F6788-8483,C13H22N4O2S
F6513-5747,C16H20N4O2
F6554-0851,C16H22N4O2
F5323-0745,C15H16ClN3O2
F6805-9165,C19H21N3O
F2487-0357,C17H14N2O4
F6660-5278,C16H16N4OS
F6724-4003,C16H15ClN4O
F0630-1290,C14H15F3N2OS
F6773-2882,C14H14N4OS2
F6479-6214,C16H25N5O2
F6806-6925,C16H20FN3O3
F6443-4196,C18H17N3O3
F2529-0108,C17H15N3O2S
F6445-3181,C16H18N6O2
F1018-1565,C17H16N2O3S
F6438-2184,C16H19N5O3
F6518-2260,C18H18FNO2S
F6485-1737,C17H24N4O3
F8890-0834,C16H19ClN4O2
F6089-4230,C15H24F3N3O2
F5832-2659,C15H19N3O2S2
F5099-0464,C16H22N2O4S
F6514-1822,C19H21N3O3
F6791-8010,C18H24N6O
F2828-0551,C18H18N2OS2
F6524-1059,C16H14FN5O3
F6443-7656,C19H21FN2OS
F6556-5513,C18H23N3O4
F6439-5207,C16H17N3O2S2
F6713-6323,C18H16N6S
F6448-1454,C17H23N3O3S
F5854-4274,C17H21NO3S2
F6752-3763,C17H22F2N4O2
F5106-0186,C18H18N4O2S
F6786-7694,C19H25N5O2
F5773-1380,C22H19N3O2
F6792-1189,C14H16F3N5OS
F3088-5298,C18H16ClNO5
F6553-7312,C14H12ClF2NO2S2
F6559-6893,C17H19F3N6
F6681-8914,C15H19BrN4O2
F6783-5021,C18H18FN7O
F6448-0441,C16H20FN3O4S
F6796-6912,C18H23FN8
F6525-6582,C19H21FN4OS
F3226-3056,C18H18N2O5S
F5857-2703,C24H25NO3
F6261-1912,C20H19N5OS
F6747-5362,C21H26N6O
F6559-0541,C20H20N4O2S
F2545-0365,C20H31NO4S
F5596-0568,C20H21N3O3S
F6480-4117,C15H20BrN3O4
F6245-5756,C17H21F3N4O3
F6476-5762,C18H17ClN4O2S
F2334-0018,C21H19N5O3
F6517-1700,C17H14BrNO3S
F3225-7444,C22H20N2O3S
F5822-1078,C23H24FN3O2
F5461-1119,C21H21N3O3S
F6556-8833,C17H13Cl2NO2S2
F5772-8838,C20H22N4O5
F3129-0096,C21H24N2O4S
F6559-0738,C22H22N6O2
F6419-0147,C20H17Cl2NO4
F1263-0001,C22H21N3O3S
F6458-0210,C20H23N7OS
F6617-4414,C20H17ClN4O2S
F6526-1567,C20H26N6O2S
F6617-8960,C20H23N3O5S
F6563-0565,C19H20N2O5S2
F6474-0236,C23H26N4O4
F6713-1832,C22H27N5O2S
F6713-1780,C21H22F2N6O2
F5252-0037,C20H20F3N7O
F6523-0756,C22H25F3N4O2
F5855-0769,C21H28FN3O4S
F5266-0306,C23H28N4O5
F5824-0326,C27H33N5O
F6523-0613,C25H30N6O2
F2880-3189,C25H26ClN3O3
F3382-3792,C21H14ClN7O4
F3083-0353,C24H33N3O5S
F2902-0306,C25H29N9O2
