# All user editable compound information in the PCDL Manager compounds tab can be imported
# A minimum of formula or mass plus one identifier must be populated for compound import (recommended is formula and at least one other identifier, see examples)
# Multiple synonyms can be entered into the Synonyms column when separated by ';' (e.g. L-Isoleucine; 2-Amino-3-methylvaleric acid)
# All compounds will be assumed to be of a neutral ion type, unless a 1 is entered in the Cation or Anion column
Name,Formula
F6661-0385,C14H24N2O2
F1408-0263,C12H16FNO2S
F6226-0099,C13H11NO5
F6556-3002,C14H20N2O3
F6656-0684,C12H17FN4O2
F3020-0398,C15H13ClN2O
F6564-3098,C11H12F3N3O2
F6276-0517,C13H14N2O3S
F6403-0556,C16H15N3O2
F3376-2642,C15H16N4O2
F5105-0011,C11H10ClNO2S2
F3394-1057,C12H11N5S2
F2184-0181,C17H13N3O2
F3200-0027,C18H31NO2
F0308-0888,C17H16N2O3
F6671-4059,C13H13F3N4O
F2487-0040,C14H15F3N2O2
F6550-6130,C15H18N4OS
F6479-2758,C16H24N4O2
F5087-0228,C15H18ClN3O2
F6619-5470,C16H19N7
F6562-8111,C20H25NO2
F6525-7231,C18H23N3O2
F6523-1500,C16H21N5O2
F6782-3487,C17H20FN3O2
F5596-0410,C16H21N3O2S
F6739-7805,C15H19N3O3S
F6446-0800,C15H15F2N3OS
F6619-5078,C18H24N6
F3385-3235,C18H18N2O4
F6739-7894,C19H25N3O2
F6523-4058,C17H19N3O2S
F6747-5360,C14H14BrN5
F6064-8484,C16H20N4O4
F6761-0008,C17H16ClFN2O2
F6454-0589,C14H20F3N3O3
F6549-5442,C14H16BrN3O2
F6487-0614,C19H18N2O2S
F6481-1528,C17H22FNO3S
F0696-3799,C18H20N4O3
F6031-0278,C20H27N3O2
F5882-1827,C17H14FN3O2S
F6520-0603,C18H20N2O3S
F6438-3385,C13H23N5O4S
F6560-4725,C18H26N4O3
F1787-0959,C20H16N2O2S
F6559-1472,C17H17F2N3O3
F6089-9718,C18H27FN4O2
F2370-0940,C20H20N2O4
F3411-6545,C17H14N4OS2
F6445-3480,C18H21N5OS
F5857-2003,C19H19NO4S
F6677-2982,C14H15Cl2N3O2S
F5854-0320,C23H24N2O2
F6507-5864,C22H22N2O3
F6560-0269,C21H20N2O2S
F6475-0388,C18H27N3O5
F6675-6756,C18H17F4N3O
F6510-2068,C15H16FN3O3S2
F5061-0151,C18H22N6OS
F2211-0101,C22H16N2O4
F6806-7562,C18H29F2N3O3
F6685-8952,C19H22ClN3O3
F6293-0475,C18H17ClFN3O3
F6761-7728,C19H21F3N4O
F6225-1341,C17H15F3N4OS
F2504-0597,C18H24FN3O3S
F6444-2066,C16H18FN3O5S
F5470-0306,C22H25FN2O3
F1443-6619,C23H18N2O4
F6480-1016,C24H25N3O2
F6479-3333,C19H20ClN3O4
F6252-5072,C19H23FN4O4
F0568-0125,C17H17ClN4O3S
F5583-0026,C19H27N3O2S2
F6178-6928,C18H19Cl2N3O3
F6726-4659,C20H21FN6O2
F5615-0296,C20H22N4OS2
F6512-5915,C16H18ClFN4O3S
F2261-0145,C21H23ClN2O4
F6549-9065,C22H23F3N2O2
F3406-7054,C15H11BrFN5OS
F0594-0739,C21H19N3O4S
F6111-2066,C23H26ClN3O2
F2545-0399,C18H26N2O5S2
F6252-2854,C17H16BrN5O3
F5042-0484,C19H25N5O4S
F6233-0555,C18H17F3N6O3
F0291-0099,C22H20ClN3O2S
F3131-0029,C19H19F3N2O4S
F5006-0249,C20H21N3O4S2
F5095-0870,C23H19ClN4O3
F2540-0536,C23H20FN3O3S
F1451-0012,C23H24N2O5S
F3225-3346,C24H21N5O2S
F6478-4023,C21H23FN4O4S
F6456-1814,C23H27N7O3
F2323-1683,C21H18F3N5O2S
F2571-0237,C24H31N3O5S
F5578-1571,C27H27N5O4
