# All user editable compound information in the PCDL Manager compounds tab can be imported
# A minimum of formula or mass plus one identifier must be populated for compound import (recommended is formula and at least one other identifier, see examples)
# Multiple synonyms can be entered into the Synonyms column when separated by ';' (e.g. L-Isoleucine; 2-Amino-3-methylvaleric acid)
# All compounds will be assumed to be of a neutral ion type, unless a 1 is entered in the Cation or Anion column
Name,Formula
F6666-8741,C12H8ClFN2O
F6791-9549,C13H22N2O3
F5835-0077,C11H14ClNO2S
F6542-5812,C14H18N2OS
F1625-0054,C16H14N2S
F0651-0113,C15H14N2OS
F6725-2746,C14H15N3O3
F0664-0205,C14H16N2O4
F5857-6504,C15H18FNO3
F6507-5398,C14H22N2O4
F5490-1302,C16H19N3O2
F3012-0024,C17H21NO3
F6609-1779,C17H23NO3
F6482-3854,C14H14F2N4O
F6562-5232,C13H11ClFN3O2
F6573-9085,C16H12FN3O2
F6226-0053,C15H13N3O4
F6562-5433,C15H15N3O4
F6389-0471,C17H13N5O
F6031-1990,C17H27N3O2
F5099-0695,C15H20N2O3S
F6796-3315,C16H18N6O
F6808-7764,C17H20N4O2
F6473-3790,C18H22N2O3
F6448-1290,C16H20N4O3
F6524-6679,C15H18N4O4
F6481-0361,C16H20N2O3S
F5832-5372,C16H19ClN2OS
F6815-1623,C18H21N5O
F6561-5174,C16H23NO4S
F6262-2042,C13H14FN3O4S
F6682-6665,C17H20N4OS
F6171-0688,C13H15FN2O3S2
F6573-9081,C17H21N3O4
F2242-0207,C17H19NO4S
F6438-3159,C15H22N6O3
F6472-0691,C16H20N2O2S2
F2496-0123,C20H19NO4
F6550-6628,C19H22N4O2
F6478-6236,C13H13ClN4O3S
F5458-0026,C15H14F3N3O3
F6560-7730,C17H18N4O4
F6743-6434,C15H25N3O2S2
F6674-5609,C17H24N6O2
F6755-0167,C16H19BrN4
F6507-7866,C18H21NO4S
F6258-1199,C20H20N4O2
F5822-0233,C19H31N3OS
F5857-9563,C18H25NO4S
F6471-9058,C15H16FN3O4S
F6660-4001,C18H27ClN2O3
F6782-6806,C19H20N2O3S
F6502-6037,C13H9F3N4O3S
F5940-0378,C19H25N3O2S
F1872-0356,C18H23N3O3S
F3318-0295,C18H21NO5S
F6225-1271,C16H16ClN3OS2
F6400-1431,C18H26N2O2S2
F6287-0479,C18H16N4OS2
F6473-0325,C18H22F3N3O2
F6764-3310,C17H12F3N7
F6521-7888,C14H13BrClNO2S
F6184-0907,C20H26N2OS2
F6372-0270,C18H15F3N4O2
F6560-5472,C21H23N5O2
F5328-0076,C19H22ClNO3S
F6514-6566,C21H24N4O3
F6360-7723,C18H17F3N2O4
F3225-5867,C21H25N3O4
F6608-2456,C16H18F3N5O3
F6508-0025,C19H18BrNO3
F5223-0004,C20H24N2O4S
F6619-7370,C23H27N5O
F5016-0981,C19H22ClN3O2S
F6089-8295,C22H24N4O3
F5023-0098,C19H23ClN2O3S
F6497-0415,C21H22FN5O2
F5596-0977,C21H20FN3O2S
F6469-2827,C19H17N3O3S2
F0594-0608,C19H16ClN3O3S
F5004-0118,C19H21N3O5S
F2658-0019,C24H24ClN3O
F1318-0109,C18H18BrClN2O2
F6042-0920,C16H22N6O3S2
F3127-0506,C23H28N2O5
F6496-2844,C21H22ClN3O4
F3225-0055,C19H19ClN4O3S
F5013-0017,C24H25FN4O2
F5890-0521,C19H20F3N5O3
F5089-1604,C22H23FN4O2S
F6471-8736,C20H23N5O4S
F2898-5491,C20H24N4O5S
F6496-3800,C24H22FN3O4
F0018-0440,C24H26N2O4S
F5939-3264,C23H27N3O4S
F6798-4238,C21H23F3N8
F6149-0381,C23H25N7OS
F3411-6168,C26H22N4O4
F3406-2351,C22H19ClN6O4
F0916-6440,C25H26N4O4S
