# All user editable compound information in the PCDL Manager compounds tab can be imported
# A minimum of formula or mass plus one identifier must be populated for compound import (recommended is formula and at least one other identifier, see examples)
# Multiple synonyms can be entered into the Synonyms column when separated by ';' (e.g. L-Isoleucine; 2-Amino-3-methylvaleric acid)
# All compounds will be assumed to be of a neutral ion type, unless a 1 is entered in the Cation or Anion column
Name,Formula
F6440-2312,C13H21N3O2
F2976-0172,C15H16N2O2
F6608-1336,C14H16N2OS
F6548-0665,C12H9ClN2O3
F1905-0342,C15H29N3O
F6730-5037,C15H17N3O2
F6793-7390,C12H17F3N4
F0825-0475,C14H19N3OS
F3243-0540,C18H20N2O
F6556-3495,C15H29N3O2
F5228-2154,C15H18N4O2
F6473-2177,C15H17FN4O
F6561-0688,C15H22N4O2
F3367-0049,C17H15N3O2
F6473-2251,C12H10Cl2N4O
F6667-1145,C10H8BrFN4O
F0161-0318,C10H6BrFN2OS
F6555-6609,C15H14N2O3S
F6804-8565,C14H16F4N2O
F6755-5400,C13H14BrN3O
F6573-6247,C16H17F2NO3
F6471-1224,C14H21N3O3S
F0585-0079,C17H19N3OS
F5303-0034,C13H21N3O4S
F6031-0213,C16H19N3O2S
F6474-7080,C15H17N3O3S
F6510-0954,C14H15N3O4S
F1243-0226,C18H30N2O3
F3366-2530,C19H20N2O3
F6482-4061,C13H18N4O2S2
F3098-4357,C19H21NO4
F6286-0038,C14H14F3N3OS
F6472-2666,C17H22N4OS
F5097-1366,C17H20N2O3S
F6178-6992,C18H27N3O3
F5831-7036,C16H21N3OS2
F6475-8496,C17H24N2O5
F6530-6026,C14H9F3N4O3
F0894-0250,C18H17N3O2S
F6448-0793,C18H17FN4O2
F6438-1953,C14H23N5O3S
F6724-1694,C18H26N6O
F6515-0478,C17H16N2O2S2
F3406-8614,C17H19N3O3S
F6806-6589,C17H22N4O2S
F6495-2042,C17H25N5O3
F6442-1666,C17H19NO5S
F5017-1370,C16H22N4O3S
F3230-0227,C20H17ClN2O2
F6286-0957,C18H22F3N3O
F1739-0052,C17H17N5O2S
F6679-2867,C17H16BrN3O
F6554-6000,C16H26N2O5S
F6556-1360,C14H24N4O3S2
F6788-3844,C16H16F2N6S
F2880-0898,C17H18BrFN2O
F6430-0812,C19H19N5O3
F6481-2874,C15H20F3NO2S2
F6412-1538,C21H24N2O4
F6471-3805,C18H18N4O3S
F3066-0001,C15H17ClN2O3S2
F5033-3770,C19H23N3O3S
F2550-0119,C21H17N3O2S
F6658-2526,C20H24N8
F6245-0097,C18H17F3N4O2
F6539-2870,C19H29N3O3S
F5497-0201,C17H23N3O3S2
F6554-0787,C21H26N4O3
F2319-0053,C18H20N6O2S
F6573-4249,C17H20Cl2N2O4
F6204-0953,C21H25NO4S
F6471-9427,C14H16FN3O5S2
F6036-0200,C18H22N4O4S
F5832-2657,C20H29N3O3S
F5461-1890,C18H23N3O3S2
F5823-0365,C22H26N4O3
F6573-8429,C19H17FN6O3
F6522-0187,C20H15ClN2O3S
F2202-2337,C20H25N5O2S
F6436-1294,C19H19BrN2O3
F6597-2651,C16H19F3N4O3S
F6473-8826,C21H21F3N2O3
F6529-1663,C20H32N4O5
F6517-1750,C21H18FN3O3S
F5834-1222,C26H27N3O2
F5607-0145,C20H19F3N6O
F1011-1486,C20H19Cl2N3O3
F5261-0231,C21H31N3O4S
F6514-8837,C22H24N4O3S
F6798-4404,C20H25N7O2S
F5309-0300,C22H27ClN4O3
F5596-0580,C23H23N5O4
F5496-2216,C24H28N4O2S
F6476-1681,C17H17BrN2O5S
F6174-1282,C25H26N6O2
F3395-1253,C25H30F3N3O
F6670-6398,C21H21ClFN3O3S
F2259-1175,C25H26N6O3
F2007-0210,C23H20F3N5OS
F1142-6869,C24H25N3O4S2
