# All user editable compound information in the PCDL Manager compounds tab can be imported
# A minimum of formula or mass plus one identifier must be populated for compound import (recommended is formula and at least one other identifier, see examples)
# Multiple synonyms can be entered into the Synonyms column when separated by ';' (e.g. L-Isoleucine; 2-Amino-3-methylvaleric acid)
# All compounds will be assumed to be of a neutral ion type, unless a 1 is entered in the Cation or Anion column
Name,Formula
F2135-1905,C11H13N3
F6789-0708,C13H14N6
F6540-5049,C16H22N2O
F2713-0203,C12H14N4O3
F6554-8910,C12H14N2O3S
F0674-0120,C15H11FN2S
F6675-7520,C13H15N5S
F6514-7570,C13H16N4OS
F6556-2627,C14H17NO5
F5857-8596,C14H22N2O2S
F6132-0126,C17H19NO3
F6471-5612,C14H17N5O2
F6702-2184,C14H19N5O2
F6471-5458,C13H16N4O2S
F6284-0141,C11H10BrN3O2
F6512-1574,C10H14F3N3O2S
F2545-0108,C13H17NO5S
F5882-5675,C14H14F3NO3
F5596-0800,C15H17N3O2S
F6791-6870,C18H19N5
F2616-0456,C14H14F2N4O2
F6683-1404,C16H23ClN2O2
F5759-0025,C17H20N4O2
F3179-0342,C15H23FN2O2S
F6414-1061,C17H20N2O4
F6502-5631,C17H14N6O
F5860-0220,C14H16F4N2O2
F6481-3884,C15H18N2O2S2
F6525-4520,C18H21N5O
F6436-3144,C17H18F3NO2
F0307-0300,C16H13N3OS2
F6619-5936,C13H15F3N6O
F3166-0326,C15H8Cl2N4O
F6748-6124,C16H21N5OS
F6445-6761,C19H15N3OS
F6031-0685,C16H22N4O4
F6471-5438,C14H16N4O4S
F6037-0153,C19H19N3OS
F6359-5572,C17H26N2O3S
F3275-0044,C22H29NO2
F6524-0997,C16H15N5O2S
F6261-3539,C16H18N6OS
F0375-0104,C18H21N3O2S
F6245-4640,C18H24N4O3
F6549-3637,C13H13F3N4O2S
F6556-7557,C19H16F3NO2
F6378-0114,C18H24N2O3S
F6788-0905,C20H23N5O
F6561-7649,C20H21N3OS
F1470-0053,C19H15NO4S
F5033-2234,C19H22N4O3
F6725-1186,C18H20N4S2
F5857-3869,C22H31NO3
F6708-8455,C22H21N3O2
F3230-0134,C19H21ClFN3O
F6390-3434,C19H22ClNO2S
F0161-0289,C16H13BrFNO3
F6525-6780,C16H22N4O4S
F2245-0783,C19H13ClN2O2S
F6515-4015,C22H19N5O
F6442-1135,C17H22FNO3S2
F6808-5435,C20H28N4OS
F5855-0890,C18H22N4O3S
F6796-6752,C14H13F5N6O
F6482-6011,C22H23N3O3
F6178-5061,C17H19Cl2N5O
F3385-3819,C22H24N2O4
F6524-1060,C19H15FN4O4
F6658-0003,C20H25N5OS
F6192-0192,C24H19NO4
F6681-3655,C15H13BrF3N3O
F3382-5409,C22H20N4OS
F6726-0626,C21H23N7O
F6796-8645,C18H16F3N5S
F6454-2234,C22H24N4OS
F6204-0959,C18H22N2O4S2
F6503-4849,C22H25N3O2S
F6510-2513,C19H19N5O3S
F6411-2861,C19H14FN3O2S2
F2964-2820,C18H16BrN3OS
F6525-7976,C18H18ClF4N3O
F6471-8329,C18H23N5O4S
F6713-2017,C22H29N7O
F6518-4318,C22H19ClN2O4
F6670-5332,C21H24N4O5
F6480-6275,C18H20F3N3O3S
F1831-0052,C20H19ClN2O2S2
F1765-0175,C23H24N4O4
F6436-1803,C21H23F2NO4S
F5033-5234,C23H23FN2O3S
F3110-0185,C21H23N3O5S
F6571-0864,C21H24N2O6S
F6822-2675,C21H23F2N3O3S
F5088-1004,C23H23ClN4O3
F3411-1846,C23H27N3O2S2
F6609-1359,C25H24N4O4
F6497-0909,C24H25N5O2S
F0560-0794,C24H20ClFN2O4
F3411-7560,C23H27N7O2S
F3222-5728,C24H19ClN4O5
