# All user editable compound information in the PCDL Manager compounds tab can be imported
# A minimum of formula or mass plus one identifier must be populated for compound import (recommended is formula and at least one other identifier, see examples)
# Multiple synonyms can be entered into the Synonyms column when separated by ';' (e.g. L-Isoleucine; 2-Amino-3-methylvaleric acid)
# All compounds will be assumed to be of a neutral ion type, unless a 1 is entered in the Cation or Anion column
Name,Formula
F1907-9087,C11H16F3NO2
F0578-0194,C13H12N4S
F5104-0052,C13H12N2O2S
F6540-4224,C15H21NO3
F6190-1516,C14H21NO2S
F2117-0014,C14H13N3O3
F2493-2333,C14H14N2O4
F6471-5378,C12H15N5OS
F6442-7354,C14H20N2O2S
F6789-0531,C15H17N5O
F6257-1955,C13H14N6O2
F6125-3019,C12H20N2O4S
F6573-2842,C14H18N4O3
F5831-1922,C15H16FNO2S
F6143-0356,C15H17N7
F6549-7621,C16H19N5O
F6492-0037,C17H21N3O2
F6490-0852,C17H23N3O2
F3202-0007,C16H16O6
F6564-2705,C15H22N4O3
F6436-0279,C14H16FN3O2S
F6560-5520,C16H14FN5O
F5889-0512,C14H14F3N3O2
F6752-3285,C13H21N3O2S2
F6518-2295,C17H19NO3S
F5882-6273,C18H13N3OS
F6293-0072,C14H12ClN3O2S
F3290-0015,C20H22N2O2
F6193-0219,C19H17FN2O2
F0857-0006,C17H14N2O3S
F6658-4627,C16H17N5O3
F6743-9769,C10H14F3N3O2S2
F6414-2068,C18H22N2O2S
F6519-4188,C15H16N4O3S
F6454-1271,C16H20FN5O2
F6190-0810,C14H22ClNO4S
F6810-5861,C17H19F3N4
F6808-5490,C18H28FN3O2
F3318-0606,C16H21NO3S2
F1609-0874,C19H17FN2O3
F6564-3247,C18H19N3O4
F6734-0324,C17H22N6O2
F0060-0008,C13H10Cl2N2O3S
F0660-0785,C18H14F3N3O
F1899-1997,C18H22N2O3S
F6438-3262,C15H21N7O3
F6435-2564,C17H19NO3S2
F5832-5173,C17H22N2O4S
F2751-0096,C16H17ClN2O3S
F6803-0114,C16H18F3N5O
F2368-1735,C18H17N3O3S
F6798-4711,C18H24N6O2
F5890-0032,C18H19FN4O3
F5852-1641,C18H17FN2O5
F6660-2093,C18H19ClN2O2S
F3325-0153,C22H25N3O2
F6473-4247,C20H19N3O4
F6561-1505,C18H13N3O2S2
F3406-4851,C19H20N4O4
F6359-0576,C17H17F3N2O2S
F6178-0658,C19H25N5O3
F6178-0837,C18H20ClN5O2
F5857-0618,C16H16F3NO4S
F2644-0243,C17H24N6O4
F6764-1443,C20H18N4O2S
F6727-5719,C20H21N5O3
F3394-0250,C21H19NO4S
F6559-3484,C19H22N6O3
F6286-1083,C17H19F3N4OS
F6560-7448,C18H15BrN2O3
F6479-5803,C20H22ClN3O3
F3408-0040,C21H32N4O3
F6359-5514,C19H22N2O5S
F6839-3349,C18H20F3N7
F6508-0630,C20H18F3NO2S
F6444-6482,C20H22N6O3
F1855-0063,C21H20N2O4S
F6478-0588,C22H27N3O4
F2356-0482,C21H22FN3O4
F2070-0078,C23H23N5O2
F6261-2275,C20H18ClFN2O2S
F2617-1234,C20H23ClN2O5
F5940-1920,C20H28N2O5S
F6502-7729,C17H15F2N3O3S2
F5069-0476,C25H20FN3O2
F6727-8153,C19H20N4O5S
F5614-0474,C25H30N4O2
F6539-2281,C18H26F3N3O3S
F6660-0147,C22H18F2N4O3
F6458-0274,C20H22ClN7O2
F6295-1020,C21H23FN4O3S
F6237-3835,C19H18F3N7O2
F5596-0989,C20H25FN4O4S
F6750-6452,C22H20F3N7
F6443-6120,C22H26N4O4S
F5729-1081,C26H27N3O2S
F6353-3428,C25H28N4O4
F2282-0147,C19H20F2N2O5S2
F5452-0101,C23H26N4O3S2
F5833-3612,C25H23FN2O5S
