# All user editable compound information in the PCDL Manager compounds tab can be imported
# A minimum of formula or mass plus one identifier must be populated for compound import (recommended is formula and at least one other identifier, see examples)
# Multiple synonyms can be entered into the Synonyms column when separated by ';' (e.g. L-Isoleucine; 2-Amino-3-methylvaleric acid)
# All compounds will be assumed to be of a neutral ion type, unless a 1 is entered in the Cation or Anion column
Name,Formula
F6666-9260,C13H17FN2O2
F6512-0831,C13H11N3OS
F6789-0720,C14H20N4O
F3411-4942,C17H16N2O
F2879-0059,C16H16N2O2
F2487-0038,C11H13ClN2O2S
F6090-0119,C13H13N3O2S
F6477-5279,C13H8F2N2OS
F5003-0107,C11H15N5O2S
F6708-8514,C17H17ClN2
F6752-7560,C16H22N4O
F6806-6354,C15H26F2N2O
F6190-1546,C15H17NO3S
F6677-0370,C17H19N5
F6014-0072,C17H16N2OS
F0532-1609,C16H14N2O4
F6395-0086,C17H17ClN2O
F2799-0007,C15H15FN4O2
F6441-5683,C17H24N2OS
F6514-1958,C14H17N3O3S
F6562-5763,C17H24FNOS
F5017-1358,C15H25N3O2S
F6490-0942,C16H19N5O2
F6015-0034,C17H21N3O3
F6438-2943,C15H19N5O3
F6681-3510,C19H17N3O2
F6760-3636,C16H14F3N3O
F3244-0074,C18H13NO5
F3320-0920,C20H24N2O2
F3395-1581,C17H18N4OS
F1130-0015,C20H25NO3
F6775-5355,C13H14F3N5O2
F5033-0355,C20H30N2O2
F6549-6880,C17H20N2O5
F6560-7609,C19H14N2O2S
F5240-0072,C15H18FN5O3
F6489-0189,C13H12BrN3O3
F3379-0434,C17H15ClN6
F6473-6065,C18H17N3O4
F6525-7246,C18H20N4O3
F6555-0852,C18H23N5O2
F6192-1083,C18H17NO2S2
F6440-1940,C14H15F3N4O3
F6473-6176,C19H20FNO4
F6443-7799,C21H22N4O
F5857-0996,C14H15F3N2O3S
F6524-1480,C18H15N5O3
F6523-1554,C19H22N6O
F6296-1214,C19H20N4OS
F6411-3459,C16H10N4O2S2
F6813-8018,C16H17F4N5
F1897-0811,C18H19N3OS2
F1916-8938,C20H30N4O2
F3394-0827,C20H25FN2OS
F6756-2641,C19H18N6O2
F6245-1607,C17H15F3N4O2
F6549-5418,C20H23N5O2
F6443-3986,C21H21NO3S
F1589-0304,C17H11ClF3NO3
F6805-9128,C19H22N4O2S
F2416-0703,C20H18ClFN2O2
F5614-0097,C22H23N5O
F6296-1254,C18H16F3N5O
F2550-0193,C20H15N3O3S
F1706-0098,C22H22N2O4
F3406-1330,C19H16N4OS2
F6169-0361,C19H19N5O4
F5037-0742,C18H14ClN5O3
F6597-2617,C18H23F3N4O2
F6448-2416,C19H16F2N4O3
F6609-6484,C21H21N7O
F6805-5590,C16H16ClF4N5
F5835-0494,C22H22N4O3
F6658-4582,C16H17BrN4O3
F6512-6661,C17H23N5O4S
F6562-0795,C20H18BrN3O
F5330-0794,C21H24N4O2S
F3398-2577,C20H19ClN4O3
F6573-0105,C18H17BrN4O2
F3385-6188,C23H18N2O5
F6594-2322,C19H19F3N6O
F6796-3363,C21H26N8O
F6480-3032,C19H21Cl2N3O3
F6287-0557,C22H25N3O3S
F5763-0130,C20H19ClN4O4
F6747-5463,C12H13Br2N5S
F5226-0412,C21H20F3N3O3
F5382-0876,C19H23ClN4O3S
F3309-3520,C21H16ClN3O3S
F6675-6827,C17H15F3N4O4S
F3374-0053,C20H18ClN3O4S
F3406-8997,C23H18N2O5S
F6497-1975,C20H18F3N3O3S
F6523-3321,C22H21ClN4O4
F6240-5128,C20H21N5O5S
F6619-2927,C18H21F3N4O4S
F5253-0363,C22H28FN3O4S
F2267-0484,C23H28N2O6S
F3382-6393,C23H24ClN3O4S
F3411-6865,C23H24ClN5O3S
