# All user editable compound information in the PCDL Manager compounds tab can be imported
# A minimum of formula or mass plus one identifier must be populated for compound import (recommended is formula and at least one other identifier, see examples)
# Multiple synonyms can be entered into the Synonyms column when separated by ';' (e.g. L-Isoleucine; 2-Amino-3-methylvaleric acid)
# All compounds will be assumed to be of a neutral ion type, unless a 1 is entered in the Cation or Anion column
Name,Formula
F6420-0224,C12H13NO3S
F6541-4878,C14H17N5
F6221-0095,C13H17N5O
F1917-9690,C12H13F4NO
F6210-0314,C12H14ClN3O2
F2199-0133,C15H10ClNO2
F3139-0637,C15H8ClFO2
F3385-2043,C17H11NO3
F3097-5003,C13H16N2O3S
F6609-1762,C17H17NO3
F6508-0013,C15H14N2O4
F2616-0814,C15H16N2O2S
F6574-1326,C14H18N4OS
F3386-4180,C11H16ClNO4S
F2973-0563,C17H17N3O2
F2758-0576,C17H19N3O2
F6739-8363,C15H17N5O2
F6702-2128,C15H19N5O2
F6245-0010,C17H25N3O2
F6675-9162,C16H14N6O
F2158-0058,C13H15N3O2S2
F5283-0232,C16H13N3O4
F2434-1409,C16H12FN3O3
F6617-4288,C12H17N3O5S
F6723-0897,C14H15N5S2
F6230-0189,C13H10BrN3O2
F6802-8054,C16H24N4OS
F6252-7291,C18H18N4O2
F6760-2364,C17H16N4OS
F6492-0330,C18H23N5O
F6439-1164,C15H16F3N3O2
F6773-4856,C18H24N4O2
F6412-2325,C17H18N2O5
F6565-1553,C12H11F3N4O2S
F6549-7758,C16H17F2N5O
F6507-7842,C17H18ClNO2S
F6523-2832,C17H16N6O2
F6789-1174,C17H19N7O
F5686-0128,C15H15ClFN3OS
F1105-0090,C18H16N2O5
F6573-1828,C17H16FN5O2
F6257-2242,C18H22N4O3
F3348-0541,C21H21N5
F6192-1086,C18H16FNO3S
F6515-2759,C17H19ClN4O2
F5096-0096,C17H22ClN5O
F6200-3602,C16H16BrNO3
F3167-0883,C20H18N2O2S
F6808-5267,C20H25N5O
F6178-4902,C18H19N5OS
F6414-2263,C16H18FNO3S2
F6296-1285,C22H20N4O
F6445-2942,C18H19ClN4O2
F6791-8386,C17H17ClN4OS
F6445-3152,C15H15BrN4O2
F3309-0549,C21H21N3O3
F1154-0033,C20H19N3O2S
F6839-5340,C20H23FN6
F5871-3322,C19H20N4O2S
F6514-2802,C13H14F4N2O4S
F6178-3519,C20H22FN3O3
F6549-5170,C16H18F3N3O2S
F3293-0063,C18H11Cl2NO4
F6481-0432,C23H24N2OS
F6524-0989,C17H13F3N4O3
F6764-4711,C21H21N3O4
F1757-0197,C17H17Cl2N3O3
F6436-2560,C18H26N2O5S
F6188-1005,C20H20N2O2S2
F6788-4039,C19H21F2N7
F1806-0056,C18H21N5OS2
F0841-0088,C24H24N2O3
F3385-5787,C22H18N2O3S
F6726-5479,C20H18FN7O
F6725-0331,C15H19BrF3N3O
F6561-5846,C22H23ClN4O
F1872-0272,C19H16N4O2S2
F6444-6641,C20H23N5O4
F6658-1860,C19H21N5O3S
F3406-4563,C21H24ClN3O3
F6353-6063,C21H29N3O3S
F6514-2075,C16H17F3N2O5S
F0556-0330,C23H21FN2O4
F6796-9377,C22H24F2N6
F5857-3555,C23H18F3NO3
F6436-1146,C20H21BrN2O3
F2902-0192,C20H21F3N6O
F6503-5088,C20H21F2N3O3S
F1248-0011,C22H17ClN2O5
F5265-0474,C19H23ClFN3O3S
F6658-6042,C20H23BrN4O2
F6510-1338,C18H19N5O4S2
F6429-0546,C22H20N4O4S
F1065-0459,C23H16F3N3O3
F6503-5104,C21H22N4O5S
F3225-6118,C26H23NO6
F5485-1595,C21H25FN4O4S
F3320-0414,C28H32N4O2
F3411-5946,C23H20ClN3O4S
F2982-0475,C24H23N3O4S2
