# All user editable compound information in the PCDL Manager compounds tab can be imported
# A minimum of formula or mass plus one identifier must be populated for compound import (recommended is formula and at least one other identifier, see examples)
# Multiple synonyms can be entered into the Synonyms column when separated by ';' (e.g. L-Isoleucine; 2-Amino-3-methylvaleric acid)
# All compounds will be assumed to be of a neutral ion type, unless a 1 is entered in the Cation or Anion column
Name,Formula
F0388-0034,C15H11ClN2
F1967-1107,C14H14N2O3
F6789-0371,C15H23N3O
F6127-0080,C14H19NO4
F3315-0052,C14H15N5O
F6572-2103,C15H20N4O
F6543-0961,C15H21N3O2
F5103-0382,C14H14ClNOS
F3358-0237,C16H14N2O3
F6539-3602,C16H15NO2S
F6667-6236,C16H18ClN3
F0102-0134,C17H20ClNO
F6616-3174,C9H13BrN2O2S
F6089-9840,C15H22N2O2S
F6496-1623,C17H20N4O
F6435-2137,C17H22N4O
F1372-0075,C11H8ClNO3S2
F6516-0210,C15H13NO2S2
F3406-6574,C15H19N3O2S
F6553-7022,C14H13ClN2O2S
F2580-0324,C18H15FN2O2
F5479-0254,C16H16N4O3
F6709-4825,C17H18N2O2S
F6573-4717,C17H17FN2OS
F6561-1192,C19H14N2O3
F6125-0535,C15H16N2O2S2
F6524-1784,C15H23N5O3
F3382-6174,C17H17N5O2
F6125-2395,C17H15N3O4
F6312-0058,C18H22N4O2
F6524-2282,C16H16N4O2S
F0518-0079,C20H19N5
F5857-0471,C18H21NO3S
F5448-0190,C15H12ClN3O2S
F2392-0121,C17H22N2O3S
F6681-3341,C14H13BrN2O3
F6562-9451,C18H15N3O4
F6782-3953,C18H18N4O3
F6199-0037,C18H21N5O2
F6413-1518,C18H15NO2S2
F3088-1715,C18H18N2O3S
F6549-3818,C18H18FN3OS
F6475-6213,C22H20N2O2
F6679-0122,C21H23N5
F6514-3014,C15H16F3NO5
F6512-1748,C18H21FN2O2S
F6564-3161,C19H19N5O2
F6773-4117,C18H17N5OS
F6803-0150,C19H24N6O
F6724-1942,C18H19ClN6
F6518-2224,C18H16N2O2S2
F5596-0370,C19H23N3O4
F6539-3419,C18H21N3O3S
F6471-0566,C19H15N5OS
F3230-0073,C16H18BrN3O2
F0306-0005,C19H28N2O3S
F6436-1144,C20H18N2O3S
F5826-0130,C20H22FN5O
F6694-7446,C17H18F3N3O3
F6184-0696,C16H18ClNO3S2
F5876-0020,C22H20N4O2
F5854-0341,C21H18N4OS
F2604-0493,C20H33N5O2
F2505-0172,C23H23NO2S
F6413-0634,C18H12F3NO3S
F6675-6861,C18H19F3N4O2
F6438-3047,C14H15BrN4O4
F6363-0742,C19H21N5O2S
F1174-3257,C19H19N3O2S2
F6570-2616,C23H22N4O2
F6559-0915,C18H17FN4O3S
F6560-2579,C20H19N7O2
F6677-3732,C16H18BrN5O2
F6556-5709,C17H23F3N2O3S
F5596-1105,C19H31N5O4
F6495-2720,C20H21N5O2S
F3382-3526,C20H16ClN3O2S
F6764-1729,C23H22N6O
F5257-0254,C20H24N4O5
F3386-2713,C15H15BrClNO3S
F6469-1336,C22H16FN3O2S
F6713-1900,C20H21N7OS
F6805-3728,C22H27N5O3
F6125-1304,C20H20N4O4S
F6357-0323,C16H18BrNO3S2
F6374-1377,C22H28ClN3OS
F6247-1701,C22H20N4O3S
F2696-0506,C18H22BrN3O2S
F2727-0870,C18H19ClN2O4S2
F6679-2499,C19H16BrN3O4
F6523-0191,C19H28F3N5O3
F2507-0129,C18H12F3N5OS2
F1009-0429,C19H16Cl2N2O4S
F3385-1560,C21H20BrN3O3
F3411-8250,C22H21ClN2O6
F6225-1301,C20H16F3N5O2S
F3385-6179,C24H24N2O7
F3166-0525,C21H21ClN2O4S2
F1249-0155,C24H32N2O4S2
F0666-0610,C26H17ClFN3O4
