# All user editable compound information in the PCDL Manager compounds tab can be imported
# A minimum of formula or mass plus one identifier must be populated for compound import (recommended is formula and at least one other identifier, see examples)
# Multiple synonyms can be entered into the Synonyms column when separated by ';' (e.g. L-Isoleucine; 2-Amino-3-methylvaleric acid)
# All compounds will be assumed to be of a neutral ion type, unless a 1 is entered in the Cation or Anion column
Name,Formula
F1852-0100,C14H13N5
F6665-9882,C12H11F3N2O
F6550-6546,C12H12N4OS
F6791-9525,C14H21N3O2
F6541-5895,C16H17N3O
F6755-1011,C11H17N3O3S
F6507-5410,C11H18N2O4S
F5860-0256,C11H14F3N3O2
F6725-2303,C16H16N4O
F6672-1736,C17H18FN3
F6439-7336,C15H15FN4O
F6564-8357,C14H16N4O3
F6573-3415,C14H18N4O3
F6573-2740,C14H16ClN3O2
F5831-3130,C19H21NO2
F6439-3088,C16H19N5O
F6483-0290,C17H21N3O2
F6597-0793,C16H23N5O
F6495-2521,C14H16N4O2S
F6660-4475,C15H22N4O3
F1787-0125,C18H15NO4
F6444-2276,C15H21NO4S
F6561-8635,C16H15N3O4
F6573-6608,C15H19F2NO2S
F1639-0146,C17H19NO3S
F3244-0216,C17H12F3NO2
F6471-2606,C15H16BrNO2
F6031-0977,C17H26N2O2S
F5831-2676,C19H20N2OS
F6660-2108,C17H14N2O3S
F6560-1172,C16H17N5O3
F3088-0112,C17H12FNO3S
F6472-0728,C18H22N2O2S
F5017-0065,C14H21ClN2O3S
F6702-2743,C18H21F2N3O
F6521-9036,C17H18FNO3S
F6312-0054,C19H20N4O2
F2080-0059,C12H11BrN4OS
F5788-1764,C15H18ClN3O4
F5855-0523,C19H20N2O2S
F6747-5910,C18H20ClN5
F6492-0572,C19H23FN4O
F1322-0112,C16H12N2OS3
F2496-2381,C20H15N3O3
F6495-2756,C15H18N6O4
F6526-0161,C20H21N5O
F6525-1566,C12H14F3N5O2S
F6435-9230,C17H22N2O4S
F6573-5616,C16H17ClN2O3S
F6488-1168,C18H19N5O3
F6445-7652,C18H17N3O3S
F1303-0050,C21H28N2O3
F6676-1024,C20H23ClN2O2
F6481-3909,C18H20N2O4S
F6360-7809,C18H13F3N2O3
F6454-2822,C19H29N3O2S
F5835-0562,C20H19N3O4
F2982-0552,C16H17NO5S2
F2416-0786,C21H21FN2O3
F3358-0204,C19H18N2O4S
F6472-8228,C24H25N3O
F6473-8080,C20H23NO4S
F5505-0007,C18H15ClFN3O3
F6619-6806,C18H20N10
F6510-4013,C17H19FN4O3S
F2758-3068,C17H25N5O3S
F6680-2682,C16H14F3N5O3
F3260-0911,C19H22N6O3
F5521-0147,C19H20N4O3S
F1858-0312,C16H16ClFN2O2S2
F6804-8071,C18H21N5O3S
F3386-2481,C12H9Br2NO2S
F6487-1151,C19H22N2O5S
F6247-1846,C20H21N7O2
F6469-2130,C22H17ClFN3O
F6240-5104,C20H22N6O3
F6245-5720,C16H15F3N6O3
F6436-0572,C19H31N3O4S
F6209-0301,C21H25N3O3S
F6249-0326,C21H27N3O5
F6761-0300,C17H16F4N2O3S
F6479-6335,C18H22N4O5S
F3398-5073,C20H23F3N4O2
F6252-4130,C20H14ClN3O5
F6764-1523,C21H24ClN5O2
F2240-0246,C20H21ClN4O4
F6479-4328,C22H34N4O4
F5262-0460,C20H25ClFN5O2
F6262-6519,C22H21FN4O2S
F6752-0307,C20H24F3N3O2S
F5099-0508,C22H26N2O5S
F6523-2256,C23H20FN5O3
F3406-8007,C24H25ClN4O2
F6523-1145,C23H26ClN5O2
F6441-7061,C22H26N4O4S
F2320-0371,C23H23N7O3
F6231-0433,C24H28N6O3
F0463-0228,C22H22N2O5S2
F3395-0900,C21H25F3N4O3S
F0558-0132,C24H26N4O3S2
