# All user editable compound information in the PCDL Manager compounds tab can be imported
# A minimum of formula or mass plus one identifier must be populated for compound import (recommended is formula and at least one other identifier, see examples)
# Multiple synonyms can be entered into the Synonyms column when separated by ';' (e.g. L-Isoleucine; 2-Amino-3-methylvaleric acid)
# All compounds will be assumed to be of a neutral ion type, unless a 1 is entered in the Cation or Anion column
Name,Formula
F6471-2965,C11H15N3O2S
F6221-0009,C13H15N5O
F6517-3613,C14H15NO4
F6357-1521,C13H15NOS2
F6677-3220,C10H12ClN5S
F3292-0461,C16H16O4
F5854-4004,C14H17N3OS
F6244-3097,C14H18N2O2S
F6561-3607,C17H19N3O
F5876-0065,C17H20N2O2
F6293-0027,C14H13N3O2S
F6573-5052,C14H15N3O2S
F6804-8552,C12H16F3N3O2
F6547-1143,C14H15FN2O2S
F6502-5738,C16H16N4O2
F3386-3054,C17H18N2O3
F5831-7955,C17H20N2OS
F0575-0005,C17H22N2OS
F6724-5267,C13H12ClN5S
F6571-6476,C15H21N3O2S
F5287-0010,C12H14N4O2S2
F6524-1924,C13H11F3N4O2
F6515-4584,C16H14N2OS2
F6556-6173,C19H29N3O
F6658-5574,C16H23N5O2
F6436-0874,C18H25NO2S
F6743-6263,C14H19N5O2S
F6525-0576,C18H17N3OS
F5061-0106,C13H10F3N5S
F6252-3941,C17H18N4O3
F6244-2757,C14H17ClN2O3S
F5479-0188,C17H19N3O4
F6556-8884,C16H17N3OS2
F6514-8607,C20H20N4O
F6782-7561,C17H19ClN2O3
F6178-7507,C17H25N3O2S
F6508-0022,C19H15NO3S
F6560-5459,C18H18N4OS
F6521-3682,C20H21NO4
F6752-1449,C18H23F3N2O
F6223-0053,C13H15ClN4O3S
F6439-4722,C15H16F3N3OS
F3385-5495,C19H21ClN2O2
F6438-3787,C12H23N7O3S
F0599-0504,C16H14ClN3O2S
F6469-1566,C19H16N4OS
F6677-0702,C18H21ClFN3O
F6200-3718,C17H18ClNO3S
F5823-0338,C19H20N4O3
F6204-0904,C19H18N2O3S
F6847-3228,C20H22FN3O2
F6496-1525,C17H19N5O2S
F2020-0057,C17H17N3O2S2
F6247-0438,C17H16BrNO3
F6812-1932,C20H22N6O
F5855-0840,C18H24N2O4S
F3382-6121,C17H11BrN4O
F5729-0926,C21H22ClN3O
F2469-0407,C19H19N3OS2
F6806-4817,C19H20F2N6
F6495-4147,C18H20N4O3S
F6847-1697,C18H19BrN2O2
F6518-5725,C22H21N3O3
F6442-4253,C21H16FN3O3
F6400-0662,C20H30N2OS2
F5098-0590,C21H17FN2O4
F6312-0303,C21H23N3O4
F6473-0155,C18H23Cl2N3O2
F6471-2452,C13H12BrN3O2S2
F6471-8732,C19H22N4O3S
F3394-0206,C16H15Cl2FN2O2S
F2496-2173,C22H19N3O4
F6567-7999,C20H22N8O
F5834-1971,C19H21ClN2O3S
F6441-3412,C19H27N3O4S
F5681-0106,C18H22ClN3O3S
F6523-0640,C22H28N4OS
F6514-4168,C20H22N4O3S
F3406-2679,C20H18F2N4OS
F6521-9624,C21H26N2O4S
F5857-4169,C25H28N2O3
F0598-0482,C21H17N3O4S
F3222-4474,C22H20FN3O4
F6788-4472,C23H33N5O2
F5833-5326,C25H22N2O4
F6512-7076,C16H18F3N5O3S
F5868-0309,C22H25N7O2
F3406-4385,C23H23FN4OS
F6448-2516,C22H23N3O4S
F6223-0322,C20H21FN6O2S
F3406-1778,C23H18FN5O3
F6469-1087,C22H22N6O2S
F3324-0170,C22H23N5O3S
F3406-5927,C20H26F2N4O3S
F2539-0332,C23H29N3O4S
F6445-3575,C22H22N8O3
F3398-4563,C25H27FN4OS
F3406-5687,C19H20BrFN6O2
F2074-1243,C27H27FN4O3
F3398-5637,C26H26N6O4
