# All user editable compound information in the PCDL Manager compounds tab can be imported
# A minimum of formula or mass plus one identifier must be populated for compound import (recommended is formula and at least one other identifier, see examples)
# Multiple synonyms can be entered into the Synonyms column when separated by ';' (e.g. L-Isoleucine; 2-Amino-3-methylvaleric acid)
# All compounds will be assumed to be of a neutral ion type, unless a 1 is entered in the Cation or Anion column
Name,Formula
F5871-3511,C12H11FN2OS
F6471-2892,C11H13NO2S2
F6723-4387,C9H8F3N5O
F2147-1758,C14H18N2O3
F1916-0082,C16H14N2O2
F6735-2064,C14H14N4S
F6211-0267,C13H15N5O2
F5882-6282,C18H16N2O
F6480-3740,C14H18FN3O2
F6619-5648,C17H22N4
F6677-0825,C15H19N5O
F6525-4805,C16H21N3O2
F6257-5194,C15H23N5O
F0014-0400,C18H16N2O2
F3374-0839,C13H14ClN3O3
F6517-3814,C17H15NO4
F6561-2825,C14H18FNO3S
F6609-4219,C17H16FNO3
F2147-1845,C15H17N3O4
F6411-4358,C13H11BrN2O2
F6257-2886,C17H16N4O2
F6713-5752,C15H18N8
F6619-8043,C16H20N6O
F0916-6874,C17H22N4O2
F5526-0854,C18H21FN2O2
F6266-0186,C17H19FN2O3
F5072-6652,C18H16N4O2
F1603-0356,C18H14N2O4
F5027-0080,C21H25NO2
F6241-0130,C18H19N3O3
F6752-4350,C14H18ClN3O2S
F1142-4621,C18H20N2O4
F3406-8149,C16H12ClFN4O
F5526-0228,C19H22FNO3
F2758-0498,C19H15N3O3
F6722-3170,C20H22N4O
F6482-5292,C18H16N4OS
F6425-0200,C15H15N9O
F6610-2914,C19H22N4O2
F5773-3194,C16H9FN4O4
F0696-4242,C17H16ClN5O
F6564-2165,C14H22N4O4S
F6411-0232,C17H18FN5O2
F5831-9740,C20H32N4O
F6471-6270,C19H14N4OS
F2167-1168,C20H17N3O3
F6708-9815,C20H20N4O2
F0180-0169,C16H12Cl2N2OS
F6775-2569,C18H20F3N3O
F0662-0166,C19H16ClN3O2
F2792-0266,C18H22N6O2
F6559-2208,C14H15F3N6O2
F6515-0083,C18H15FN2OS2
F6257-0135,C18H22FN5O2
F6524-0918,C20H19N5O2
F6525-7657,C18H16F3N3O2
F6523-3301,C16H16ClN3O3S
F6723-1001,C20H22N4OS
F6441-4134,C16H20N2O4S2
F6089-3223,C20H23N3O4
F6415-1294,C20H21NO4S
F6412-1347,C18H16BrNO3
F5882-6647,C16H21F3N4O3
F5882-5214,C17H20N4O4S
F6789-2324,C21H23N5O2
F6252-3951,C19H14FN5O3
F6673-4634,C21H24N4O3
F6252-5137,C18H18N6O2S
F5831-9320,C23H29NO2S
F6436-1566,C23H19N3O3
F6564-5226,C17H18BrN5O
F6529-0905,C15H19F3N6O3
F6261-3664,C13H15BrN2O3S2
F6473-3793,C18H21N3O5S
F6252-3262,C22H24N4O3
F2496-3409,C21H18N2O6
F6606-1277,C22H25N3O4
F6192-0683,C22H23NO4S
F6195-8773,C15H18FN5O3S2
F6471-0345,C19H17Cl2N5O
F6676-4714,C16H20F3N5O2S
F5871-0719,C20H27N3O4S
F6559-2389,C15H16ClF3N4O2S
F2478-0262,C22H22N2O4S
F5754-0435,C26H28N4O
F6521-3793,C22H25NO5S
F3116-0223,C23H18N2O4S
F6504-0941,C24H28N4O3
F2016-0301,C23H25N3O3S
F6529-1041,C18H21F3N6O3
F2255-0695,C23H22F3N3O2
F6436-0631,C22H28N2O3S2
F6471-0243,C26H21N5O2
F2061-0083,C23H26N4O3S
F6363-0693,C24H23N7O2
F5033-7879,C23H29FN4O4
F2353-0288,C23H25N7O3
F2805-0916,C24H30N4O3S
F3398-5115,C24H26N4O4S
F3382-4397,C22H18BrN5O3
