# All user editable compound information in the PCDL Manager compounds tab can be imported
# A minimum of formula or mass plus one identifier must be populated for compound import (recommended is formula and at least one other identifier, see examples)
# Multiple synonyms can be entered into the Synonyms column when separated by ';' (e.g. L-Isoleucine; 2-Amino-3-methylvaleric acid)
# All compounds will be assumed to be of a neutral ion type, unless a 1 is entered in the Cation or Anion column
Name,Formula
F1192-0017,C12H15NO3S
F6511-9299,C14H15N3O2
F6502-2547,C13H15N3OS
F6662-1432,C11H11ClF3NO
F3394-1333,C12H9F2NO2S
F6555-6269,C15H16N2OS
F6773-2976,C14H17N3OS
F1967-0152,C17H14N2O2
F0298-0154,C18H19NO2
F6675-8724,C14H16N6O
F6562-8203,C16H14ClNO2
F3096-0769,C16H16ClNO2
F6791-8279,C13H17N5OS
F6474-8357,C12H14N4O3S
F6090-0105,C16H16N4O2
F3083-0039,C17H18N2O3
F6559-1450,C14H18F2N2O3
F6484-0334,C15H18N4O3
F2158-0810,C14H12ClN3OS
F6496-0876,C18H17N3O2
F6442-0010,C13H11FN2O4S
F6482-3540,C12H13FN4O3S
F2716-0782,C13H12Cl2N2OS
F6609-8800,C18H25N3O2
F6503-3801,C17H23N3O3
F6814-0502,C17H17N7
F6724-1745,C14H19N5O2S
F2743-0315,C18H14FN3O2
F6571-3753,C15H16ClNO3S
F6288-0583,C17H18N4O3
F1183-0195,C17H13ClN2OS
F6284-0186,C18H20ClN3O
F5773-1385,C16H14ClN3O3
F6503-2706,C15H20N6O3
F0682-0093,C17H14N6S
F6312-0024,C20H21N3O2
F6204-2746,C17H17ClFNOS
F6570-2798,C18H18N4OS
F6559-7938,C16H17N7O2
F6363-0686,C17H20N6O2
F0020-1038,C14H15ClN2O4S
F6200-0125,C15H21NO4S2
F2434-1198,C20H16N4O2
F6472-0787,C18H23N3O2S
F6539-3343,C17H14ClNO3S
F5655-0624,C19H16N4OS
F1905-8986,C18H23NO4S
F6724-1322,C15H18BrN3O2
F6465-0054,C19H20N4O3
F2376-0653,C17H14N4O5
F0696-3712,C18H21N5O3
F3257-0320,C19H20ClN3O2
F6517-1634,C18H17NO3S2
F6724-1273,C13H11BrF3N3O
F6656-2436,C21H22N4O2
F6521-7360,C21H20N2O4
F0643-0414,C16H12Cl2N2O2S
F5857-2694,C22H19F2NO2
F3166-0439,C19H16FN3O2S
F6475-3156,C21H23FN2O3
F6773-2941,C18H20N4O3S
F6274-0397,C18H15FN2O2S2
F6792-0224,C18H25N5S2
F6204-2753,C19H23NO3S2
F5499-0132,C18H26N4O3S
F6523-2848,C17H15F3N4O3
F2784-1008,C21H23N3O4
F6481-1717,C17H22FN3O2S2
F6111-1084,C23H29FN2O2
F6485-1388,C19H19FN4O4
F6476-1626,C13H13BrN2O3S2
F6436-2941,C20H21ClFN3O2
F6438-1590,C21H22N6O2
F2774-1010,C20H16N4O3S
F6687-6898,C22H23N3O4
F0696-2967,C21H18ClN3O3
F6400-0652,C23H28N2O2S
F6252-1880,C20H19FN4O4
F6413-0988,C20H20N2O5S
F6436-1461,C22H21F3N2O2
F3270-1216,C22H24N6O2
F2638-0173,C22H15ClFN3O2
F6196-0500,C18H18F3N5O3
F6497-0400,C23H29N3O4
F2965-0070,C21H26N4OS2
F6724-2009,C19H20ClN5O2S
F6411-0965,C23H25N5O3
F2902-1127,C21H22N6O2S
F6727-3494,C18H19N9O2S
F2659-0071,C22H24N2O5S
F6619-6285,C20H26BrN5O
F3222-4804,C20H26N4O3S2
F6279-0015,C20H27N3O4S2
F5913-0488,C21H24N6O3S
F6570-2447,C25H22FN5O2
F6411-2068,C22H27ClN4O4
F2050-0303,C25H26N2O4S
F3406-4201,C19H16BrClN4OS
F3411-3730,C24H25F3N4OS
F3222-1282,C27H26N4O3S
