# All user editable compound information in the PCDL Manager compounds tab can be imported
# A minimum of formula or mass plus one identifier must be populated for compound import (recommended is formula and at least one other identifier, see examples)
# Multiple synonyms can be entered into the Synonyms column when separated by ';' (e.g. L-Isoleucine; 2-Amino-3-methylvaleric acid)
# All compounds will be assumed to be of a neutral ion type, unless a 1 is entered in the Cation or Anion column
Name,Formula
F6540-5990,C13H14F2N2O
F3253-0044,C11H6F3NO3
F6660-1243,C15H20N2O2
F6793-8568,C14H17FN2S
F3139-0913,C17H16O3
F6541-4851,C15H21N5
F6755-0977,C10H14ClN3O2S
F2070-1300,C14H23N5O
F6573-8004,C12H15N3O3S
F5791-1369,C16H16N2OS
F6507-9262,C14H26N2O2S
F6556-5832,C17H24N2O2
F6125-0925,C11H12F3N3O3
F5033-1187,C15H23N3OS
F6561-8433,C12H16N4O3S
F6681-3616,C15H14N4OS
F6435-1741,C13H17FN2O3S
F6487-0601,C16H18N2O2S
F6359-3464,C15H20N4O3
F2711-2139,C14H17N3O3S
F2024-2001,C15H20FN3O3
F6724-2784,C18H21N3O2
F6482-3445,C16H19N5O2
F6791-9200,C16H21N5S
F6673-9371,C16H20ClN5
F5871-3192,C12H16F3N5O2
F6171-0381,C16H19NO4S
F5269-0247,C17H13N3O2S
F6560-4321,C17H20N6O
F5687-0533,C12H18N6O3S
F6494-1022,C17H21N5O2
F2982-0190,C18H19NO3S
F6475-3614,C19H26N2O3
F6597-0530,C16H20N4O2S
F6252-4716,C15H12ClFN4O2
F2434-1141,C18H17N5O2
F6246-4124,C17H28N4O3
F6709-4332,C15H13F3N4O2
F6293-0108,C18H17N3O4
F5831-0003,C16H24N2O4S
F6791-7361,C18H23N5O2
F3406-0301,C13H17N3O4S2
F5832-8502,C18H17FN2O2S
F6561-9488,C18H15N7O
F5857-2990,C22H22N2O2
F5672-0184,C17H17ClN2O2S
F6734-1399,C18H18ClF2N3
F6743-6305,C17H26N4O2S
F6239-0028,C17H16N6O3
F0012-0714,C14H8Cl2N2OS2
F6571-0051,C19H21N3O2S
F3406-4372,C18H16FN3O2S
F6658-5903,C19H26N4O3
F6659-2889,C18H24N4O2S
F3382-6272,C17H22N4O3S
F6676-0461,C15H19F3N2O3S
F5759-0529,C21H23N3O3
F5382-0565,C20H18FN3OS
F3097-1988,C14H16BrN3O2S
F6559-1826,C19H19FN4O3
F0684-0080,C19H20N2O2S2
F6436-2747,C20H24FN3O3
F3192-0004,C18H21N3O4S
F6724-0831,C17H20BrN3O2
F0688-0099,C18H23FN4O2S
F5097-0579,C18H18Cl2N2O3
F6520-1709,C22H23NO3S
F6451-2962,C17H18ClNO5S
F6514-2479,C21H24N2O5
F6523-0329,C15H17F3N6OS
F6676-2487,C21H26ClN3O2
F6125-0259,C19H20ClN3O2S
F1174-3142,C20H26N2O4S
F6473-8762,C17H17BrN2O4
F6524-5803,C18H18F3N5O2
F6672-0583,C17H16BrF2N3O
F2758-2907,C21H24N4O2S
F5017-0818,C18H23ClN2O4S
F1345-0618,C17H18Cl2N2O3S
F2261-0258,C21H20ClFN2O3
F6604-9344,C22H20N4O4
F6687-7039,C23H26N4O3
F6510-2608,C18H20ClN3O4S
F6795-0862,C19H21N7O2S
F6195-1034,C19H18N4O5S
F6480-6200,C25H28N4O2
F2644-0579,C22H18FN5O3
F0598-0484,C21H18N4O4S
F6680-3191,C16H16BrN3O4S
F0545-0101,C21H21BrN2OS
F3406-7118,C18H18BrN5OS
F2811-0053,C21H20Cl2N2O4
F6557-1181,C21H21ClFNO4S
F2508-1141,C24H17ClN6O
F6548-0705,C24H18ClN5O2
F3398-1073,C24H19ClN4O3
F6441-6594,C26H27NO4S
F5259-0201,C24H20N4O4S
F3382-5809,C21H16FN3O5S2
F5653-0189,C20H18F3N3O4S2
