# All user editable compound information in the PCDL Manager compounds tab can be imported
# A minimum of formula or mass plus one identifier must be populated for compound import (recommended is formula and at least one other identifier, see examples)
# Multiple synonyms can be entered into the Synonyms column when separated by ';' (e.g. L-Isoleucine; 2-Amino-3-methylvaleric acid)
# All compounds will be assumed to be of a neutral ion type, unless a 1 is entered in the Cation or Anion column
Name,Formula
F6660-1004,C14H10N2O3
F2616-0732,C14H14N2O3
F6681-9752,C15H23N3O
F6676-9810,C15H15N5
F6760-9405,C16H16FN3
F6619-5658,C14H20N6
F6439-7607,C14H21N5O
F6554-5752,C11H12F3NO2S
F2135-1106,C13H18N2O3S
F6677-3911,C12H20BrN3
F6541-2186,C13H16F3N3O
F6789-0598,C15H19N3OS
F1250-0180,C14H10Cl2N2O
F6518-2541,C15H22N2O2S
F6789-4865,C17H20N4O
F2197-4596,C15H26N2O4
F0007-0795,C13H7Cl2F2NO
F5105-0047,C15H13NO2S2
F6512-1891,C15H19N3O2S
F3064-0216,C13H10ClFN4O2
F6244-3016,C18H18N2OS
F6439-7384,C16H16N4O3
F5017-3792,C14H19FN2O3S
F3329-0132,C17H12N6O
F0010-0229,C16H18N2O3S
F6475-1763,C14H13ClN4O3
F2593-0568,C20H23N3O
F6512-0041,C17H17N5O2
F6554-1170,C12H18F3N3O2S
F6567-1941,C18H22N4O2
F6574-1731,C16H16N4O2S
F6438-1032,C17H20FN5O
F1639-0138,C18H21NO3S
F5773-0229,C15H12FN3OS2
F6436-0584,C14H26N2O3S2
F6811-0892,C12H13BrN6O
F2493-3674,C18H15N3O4
F6524-6228,C15H22N4O3S
F6513-1960,C18H21N5O2
F6448-0969,C14H16ClN3O3S
F2880-3439,C15H19FN2O4S
F6125-0776,C17H17N3O5
F6514-2476,C19H21FN2O3
F6796-4337,C18H24FN5O
F6680-2788,C16H12F3N5O
F6515-1422,C18H16N6O2
F6478-3195,C19H19N5O2
F6734-1445,C15H18FN5O2S
F6783-7298,C19H24N6O
F6806-6998,C15H22N4O4S
F6438-3020,C14H14F2N4O3S
F6241-0011,C19H23N3O4
F5448-0002,C18H21N3O3S
F6525-1569,C16H16FN5O2S
F6502-2365,C16H18BrN3O2
F6796-7693,C17H20N10
F1732-0209,C21H18O6
F6559-7443,C17H21N9O
F6502-7137,C20H20FN3OS
F5526-0130,C17H16Cl2FNO3
F6783-8081,C19H21FN4O3
F6514-6544,C21H18N4OS
F6560-8225,C15H13BrN4OS
F2215-0777,C20H19N5O3
F6279-0394,C15H16F3NO3S2
F5624-0445,C18H19F3N4O2
F6556-9063,C17H13F3N2OS2
F6529-2461,C18H20F3N3O3
F6279-0274,C18H18F3NO3S
F6112-0313,C22H27ClN2O2
F6349-0697,C18H17FN4O3S
F2318-0441,C20H19N7O2
F6562-7245,C17H17N3O4S2
F6247-0713,C20H17FN6O2
F6436-1873,C16H15BrN2OS2
F6512-5641,C17H22FN5O3S
F5243-0026,C20H13F2N3O2S
F5527-1856,C23H22N6O
F6475-5341,C25H24N2O3
F6799-8623,C13H9BrF3N5S
F6452-0355,C18H19F4NO3S
F6514-4586,C19H20F3N5O2
F0535-0311,C25H31NO4
F1345-0514,C22H21FN2O3S
F6089-9171,C16H13BrF3N3O2
F3406-4640,C24H23N3O4
F3406-8469,C22H20N4O3S
F6734-1261,C20H18BrN5O
F6679-2671,C20H19BrN4O2
F6225-1397,C17H14F3N3O3S2
F6111-0929,C28H30FNO2
F6445-1781,C19H18ClN3O3S2
F3406-8297,C20H15BrN4O3
F6734-0791,C19H18ClF2N3O3S
F3406-6923,C22H22Cl2N4O2
F5049-0337,C21H22ClN3O4S
F6782-4282,C27H24N4O3
F0196-1014,C23H19F3O7
F6043-0501,C23H32N4O3S2
F2017-0350,C23H24ClN3O5S
