# All user editable compound information in the PCDL Manager compounds tab can be imported
# A minimum of formula or mass plus one identifier must be populated for compound import (recommended is formula and at least one other identifier, see examples)
# Multiple synonyms can be entered into the Synonyms column when separated by ';' (e.g. L-Isoleucine; 2-Amino-3-methylvaleric acid)
# All compounds will be assumed to be of a neutral ion type, unless a 1 is entered in the Cation or Anion column
Name,Formula
F2184-0286,C15H13N3O
F1924-0004,C14H12N2OS
F0328-0019,C13H12N2O2S
F6445-3385,C12H17N5O2
F6404-4378,C12H17N3O4
F0345-1998,C12H17NO4S
F6788-7906,C10H15FN4O2S
F3347-0135,C14H15NO5
F6443-7967,C14H20N2O2S
F6807-7002,C13H21N3O2S
F6482-7061,C16H18N2OS
F0863-0048,C15H16N2O4
F6573-3199,C14H18N4O3
F6496-0164,C13H15N3O3S
F6515-3470,C16H17N5O
F6123-0109,C15H23NO5
F6672-1939,C17H21N3O2
F1061-0319,C17H23N3O2
F5104-0056,C15H16N2O3S
F5033-3559,C16H22N2O4
F6261-0090,C17H15N3OS
F6561-4856,C16H16F3NO2
F6296-1248,C15H15N5OS
F6516-0230,C16H17N3O2S
F6473-6202,C15H15N3O5
F0193-0087,C19H13NO2S
F1611-0031,C14H9Cl2N3O2
F6200-3017,C20H22N2O2
F6372-1486,C17H16N4O3
F6374-3583,C14H18N2OS3
F6672-0075,C14H16F3N5O
F0174-0354,C17H12ClNO2S
F6414-0468,C18H19FN2O3
F6481-4025,C13H20N2O4S2
F6609-1780,C18H23NO5
F6064-4575,C15H17N3O4S
F6556-6059,C17H24N2O3S
F6783-6382,C19H23N5O
F6413-2516,C19H17NO3S
F6480-1528,C16H21ClN2O4
F6523-0984,C18H19N3O4
F5854-3881,C20H26N2OS
F3084-0100,C21H29NO3
F6412-1580,C18H19NO4S
F5857-3850,C18H22N2O3S
F5860-0297,C18H22FN3O3
F6524-5580,C15H13ClFN5O2
F5098-0935,C20H18N2O4
F5095-0267,C14H17BrN4O2
F5033-6912,C16H23N3O4S
F2621-0363,C20H18ClNO3
F6484-0433,C19H24N4O3
F6515-1334,C21H18N4O2
F3406-5615,C17H20N4OS2
F6436-1288,C18H16ClFN2O3
F6245-4048,C17H25N5O4
F2392-0298,C18H21F2N3OS
F6515-3992,C18H14BrN3O
F6617-8465,C19H20N4O4
F6530-0344,C17H14F4N2O3
F6796-4377,C18H22FN7O
F6525-5964,C19H20FN3O2S
F3411-8247,C19H15ClFNO4
F5854-0670,C23H24N2O3
F6452-1453,C19H20ClFN2O3
F6573-2458,C20H21N5O3
F3375-3019,C19H16ClN5O2
F6605-3360,C18H22N8S
F6520-1973,C20H20N2O4S
F5119-0209,C14H12Cl2N4OS2
F6787-0689,C16H17F4N5O2
F6484-0383,C20H28N4O4
F6443-4266,C20H17F3N2O3
F6787-0301,C18H25N5O3S
F3222-1928,C23H14F3NO2
F6571-0192,C23H26N2O2S
F8890-4881,C20H17FN4O2S
F6472-4851,C20H26F3N3O2
F6529-3999,C17H20F3N5O3
F5033-3034,C21H27N3O3S
F6681-8955,C18H18BrFN4O
F1167-0157,C19H23ClN4O2S
F3411-7800,C23H24N2O5
F6734-1257,C15H18BrN5O2S
F6512-6814,C20H23N5O3S
F6438-1772,C17H19F3N4O3S
F6796-3401,C23H26N6O2
F6529-2415,C23H23N3O5
F6561-7288,C19H17FN8OS
F2724-1593,C24H21N5OS
F3351-0341,C21H23ClN4O4
F5599-0200,C19H23N5O5S
F5581-1109,C23H24N4O3S
F3375-1648,C25H21N5O3
F6609-6907,C25H22N4O4
F0679-0515,C24H23N5O4
F3407-4208,C25H28N4O2S
F2571-0210,C24H31N3O4S
F3385-5881,C23H23BrN2O4
F2737-2876,C24H22N2O5S2
