# All user editable compound information in the PCDL Manager compounds tab can be imported
# A minimum of formula or mass plus one identifier must be populated for compound import (recommended is formula and at least one other identifier, see examples)
# Multiple synonyms can be entered into the Synonyms column when separated by ';' (e.g. L-Isoleucine; 2-Amino-3-methylvaleric acid)
# All compounds will be assumed to be of a neutral ion type, unless a 1 is entered in the Cation or Anion column
Name,Formula
F6438-6360,C12H19N3OS
F6791-7135,C14H19N5
F6725-1414,C12H15N5O2
F6808-8176,C12H15N3O2S
F6420-0532,C13H16FNO2S
F6782-7371,C14H16N4O2
F6739-7865,C14H17N3O3
F6471-2671,C18H18N2O
F6452-2101,C16H27NO3
F6724-5398,C11H9Cl2N3S
F6677-0366,C14H14ClN5
F6724-5085,C15H16ClN3O
F6760-5726,C15H18FN3O2
F6756-2483,C16H14N4O2
F6752-2827,C13H20N4O2S
F6494-0026,C16H18N4O2
F6549-7365,C16H20N4O2
F6571-0724,C17H22N2O3
F6571-6543,C16H16FNO2S
F6617-5313,C17H22FNO3
F6550-6807,C16H14N4OS
F6296-1261,C16H16N4OS
F6355-0492,C14H13F3N2O3
F5854-2910,C16H16N2OS2
F5854-2562,C15H14N2O2S2
F6753-2804,C17H25N3O3
F6573-4886,C19H19N3O2
F3229-0048,C18H17N3O3
F6681-3332,C17H15N3O2S
F6805-3186,C16H18N6O2
F2516-0007,C17H16N2O3S
F6810-0047,C16H19N5O3
F6730-4478,C16H17N3O3S
F6438-3536,C16H21FN6O
F6685-9020,C16H19ClN4O2
F6787-1318,C19H21N5O
F6359-3551,C15H16FN3O3S
F6469-3401,C12H18N8O2S
F6031-0671,C19H21N3O3
F6255-0093,C19H24N4O2
F6515-1688,C18H15FN2O2S
F6571-5833,C19H18FNO2S
F6679-1967,C19H18F2N2O2
F6676-4557,C16H22F3N3O2
F2135-1534,C17H12F3N3S
F5795-0474,C17H20N2O4S
F6312-0036,C20H19N3O3
F3244-0027,C20H17NO3S
F6149-0020,C18H20N6O2
F6002-0209,C18H18N4O2S
F6796-6996,C18H22FN7
F5596-0588,C17H19N5O4
F6747-9435,C17H18ClN5S
F6349-0106,C17H13ClFN3O3
F6656-2804,C19H30N4O3
F6440-4446,C17H24N4O3S
F6508-1246,C17H13F3N2O2S
F6562-7075,C20H21N3O4
F5125-0139,C19H19N3O3S
F6606-1317,C20H26N4O3
F6514-9275,C22H17FN4O
F5033-6956,C16H20ClFN2O3S
F2658-0025,C23H22FN3O
F6713-0130,C19H21ClFN3O2
F6756-2706,C22H26N4O2
F2493-0099,C22H21ClN2O2
F5476-0569,C22H27N3OS
F6563-0195,C20H21N3O3S
F0698-0215,C18H15N3O3S2
F6734-0661,C20H23ClN4O2
F5570-0312,C16H15F3N2O4S
F6504-1217,C19H18F3N5O
F6472-8098,C25H30N2O2
F6529-2080,C17H20N4O5S
F6497-1404,C21H23N5O3
F6374-0225,C19H20F3N3OS
F3288-0031,C24H32N2O3
F6245-5902,C18H21F3N4O3
F6478-3833,C20H21FN4O2S
F6374-0115,C25H26N2OS
F6809-7015,C16H16BrN5OS
F2093-0707,C22H21N3O3S
F5448-0713,C21H23N5O2S
F2976-0553,C21H17ClN2O3S
F2758-0712,C23H22N6O2
F6064-3445,C21H18F3N3O3
F6471-9109,C18H17ClN4O4S
F6178-4434,C24H27ClN4O
F6839-7775,C20H23F4N5O
F2234-0192,C19H23F3N4O4
F6529-2754,C20H25N5O4S
F2617-1303,C25H26N2O5
F3165-1261,C24H27N3O3S
F6252-5834,C25H24N6O2
F3250-0253,C26H29N5O2
F5978-0256,C22H30N4O6
F0916-5147,C24H22FN3O3S
F3382-7444,C21H13ClF3N3O2S
F5481-2501,C25H25N5O3S
F3406-3962,C27H26FN5O3
