# All user editable compound information in the PCDL Manager compounds tab can be imported
# A minimum of formula or mass plus one identifier must be populated for compound import (recommended is formula and at least one other identifier, see examples)
# Multiple synonyms can be entered into the Synonyms column when separated by ';' (e.g. L-Isoleucine; 2-Amino-3-methylvaleric acid)
# All compounds will be assumed to be of a neutral ion type, unless a 1 is entered in the Cation or Anion column
Name,Formula
F6511-9285,C12H14ClN3O
F6300-0141,C8H5BrN2O3
F6435-1841,C15H21N3O
F3358-0331,C13H17N3OS
F5791-1019,C15H13N3O2
F6617-2048,C14H10FN3O2
F2145-0919,C14H14N2O2S
F0696-0792,C13H12FN3O3
F2147-1766,C13H16N2O5
F6574-0110,C16H17N3O2
F6125-3772,C14H14N4O3
F6675-7368,C14H16N4OS
F6355-0478,C15H18N2O4
F6561-7779,C13H15N3OS2
F3328-0111,C14H21N3O2S
F2135-0715,C17H19N3O2
F6755-7402,C12H21N5O2S
F5834-5510,C17H20FN3O
F0869-0048,C11H16N2O4S2
F6526-0173,C18H18N4O
F6573-6249,C14H13F2N3OS
F6515-2557,C12H17N5O3S
F6521-6210,C16H15N3O2S
F6725-1392,C12H12F3N5O2
F6550-1864,C14H17F2NO3S
F6720-2455,C14H10F5NS
F6681-9611,C16H24N4O3
F6475-2911,C16H22N2O5
F6472-0876,C15H20N2O4S
F1792-0001,C16H11BrN2O
F6797-2846,C15H14FN7O
F6619-4013,C16H24N8
F6844-4194,C17H16F2N4O
F6524-1123,C15H13FN4O2S
F6515-4046,C20H19N3O2
F6730-2776,C16H15ClFN3O2
F5865-0267,C16H16N8O
F0585-0844,C20H23N3O2
F5854-4520,C16H18FNO2S2
F6445-1517,C16H16N6OS
F6811-1136,C17H19N5OS
F6550-6666,C18H22N4O3
F6619-6010,C17H22FN7
F5652-3102,C17H13F2N3O3
F2266-0222,C21H18N2O3
F6529-1747,C16H21N5O4
F5794-0356,C15H12FN3O4S
F2724-0621,C19H18N4OS
F2960-0048,C15H10Cl2N2O2S
F6774-4238,C17H18F3N3O2
F6184-1278,C17H16F3NO2S
F6471-6826,C18H23F3N2O2
F6436-3965,C19H19FN2O4
F6726-1688,C17H17ClN4O3
F6482-6928,C18H13F3N2OS
F6514-2334,C20H21N5O2
F3406-0800,C19H16FN5O2
F5033-2239,C22H30N4O
F3406-8190,C20H21ClN4O
F6445-5033,C19H18N2O2S2
F6440-2484,C21H26ClN3O
F5834-2165,C19H20ClN3O3
F6262-2613,C17H14ClN3O3S
F5940-2054,C16H28N2O6S
F2783-1600,C18H19FN2O4S
F6472-4193,C21H21N3O4
F6517-0201,C18H14F3NO5
F6749-1061,C18H21F3N4O2
F6481-0622,C21H21ClN2OS
F6687-6990,C21H27N3O4
F5148-0517,C19H21N3O4S
F5319-0131,C23H24N4O2
F2049-0461,C23H19ClN2O2
F6559-0049,C21H21N5O3
F6435-2659,C19H20ClNO4S
F6785-6287,C21H22N4O4
F6178-6720,C18H21ClN2O4S
F6525-6334,C22H27N3O2S
F6503-3934,C21H22FN3O2S
F6252-0866,C23H20FN5O
F6525-4860,C25H29N3O2
F6475-1841,C23H19ClN2O3
F6174-1413,C22H24N4O2S
F5266-0260,C23H30N4O3
F2609-1505,C21H23N3O4S
F6480-5097,C16H21ClN4O5S
F6504-1165,C23H23FN6O
F0561-0676,C23H23N3O3S
F0630-1312,C20H19F3N2O3S
F6523-2238,C22H22FN3O3S
F6368-0493,C21H23ClN4O2S
F6523-0011,C20H18F3N5OS
F2417-0628,C24H24N2O4S
F1094-0321,C23H22FN3O3S
F6727-3905,C20H17F3N8O
F6372-1795,C25H23N3O5
F6497-0197,C25H22F2N4O2
F2066-0095,C19H27N3O6S2
F0823-0136,C23H24ClN5O4
F6166-0342,C24H27N5O4S
