# All user editable compound information in the PCDL Manager compounds tab can be imported
# A minimum of formula or mass plus one identifier must be populated for compound import (recommended is formula and at least one other identifier, see examples)
# Multiple synonyms can be entered into the Synonyms column when separated by ';' (e.g. L-Isoleucine; 2-Amino-3-methylvaleric acid)
# All compounds will be assumed to be of a neutral ion type, unless a 1 is entered in the Cation or Anion column
Name,Formula
F5973-0011,C13H20N2O3
F5835-0068,C11H15NO4S
F6543-0977,C15H24N4
F6789-0761,C16H16N4
F6512-1781,C13H20N2O2S
F6477-5284,C14H12N2O2S
F6473-6307,C14H13NO5
F5854-4301,C13H14N2OS2
F6444-2377,C14H16FNO4
F3208-0004,C16H16N2O3
F5833-1278,C16H22N4O
F8889-8831,C11H16BrNOS
F6451-0028,C15H17NO3S
F6436-2280,C17H24FNO2
F6788-7943,C11H16N6O2S
F3394-0994,C13H18N2O4S
F6550-5204,C15H16N4OS
F3367-0038,C15H18N4OS
F6454-0739,C15H23F3N2O
F5854-4669,C16H18FNO2S
F6724-5077,C17H19N5O
F6796-1597,C17H21N5O
F3375-2705,C19H23NO3
F6485-2010,C17H21N3O3
F5772-0799,C20H19N3O
F6805-3096,C16H21N3O2S
F5882-4076,C18H15N3O3
F6469-0624,C16H13N5OS
F6752-3602,C19H24N4O
F6525-4610,C17H18N4OS
F6478-2382,C19H25N3O2
F3334-1458,C20H15N3O2
F6554-8474,C14H15Cl2NO2S
F6658-5557,C17H21ClN4O
F6481-3823,C16H18N2O2S2
F6454-0361,C15H21N5O2S
F6782-6614,C16H13Cl2NO3
F6515-1686,C19H18N2O2S
F6473-4498,C15H21N3O4S
F6438-1621,C18H20N4O3
F6750-6593,C17H23N7O
F6064-8365,C17H14ClN3O3
F6811-2025,C16H17ClN6O
F6390-2667,C19H23NO3S
F5822-1939,C18H26N4OS
F6562-9459,C16H11F3N4O2
F6808-5981,C18H15F4N3
F6619-7906,C18H22N8
F6676-2464,C19H20N4OS
F6508-1206,C18H14N2O2S2
F5012-0114,C17H25NO5S
F0555-0103,C22H15NO4
F6363-0229,C15H10BrN3O3
F6560-4697,C19H25ClN4O
F6806-6969,C16H22N6O2S
F6764-1585,C19H17ClN6
F6497-0598,C20H23N5O2
F6734-0138,C16H16F3N5O2
F6748-5363,C18H16BrN3O
F6495-4058,C21H18N6O
F6494-1037,C18H17FN4O2S
F6556-3194,C17H31N3O4S
F6064-8211,C20H17N5O3
F5833-3269,C17H19N3O3S2
F6435-1600,C19H26N2O4S
F6554-4620,C17H17FN2O5S
F6482-7212,C21H23N3O2S
F6476-3245,C17H16F3N3O2S
F5788-4644,C20H24N4O4
F6619-7258,C16H18ClF3N6
F6524-0972,C19H25N5O4
F5854-5772,C21H18F3NOS
F5839-0023,C22H22N4O3
F6514-6882,C16H16N4O4S2
F3398-2949,C22H23N3O2S
F5939-0211,C20H17N3O2S2
F6517-4124,C22H24N2O5
F2840-0011,C23H18N4OS
F2880-3636,C17H21ClN2O3S2
F6438-0560,C20H17F3N4O2
F5596-0871,C23H21FN4O2
F3406-6325,C24H30N4O2
F6184-1185,C19H21ClFN3O2S
F6570-2867,C22H25N3O3S
F2049-0112,C22H17F3N2O3
F3179-0536,C17H17Cl2NO5S
F5118-0090,C20H26ClN5OS
F6411-0357,C22H22N4OS2
F1601-0173,C18H15ClF3N5O2
F0680-0024,C18H24N2O4S3
F6523-3782,C21H19Cl2N3O3
F3222-5424,C22H18N4O4S
F6478-6152,C19H18ClF2N5O3
F3260-0845,C22H21FN4O3S
F5142-0305,C22H25N3O3S2
F6617-3509,C23H19FN6OS
F6548-3257,C25H27N3O5
F1739-0075,C26H28N4O4
F2923-1568,C25H23N5O5
F3398-4121,C26H23N5O5
