# All user editable compound information in the PCDL Manager compounds tab can be imported
# A minimum of formula or mass plus one identifier must be populated for compound import (recommended is formula and at least one other identifier, see examples)
# Multiple synonyms can be entered into the Synonyms column when separated by ';' (e.g. L-Isoleucine; 2-Amino-3-methylvaleric acid)
# All compounds will be assumed to be of a neutral ion type, unless a 1 is entered in the Cation or Anion column
Name,Formula
F5103-0066,C12H10ClNOS
F6230-0277,C15H17N3O
F6512-9194,C14H17N3O2
F6617-5719,C14H9N5O
F5791-3267,C10H9F4NOS
F0651-0136,C17H22N2O
F6676-2395,C16H23N3O
F6554-5660,C11H13F2NO3S
F6665-5840,C14H11F3N2O
F6494-0882,C14H13N5O2
F5882-7099,C12H18N2O2S2
F6550-6209,C14H13ClN4O
F6555-6296,C17H14N4O
F5823-0896,C16H28N4O
F3386-4981,C15H21NO3S
F6147-0036,C14H15N7O
F6571-6191,C13H21N3O3S
F5773-4705,C16H19N3O3
F6492-0912,C15H21N5O2
F6258-2466,C14H18N4O2S
F6215-0059,C12H12BrN3O2
F6266-0292,C14H17NO5S
F1308-0003,C16H15N3S2
F6064-8520,C16H14ClN3O2
F6296-1127,C15H15N3OS2
F5852-0811,C17H26N4O2
F6752-3536,C19H20N4O
F6549-7384,C18H18N4O2
F2011-0027,C15H20N2O2S2
F6476-5625,C19H23N3O2
F6791-8275,C16H17N5OS
F6565-4971,C17H21FN6
F6564-8380,C16H18N4O2S
F5001-0395,C16H13ClN2O2S
F6814-6658,C16H20ClN5O
F6523-3294,C15H14ClN3O4
F6560-7653,C20H17FN2O2
F5864-0002,C18H19N5O2
F5857-6591,C15H18BrNO3
F6445-2823,C17H16N4O2S
F6571-6587,C15H23N3O2S2
F6516-1963,C19H22N2O4
F2088-0058,C19H25N3OS
F2070-0544,C16H13ClFN5O
F6089-0860,C17H19ClN4O2
F6489-1944,C16H21N5O2S
F3386-3232,C13H10Cl2FNO3S
F6573-6958,C16H13F3N4O2
F6125-1079,C21H25N3O2
F2095-0287,C20H19NO5
F1285-1108,C16H12F3NO3S
F6571-0712,C20H21FN2O3
F6748-6721,C16H23ClN2O3S
F5001-0792,C18H14ClFN2O3
F6671-3018,C19H31N5O2
F6178-4112,C19H20F3N3O
F6524-2667,C16H14F3N5O2
F6495-5497,C18H22N8O
F3406-9138,C19H20N4O2S
F6609-5354,C17H15BrN4O
F6806-5204,C19H19F2N5O
F2506-1218,C17H16FN5O2S
F5857-4082,C21H30N2O4
F6037-0558,C18H24N4O3S
F5033-3628,C18H19ClN2O3S
F5072-4103,C20H21N5OS
F2507-0284,C18H12ClN5OS
F6250-0048,C21H22N2O5
F1478-0299,C16H20N2O5S2
F1757-0252,C24H23N3O2
F1905-8991,C20H21NO5S
F5624-0150,C19H24N4O5
F5149-0896,C18H16F2N4O2S
F5828-0282,C21H21N5OS
F2048-0165,C18H16FNO4S2
F6514-3826,C21H22N4O2S
F6476-6288,C17H17ClN2O5S
F5788-2511,C21H23N3O5
F2221-0044,C20H21N3O4S
F6656-4428,C20H23N3O4S
F6798-4632,C19H20F3N7
F5655-0504,C20H14N4O2S2
F2392-1707,C19H25ClN4O2S
F1199-0195,C23H26N2O5
F6259-2649,C20H20ClN5OS
F3398-4254,C19H11ClF2N4OS
F6670-5542,C21H21F3N4O2
F3406-7148,C19H18F3N5OS
F6178-2218,C17H21BrN4O2S
F6178-8181,C20H22BrN5O
F2318-0310,C18H19BrN6O2
F6442-2837,C20H17ClFN3O3S
F5581-1313,C22H17FN4O3S
F6471-8293,C17H21N5O5S2
F6247-0679,C23H18N6O2S
F6475-3712,C25H23N3O3S
F3222-5767,C25H24N2O4S
F0916-6426,C23H28N4O4S
F3398-4058,C28H28N4O3
F3167-0491,C19H20BrN3O3S2
