# All user editable compound information in the PCDL Manager compounds tab can be imported
# A minimum of formula or mass plus one identifier must be populated for compound import (recommended is formula and at least one other identifier, see examples)
# Multiple synonyms can be entered into the Synonyms column when separated by ';' (e.g. L-Isoleucine; 2-Amino-3-methylvaleric acid)
# All compounds will be assumed to be of a neutral ion type, unless a 1 is entered in the Cation or Anion column
Name,Formula
F6725-2742,C10H14N4O2S
F5787-1755,C15H18N2S
F5580-2948,C12H10N2O5
F6672-2285,C17H19N3
F6696-0205,C16H19N3O
F6660-4056,C13H8ClN3O2
F1907-9528,C10H8ClF3N4
F6363-0375,C12H13N3O3S
F6514-6427,C15H14N4O2
F6733-2156,C12H16FN3O2S
F6090-0091,C15H17N3O3
F5857-9112,C16H19NO4
F5791-1000,C14H16N2OS2
F6803-4500,C17H18N4O
F6680-9395,C19H24N2O
F6679-2815,C11H14BrN3O2
F5857-6629,C13H16ClNO3S
F6439-4634,C12H12F3N3OS
F3316-0067,C16H20ClN3O
F6725-2291,C16H12N4OS
F6760-5418,C17H15FN4O
F6436-0412,C13H20N4O3S
F6751-4158,C16H18N4OS
F5857-2296,C20H16N2O2
F6204-0827,C16H18N2O3S
F6554-2305,C15H16N2O4S
F1469-0070,C17H27N3O3
F2721-0176,C15H21N3O5
F6539-3283,C19H16FNO3
F6792-2251,C17H22N6O
F6525-6604,C13H20N4O2S2
F2740-0246,C18H23N3O3
F6445-2446,C20H17N3O2
F6556-8713,C15H15N3O2S2
F6363-0470,C19H18N4O2
F3329-0323,C16H9ClN6O
F5831-3314,C20H19NO2S
F6564-2498,C17H18N6O2
F0696-3896,C17H21N7O
F3230-0014,C15H17Cl2N3O2
F6571-0562,C19H19ClN2O2
F6482-2148,C19H21NO3S
F6617-3232,C21H20N4O
F6814-6670,C18H27N5O2
F6064-2294,C18H13N5O3
F0662-1058,C17H21ClN4O2
F5857-1136,C17H23N3O5
F5773-4642,C19H17N3O4
F0214-0064,C13H8BrNO2S2
F0630-1120,C20H22N2O2S
F5832-0048,C15H20N2O4S2
F5096-0044,C18H23N5O3
F0915-7833,C19H21NO6
F5882-5265,C17H19N3O4S
F6522-0752,C16H17N3O3S2
F6755-6522,C21H24N4O2
F6476-4397,C19H18N4O2S
F5461-1080,C18H29N3O3S
F6798-4806,C17H19N7OS
F2515-0498,C18H14FN3O3S
F6573-1950,C21H20N6O
F5064-0051,C15H18N8O2S
F5854-0751,C18H17ClN2O3S
F6658-5789,C17H23N5O3S
F6439-1373,C14H16F3N3O2S2
F6512-5493,C17H24N4O4S
F6683-1047,C18H17Cl2FN2O2
F6604-2188,C18H21N7OS
F6435-9203,C17H23NO5S2
F6503-4549,C21H27ClN4O
F6435-2875,C19H20N2O5S
F6472-8351,C21H22F3N3O
F6258-2527,C15H16F3N3O4S
F6240-5006,C21H20N4O4
F6413-3487,C20H14N2O3S2
F5033-3660,C21H21N3O5
F3412-0056,C20H16ClN3O4
F6549-9094,C26H26N2O2
F6064-1376,C19H24N6O4
F6474-7120,C19H15Cl2N3O3
F6510-1655,C19H20FN3O4S
F6783-6115,C17H25N7O3S
F6514-2608,C17H19BrN2O3S
F6245-7287,C21H21FN4O2S
F6435-3462,C20H18BrNO4
F3406-5419,C23H23N5O3
F5075-5396,C23H18F2N4O2
F5822-0400,C22H22BrN3O
F1895-0905,C21H19ClN4O2S
F2815-0981,C22H20ClNO4S
F6737-9299,C18H18BrClN6
F5491-0015,C20H19ClFN3O3S
F6369-0484,C20H17F3N2O4S
F6435-7663,C23H20FNO5S
F5833-3573,C21H21FN4O4S
F6529-1096,C18H21ClF3N5O3
F0648-0902,C21H16ClN5O3S
F5305-1111,C26H20N6O3
F0630-1096,C22H24ClN3O3S2
F5317-0212,C25H23F4N3O3
