# All user editable compound information in the PCDL Manager compounds tab can be imported
# A minimum of formula or mass plus one identifier must be populated for compound import (recommended is formula and at least one other identifier, see examples)
# Multiple synonyms can be entered into the Synonyms column when separated by ';' (e.g. L-Isoleucine; 2-Amino-3-methylvaleric acid)
# All compounds will be assumed to be of a neutral ion type, unless a 1 is entered in the Cation or Anion column
Name,Formula
F6471-2716,C15H15N3O
F6610-0310,C15H19N3O
F6448-0780,C12H15N5O2
F3277-0102,C15H11N3O2
F6436-0819,C11H15N3O3S
F6550-6552,C14H16N4O2
F2145-0396,C14H17N3O3
F6660-4552,C13H18N4O3
F6560-4461,C13H23N5O2
F1657-1833,C10H8BrNO2S
F6494-0418,C14H13N3O4
F6512-1268,C15H16ClN3O
F2184-0322,C18H17N3O
F6246-1236,C16H14N4O2
F6789-3315,C13H20N4O2S
F6549-3492,C16H18N4O2
F6448-0882,C16H20N4O2
F6194-0083,C17H22N2O3
F6475-0866,C14H15N3O3S
F1174-0307,C16H17N7
F6512-0007,C16H14N4OS
F6559-1052,C16H16N4OS
F6211-0273,C15H14N4O2S
F6522-0483,C16H13FN2O2S
F6125-2809,C12H15ClN2O4S
F6747-5933,C16H25N5S
F6360-9185,C19H19N3O2
F2740-0323,C18H17N3O3
F6445-6849,C17H15N3O2S
F6441-5533,C19H22N2OS
F2716-0938,C15H15F3N2OS
F6814-3094,C17H17F2N5
F6573-8036,C16H17N3O3S
F6713-4696,C19H20N6
F5033-0914,C17H22N2OS2
F6807-7246,C19H21N5O
F2005-0206,C18H15N3O2S
F0196-0328,C19H18N2O4
F6562-2352,C19H21N3O3
F6673-4588,C19H24N4O2
F1016-0092,C15H19ClN2O3S
F5871-4523,C14H21N3O3S2
F3382-6897,C17H20N4O2S
F6658-5587,C17H23N5OS
F6200-0250,C14H21NO3S3
F5570-0957,C17H20N2O4S
F6372-0438,C20H19N3O3
F1736-0861,C20H17NO3S
F2359-0255,C18H20N6O2
F5126-0550,C18H18N4O2S
F6492-0506,C20H25N3O3
F6233-0475,C17H19N5O4
F6363-0634,C17H15ClFN5O
F6445-6941,C18H16FNO2S2
F5882-2919,C19H30N4O3
F3230-0076,C17H24N4O3S
F6436-2203,C17H13F3N2O2S
F6246-4938,C20H21N3O4
F6549-8888,C19H19N3O3S
F5016-1038,C20H26N4O3
F6799-8646,C17H20N6O2S
F0616-0037,C19H19ClN2O2S
F2073-0181,C20H26ClN3O2
F1773-0248,C19H23NO5S
F2740-0480,C22H26N4O2
F6619-6780,C18H17ClN8
F6249-0312,C20H23N5O3
F6478-3668,C20H18FN3O4
F8890-5950,C15H16ClN3O5S
F6604-9383,C21H18N6O2
F6443-5918,C19H17ClN2O3S
F6156-0656,C24H20FNO3
F6479-6054,C20H30N4O4
F2199-0434,C20H16N4O5
F6513-1094,C21H23N5O3
F6750-6477,C19H18ClN7O
F6529-6776,C19H32N4O5
F6761-0800,C21H20F2N4O2
F2232-0177,C23H20N4OS
F6562-0675,C20H26N4O3S
F6519-7923,C17H16BrN3O2S
F6619-7373,C19H23Cl2N5O
F6438-1758,C21H23N5O2S
F6155-0850,C17H15F3N4OS2
F3087-1157,C22H26N2O6
F6448-2373,C21H18F3N3O3
F3394-0620,C22H16N2O3S2
F5528-2302,C22H23FN6O2
F2060-0268,C23H27N3O3S
F6471-0186,C25H21FN4O2
F5024-0157,C22H26ClN3O4
F6436-2585,C23H25F3N2O3
F5615-0116,C24H27N3O3S
F6596-4178,C23H28N4O3S
F2617-0164,C24H30FN3O4
F6403-2529,C24H26N6O3
F3406-6476,C20H23ClFN5O2S
F3395-1271,C23H29F3N6O
F6389-3558,C23H24F3N5OS
F2880-3296,C25H24F3N3O4
