# All user editable compound information in the PCDL Manager compounds tab can be imported
# A minimum of formula or mass plus one identifier must be populated for compound import (recommended is formula and at least one other identifier, see examples)
# Multiple synonyms can be entered into the Synonyms column when separated by ';' (e.g. L-Isoleucine; 2-Amino-3-methylvaleric acid)
# All compounds will be assumed to be of a neutral ion type, unless a 1 is entered in the Cation or Anion column
Name,Formula
F6440-4156,C12H20N4O2
F5971-0067,C12H16ClNO3
F2580-0645,C12H8ClN3O2
F6806-7275,C12H19F3N2O
F6544-0525,C15H16N4O
F2134-0028,C14H12N2O2S
F6512-0206,C14H14ClN3O
F0365-0020,C13H14N2O3S
F6482-2328,C14H19NO3S
F6507-3653,C16H16N2O3
F2704-0212,C15H22N6
F6200-0029,C11H15NO2S3
F6571-6330,C12H21NO3S2
F6752-0728,C14H23N5O2
F6549-3665,C11H16N6O2S
F6572-0247,C13H16ClFN4O
F6571-5829,C15H16N4OS
F6473-2097,C15H18N4OS
F6031-0713,C17H24N2O3
F5641-0100,C16H13N5O2
F6764-3289,C17H19N5O
F6672-2252,C20H25NO2
F5658-0106,C19H23NO3
F5526-0179,C19H22FNO2
F6730-4704,C20H19N3O
F6481-3819,C16H21N3O2S
F6553-0223,C15H19N3O3S
F6748-8269,C15H18ClN3OS
F6597-0692,C19H24N4O
F6192-0467,C18H18N2O4
F5788-0112,C19H25N3O2
F6525-6750,C17H16FN3O3
F6573-4816,C15H14BrN3O
F6178-4864,C17H18F2N4O
F0758-0108,C18H13F3O3
F6808-1510,C15H18F5N3
F6415-0157,C15H16BrNO3
F2696-0692,C19H18N2O2S
F3088-0073,C20H18FNO3
F6495-1877,C18H20N4O3
F1386-0451,C21H27NO3
F2517-1281,C17H14ClN3O3
F2348-0271,C21H16N2O3
F6678-8695,C17H17F2N5O
F6031-1427,C19H26N2O4
F6473-7864,C17H17ClN2O4
F5338-0005,C15H19N5O3S
F6381-4677,C22H26N2O2
F6525-5331,C19H20N4OS
F5852-1905,C16H13ClF2N2O3
F6395-4218,C17H25NO5S
F6556-0502,C16H21Cl2N3O2
F3237-0753,C15H15Cl2NO3S
F6733-2411,C19H22F2N4O
F6514-6772,C18H18N8O
F6471-8535,C16H20N4O4S
F6658-6177,C20H23N5O2
F6448-2345,C18H17N5O4
F2199-0478,C18H12ClN3O4
F3305-0540,C20H23ClN4O
F6403-3118,C18H20N4OS2
F6245-4484,C19H27N5O3
F6448-2081,C20H17N5O3
F6415-0335,C16H18F3NO4S
F6178-4238,C19H21F3N4O
F3406-0168,C17H20N2O4S2
F6359-1847,C21H23N3O2S
F3328-0043,C19H17N3O4S
F5860-0319,C17H28N4O4S
F6403-3111,C19H22N4OS2
F6619-7068,C20H21N9
F6672-0921,C19H24BrN3O
F2659-0113,C22H22N4O3
F6255-0137,C17H18BrFN4O
F0396-0148,C22H23N3O2S
F6520-5452,C17H18FN3O3S2
F6166-0247,C23H20N6O
F5672-0034,C20H19FN4O2S
F3222-3322,C19H14ClFN4O3
F6709-4321,C20H17F3N4O2
F2971-0081,C23H24N4OS
F6579-7567,C23H30N6O
F6225-1337,C19H18F3N3O2S
F6445-3131,C24H21N5O2
F5492-0015,C21H20ClFN4O2
F6374-1839,C17H20ClNO3S3
F6443-9665,C20H20F3N5O2
F5075-3617,C21H19ClN6O2
F0695-0258,C21H19N3O3S2
F3406-9952,C20H20N4O3S2
F6734-1317,C20H22BrN3O3
F0763-0025,C21H23ClN2O4S
F6155-0848,C19H18F3N5O2S
F3398-4461,C22H24N4O2S2
F6279-0254,C21H24F3NO4S
F2337-5599,C20H23FN6OS2
F5591-0150,C24H27N5O4
F3398-0532,C22H16BrN5O2
F2211-0473,C28H27NO6
F0545-0813,C28H27N3O3S
