# All user editable compound information in the PCDL Manager compounds tab can be imported
# A minimum of formula or mass plus one identifier must be populated for compound import (recommended is formula and at least one other identifier, see examples)
# Multiple synonyms can be entered into the Synonyms column when separated by ';' (e.g. L-Isoleucine; 2-Amino-3-methylvaleric acid)
# All compounds will be assumed to be of a neutral ion type, unless a 1 is entered in the Cation or Anion column
Name,Formula
F6438-6820,C12H16FN3O2
F6543-1498,C14H19N5
F6482-3931,C12H15N5O2
F6554-2073,C14H16ClNO2
F6471-2819,C16H15NOS
F6125-2794,C14H16N4O2
F6660-4497,C14H17N3O3
F6411-5638,C18H18N2O
F6754-7056,C18H23N3
F2245-0216,C12H9Cl2NOS
F6573-6373,C14H13F4NO
F6724-4796,C15H16ClN3O
F3294-0022,C18H17N3O
F6719-4665,C16H14N4O2
F6400-0031,C13H20N4O2S
F6560-6757,C16H18N4O2
F6549-4881,C16H20N4O2
F6415-0079,C17H22N2O3
F1905-7677,C13H14F3NO4
F6562-7759,C17H22FNO3
F5094-0173,C16H14N4OS
F6439-3869,C16H16N4OS
F3398-1003,C17H12F2N2O2
F2646-0416,C16H16N2OS2
F2730-0582,C15H14N2O2S2
F6709-0284,C17H25N3O3
F6469-2200,C19H19N3O2
F5001-0994,C18H17N3O3
F6562-8288,C17H15N3O2S
F6573-2742,C16H18N6O2
F3324-0245,C17H16N2O3S
F5624-0014,C16H19N5O3
F6521-4175,C16H17N3O3S
F6689-3281,C16H21FN6O
F3375-2175,C16H19ClN4O2
F6677-1392,C19H21N5O
F6258-1461,C15H16FN3O3S
F1618-0665,C19H18N2O4
F2740-0118,C19H21N3O3
F6178-4877,C19H24N4O2
F6560-7423,C18H15FN2O2S
F6452-0234,C19H18FNO2S
F2539-0284,C19H18F2N2O2
F6814-6880,C17H23N5OS
F2135-1535,C17H12F3N3S
F5795-2077,C17H20N2O4S
F2199-0391,C20H19N3O3
F1677-0485,C20H17NO3S
F5614-0091,C18H20N6O2
F6381-1185,C18H18N4O2S
F6761-3007,C20H25N3O3
F6660-5910,C17H19N5O4
F2496-1118,C19H15F2NO4
F2340-0043,C17H13ClFN3O3
F6089-9719,C19H30N4O3
F6312-0236,C17H24N4O3S
F5857-3483,C17H13F3N2O2S
F6524-0535,C20H21N3O4
F5791-1362,C19H19N3O3S
F6497-0709,C20H26N4O3
F6814-3207,C17H17F5N4
F5854-2995,C19H19ClN2O2S
F6485-1984,C18H25N5O2S
F6805-9843,C19H21ClFN3O2
F2455-0030,C22H26N4O2
F8890-5874,C20H17FN4O3
F6513-1608,C22H24FN3O2
F6192-0191,C22H22ClNO3
F6560-2423,C17H16BrN5O
F6734-0804,C20H23ClN4O2
F6471-9340,C17H16N4O3S2
F6237-2759,C19H18F3N5O
F6619-7904,C21H26N8
F6471-9308,C17H20N4O5S
F6560-1247,C21H23N5O3
F6443-9555,C19H20F3N3OS
F6619-6871,C20H28N8O
F5048-0086,C18H21F3N4O3
F3406-6916,C20H21FN4O2S
F2302-0359,C25H23FN2O2
F6517-0184,C18H16BrNO5
F6512-7789,C14H25N5O5S2
F5003-0364,C21H23N5O2S
F5939-1145,C21H17ClN2O3S
F6497-1320,C23H22N6O2
F6286-0885,C21H18F3N3O3
F6472-4288,C20H18Cl2N2O4
F6504-1093,C24H27ClN4O
F5031-0179,C24H27NO6
F3358-0046,C25H24N4OS
F5111-0043,C22H26ClN3O4
F5618-0055,C25H26N2O5
F6445-1441,C24H27N3O3S
F6495-4063,C25H24N6O2
F6497-2918,C26H29N5O2
F2572-0097,C22H30N4O6
F3230-0122,C21H26ClN3O4S
F2629-0036,C19H18BrN3O4S
F2078-0232,C25H25N5O3S
F2665-0139,C28H29N3O3S
