# All user editable compound information in the PCDL Manager compounds tab can be imported
# A minimum of formula or mass plus one identifier must be populated for compound import (recommended is formula and at least one other identifier, see examples)
# Multiple synonyms can be entered into the Synonyms column when separated by ';' (e.g. L-Isoleucine; 2-Amino-3-methylvaleric acid)
# All compounds will be assumed to be of a neutral ion type, unless a 1 is entered in the Cation or Anion column
Name,Formula
F2189-0056,C12H14N2O2S
F6616-3495,C14H13N3S
F6540-9052,C11H12F3N3O
F3257-0438,C18H18N2
F0307-0684,C14H19ClN2O
F6724-4104,C14H14N4O2
F6661-1021,C12H17F2N3O2
F6521-4074,C15H20N2O3
F6031-0452,C14H21N3O3
F6355-0103,C13H11ClFNO3
F6562-5918,C15H27NO2S
F6400-1541,C13H25N3O2S
F1830-0035,C14H14N2O3S
F6549-6502,C17H16N4O
F6556-4279,C14H17NO4S
F6284-0146,C16H15N3O3
F0589-0290,C16H17N3OS
F6489-0299,C14H15N5O3
F5526-0022,C17H18FNO3
F6475-7352,C12H13F3N2O2S
F1723-0012,C15H20N2O5
F6482-2244,C16H26N2O4
F6725-0326,C18H24N4O
F6748-1272,C17H22N4O2
F6201-0492,C18H24N2O3
F6560-6728,C19H18N4O
F5825-0174,C15H20N4O2S
F6451-2836,C16H19ClN2O3
F6476-2010,C14H17BrN2O2
F6444-0403,C15H23N3O3S
F6430-0580,C16H14ClN5O
F6444-6313,C17H20N4O3
F6524-5573,C14H14N6O2S
F6559-1109,C21H21N3O
F1591-0580,C16H19N3O3S
F6471-6677,C19H27FN2O2
F2189-0194,C19H16N2O4
F2434-1265,C19H19N3O3
F6796-8873,C18H22N6O
F6438-1825,C14H17ClN4O2S
F6436-2773,C14H14F3N5O2
F5672-0224,C19H22N2O2S
F5788-3126,C18H21N3O4
F6553-7103,C17H12ClNO3S
F9995-0196,C20H15ClN4
F5323-0137,C17H21N3O3S
F6482-2313,C18H24N2O5
F3386-4131,C16H15ClN2O3S
F2279-0482,C17H25N3O3S
F5028-0047,C20H19NO3S
F2271-0102,C21H26N2O3
F6725-0022,C18H20N4O2S
F6415-1266,C18H18N2O2S2
F6560-8657,C24H25NO2
F6671-3387,C17H23N5O2S
F6485-0501,C17H21N3O4S
F6184-0681,C17H19NO4S2
F6729-7328,C19H19FN6O
F6473-6383,C17H15F3N2O4
F6814-3076,C20H21F2N5
F6439-4767,C17H20F3N3OS
F5939-1185,C18H16ClN3O2S
F6250-0475,C20H23FN2O4
F6675-8510,C17H15F3N6O
F6713-1333,C20H31N3O2S
F0631-0436,C16H21N5O2S2
F6791-8003,C20H24N6O2
F5098-0573,C24H18N2O3
F6178-5062,C21H29N5O2
F6473-1376,C20H23N3O3S
F6562-1055,C19H18ClN3O2S
F6471-2333,C22H20N4O3
F3382-6690,C18H15FN2O3S2
F3398-3976,C20H17N5O4
F5088-3003,C21H24N6O2
F6111-1678,C20H21ClF2N2O2
F6609-6026,C21H25N5O3
F6439-3601,C19H22F3N3OS
F6523-3305,C20H18ClN3O4
F6786-5583,C17H18F3N3O3S
F3385-5558,C24H21NO5
F6526-1333,C19H27N5O3S
F2051-0650,C19H21ClN2O4S
F5066-0057,C21H22N4O3S
F2787-0038,C17H11ClF3N3O2S
F6481-1164,C23H26FNO3S
F5583-0072,C19H22N4O3S2
F2135-1582,C18H13Cl2N3O3S
F6523-0823,C22H25N5O2S
F2902-0581,C21H26N6O2S
F6411-1422,C24H23N5O3
F6523-1923,C23H24N6OS
F6525-1793,C24H26ClN5O
F6245-6484,C23H26N4O5
F0696-4230,C27H31N5O
F1757-0491,C18H18Cl2FN3O3S
F3222-4822,C17H16ClF3N4OS2
F0533-0663,C23H22ClN3O3S
F1420-1581,C23H21N3O4S2
F0542-0081,C25H25N3O5S
