# All user editable compound information in the PCDL Manager compounds tab can be imported
# A minimum of formula or mass plus one identifier must be populated for compound import (recommended is formula and at least one other identifier, see examples)
# Multiple synonyms can be entered into the Synonyms column when separated by ';' (e.g. L-Isoleucine; 2-Amino-3-methylvaleric acid)
# All compounds will be assumed to be of a neutral ion type, unless a 1 is entered in the Cation or Anion column
Name,Formula
F1913-4405,C9H6F4O4
F3146-0091,C15H14O4
F6543-1037,C11H23N3O2S
F3320-0831,C16H15N3O
F6439-3279,C12H19N3O2S
F0915-0752,C15H20N4O
F6562-7497,C16H21NO3
F0915-7436,C16H23FN2O
F6755-4020,C16H14N2OS
F2145-0249,C12H10F3N3O2
F5857-3413,C14H16F3NO2
F6204-0423,C16H19NO2S
F2382-0162,C14H21N5O2
F6609-8788,C18H18N2O2
F5854-4892,C15H24N2O2S
F6619-7139,C17H22N4O
F6483-0276,C18H24N2O2
F3394-0137,C12H8ClF2NO2S
F0131-0024,C18H15N3O2
F2145-0918,C12H9BrN2OS
F6562-9297,C16H14N4O3
F1913-1528,C14H20N2O4S
F6516-1008,C17H15FN2O3
F6573-7416,C15H16N4O2S
F6478-6142,C15H15ClN4O2
F3068-0107,C16H14Cl2N2O
F1318-0142,C17H24ClN3O
F6561-6352,C17H17N5O2
F6240-7439,C16H15N5OS
F3386-0117,C16H26N2O3S
F6471-2609,C18H17ClN2O2
F2135-1572,C18H23N3OS
F5791-1459,C17H13N7O
F6553-7184,C16H12ClNOS2
F6414-3514,C17H19FN2O4
F1911-9776,C18H29N3O3
F6496-1556,C16H14F3N3O2
F5771-1274,C18H18N4O3
F6550-6301,C18H21N5O2
F6660-1191,C16H11N3O2S2
F6443-4293,C18H18N2O3S
F5882-5945,C16H17N5O2S
F6675-6868,C15H19F3N4O2
F6472-7687,C22H23N3O
F6510-2766,C16H17N3O4S
F5860-3678,C16H20N4O3S
F6438-2281,C19H19N5O2
F6252-5521,C16H13N7O3
F5882-3043,C20H24N4O2
F6709-4224,C16H17F3N4O2
F0867-0018,C15H17ClN2O2S2
F6507-1347,C17H27NO5S
F2547-0097,C16H25NO4S2
F6517-2294,C17H19N3O2S2
F3097-6264,C17H18BrNO3
F6456-1624,C18H20N8O
F5857-4544,C18H20Cl2N2O2
F6515-0381,C21H25N3OS
F6259-0773,C18H19N5O2S
F6561-5925,C16H14BrN5O
F6472-8942,C17H25FN2O4S
F6445-5264,C22H18N2O2S
F6438-2567,C22H25N5O
F6442-1839,C18H23N3O4S
F6574-1999,C16H14ClN3O2S2
F6524-6220,C18H24N2O5S
F6279-0172,C23H31N3O2
F6789-7976,C19H21N5O2S
F1438-0053,C17H24BrNO4
F6414-3963,C21H26N2O3S
F6560-1121,C19H20N2O3S2
F6761-7712,C18H18F3N7
F6258-1228,C17H18BrN3O3
F6556-6550,C18H24N4O2S2
F6783-7264,C22H27N5O2
F3411-7496,C23H17N5O2
F5526-0571,C18H17Cl2NO5
F6454-2504,C21H26N4O2S
F6796-8718,C20H19F3N6
F6523-4653,C23H26N6O
F6171-0396,C17H18F3NO5S
F6752-3955,C20H23F2N3O2S
F8890-4070,C22H27N5OS
F0147-0151,C21H20N2O5S
F6559-3655,C19H28F2N4O4
F6605-0205,C18H23N7O3S
F6411-1517,C20H16F4N4O2
F6617-6470,C19H14BrN5O2
F6513-2032,C24H35N5O2
F5614-0563,C26H28N4O2
F6476-4419,C24H25N5O3
F6478-3982,C14H15BrFN3O3S2
F6439-2670,C27H27N5O
F0696-2647,C19H12ClF4N3O3
F2468-0391,C21H20N2O5S2
F5245-0047,C23H17N3O3S2
F3382-5679,C23H21ClN4O4
F3394-0954,C26H29N3O3S
F6279-0006,C22H25FN4O3S2
F3406-3846,C27H25FN4O4
