# All user editable compound information in the PCDL Manager compounds tab can be imported
# A minimum of formula or mass plus one identifier must be populated for compound import (recommended is formula and at least one other identifier, see examples)
# Multiple synonyms can be entered into the Synonyms column when separated by ';' (e.g. L-Isoleucine; 2-Amino-3-methylvaleric acid)
# All compounds will be assumed to be of a neutral ion type, unless a 1 is entered in the Cation or Anion column
Name,Formula
F6608-3059,C12H19N3O3
F5871-3519,C13H10N2O2S
F6544-1086,C13H16FN5
F3331-3234,C17H15NO2
F6791-7048,C14H12FN5
F6550-4666,C13H16N6O
F6810-1179,C13H17N5O2
F6395-2853,C15H22N2O3
F6790-2015,C11H15BrN4
F6610-7181,C12H10F3N3S
F6681-3520,C15H14FN3O2
F6438-2037,C14H15N3O4
F6807-7385,C17H17N5
F6799-8758,C13H18N4O2S
F6515-3438,C15H16N6O
F6222-0355,C15H18N6O
F6484-2057,C16H20N4O2
F6806-6306,C15H22N6O
F3385-5747,C19H15NO3
F6755-0152,C19H21N3O
F6222-0039,C14H13F3N4O
F5831-2233,C15H15F3N2O2
F6560-6064,C13H13F3N4O2
F3157-0455,C16H16N2O3S
F6573-7761,C14H14N4O3S
F6439-5503,C12H9BrN4O2
F6512-1109,C18H19N5O
F5058-0029,C18H17N3O3
F6561-3367,C16H20ClNO2S
F6089-6190,C19H22N2O3
F3358-0112,C17H16N2O3S
F6445-6229,C21H19N3O
F6485-0116,C17H18ClN3O2
F6813-8133,C18H25FN4O
F6359-3086,C16H16F2N4O2
F6619-3950,C18H21N7
F6559-1591,C14H18F3NO3S
F6606-5041,C16H17F3N4O
F6473-8822,C19H21N3O3
F5095-0180,C20H28N4O
F6439-4946,C14H13F3N4O3
F6312-0140,C18H18ClN3O2
F6473-7877,C18H20N2O5
F6619-7456,C16H20FN7O
F3116-0090,C17H18ClN3OS
F3385-6057,C19H16N4O3
F6519-3840,C17H23N3O3S
F6475-7343,C19H17N3O2S
F5097-0743,C21H24N2O3
F6412-1916,C17H17F3N2O3
F6658-5637,C20H29N5O
F6526-0345,C19H23N3O2S
F2493-3192,C18H15F2N3O3
F6435-9155,C18H19NO3S2
F6418-2551,C17H14ClNO2S2
F6471-0806,C19H20N6O2
F8890-5868,C18H11FN4O4
F6795-1625,C17H20F3N5O
F1787-0952,C20H19NO6
F6796-9209,C20H27FN6
F6178-7587,C18H23F3N2OS
F6036-0429,C20H14N4O4
F3225-7581,C23H25N3O2
F6436-1440,C21H19N3O4
F6712-4048,C23H30N4O
F6521-8488,C19H19F3N2O3
F6279-0151,C22H27N3O3
F3406-6963,C20H21N3O3S
F1897-1021,C19H16FN3OS2
F6200-3145,C24H22N2O3
F5857-3709,C17H13F5N2O3
F6359-3736,C20H24ClN3O3
F2700-0216,C16H13N3O5S2
F6357-1202,C19H24N2O3S2
F6438-3259,C20H23N7O2
F6439-2022,C21H21N3O3S
F6415-1094,C17H16ClNO4S2
F6563-0110,C22H26N2O3S
F6443-5740,C23H20N4O3
F5999-0002,C21H22N8O
F6415-1471,C19H19NO5S2
F6539-2279,C19H25N3O3S2
F2600-0053,C26H23N3O2
F6261-4046,C19H17ClN6OS
F6454-2811,C21H29F3N2OS
F2372-0251,C21H24ClN3O4
F6529-0529,C19H21ClN4O3S
F6225-0967,C24H30N4OS
F6425-0143,C24H23N7O
F6565-4589,C22H28N4O3S
F6436-1768,C23H29NO5S
F6612-0051,C23H26N6O3
F5016-1114,C22H26F3N3O3
F6712-4073,C24H32N4O4
F6276-2502,C18H15F3N2O4S2
F3411-3908,C20H14ClNO5S2
F2727-0879,C16H15Cl3N2O3S2
F2927-1525,C23H21N5O4S
F3398-2683,C21H21ClN4O3S2
F3398-0448,C22H15F3N4O4S
