# All user editable compound information in the PCDL Manager compounds tab can be imported
# A minimum of formula or mass plus one identifier must be populated for compound import (recommended is formula and at least one other identifier, see examples)
# Multiple synonyms can be entered into the Synonyms column when separated by ';' (e.g. L-Isoleucine; 2-Amino-3-methylvaleric acid)
# All compounds will be assumed to be of a neutral ion type, unless a 1 is entered in the Cation or Anion column
Name,Formula
F1618-0519,C12H16N2O2S
F5852-0347,C13H24N2O3
F6573-4935,C15H20N2O2
F5791-2745,C12H13FN4O2
F6530-6000,C14H12N4O2
F6672-2026,C16H21N3O
F6608-3099,C15H22N4O
F5831-9257,C16H23NO3
F6442-1970,C10H19NO4S2
F6435-9041,C12H16N2O4S
F6806-6668,C14H18N6O
F6708-8629,C20H20N2
F6436-3550,C15H17NOS2
F1016-0273,C16H23NO2S
F2158-0853,C13H17ClN4S
F6225-0167,C15H14N4OS
F6609-4611,C16H16N2O2S
F5973-0042,C13H19ClN2O4
F2783-0445,C16H20N2O4
F6516-0228,C15H17NO4S
F3250-0738,C18H19N3O2
F6464-1307,C16H25NO3S
F6752-3397,C14H23N3O3S
F3055-0726,C18H21NO4
F9994-5228,C16H19N3O4
F5857-0440,C17H18FNO4
F6479-3169,C14H16ClN5O2
F6516-1765,C18H13NO3S
F6031-0294,C15H24N4O2S
F6475-6653,C18H18N2O2S
F6801-8129,C17H21N5O2
F6791-8342,C16H16ClN5O
F6262-3546,C17H22N4O3
F6475-6618,C16H20N4O2S
F6524-0453,C16H12ClFN2O3
F6502-2775,C16H21N3O3S
F6747-5734,C20H24N4O
F2300-0211,C18H14N2O5
F6739-7725,C16H16F3N3O2
F6784-2731,C17H17FN6O
F6606-2187,C18H23N5O2
F6469-2985,C17H14ClN3OS
F6471-3680,C16H16N4O3S
F5461-1089,C18H20FN3OS
F6258-2952,C17H22N4O4
F1822-0584,C19H12N2O3S
F6516-0869,C16H19N3O4S
F6570-2584,C20H22N4O2
F5791-1072,C20H20N2O2S
F6676-1168,C21H27N3O2
F3334-2537,C19H18FN3O3
F6436-1997,C19H19NO2S2
F6819-5560,C21H22N6
F6818-1162,C17H18F2N6O
F6680-3260,C20H18N4O3
F6443-8013,C18H21ClN2O2S
F6682-6634,C21H23N3O3
F6411-1213,C18H17N5O2S
F6796-4024,C19H28N8
F1128-0171,C20H22N2O3S
F6276-1352,C17H16N4O4S
F6240-2237,C18H23N5O4
F6414-0180,C20H22ClNO4
F3406-0316,C14H14F3N3O4S
F6734-1526,C21H19FN4O2
F6465-0042,C16H17BrN2O4
F3407-5178,C20H20ClN5O
F6415-1116,C17H15F2NO3S2
F6560-6243,C20H24N4O2S
F6261-2142,C20H19FN2O3S
F6678-8698,C22H21N5O2
F6524-4010,C18H19N3O3S2
F6436-1180,C21H21F3N2O2
F0821-0387,C18H14BrFO4
F5491-0073,C18H23N3O5S
F6764-0802,C16H18BrN3O2S
F6785-6527,C17H19F3N6O2
F3247-0082,C17H22N2O5S2
F0850-4783,C16H8BrF3O4
F3398-3725,C23H18N2O3S
F1483-0024,C20H24N2O5S
F6619-6302,C22H26N6S
F5913-0493,C18H14F3N3O3S
F0541-1407,C22H22FN3O2S
F3374-0029,C18H17F3N2O4S
F6368-0032,C23H24N6O2
F0694-0276,C23H21N3O3S
F3222-4642,C22H19ClN4OS
F5755-0044,C27H28N4O
F5097-1165,C20H17BrN2O2S
F5754-0081,C27H34N4O
F2898-4756,C19H19BrN2O3S
F6276-2130,C19H14F3N3O4S
F6525-6511,C22H21ClN4O2S
F0676-0522,C21H16F3N5OS
F3382-4557,C21H20ClFN4O2S
F8890-2055,C23H20FN5O4
F2660-0076,C21H21BrN2O3S
F3398-1367,C25H24N6O4
F2686-0407,C22H27F3N4O3S
