# All user editable compound information in the PCDL Manager compounds tab can be imported
# A minimum of formula or mass plus one identifier must be populated for compound import (recommended is formula and at least one other identifier, see examples)
# Multiple synonyms can be entered into the Synonyms column when separated by ';' (e.g. L-Isoleucine; 2-Amino-3-methylvaleric acid)
# All compounds will be assumed to be of a neutral ion type, unless a 1 is entered in the Cation or Anion column
Name,Formula
F6789-0432,C14H22N2O2
F5964-0101,C16H17NO2
F6215-0323,C14H17N3O2
F6090-0267,C12H13N3O2S
F2157-1474,C10H10BrN3O
F6525-5637,C15H18N4O
F6464-0900,C17H23NO2
F6677-6732,C11H10F3NO2S
F5860-3563,C13H16N2OS2
F6561-1750,C12H17N3O3S
F5837-0077,C15H14N2O2S
F6502-5979,C13H12N4O2S
F6522-1507,C15H18N2O2S
F6258-1945,C15H24N4O2
F1403-0071,C18H17NO3
F6191-0471,C14H20ClN3O2
F6475-0262,C16H17N3O3
F2289-0088,C16H19N3O3
F6619-5505,C14H18FN7
F6244-1339,C16H19ClN2O2
F6755-0607,C19H24N4
F6436-3602,C13H17N3O2S2
F5761-0190,C13H10F3N3O3
F2733-0126,C15H13N3O3S
F3088-0077,C15H12FN3O2S
F6556-5450,C18H26N2O3
F6804-7520,C17H24N2O2S
F6244-1950,C16H22N2O3S
F6681-3370,C18H16N2O2S
F6801-3388,C19H23N3O2
F6435-1965,C18H18ClN3O
F6680-8555,C19H24N2O3
F6495-2636,C16H18N4O2S
F6782-7110,C16H10Cl2N2O2
F5823-0110,C17H20FN3OS
F6516-0784,C16H14FNO4S
F5687-0038,C15H20N4O3S
F6502-1251,C18H19N5O2
F6745-0449,C13H11F2N5S2
F6212-0348,C17H16N4O2S
F6443-8085,C18H19N3O2S
F6472-8587,C17H21F3N2O2
F5013-0475,C19H22FN3O2
F6512-0487,C14H14F3N3O2S
F6481-1419,C18H19FN2O2S
F6491-2329,C16H21N5O2S
F5669-0160,C17H28N6O2
F6525-2088,C17H14N6OS
F6791-7256,C18H21N7O
F6743-9810,C16H23N3O2S2
F0918-3203,C16H14BrN5
F6497-0898,C15H24N4O4S
F3053-0542,C19H19ClN2O3
F5088-3446,C16H17BrN4O
F6795-3473,C20H23N7
F6809-6791,C20H18FN5O
F6481-0138,C19H18F3NOS
F6658-4685,C19H22N6O2
F5855-0049,C21H21ClN2O2
F2493-0167,C18H15BrN2O2
F6795-0624,C17H21N7OS
F3407-0116,C17H16ClN5O3
F6452-2496,C21H27FN2O3
F3225-1078,C21H20N4O3
F6442-0584,C17H18N2O4S2
F3411-8257,C22H21NO5
F1374-1060,C19H12ClN3O2S
F5773-3160,C20H22N4O2S
F6475-7865,C17H15F3N2O3S
F0679-0618,C19H23N5O4
F3344-0039,C19H21N3O2S2
F6783-7160,C18H24N6O2S
F6508-0074,C18H18N2O6S
F5614-0501,C21H21N5OS
F6510-3273,C15H12FN5O3S2
F3371-0029,C21H22N4O2S
F5241-0038,C15H17BrN4O4
F3406-1348,C22H21F2N3O2
F6549-2571,C18H20F3N3O2S
F3406-9228,C23H19N3O4
F6783-7116,C19H25N5O3S
F6480-4304,C13H19BrN4O4S
F5775-0079,C20H19F3N2O4
F5825-0180,C22H26N4O2S
F6788-7471,C19H19N5O2S2
F5016-3408,C23H30FN3O3
F5023-0115,C21H26N2O5S
F6252-1622,C22H17ClFN5O
F2788-0038,C18H12ClF3N4OS
F6445-3899,C20H18ClN5O2S
F1804-0204,C18H17F3N2O3S2
F2638-0126,C22H16BrN3O2
F0682-0905,C21H17ClN6OS
F6561-5298,C21H23Cl2NO3S
F2850-0287,C23H23ClN2O3S
F6245-1810,C19H22F3N3O4S
F6094-0768,C22H20N6O3S
F3222-5334,C24H20N6O4
F3111-1450,C23H28N6OS2
F3195-0038,C27H32N2O4S
