# All user editable compound information in the PCDL Manager compounds tab can be imported
# A minimum of formula or mass plus one identifier must be populated for compound import (recommended is formula and at least one other identifier, see examples)
# Multiple synonyms can be entered into the Synonyms column when separated by ';' (e.g. L-Isoleucine; 2-Amino-3-methylvaleric acid)
# All compounds will be assumed to be of a neutral ion type, unless a 1 is entered in the Cation or Anion column
Name,Formula
F6755-1589,C12H14FN3S
F6608-1740,C9H9BrN2O2
F6559-1717,C12H22FN3O2
F2185-0141,C13H17N3OS
F5834-4046,C15H13N3O2
F6661-7978,C13H15ClFNO2
F6562-8345,C14H14N2O2S
F6356-0595,C15H16ClNO2
F6560-2310,C14H12N6O
F6512-0009,C16H17N3O2
F6516-4154,C14H14N4O3
F2158-0379,C14H16N4OS
F2373-0923,C15H18N2O4
F6275-0227,C12H14F3NO2S
F6550-1718,C16H19F2NO2
F6675-7412,C17H19N3O2
F6381-4218,C17H18FN3O
F6755-2720,C17H23N3S
F6439-4925,C11H11F3N4OS
F6764-3278,C18H18N4O
F6190-1129,C15H16ClNO4
F6476-2415,C17H14FN3O2
F6802-6945,C13H16FN3O3S
F6713-4907,C14H14ClN7
F6609-0176,C17H19NOS2
F1358-0101,C15H13NO5S
F1911-9794,C16H24N4O3
F6446-0348,C17H18N6O
F6806-8319,C15H20N2O4S
F2413-0053,C14H12Cl2N2O3
F6721-9349,C17H18ClN5
F6443-1054,C20H28N2O2
F6211-0075,C16H18N4O4
F0676-0341,C15H13FN4O2S
F6262-1839,C20H19N3O2
F6240-7422,C17H13N5OS
F5865-0176,C16H16N8O
F2879-6312,C20H23N3O2
F2240-0315,C15H15ClFN3O3
F6482-6168,C18H14F2N4O
F6724-0104,C17H19N5OS
F6564-3294,C18H22N4O3
F6089-9798,C18H25N5O2
F6573-8026,C17H16FN3O2S
F6443-5260,C21H18N2O3
F6619-7616,C17H17N9
F6610-2077,C14H16BrN5O
F6468-0053,C19H18N4OS
F6445-1533,C13H13BrN4OS
F5596-0070,C19H19N3O4
F2382-0340,C16H19Cl2N3O2
F6190-1189,C20H24N2O4
F6178-6527,C19H22N2O3S
F5268-0489,C19H18ClFN2O2
F1316-0093,C18H13F3N2OS
F6656-4453,C20H21N5O2
F2707-0133,C21H20ClN3O
F6790-2872,C21H30N6
F2487-0146,C17H24N2O5S
F3382-6669,C18H15ClN4O3
F5823-0093,C21H26ClN3O
F6471-8223,C17H19N5O3S
F3394-0356,C17H17N3OS3
F6764-1985,C22H21FN4O
F6444-1964,C18H19FN2O4S
F3348-0060,C21H22ClN5
F6436-2296,C18H17F2NO4S
F6597-2560,C18H21F3N4O2
F6476-3227,C18H16F4N2O3
F6792-4217,C19H24FN7O
F5967-0208,C19H21N3O4S
F5528-1294,C23H24N4O2
F5033-3658,C20H20ClFN2O3
F6445-7763,C21H21N5O3
F6523-0322,C17H14F3N5OS
F6491-2516,C21H22N4O4
F6514-2604,C18H21ClN2O4S
F6788-4066,C20H21F2N7
F2528-0410,C20H21N3O6
F6441-4441,C22H27NO4S
F6523-0783,C24H29N5O
F5259-0204,C21H18N4O3S
F6247-0998,C22H24N4O2S
F6570-2657,C23H30N4O3
F6514-2664,C21H23N3O4S
F2434-1647,C22H16N4O3S
F3342-0440,C22H30N2O4S
F3411-8445,C23H23N3O3S
F1094-0301,C22H20N2O5S
F5254-0236,C22H22FN3O3S
F6295-1021,C21H23ClN4O2S
F6195-1575,C22H19N5O3S
F2049-0271,C24H24N2O4S
F5591-0705,C22H22ClN5O3
F5857-2988,C24H21F3N2O3
F6594-0622,C22H27N3O5S
F6442-7087,C24H27ClF2N2O2
F6548-2705,C23H24ClN3O5
F5729-0645,C24H22F3N5O2
F3395-1266,C23H27ClF3N5O
