# All user editable compound information in the PCDL Manager compounds tab can be imported
# A minimum of formula or mass plus one identifier must be populated for compound import (recommended is formula and at least one other identifier, see examples)
# Multiple synonyms can be entered into the Synonyms column when separated by ';' (e.g. L-Isoleucine; 2-Amino-3-methylvaleric acid)
# All compounds will be assumed to be of a neutral ion type, unless a 1 is entered in the Cation or Anion column
Name,Formula
F6616-2287,C14H12N4O
F6089-5579,C10H8ClNOS2
F6680-8996,C15H20N2O2
F6514-7643,C12H16N4OS
F6549-1172,C11H16N4O2S
F6608-1130,C16H21N3O
F0848-0239,C13H10BrNO
F6546-1706,C15H23N3O2
F6789-6384,C13H13F2N3S
F6524-0966,C14H12N4O3
F6565-4949,C14H18N6O
F6482-3983,C14H20N6O
F6616-7034,C14H14ClN3O2
F1699-0018,C13H19N5O3
F6709-3972,C13H11F3N4O
F6525-5518,C15H14N4OS
F6556-7797,C16H16N2O2S
F0699-0008,C19H14N2O2
F6554-6044,C16H20N2O4
F6730-0052,C15H12F3N3O
F3379-1032,C18H19N3O2
F6801-7980,C18H21N3O2
F6414-1053,C19H20FNO2
F6724-3827,C16H18FN5O
F5871-3563,C16H19N3O4
F6190-1601,C17H21NO3S
F3394-0163,C14H18F3NO2S
F3375-1864,C16H10FN5S
F6556-3096,C17H22F2N2O2
F6507-5951,C15H19FN2O3S
F6549-6568,C17H21N5O2
F3316-0114,C13H19N3O5S
F0696-4709,C16H22N6O2
F6477-3231,C16H20N4O2S
F2879-3959,C16H15ClN2O2S
F6441-5492,C18H25NOS2
F6730-0277,C20H24N4O
F6125-3138,C15H18N2O5S
F6793-7274,C16H16F3N3O2
F1406-0001,C16H24N2O4S
F6257-5170,C18H23N5O2
F6554-8691,C14H17NO5S2
F6274-0254,C16H16N4O3S
F6549-7227,C17H19N3O5
F6529-1678,C17H22N4O4
F6549-6392,C15H17BrN4O
F6257-6207,C16H17ClFN5O
F6756-2675,C20H22N4O2
F6253-2377,C20H20N2O2S
F6454-0117,C21H27N3O2
F0596-0006,C19H21N3O2S
F6680-0864,C14H14F3N5OS
F6619-3806,C18H26N6S
F3225-0995,C21H20N4O2
F5033-0818,C19H23ClN2O3
F6518-4367,C18H15F3N2O3
F6573-7308,C21H23N3O3
F3350-0955,C17H16F3N3O3
F0544-0002,C13H12BrN3OS2
F6783-7347,C15H17F3N6O2
F0018-0196,C22H16N2O2S
F5754-0121,C21H22F3N3
F0594-0753,C18H21N3O4S
F5834-4793,C18H17Cl2N3O2
F0874-0016,C20H24ClFN2O2
F6276-1212,C16H11F3N4O2S
F6438-2146,C17H23N3O5S
F6510-0986,C16H15ClFN3O3S
F6474-0316,C21H24N2O5
F6524-5770,C18H13F3N6O
F6469-2168,C22H21N5O2
F5529-0173,C17H18F3NO4S
F6438-3613,C18H23ClN6O2
F0651-0394,C17H17BrN2O2S
F2442-0433,C18H21ClFN5O2
F6517-0177,C18H15Cl2NO5
F6512-5507,C16H24N6O4S
F6734-1017,C17H17F3N4O2S
F0359-0200,C19H13ClN2O2S2
F6672-0967,C19H23BrN4O
F6454-2510,C20H22ClFN4O2
F6529-3351,C23H26N4O3
F6435-9213,C17H19ClF3NO3S
F6178-5470,C22H25N3OS2
F5581-2534,C20H19ClN4O2S
F6594-1228,C22H24N8O
F6372-2018,C23H21N3O3S
F6277-0067,C19H17F3N4O2S
F6440-2866,C24H29FN4O2
F6713-4922,C14H12BrF3N8
F6442-2791,C18H16Cl3NO3S
F5250-0632,C17H16BrFN6O2
F5494-0191,C19H20FN3O2S3
F6469-1435,C25H17FN4OS
F3406-6541,C19H23ClFN3O4S
F5558-0063,C20H20Cl2N6O2
F6608-3691,C20H27N5O3S2
F1710-0049,C21H15F3N4O3S
F2571-0324,C24H32N4O4S
F2255-1229,C28H28N4O4
