# All user editable compound information in the PCDL Manager compounds tab can be imported
# A minimum of formula or mass plus one identifier must be populated for compound import (recommended is formula and at least one other identifier, see examples)
# Multiple synonyms can be entered into the Synonyms column when separated by ';' (e.g. L-Isoleucine; 2-Amino-3-methylvaleric acid)
# All compounds will be assumed to be of a neutral ion type, unless a 1 is entered in the Cation or Anion column
Name,Formula
F1917-5680,C13H21N3O2
F6545-0072,C15H16N2O2
F6709-4101,C14H16N2OS
F1923-1146,C11H11F3O2S
F9995-1004,C12H9ClO3S
F6496-0789,C15H17N3O2
F6512-0037,C14H18N4O2
F6724-1396,C14H19N3OS
F6438-3753,C12H20N6O2
F6110-1862,C15H29N3O2
F6178-3985,C15H18N4O2
F5600-0063,C15H17FN4O
F6753-2629,C15H22N4O2
F3374-0627,C17H15N3O2
F3371-0883,C12H12N2O3S2
F6215-0189,C11H11BrN2O3
F6512-9148,C10H9BrN2O2S
F6415-0808,C15H14N2O3S
F1115-0203,C19H16N2O2
F2824-0002,C13H11Cl2N5
F6561-4715,C19H19NOS
F2879-3804,C14H21N3O3S
F6473-0822,C17H19N3OS
F6436-2302,C18H18FNO3
F6753-4114,C16H19N3O2S
F6524-2418,C15H17N3O3S
F6510-3772,C14H15N3O4S
F6743-8108,C17H30N4O2
F6672-1428,C19H20N2O3
F6573-4785,C18H15FN2OS
F8890-5828,C19H21NO4
F6802-9504,C14H14F3N3OS
F6523-1830,C17H22N4OS
F6436-3449,C17H20N2O3S
F6556-5767,C18H27N3O3
F6184-1231,C16H21N3OS2
F5823-0234,C18H20N6O
F2879-7426,C16H13ClF2N2O2
F6448-2038,C15H18FN3O3S
F5772-8774,C18H17FN4O2
F6471-5599,C14H23N5O3S
F6712-3192,C18H26N6O
F6524-0030,C16H13ClN4O3
F6510-2162,C14H20FN3O4S
F6502-3178,C17H22N4O2S
F2880-1242,C22H25N3O
F2463-0120,C17H19NO5S
F6597-0718,C16H22N4O3S
F6445-0059,C20H17ClN2O2
F5098-0475,C20H23N3O3
F2879-6342,C19H15F2N3O2
F6556-8759,C18H15NO3S2
F5003-0637,C17H22N6OS
F6445-2414,C22H20N2OS
F6495-5563,C15H18N6O3S
F1756-0334,C17H17ClN2O3S
F5763-0174,C19H19N5O3
F5012-0144,C17H18FNO5S
F0521-0318,C22H20N6
F6442-1422,C17H23ClN2O3S
F2496-3032,C18H10F2N2O3S
F6258-1483,C19H23N3O3S
F0596-0010,C21H17N3O2S
F2670-0118,C24H28N2O2
F6125-2515,C20H18N4O4
F6482-2179,C20H29NO6
F6658-5685,C17H23N3O3S2
F5871-2344,C18H30N4O3S
F6679-1971,C20H18F2N4O2
F3328-0100,C19H13F3N4S
F6481-3468,C21H25NO4S
F6521-8054,C16H20ClNO4S2
F6480-5367,C18H22N4O4S
F2392-1372,C20H29N3O3S
F5005-0092,C18H23N3O3S2
F6503-4081,C22H26N4O3
F5889-0029,C21H21ClN4O2
F6557-2148,C17H19ClN2O3S2
F6454-1204,C17H26FN5O3S
F2609-4216,C15H19ClN4O3S2
F6475-4491,C20H21ClN2O5
F6597-2789,C18H25F3N2O3S
F6796-3416,C23H32N6O
F5833-3554,C21H18FN3O3S
F6442-7055,C23H28FN3O3
F6734-0163,C20H19F3N6O
F6374-5635,C18H20F3NO3S2
F6783-6665,C23H27N5O3
F1866-0123,C22H24N4O3S
F6233-0051,C21H25N5O5
F2337-0194,C20H26N6O3S
F2773-0670,C23H23N5O4
F3358-0084,C21H32N4O2S2
F5190-1761,C18H21BrN2O4S
F2320-0183,C25H26N6O2
F3342-0031,C27H31N3O3
F2710-0476,C21H24ClN3O2S2
F3289-1129,C25H26N6O3
F3398-1450,C23H26ClN5O2S
F3411-5278,C23H22FN5O4S
