# All user editable compound information in the PCDL Manager compounds tab can be imported
# A minimum of formula or mass plus one identifier must be populated for compound import (recommended is formula and at least one other identifier, see examples)
# Multiple synonyms can be entered into the Synonyms column when separated by ';' (e.g. L-Isoleucine; 2-Amino-3-methylvaleric acid)
# All compounds will be assumed to be of a neutral ion type, unless a 1 is entered in the Cation or Anion column
Name,Formula
F6616-6356,C11H9F3N4
F3316-0117,C13H14N4O2
F2135-1683,C14H11ClOS
F5857-4943,C15H20FNO2
F3385-0187,C17H19NO2
F0174-0315,C11H6ClF2NOS
F2245-0759,C13H9ClN2OS
F6355-0096,C14H14ClNO3
F1170-0153,C13H18N2O3S
F6550-2948,C15H15N3OS
F6564-3458,C15H17N3O3
F2929-0010,C15H19N3OS
F2145-0102,C13H13ClN4S
F6525-0173,C17H18N4O
F6089-9857,C15H24N2O4
F0277-0084,C11H7BrClNO2
F6279-0209,C13H10F3NO2S
F6506-1645,C15H13NO4S
F2275-0696,C17H15N5O
F6481-3871,C14H16N2O2S2
F6178-7476,C15H22N2OS2
F1917-8802,C15H21ClN2O3
F0696-3857,C16H18N4OS
F6773-2854,C14H16N6OS
F3368-0160,C16H18N2O3S
F6847-2642,C16H17ClN2OS
F5621-0278,C19H23N5
F6683-1382,C16H22ClN3O2
F5597-0183,C14H19N3O4S
F6549-4340,C18H22N4O2
F5655-0980,C16H16N4O2S
F5854-4034,C18H23N3O3
F6808-5983,C18H16F3N3
F6724-3707,C15H16BrN3O
F6559-0036,C19H18N4O2
F6573-8107,C14H13ClN4O2S
F6510-4314,C15H19N3O4S
F6560-7486,C20H19FN2O2
F1626-0045,C20H22FN3O
F6515-4338,C17H15N3OS2
F0370-0143,C19H18O6
F6475-2828,C14H21N3O5S
F1036-0020,C19H24N2O2S
F6178-7282,C19H27N3O3
F5857-1987,C18H21NO2S2
F6252-5841,C18H16N6O2
F2707-0065,C21H20FN3O
F6476-3260,C17H16F3N3O2
F3202-0562,C19H32N2O2S
F6193-0175,C20H22N2O2S
F6560-4835,C15H18Cl2N4O2
F5096-0053,C18H23N5O3
F3318-0437,C18H21N3O3S
F6514-2780,C17H19ClF3NO2
F6469-1064,C17H12F3N3OS
F6513-2034,C21H24N4O2
F6246-1486,C19H18N4O2S
F6349-0061,C21H25N3O3
F6789-1011,C19H20ClN5O
F6679-0230,C18H18BrN3O
F6519-8151,C19H24N4O2S
F6660-6379,C20H17F3N2O2
F6609-1885,C17H17BrN2O3
F6680-3270,C20H19N5O3
F6556-7744,C17H17NO5S2
F5642-0001,C20H20N4O4
F6041-0010,C18H14N4O2S2
F8890-5289,C21H17N7O
F6469-1692,C21H15N5OS
F6514-1709,C21H26N2O5
F1589-0481,C20H15F3N2O3
F6521-1658,C21H27NO4S
F6523-3385,C18H18ClN3O3S
F5228-2290,C19H22ClFN4O2
F3138-0023,C17H15ClN2O3S2
F6476-3290,C19H20F3N3O3
F6525-4976,C20H20BrN3O
F6559-1794,C21H26N4O4
F5832-4723,C22H28N2O3S
F5002-0128,C18H14ClN3O4S
F2726-0627,C20H21ClFN3OS
F5265-0324,C20H26FN3O3S
F6679-2493,C17H16BrClN2O3
F3406-4870,C21H21ClN4O3
F6064-0625,C17H14BrN5O3
F6454-2422,C21H27N3O4S
F6442-0918,C20H24N2O6S
F2517-0863,C19H16F3N3O3S
F6473-1444,C19H23ClN2O3S2
F3077-1426,C18H15ClF3N3O2S
F5621-0045,C26H33N5O
F6253-6703,C21H19ClFNO4S
F2620-2101,C22H18N2O4S2
F2019-0552,C20H19ClF3N3OS
F6411-1701,C21H21ClN4O5
F6245-5837,C17H20F3N5O4S
F1609-0591,C23H28N6O4
F1298-0813,C25H24N2O5S
F0655-0286,C27H32N4O2S
F2508-0990,C27H19N7OS
