# All user editable compound information in the PCDL Manager compounds tab can be imported
# A minimum of formula or mass plus one identifier must be populated for compound import (recommended is formula and at least one other identifier, see examples)
# Multiple synonyms can be entered into the Synonyms column when separated by ';' (e.g. L-Isoleucine; 2-Amino-3-methylvaleric acid)
# All compounds will be assumed to be of a neutral ion type, unless a 1 is entered in the Cation or Anion column
Name,Formula
F3273-0646,C13H9F3O2
F6663-4534,C12H13F3N2O
F6681-9384,C15H23N3O
F6608-1108,C13H19N3OS
F6512-0852,C14H15N5O
F6660-5310,C15H20N4O
F6558-0262,C15H21N3O2
F2879-1097,C12H10ClN3O3
F0308-0776,C16H14N2O3
F6413-2482,C16H15NO2S
F5831-1899,C16H17NO4
F5479-0207,C15H16FN3O2
F1681-0088,C18H29NO2
F6558-0351,C15H22N2O2S
F6672-0142,C17H20N4O
F6296-1258,C17H22N4O
F6745-4812,C18H28N4
F6716-9519,C14H14BrN3
F6502-6828,C15H19N3O2S
F2879-3858,C14H13ClN2O2S
F6491-1089,C13H18N4O3S
F5128-0527,C16H16N4O3
F6571-5849,C17H18N2O2S
F6249-0354,C14H15F3N2O3
F6725-1150,C15H18N4S2
F6475-7133,C15H16N2O2S2
F6814-3208,C16H21F2N5
F6560-5514,C17H17N5O2
F6502-9125,C15H17F2N3OS
F6656-1553,C18H22N4O2
F6519-7791,C16H16N4O2S
F6678-8789,C20H19N5
F6560-8973,C18H21NO3S
F0624-0034,C15H9ClFN3O3
F6216-0395,C17H22N2O3S
F6476-1433,C14H13BrN2O3
F2073-0437,C18H15N3O4
F6435-1975,C18H18N4O3
F6514-6609,C18H21N5O2
F1905-8636,C14H10F3N3O2S
F2147-1820,C18H18N2O3S
F0921-6873,C18H18FN3OS
F0613-0009,C22H20N2O2
F6561-1822,C20H27NO4
F6507-1332,C15H22ClNO4S
F6481-1421,C18H21FN2O2S
F6089-5112,C19H19N5O2
F6682-6529,C18H17N5OS
F6495-4479,C19H24N6O
F5882-6702,C18H18N4O4
F3315-0057,C18H16N2O2S2
F6482-2245,C19H23N3O4
F6374-1304,C18H21N3O3S
F6482-7033,C19H15N5OS
F3040-4065,C15H14ClN5O2S
F6782-0613,C19H25FN2O4
F5854-0913,C20H18N2O3S
F6395-2960,C22H25NO4
F6524-2687,C17H18F3N3O3
F2507-0301,C17H11ClFN5S
F0657-0455,C22H20N4O2
F6247-1687,C18H16F2N4O3
F6608-3861,C20H30FN5O
F6844-4874,C19H19N7S
F0147-0174,C19H13N3O2S2
F6259-0801,C18H19F3N4O2
F2646-0709,C16H12F2N2O3S2
F6796-3628,C19H21N5O2S
F1423-0864,C19H19N3O2S2
F6524-4326,C23H22N4O2
F5869-0341,C21H16N4O2S
F6430-0761,C20H19N7O2
F6277-0423,C15H16F3N3O2S2
F1190-0434,C22H20N2O5
F6756-0445,C21H27N7O
F6174-1448,C20H21N5O2S
F6435-9543,C15H18F3NO4S2
F5559-0213,C23H22N6O
F3406-6202,C20H24N4O5
F6619-5225,C21H34N6O2
F6436-2243,C20H24BrNO3
F0541-0077,C19H25N3O5S
F5821-0081,C22H27N5O3
F6064-8149,C20H20N4O4S
F6518-4469,C15H14BrNO4S2
F5248-0044,C20H24FN5O2S
F0913-3574,C22H20N4O3S
F3225-7314,C22H17NO4S2
F5503-0668,C16H19BrN4O3S
F5042-0356,C18H16BrN5OS
F6726-0553,C23H25N7O2
F6435-8948,C20H18ClNO4S2
F2669-0083,C18H16BrFN2O3S
F6436-2613,C21H20BrN3O3
F3330-0065,C21H21ClN4O3S
F3411-8659,C20H22ClN5OS2
F3222-2730,C23H24N4O4S
F5139-0372,C20H21BrN2O4S
F5834-3662,C27H28N2O4S
F0528-1696,C28H32N4O2S
