# All user editable compound information in the PCDL Manager compounds tab can be imported
# A minimum of formula or mass plus one identifier must be populated for compound import (recommended is formula and at least one other identifier, see examples)
# Multiple synonyms can be entered into the Synonyms column when separated by ';' (e.g. L-Isoleucine; 2-Amino-3-methylvaleric acid)
# All compounds will be assumed to be of a neutral ion type, unless a 1 is entered in the Cation or Anion column
Name,Formula
F1913-6732,C13H17N3
F6753-0707,C11H18N4O3
F2146-0609,C8H6BrNS2
F5582-0008,C17H14N2O
F0095-1730,C12H14N2O3S
F0223-0056,C16H14O2S
F5490-1299,C12H14F3N3O
F6471-5815,C13H16N4OS
F6482-3449,C15H13N5O
F6789-0638,C16H18N4O
F3237-0545,C14H23NO3S
F6440-3889,C16H18FN3O
F5086-1929,C14H19N5O2
F6482-3517,C13H16N4O2S
F0267-1886,C14H11Cl2NO2
F5103-0006,C17H15NO2S
F6549-6561,C14H13N5OS
F2516-0242,C16H15NO5
F2004-0022,C15H17N3O2S
F6808-0040,C16H23N3O3
F6807-7010,C11H15F3N4O3
F6753-3450,C14H22N4O2S
F6675-7352,C17H20N4O2
F6555-0795,C15H18N6O2
F6549-6858,C17H20N2O4
F6523-1605,C16H19ClN4O
F6782-7855,C19H16N2O3
F6353-6088,C15H18N2O2S2
F6610-2092,C18H21N5O
F6443-4974,C19H19NO4
F6204-2769,C12H16F3NO2S2
F1681-0055,C19H20O5
F1999-0007,C16H11ClN2O2S
F6257-4683,C16H21N5OS
F1840-0175,C16H16FN3O2S
F5673-0109,C21H22N2O2
F6810-5851,C16H18Cl2N4
F6014-0008,C19H19N3OS
F6471-6903,C17H26N2O3S
F6679-2786,C12H13BrN4OS
F6680-3395,C16H15N5O2S
F6439-4312,C16H18N6OS
F6802-9522,C18H21N3O2S
F6240-4758,C18H24N4O3
F2795-0690,C17H15ClN2O4
F6438-3230,C16H18ClN5O2
F6619-7575,C16H16N10
F0693-1102,C18H27N3O4
F6443-7776,C20H21N3OS
F6802-7262,C15H20BrN3O2
F5033-2365,C19H22N4O3
F1191-0128,C14H20N4O5S
F2398-0132,C13H8Cl2N2O2S2
F2879-5303,C22H21N3O2
F6241-0345,C21H19N3O3
F6184-0566,C19H22ClNO2S
F1765-0425,C16H13Cl2N3OS
F6573-8855,C21H22N2O2S
F6469-2723,C18H13ClN4OS
F6478-3691,C19H20FN5O2
F6246-5193,C19H18ClN3O3
F2622-0064,C20H28N4O3
F3407-4913,C18H22N4O3S
F5547-0132,C21H17ClN4O
F2074-0501,C19H27N3O3S
F3324-0080,C20H17N3O3S
F6792-4097,C20H21FN6O
F6559-0185,C19H18N4O3S
F6438-2511,C17H21N9O2
F3375-2515,C21H20FNO5
F2518-0489,C17H14BrN3O3
F6523-1181,C19H16N8O2
F6753-2074,C20H25F2N5O
F6412-1573,C19H21NO6S
F6443-1621,C21H23F3N2O2
F6529-1345,C13H17F3N6O3S
F6564-3826,C19H21N7O3
F6559-0131,C19H19N5O3S
F5037-0745,C18H14ClN5O2S
F6516-1379,C17H14F3NO3S2
F6469-0586,C21H17N5O2S
F6471-6107,C23H23N3O2S
F6796-4037,C23H33N7
F6680-8683,C19H23ClN2O4S
F2659-0056,C26H24N2O3
F2458-0034,C20H21N3O5S
F6258-0206,C18H19BrN4O3
F6436-0588,C20H28N4O4S
F6475-4151,C23H22ClN3O3
F5095-0778,C22H23ClN4O3
F3411-6665,C21H18F3N5O2
F2337-2365,C19H24N6O2S2
F6747-6301,C23H22ClN5O2
F6529-0003,C21H22N6O3S
F6495-4124,C25H23N5OS
F6783-7318,C22H28N4O4S
F6351-0237,C19H20F3N9O
F3406-1138,C23H17F3N4O3
F6279-0563,C25H28FN5O3
F3222-4748,C24H19FN4O4S
