# All user editable compound information in the PCDL Manager compounds tab can be imported
# A minimum of formula or mass plus one identifier must be populated for compound import (recommended is formula and at least one other identifier, see examples)
# Multiple synonyms can be entered into the Synonyms column when separated by ';' (e.g. L-Isoleucine; 2-Amino-3-methylvaleric acid)
# All compounds will be assumed to be of a neutral ion type, unless a 1 is entered in the Cation or Anion column
Name,Formula
F6660-2744,C15H13N3O
F0018-0127,C14H12N2OS
F3277-0962,C13H12N2O2S
F6791-9520,C12H17N5O2
F6436-3658,C12H17N3O4
F2147-0976,C12H17NO4S
F6760-2486,C13H14N4OS
F6559-6008,C15H16FNOS
F6031-0075,C14H20N2O2S
F5831-8097,C13H21N3O2S
F3358-0274,C16H18N2OS
F6540-9076,C13H15F3N2O2
F6524-2584,C14H18N4O3
F6524-2378,C13H15N3O3S
F6808-0026,C16H17N5O
F5263-0613,C19H20FNO
F6562-2410,C17H21N3O2
F6507-6169,C17H23N3O2
F6356-0401,C15H16N2O3S
F6476-0923,C16H22N2O4
F3375-0936,C17H15N3OS
F6773-2849,C17H17N3OS
F6482-3270,C15H15N5OS
F6230-0353,C16H17N3O2S
F1899-1211,C16H16FN3OS
F6747-6034,C14H14ClN5S
F6512-0845,C12H8BrN3OS
F2370-1092,C20H22N2O2
F6246-5007,C17H16N4O3
F3102-0010,C17H14N2OS2
F6560-4866,C14H16F3N5O
F2147-0614,C13H16BrNO4
F6549-7126,C18H19FN2O3
F6747-5312,C16H17ClN4S
F6562-7761,C18H23NO5
F6518-4481,C15H17N3O4S
F6374-0024,C17H24N2O3S
F6680-8853,C19H23N5O
F6204-0525,C17H16F3NOS
F6793-7472,C12H19F3N4O2S
F6473-4218,C18H19N3O4
F3332-0043,C20H23FN2O2
F6438-3486,C17H25N7O
F2831-0179,C18H19NO4S
F3098-6347,C18H22N2O3S
F6487-0024,C21H21N3O2
F3088-0550,C18H11F4NO2
F6512-1899,C18H20F2N2OS
F6680-3412,C15H14Cl2N4O2
F6680-3514,C16H23N3O4S
F5787-2034,C16H16F3N3OS
F6671-3250,C19H24N4O3
F6439-7464,C21H18N4O2
F1616-0098,C17H20N4OS2
F6813-8037,C17H16ClFN4S
F6796-9147,C18H26FN5S
F5596-0171,C18H18F3N3O2
F6556-8789,C17H12F3NOS2
F6529-2395,C19H20N4O4
F6475-0746,C17H14F4N2O3
F6491-1935,C20H25N3O4
F6519-5284,C19H20FN3O2S
F6416-9168,C14H18ClN3O5S
F6244-2992,C23H24N2O3
F6473-7240,C19H20ClFN2O3
F6252-1519,C20H21N5O3
F3411-6121,C19H16ClN5O2
F2668-0067,C25H22N2O2
F6521-4034,C20H20N2O4S
F5056-0443,C21H31N5O2
F5526-0668,C20H21NO7
F5788-3136,C20H28N4O4
F6476-6006,C20H23ClN2O2S
F6787-0325,C18H25N5O3S
F6761-7704,C18H15ClF3N5
F6089-2628,C23H26N2O2S
F0653-0849,C20H17FN4O2S
F6178-4160,C23H28ClN3O
F6617-4392,C20H19F2N5O2
F6443-7716,C21H27N3O3S
F6617-2602,C19H18BrFN2O2
F5266-0370,C19H23ClN4O2S
F2493-2454,C23H24N2O5
F2408-0921,C17H15ClFN3O2S2
F6727-5666,C20H23N5O3S
F6475-8245,C19H20ClF3N2O3
F5232-0048,C23H26N6O2
F5833-8932,C21H22F3N3O3
F5832-4786,C20H25ClN2O4S
F6495-4120,C24H21N5OS
F0537-4577,C22H18N6O4
F6608-2491,C17H22F3N5O3S
F3398-1272,C23H24N4O3S
F6252-5375,C20H21N7O5
F6166-0315,C23H21F3N4O2
F5578-1593,C24H23N5O4
F5486-0032,C25H28N4O2S
F2213-0707,C27H24FN3O3
F0601-0057,C19H17F3N4O3S2
F5950-0948,C20H18ClF3N6OS
