# All user editable compound information in the PCDL Manager compounds tab can be imported
# A minimum of formula or mass plus one identifier must be populated for compound import (recommended is formula and at least one other identifier, see examples)
# Multiple synonyms can be entered into the Synonyms column when separated by ';' (e.g. L-Isoleucine; 2-Amino-3-methylvaleric acid)
# All compounds will be assumed to be of a neutral ion type, unless a 1 is entered in the Cation or Anion column
Name,Formula
F6754-5196,C9H8F5N3
F6445-6022,C14H15N3O2
F2793-0192,C13H15N3OS
F1957-0574,C11H12BrN3
F0907-6875,C9H8BrN3S
F1190-0497,C16H13FO3
F6760-5825,C14H14FN3O2
F6445-7281,C12H14N4O4
F6087-0205,C15H15N5O
F6482-2371,C13H20N2O5
F6508-1214,C15H13NO3S
F6556-2790,C12H16FNO4S
F6482-7923,C16H13N5O
F6514-3068,C11H13F3N2O2S
F6482-2417,C14H20N2O3S
F6803-2446,C14H14N6O2
F6799-8795,C12H20N4O3S
F2616-0873,C15H18N4O3
F6284-0158,C13H12BrN3O
F6562-0583,C18H17N3O2
F0440-0406,C12H11BrN2O3
F2713-0160,C13H14Cl2N4O
F6244-3448,C19H27N3O
F2879-0179,C18H25N3O2
F6609-5957,C16H20FN5O
F6089-9691,C16H21N3O4
F6524-1137,C14H16FN5O3
F6507-5510,C13H19F2NO4S
F1609-1093,C13H12ClN3O5
F6215-0048,C17H18N4O3
F6553-7368,C14H11ClF2N2OS
F1443-6021,C19H15N5O
F6516-0089,C17H14FNO3S
F5831-2682,C18H24N2O2S
F6554-8896,C16H18N2O4S
F6559-1075,C20H21N3O2
F5596-0819,C15H16ClN3O2S
F6064-1335,C18H18N4OS
F6561-7653,C19H21N3OS
F6242-0521,C17H20N6O2
F0919-5046,C14H9F3N2O3S
F6660-3176,C18H17NO4S
F6374-3478,C15H24N2O3S2
F6660-3134,C18H23N3O2S
F6562-8676,C16H11ClFN3OS
F6479-2910,C16H17ClN4O3
F6571-2408,C13H23N3O6S
F6451-3369,C16H18BrNO3
F6722-1045,C17H19F3N4O
F5228-1683,C18H15ClN4O2
F6814-2985,C19H19F2N5
F3237-0038,C17H24ClNO3S
F5246-0363,C17H14FN3OS2
F0161-0332,C13H7BrCl2FNO
F6782-7369,C21H22N4O2
F6559-7453,C15H15F3N8
F6513-1597,C21H27N5O
F0599-0153,C20H21N3O2S
F6424-0568,C19H16ClN3O3
F6539-2292,C16H26N4O4S
F6200-3854,C20H21ClN2O3
F6516-0363,C17H14N2O4S2
F6111-0430,C20H25NO4S
F6517-1158,C22H19NO3S
F5614-0087,C21H22N4O3
F6403-2926,C18H16N6O2S
F6754-6325,C21H23N3O4
F6786-5866,C17H19F2N3O3S
F6713-5294,C23H24N6
F6764-1298,C20H17F3N4O
F5033-3487,C21H29N3O4
F5074-0712,C18H20ClN5O3
F5999-0027,C21H22N6O2
F6286-0479,C18H15F3N4OS
F5051-0646,C22H23N3O4
F0612-0188,C17H21N3O4S2
F6619-6765,C22H20N8
F6565-2462,C18H18F4N4O2
F0899-0004,C19H20N4O2S2
F6439-5351,C23H22N4OS
F6539-2560,C20H28N4O3S
F5002-0127,C18H18ClN3O4S
F5007-0046,C18H23N3O6S
F6521-8430,C24H29NO5
F3305-0344,C24H22N4OS
F5382-0742,C20H20ClN3O3S
F5017-0812,C21H29N3O4S
F6359-0618,C21H21F3N2O4
F3406-8248,C21H19N3O7
F6007-0186,C21H24N4O2S2
F5615-0015,C22H20F3N3OS
F6548-1597,C23H22N4O3S
F6473-8836,C23H23N3O4S
F2221-0001,C22H24N4O4S
F5261-0116,C23H26FN3O3S
F6523-0554,C21H21F3N6O2
F3411-1564,C23H22N4O4S
F0659-0391,C25H27N5O2S
F6782-4913,C25H22N4O4S
F6609-9263,C23H23FN4O5S
