# All user editable compound information in the PCDL Manager compounds tab can be imported
# A minimum of formula or mass plus one identifier must be populated for compound import (recommended is formula and at least one other identifier, see examples)
# Multiple synonyms can be entered into the Synonyms column when separated by ';' (e.g. L-Isoleucine; 2-Amino-3-methylvaleric acid)
# All compounds will be assumed to be of a neutral ion type, unless a 1 is entered in the Cation or Anion column
Name,Formula
F1915-2670,C13H7F3N2
F5490-1256,C15H18N4
F6663-1224,C11H11ClFNOS
F6441-5329,C14H18N2OS
F6573-2879,C11H14N4O2S
F0777-1071,C15H11FN2O2
F6709-4545,C14H15N3O3
F6573-6208,C15H14F2N2O
F2289-0087,C13H17N3O4
F5498-0010,C13H22N4OS
F6562-5212,C16H19N3O2
F6663-4743,C18H19F2N
F6619-5839,C13H19N7O
F6560-4758,C14H17ClN4O
F6451-2638,C14H14ClNO2S
F6549-3563,C11H15N5O3S
F6512-9212,C13H12F3N3O2
F6773-2871,C14H15N5OS
F6436-1939,C17H18FNOS
F2602-0085,C20H23N3
F6562-8242,C18H16N2O3
F6031-0354,C16H20F2N2O2
F6549-2102,C17H20N4O2
F6816-2847,C20H18N4
F6475-0504,C16H20N4O3
F6796-9004,C16H19FN4S
F3237-0130,C16H20N2O3S
F3371-0017,C17H14N4OS
F6438-1801,C18H21N5O
F6239-0525,C17H16FN5O
F0594-3046,C16H13N3O3S
F2024-1698,C17H17FN4O2
F0913-1709,C16H14N2O2S2
F5521-0198,C17H21N3O4
F1107-0304,C20H15NO4
F6556-6420,C18H26N2O2S
F6476-7410,C16H17FN2O3S
F6412-1913,C18H18F3NO2
F6559-0681,C19H22N4O2
F6516-0100,C17H12N2O2S2
F6562-7594,C17H21Cl2NO2
F6440-3213,C17H18N4O4
F6786-5786,C18H21N3O2S
F5854-0299,C23H24N2O
F0537-0492,C20H14N2O2S
F1565-0095,C18H21NO4S
F6573-4880,C20H20N4O2
F6619-7980,C17H27N5O3
F3088-2233,C21H21NO4
F6396-1519,C18H15N3O3S
F6550-6633,C19H22N4O3
F2516-0096,C19H20N2O3S
F2265-0013,C17H11ClN2O3S
F3382-6902,C19H25N3O2S
F6491-2077,C18H20FN3O4
F6514-2781,C19H16F3NO3
F6506-1728,C17H13ClFNO3S
F6443-8017,C21H22N2O2S
F2828-0139,C19H16N2O2S2
F6523-4471,C19H23N5OS
F5490-0057,C19H18FN3O2S
F6726-5155,C20H29FN6
F6571-2619,C17H21F3N2O4
F6469-0674,C19H16N6OS
F5889-0472,C21H23N5O2
F2413-0183,C17H18FN3O4S
F5823-0929,C19H23F3N4O
F6512-7972,C16H22N4O3S2
F2947-1038,C21H25N3O4
F6556-7642,C21H23NO4S
F5857-2131,C16H18ClNO4S2
F6475-3477,C20H21FN2O5
F6184-1158,C21H31N3O2S
F6349-0567,C20H17N5O2S
F6222-0520,C21H21FN6O
F3406-4424,C20H18N4O3S
F6668-2839,C21H22FN5O2
F6496-3967,C21H20FN3O2S
F6775-2494,C18H18BrN5O
F3394-0241,C20H16ClNO4S
F6286-0291,C17H20F3N3O3S
F6469-2428,C20H19N7O3
F6441-2422,C17H17BrN2O3S
F6559-2149,C17H17F3N6OS
F6805-3753,C22H25FN4O3
F6481-1983,C22H25NO3S2
F5581-3153,C18H13F3N6OS
F6151-0217,C22H24N6O3
F5528-1727,C22H22ClN5O2
F6523-2886,C20H22N6O3S
F1873-0531,C20H23N5O4S
F6782-3845,C23H20N4O5
F2334-0051,C22H21N5O5
F6477-3211,C23H26N4OS2
F6557-0996,C23H27N3O4S
F2636-0334,C21H25FN6O4
F6443-4022,C25H25N3O5
F3394-0901,C22H25F3N2O3S
F2042-0240,C21H17F3N2O3S2
F5461-0265,C25H23FN4O3S
