# All user editable compound information in the PCDL Manager compounds tab can be imported
# A minimum of formula or mass plus one identifier must be populated for compound import (recommended is formula and at least one other identifier, see examples)
# Multiple synonyms can be entered into the Synonyms column when separated by ';' (e.g. L-Isoleucine; 2-Amino-3-methylvaleric acid)
# All compounds will be assumed to be of a neutral ion type, unless a 1 is entered in the Cation or Anion column
Name,Formula
F2158-1579,C11H12N2O3S
F6675-8062,C13H16N6
F5959-0062,C13H16N4O2
F5831-2206,C13H16N2O2S
F6561-1408,C15H12N2O3
F5490-1273,C14H17N5O
F6562-7894,C16H22N2O2
F6258-1033,C14H19N3O3
F3394-1115,C12H12ClN3OS
F6515-0007,C15H12N2O2S
F2644-0499,C15H18N4O2
F5957-0229,C15H20N4O2
F3284-8051,C11H14ClNO4S
F6744-7831,C13H19N5OS
F1899-2399,C15H12N4OS
F6482-6608,C16H14N2O2S
F6420-0969,C13H17ClN2O2S
F6436-1819,C14H14N4O2S
F6454-1055,C15H17FN4O2
F6064-0274,C14H14FN3O2S
F6561-2960,C17H18F3NO
F6808-6017,C18H21N3S
F6562-2321,C17H19N3O3
F6484-0113,C17H18FN3O2
F6668-2942,C17H20ClN3O
F2073-0154,C16H18ClN3O2
F6258-0139,C15H16ClN3O3
F3394-1123,C12H12F3NO4S
F5782-0123,C18H20N4O2
F6515-1664,C18H15FN2O3
F6523-4331,C18H21N3O3
F6516-4225,C17H16ClN3O2
F0378-0065,C17H22N4O3
F6089-2984,C19H16N4O2
F2806-0274,C15H11ClN2OS2
F6443-5511,C19H17N3O3
F6713-7077,C17H20N8
F6473-3674,C16H16ClFN2O3
F6549-7639,C17H17N5OS
F6436-2055,C17H19F3N2O2
F6676-1006,C19H23N3O3
F3393-0024,C16H10FN3OS2
F6561-1622,C17H16N2O4S
F6764-4090,C18H20ClN3O2
F6560-7980,C19H18N6O
F3371-0884,C15H10BrClN2O
F6286-0071,C17H14F3N3O2
F6435-3349,C21H22N2O3
F5882-1845,C16H20N2O5S
F6753-2202,C18H25F2N3O2
F5857-2450,C20H21NO3S
F6381-3702,C19H20BrNO
F6400-1229,C17H30N2O2S2
F6438-2547,C17H21ClN6O
F2749-0089,C18H22N2O4S
F6561-5582,C17H20N2O3S2
F6517-3716,C22H23NO4
F6713-0150,C16H21N3O3S2
F6796-0333,C19H24N6O2
F6660-4148,C18H18N4O5
F0266-0945,C17H16N4O2S2
F2318-0437,C20H19N7O
F6562-2439,C19H19ClFN3O2
F6276-2084,C17H13ClFN3O2S
F6675-9512,C19H23FN2O3S
F3243-0335,C23H29N3O2
F6245-0071,C18H18F3N3O3
F6374-5466,C16H18BrNO3S
F6438-3535,C16H19F3N6O2
F1897-0877,C20H14N6OS
F1676-0051,C20H25N3O3S
F6687-6897,C18H20BrN3O2
F6523-3364,C19H23ClN4O3
F3084-0106,C25H29NO3
F6473-4383,C19H18F3N3O3
F0646-4246,C15H10ClN3O2S3
F6439-2812,C21H21FN4OS
F2459-0238,C19H15ClN4O4
F3348-0670,C24H25N5O
F8890-7406,C19H16ClFN4O3
F6471-6337,C22H20N4O2S
F6512-7562,C19H26N4O4S
F3382-4039,C19H12ClN5O2S
F6476-3924,C21H21N3O4S
F6438-3599,C14H19BrN6O2S
F6033-0407,C22H28N2O4S
F5600-0217,C22H18ClN5O2
F6276-2270,C18H15FN2O5S2
F6064-0920,C21H24N6O4
F2086-0034,C23H29N3O5
F5266-0478,C22H27FN4O4
F6789-6948,C22H26F3N5O
F1154-0279,C18H13Cl2N3O2S2
F2814-1451,C22H20N2O4S2
F6448-2086,C20H18BrN3O4
F6750-6454,C17H19BrN8S
F3411-6922,C23H20ClN5O3
F1524-0436,C26H25N3O3S
F3166-0221,C23H24N2O5S2
F3166-0181,C19H18BrFN2O3S2
