# All user editable compound information in the PCDL Manager compounds tab can be imported
# A minimum of formula or mass plus one identifier must be populated for compound import (recommended is formula and at least one other identifier, see examples)
# Multiple synonyms can be entered into the Synonyms column when separated by ';' (e.g. L-Isoleucine; 2-Amino-3-methylvaleric acid)
# All compounds will be assumed to be of a neutral ion type, unless a 1 is entered in the Cation or Anion column
Name,Formula
F6667-1822,C12H15FN2O3
F6556-6201,C12H22N2O2S
F6549-6544,C12H14N4OS
F1813-0608,C12H11ClN2OS
F6672-2410,C17H23N3
F1065-0481,C15H15NO2S
F6554-8142,C14H16N2O2S
F6554-9047,C14H17NO3S
F6755-7281,C12H18N4O2S
F3288-0138,C15H15N3O3
F6200-1053,C17H18FNO2
F6244-2644,C15H19N3O3
F6357-0016,C14H16N2O3S
F6660-4689,C14H22N4O3
F6719-1986,C11H11N3O3S2
F6522-1274,C13H17NO3S2
F5882-4156,C13H16FNO4S
F2158-0331,C12H18ClN3O2S
F6356-0176,C20H19NO2
F2183-0798,C15H12N6S
F6734-1415,C16H15FN6
F6791-5127,C14H21FN4OS
F6564-1538,C16H18N4O3
F6680-3115,C14H16N6O3
F6753-0796,C15H18N4O2S
F6359-3129,C14H16N4O3S
F6476-6094,C15H15ClN2O2S
F3243-0221,C19H21N3O2
F5860-4396,C18H16FN3O2
F6808-5404,C16H30N4O3
F6440-3169,C16H16N4O4
F6658-6153,C17H23N5O2
F6725-0012,C17H21N3O2S
F3411-3379,C18H11N3O4
F6793-7267,C15H21F3N2O3
F2147-0591,C16H11F3N2O3
F6594-2308,C14H19N5O3S
F6539-3051,C16H23ClN4O2
F6443-7955,C20H25N3O2
F0700-0002,C17H15N3O3S
F5882-6353,C19H16F2N2O2
F6756-2525,C21H17N3O2
F6473-1343,C18H24N4OS
F6560-7549,C17H12Cl2N2O2
F6471-6232,C20H17N3OS
F6475-2891,C16H20N4O5
F3407-4980,C21H23N3O2
F6514-6811,C18H17N5O3
F6681-8922,C13H16BrN5O2
F5824-0284,C19H22N4OS
F6515-0872,C19H17FN2O2S
F1126-0873,C22H23N5
F6374-0227,C19H22FN3OS
F6529-2904,C18H20ClN3O3
F6442-0852,C16H17N3O5S
F6753-2035,C19H26F2N4O
F6734-0784,C20H19ClN4O
F6619-4186,C21H29N5O
F5125-0072,C23H19N3O2
F6549-1823,C17H17N5OS2
F6709-0279,C19H24N4O4
F6609-3975,C19H22N2O4S
F6471-3769,C15H16N6O4S
F6033-0365,C21H22F3NO2
F6288-0648,C17H18ClN3O3S
F6489-2293,C16H24N6O3S
F0694-0164,C22H14N4OS
F6670-4924,C21H22FN3O3
F0643-0042,C20H20ClN3O3
F6255-0146,C24H26N4O
F6519-5858,C18H20N4O4S
F3379-0134,C22H23N5O2
F6415-1087,C19H21NO4S2
F6474-3097,C23H24N2O2S
F2979-0559,C21H18N2O2S2
F6231-0448,C20H21N5O4
F6442-2548,C18H23NO5S2
F6656-2847,C21H30N6O2
F6497-3114,C21H28N4O4
F5047-0279,C19H18ClN3O3S
F3385-1430,C20H18F3N3O3
F5831-6629,C20H29N3O4S
F6439-2839,C20H19BrN4O
F6473-4103,C23H25ClN2O3
F6441-3873,C21H21NO4S2
F6442-6856,C22H28FN3O4
F6656-1181,C23H24N4O2S
F6523-0577,C19H17ClF3N5O
F6571-0356,C21H22N4O2S2
F1461-0424,C24H19N3O3S
F6246-3389,C20H21ClN4O3S
F6439-8241,C22H18ClN5O3
F6261-2401,C22H19FN4O3S
F5226-0555,C23H18F3N3O3
F6438-3712,C18H23F3N6O2S
F3406-8116,C23H21N5O5
F2756-3942,C20H22F3N5O2S
F3382-5820,C23H19N3O4S2
F3167-0604,C24H24ClN7O2
