# All user editable compound information in the PCDL Manager compounds tab can be imported
# A minimum of formula or mass plus one identifier must be populated for compound import (recommended is formula and at least one other identifier, see examples)
# Multiple synonyms can be entered into the Synonyms column when separated by ';' (e.g. L-Isoleucine; 2-Amino-3-methylvaleric acid)
# All compounds will be assumed to be of a neutral ion type, unless a 1 is entered in the Cation or Anion column
Name,Formula
F6752-2472,C11H15ClN4O
F6360-9426,C15H18N2O2
F1618-0444,C13H14N2O2S
F6438-0449,C14H23N3O2
F6561-2618,C14H23NO4
F6516-0204,C14H11NO3S
F1787-0295,C14H13FN2OS
F6754-9825,C13H14ClN3O2
F5871-3559,C15H14N4O2
F6571-3916,C13H19NO4S
F6610-2256,C15H17N3O3
F6749-0655,C14H16FN5O
F3385-5880,C18H12O4
F1729-0187,C16H23ClN2O
F5852-0819,C16H28N2O3
F3375-3113,C15H10ClN3O2
F6512-0746,C15H12FN3OS
F6173-0046,C13H18ClNO3S
F6559-1492,C16H17F2N3O
F5860-1562,C15H17ClN2OS
F3386-3055,C18H18N2O3
F6808-8259,C18H20N2OS
F6412-1956,C15H17F3N2O2
F6481-2544,C17H20N2O2S
F3328-0104,C16H18N2O3S
F2146-0631,C15H17ClN4S
F1592-0008,C11H12Cl2N2O3S
F6550-3020,C18H20F3NO
F6604-7111,C14H14F3N5O
F6203-0083,C20H26N2O2
F6734-0769,C17H17ClN4O
F2070-1323,C17H23N5O2
F5777-0110,C17H18FN3O3
F6539-3427,C14H14F3NO3S
F6723-7454,C19H18N4O2
F2285-0127,C15H16N2O3S2
F6439-7644,C15H14F3N5O
F6482-3912,C17H18N6O2
F6773-4667,C17H21N7O
F1470-0046,C18H15NO4S
F5030-0447,C17H18N4O2S
F6525-3032,C17H15F2N5O
F6480-3874,C18H21FN4O2
F6619-3319,C19H31N5O
F6448-0554,C17H18ClN3O3
F6491-2528,C15H20N6O2S
F6812-1648,C18H19N7O
F6353-6127,C16H21N3O4S
F3386-3711,C15H16BrNO2S
F6573-1816,C17H18N6O3
F2580-0186,C19H17ClN2O3
F1318-0177,C23H23N3O
F6430-0051,C20H17N5O2
F6573-1633,C17H14F3N5O
F6680-3067,C17H15ClFN3O3
F5871-2263,C18H28N4O2S
F6200-4441,C18H17F3N2O3
F6656-3445,C20H25N5O2
F6412-1482,C21H23NO3S
F6475-7771,C18H17N3O2S2
F6570-2605,C21H20N6O
F2781-0103,C19H22N2O4S
F5773-0833,C17H14ClFN4O3
F6482-3222,C17H23N5O3S
F6506-4279,C16H17N3O4S2
F6041-0077,C22H24N2O2S
F5190-1030,C17H19ClN2O4S
F6713-7358,C20H22FN5S
F6549-2543,C17H18F3N3O2S
F6474-0306,C20H26N4O4
F5642-0006,C19H15F3N4O2
F2227-0982,C23H23N3O3
F6811-1363,C17H18ClN5O2S
F3407-0039,C18H24N4O4S
F6359-5010,C16H19BrN4O3
F6414-6185,C18H25N3O5S
F6480-2617,C17H17F2N3O4S
F6438-3728,C20H26N6O3
F6573-0134,C24H24N4O2
F2055-0360,C19H15ClFN3O2S
F5834-3778,C19H23N3O3S2
F5264-0357,C21H24F3N3O2
F2493-2841,C18H13F3N2O4S
F5871-4759,C17H24N4O6S
F6412-1600,C18H16F3NO5S
F5763-0179,C23H23N5O3
F6497-0893,C19H24N4O5S
F6277-0036,C18H16F3N5O2S
F5882-1950,C20H18N4O5S
F6773-4236,C19H19N5O3S2
F2898-0334,C21H21ClN2O2S2
F6503-5083,C19H21N3O5S2
F2880-1406,C23H23BrN2O2
F6750-6449,C20H20ClN7OS
F3260-0577,C20H21ClN6O4
F3406-9128,C23H21N5O3S
F5939-0181,C23H20ClN3O3S
F3406-3294,C25H28N4O5
F3398-4592,C25H23N3O3S2
F2865-0127,C28H23N7O2
