# All user editable compound information in the PCDL Manager compounds tab can be imported
# A minimum of formula or mass plus one identifier must be populated for compound import (recommended is formula and at least one other identifier, see examples)
# Multiple synonyms can be entered into the Synonyms column when separated by ';' (e.g. L-Isoleucine; 2-Amino-3-methylvaleric acid)
# All compounds will be assumed to be of a neutral ion type, unless a 1 is entered in the Cation or Anion column
Name,Formula
F5490-1318,C11H11F2N5
F6754-5248,C10H10F2N4S
F6660-6829,C12H9ClN4O
F6357-0507,C15H21NOS
F6745-0572,C11H17N5OS
F6508-0012,C15H13NO4
F6550-6268,C13H14N4OS
F2145-0345,C13H15N3O2S
F5964-0251,C14H17FN2O3
F5303-0097,C13H21N3O2S
F6437-0220,C16H18N2OS
F5126-0702,C14H16N4OS
F5490-1409,C15H16F2N4
F6524-2826,C13H15N3O3S
F5956-0086,C16H17N5O
F6561-4010,C14H23N3O2S
F6513-5783,C17H21N3O2
F6573-3136,C17H23N3O2
F2373-0425,C15H13FN2O4
F3249-0005,C16H22N2O4
F5883-0068,C14H16ClN3O3
F6477-5342,C17H17N3OS
F2545-0095,C14H19NO5S
F6573-2833,C16H17N3O2S
F6809-6816,C16H16FN3OS
F6822-4714,C16H15Cl2N3
F5580-2914,C17H28N4O2
F6619-6635,C16H18N8
F6448-0738,C17H16N4O3
F6471-8024,C12H14N4O3S2
F6561-2455,C19H21NO2S
F2491-0080,C15H12BrN3O
F6471-2743,C21H18N2O2
F2199-0530,C16H16N2O4S
F6549-5647,C17H23N3O2S
F2773-0285,C18H13N3O4
F6471-1030,C17H24N2O3S
F6057-0032,C19H23N5O
F3382-1199,C14H17N3O5S
F6125-3832,C17H16N4O4
F5596-0573,C18H19N3O4
F6443-1013,C20H23FN2O2
F6791-7983,C18H25N5O2
F6481-3811,C18H19NO4S
F6442-1359,C18H22N2O3S
F6609-1299,C21H21N3O2
F6050-0116,C16H13F2N3O2S
F6521-9280,C18H17F3N2O2
F6522-0236,C16H11F3N2O2S
F6673-9282,C19H20ClN5
F6286-0091,C16H16F3N3OS
F2235-0005,C19H24N4O3
F5889-0238,C21H18N4O2
F6573-8320,C17H17FN4O2S
F6378-0191,C17H18N2O3S2
F6796-9064,C21H22FN5
F6734-1414,C16H20FN5O2S
F6436-3684,C16H18BrNO2S
F0916-7648,C20H21FN4S
F6155-0006,C18H18N4OS2
F6473-7372,C20H25N3O4
F5330-0827,C22H19N3OS
F6471-8324,C13H12F3N5O3S
F5317-0470,C23H24N2O3
F2743-0935,C22H19ClN2O2
F6554-0842,C20H21N5O3
F6469-0615,C20H19N3OS2
F6681-9488,C17H26N4O4S
F6192-0881,C20H20N2O4S
F6796-9340,C21H28FN5O
F6524-5835,C19H16F3N5O
F6148-0025,C22H24N6O
F6481-2750,C20H23ClN2O2S
F6245-5336,C18H25N5O3S
F6225-0495,C18H17F2N3O3S
F6438-0284,C18H26N4O4S
F6727-8505,C20H17FN4O2S
F6760-1788,C24H23N5O
F2548-0172,C22H25NO4S
F1573-0029,C21H27N3O3S
F6478-1739,C17H17BrN4O3
F5599-0705,C20H18N6O2S
F6506-5314,C21H23F3N2O3
F5243-1089,C17H15Cl2N3O3S
F6253-5337,C22H24ClN3O3
F6153-0077,C20H15F3N4O3
F5033-1415,C23H31ClN2O3
F6245-6806,C22H23N5O2S
F1263-0015,C21H20N4O4S
F6514-4801,C19H21N7O3S
F5854-3048,C22H26N2O3S2
F6237-2729,C20H18F3N5O3
F6472-8175,C23H24ClF3N2O
F6441-6688,C23H25N3O4S
F2928-1219,C24H22N6OS
F2236-1164,C24H23N5O4
F5871-4120,C25H28N4O2S
F3395-0968,C20H26F3N5O2S
F2050-0266,C22H19BrN2O3S
F1762-0300,C22H19ClN6OS2
