# All user editable compound information in the PCDL Manager compounds tab can be imported
# A minimum of formula or mass plus one identifier must be populated for compound import (recommended is formula and at least one other identifier, see examples)
# Multiple synonyms can be entered into the Synonyms column when separated by ';' (e.g. L-Isoleucine; 2-Amino-3-methylvaleric acid)
# All compounds will be assumed to be of a neutral ion type, unless a 1 is entered in the Cation or Anion column
Name,Formula
F1016-0067,C11H18N4OS
F6482-2404,C12H22N2O4
F1967-1700,C13H14N2O4
F2145-0367,C11H14N4S2
F0266-0892,C14H10N2O2S
F1441-0070,C14H15N3OS
F6755-5545,C15H17ClN2O
F5832-4168,C13H17N3O2S
F6210-0579,C17H18N2O2
F6550-6170,C14H15N5O2
F6549-3438,C14H17N5O2
F6561-3583,C17H23NOS
F6739-8197,C15H17ClN2O2
F5598-0014,C15H26N4O2
F6436-3469,C14H13F2NO2S
F6521-7936,C14H18ClNO2S
F2146-0378,C15H15N3O2S
F6677-3193,C13H14ClN7
F2182-0093,C16H23N3OS
F0859-0004,C18H16N2OS
F6656-1303,C17H18N4O2
F1775-0054,C18H20N2O3
F6512-3163,C13H22N4O3S
F6481-2593,C16H20N4OS
F0921-0209,C16H18N2O5
F3385-1754,C20H16O4
F6755-0849,C15H16Cl2N4
F5033-3526,C16H22FN3O3
F6816-4390,C13H14F3N7
F1016-0291,C14H18BrNOS
F6476-5348,C18H20N2O2S
F3395-0122,C20H31N3O
F6560-5342,C19H17N5O
F6125-0697,C16H16ClN3O3
F6445-3639,C18H18N6O
F6760-1899,C15H11F3N4O2
F5835-0587,C19H19N3OS
F6561-2559,C20H22N2O3
F6783-7172,C19H25N5O
F0896-0345,C18H15NO6
F6435-0657,C15H22N2O5S
F6764-5021,C18H21N3O2S
F2031-0036,C20H20N6
F6416-9034,C17H15ClN2O2S
F6446-0608,C17H21N3OS2
F6445-7252,C21H20N2O3
F6506-5034,C19H27NO5
F5323-0190,C20H18FN3O2
F6414-2214,C17H17ClFNO2S
F2751-0261,C17H26N2O4S
F5852-2003,C15H15F3N4O3
F5490-0242,C20H27N3O3
F5857-3882,C20H25NO3S
F1318-0198,C22H19NO4
F6573-8906,C20H17N3O2S
F6788-3176,C21H28N6
F6473-4300,C19H18N4O4
F6472-7418,C14H13ClN4O2S2
F6438-3540,C15H18F3N7O
F2496-2591,C20H18FNO3S
F6488-2583,C18H24N6O3
F6782-4005,C21H18N4O3
F6673-9388,C14H16ClF3N6O
F6473-7199,C22H23N3O3
F6414-3684,C21H17NO4S
F6458-0047,C18H20N8O2
F6412-1591,C20H18N2O4S
F6727-5762,C23H21N5O
F6240-5147,C20H20FN3O2S
F6442-0299,C14H11BrFNO4S
F6612-0024,C19H21ClN4O3
F6506-5041,C20H27N3O5
F6529-0290,C18H21N3O3S2
F6235-0158,C20H20N6O3
F6562-4262,C18H20Cl2N4O2
F6617-6300,C22H22FN3O3
F6529-3412,C17H23N3O4S2
F6609-4339,C17H14BrN5O2
F1283-0031,C16H13Cl2NO5S
F0778-0444,C22H17N3O3S
F5831-7910,C21H27NO3S2
F6806-4825,C21H25N7O2
F2880-3547,C18H22N2O5S2
F5251-0188,C20H24N6O2S
F5596-0932,C21H19ClFN3O3
F2744-0166,C19H13BrF2N2O2
F6594-0539,C21H23F3N4O2
F8890-5780,C22H21N3O4S
F6727-8798,C21H22N4O4S
F0916-4311,C22H21F2N3O2S
F1525-0950,C22H22ClFN2O4
F1673-4614,C22H26ClNO4S
F0594-0761,C22H22N4O4S
F5147-0429,C23H24ClN3O4
F6477-3308,C24H24N6OS
F3395-1274,C22H29N3O3S2
F3382-7936,C20H15BrN4O2S
F2261-0245,C25H24ClN3O4
F2378-0869,C21H19ClN2O5S2
