# All user editable compound information in the PCDL Manager compounds tab can be imported
# A minimum of formula or mass plus one identifier must be populated for compound import (recommended is formula and at least one other identifier, see examples)
# Multiple synonyms can be entered into the Synonyms column when separated by ';' (e.g. L-Isoleucine; 2-Amino-3-methylvaleric acid)
# All compounds will be assumed to be of a neutral ion type, unless a 1 is entered in the Cation or Anion column
Name,Formula
F3371-0692,C16H14N2O
F6436-2986,C12H17NO3S
F6360-9416,C12H13N5O2
F6744-5961,C14H22N4O
F6471-2732,C17H18N2O
F6667-9579,C16H15FN2O
F6244-2657,C15H19N3O2
F6752-3497,C14H20N4O2
F6190-0587,C16H25NO3
F6512-0308,C15H13N3OS
F6543-8734,C10H11BrN2OS
F6789-0442,C17H25N3O
F1021-1012,C15H15ClN2O2
F6752-8498,C12H24N2O4S
F5644-0008,C16H13N3O3
F6474-7253,C13H19N3O3S
F6203-1709,C14H21NO4S
F3098-8139,C16H19N3OS
F6445-6312,C19H17N3O
F6184-0349,C15H18N2OS2
F5775-0073,C19H20N2O2
F6204-0459,C14H14ClNOS2
F6724-1156,C11H12BrN3OS
F6452-2563,C19H26N2O2
F6556-3077,C19H28N2O2
F6482-2201,C17H22N2O4
F6451-0068,C16H20N2O5
F6194-1456,C16H19FN2O2S
F6465-0127,C15H14ClFN2O3
F6680-3389,C17H19N5O2
F2493-2816,C17H14FN3O3
F5831-9231,C19H21FN2O2
F5854-4615,C17H18N2O3S
F6792-5003,C17H22FN5O
F6451-1175,C18H20FNO2S
F3210-0062,C15H14BrNOS
F6200-3700,C16H20N2O4S
F6755-1827,C16H23N3O3S
F6389-0438,C20H26N4O
F0616-0362,C18H16N2O3S
F6574-0284,C18H16FN3O3
F6523-2748,C16H18N6O3
F6476-4377,C18H21N3O4
F6760-2501,C16H16BrN3O
F6444-2054,C14H19FN2O5S
F6526-0372,C17H21N3O3S
F5343-0088,C22H24N2O2
F6516-1711,C19H14N2O3S
F6495-2623,C19H21N5O2
F6416-9169,C16H20ClN3O4
F6786-6363,C20H26N4O2
F5671-0106,C19H20N2O5
F6559-6803,C14H14ClF3N6
F2271-0526,C20H29N3O3
F6478-1033,C17H23N5O4
F6454-1024,C16H21ClF3N3O
F6515-0629,C19H15N3O3S
F5755-0195,C18H21F3N4O
F6752-3344,C16H21ClN4O2S
F2075-1562,C18H23N7O2
F3296-0797,C20H21NO6
F6556-6601,C16H21Cl2N3OS
F6445-0318,C22H22N4O2
F6445-3074,C21H20N4OS
F6436-3108,C16H15BrN2O2S
F1374-2359,C17H16F3N5O2
F6818-0175,C21H28N6O
F5017-1052,C18H26N2O3S2
F1639-0201,C16H14Cl2N2O3S
F6573-8525,C19H20FN5O3
F2982-0223,C18H17N3O5S
F6155-0185,C19H24N4O3S
F5836-0100,C19H13F3N2O2S
F5939-0004,C22H21N3O2S
F5824-0286,C23H28N4O2
F2784-1513,C22H22N2O3S
F5621-0259,C22H26FN5O
F6037-0021,C21H23N3O3S
F5496-0937,C20H21N3O2S2
F6727-8199,C18H19N5O4S
F5042-0318,C22H21N5OS
F6713-1845,C20H23N9O
F5225-0229,C21H17FN4O2S
F6245-4950,C22H23ClN4O2
F6443-4065,C21H20BrNO3
F6559-1353,C25H22FN3O2
F6609-9402,C20H20F2N4O2S
F6480-3960,C16H15F4N3O4S
F5341-0212,C22H25N5O4
F6043-0275,C25H26N6O
F0585-0958,C26H27N3O3
F2323-2950,C23H24N6O3
F6452-0989,C25H29N3O4
F6235-0095,C26H26N6O
F5892-0168,C19H17F3N2O3S2
F2883-0571,C21H20ClN3O4S
F5793-0026,C21H21ClN2O5S
F0561-0799,C27H25N3O2S
F2736-2392,C25H29N3O4S
F3411-8126,C25H29N5O3S
