# All user editable compound information in the PCDL Manager compounds tab can be imported
# A minimum of formula or mass plus one identifier must be populated for compound import (recommended is formula and at least one other identifier, see examples)
# Multiple synonyms can be entered into the Synonyms column when separated by ';' (e.g. L-Isoleucine; 2-Amino-3-methylvaleric acid)
# All compounds will be assumed to be of a neutral ion type, unless a 1 is entered in the Cation or Anion column
Name,Formula
F1907-9521,C11H13ClN4O
F0307-0353,C16H20N2O
F6793-5961,C15H17FN2O
F1967-1078,C13H16N2O2S
F6089-5635,C12H16N2O3S
F6471-2572,C17H21NO2
F6244-0103,C16H22N2O2
F6793-5968,C16H20FNO2
F5871-3621,C12H12ClN3O3
F2503-0008,C14H12N4OS
F3055-0778,C15H18N4O2
F2167-4191,C15H20N4O2
F3382-3126,C14H13NO4S
F6212-0408,C14H19N3O4
F1913-8605,C15H12N4OS
F5854-0554,C16H14N2O2S
F1822-0559,C16H13FN2OS
F6743-9838,C11H18N4O2S2
F6725-0319,C15H20N4OS
F5310-0068,C16H15F2NOS
F6764-3309,C17H16FN5
F6791-8248,C15H17N7O
F6571-0704,C17H19N3O3
F6724-4137,C17H21N3OS
F2776-0079,C15H19N5OS
F6480-5398,C16H15F2N3O2
F1143-3228,C18H15N3OS
F6476-6173,C14H14ClN3O2S
F6807-5360,C18H20N4O2
F6520-2026,C18H18N2O2S
F6554-0783,C18H21N3O3
F5061-0238,C15H15N5O2S
F6482-3726,C17H22N4O3
F6451-3098,C18H21ClN2O2
F6212-0317,C14H11ClN4O2S
F6743-7704,C16H21N3O3S
F3366-5659,C21H24N2O2
F6438-3002,C14H15FN4O3S
F6549-7409,C17H17N5OS
F5967-0015,C19H20N2O4
F5596-1258,C19H23N3O3
F6577-3399,C13H14ClN3O4S
F6502-0583,C17H14ClFN4O
F6444-6680,C16H19N5O2S
F6619-6102,C16H22N6OS
F6476-1520,C14H13BrN4O2
F2496-3152,C19H15N3O4
F6473-7253,C18H26N2O3S
F6680-3360,C16H15F3N4O2
F6814-6664,C18H23N7O
F6246-0154,C15H16F3N5O2
F6360-7997,C15H14F3N3O2S
F6609-5682,C22H22N4O
F0912-1025,C19H21FN2O4
F6798-4951,C16H19FN6OS
F6359-0960,C18H18ClFN2O3
F6809-6788,C20H20FN5O
F3244-0230,C20H17NO6
F6671-3403,C18H26F2N4O2
F3374-0272,C23H18N2O3
F6442-2186,C18H16N2O5S
F6469-2420,C17H23N7OS
F6562-8848,C20H17N5OS
F3407-4542,C16H13ClFN5OS
F6184-1028,C19H26N2O2S2
F1813-0908,C16H10Cl2N2O3S
F3116-0016,C21H20FN3OS
F6485-1341,C15H15BrFN3O3
F2713-0944,C20H21FN4O3
F6619-2935,C16H17F3N4O2S
F6617-8971,C20H25N3O3S
F6475-1828,C15H20ClN3O5S
F6523-3904,C22H19FN4O2
F6178-7940,C21H33N3O2S
F6481-3159,C19H21F2N3O2S
F6415-0966,C18H15Cl2NO3S
F5327-0631,C22H21FN2O4
F3394-1436,C18H20ClFN2O3S
F6561-1508,C22H29N3O4
F6359-1198,C19H19ClN4O2S
F2449-0160,C19H21FN4O3S
F6812-1398,C19H21F3N6O
F0698-0304,C18H14F3N3OS2
F6783-8057,C18H17F4N5O2
F0654-1505,C19H15FN4O2S2
F6359-4179,C24H24N4O3
F6442-0109,C21H22FNO5S
F6495-4153,C21H19BrN4O
F6279-0580,C23H25FN4O3
F6785-6237,C22H29N5O4
F5999-0233,C24H26N6O2
F6796-7018,C22H24FN9
F6441-6680,C19H20BrNO4S
F6495-5868,C20H21BrN6O
F6443-5111,C22H22BrNO4
F5773-0300,C20H19ClN4O4S
F2075-1107,C21H25Cl2N5O2
F1727-0031,C26H26ClN5O
F3330-0466,C26H24N4O3S
F2805-1287,C20H19F3N4O5S
