# All user editable compound information in the PCDL Manager compounds tab can be imported
# A minimum of formula or mass plus one identifier must be populated for compound import (recommended is formula and at least one other identifier, see examples)
# Multiple synonyms can be entered into the Synonyms column when separated by ';' (e.g. L-Isoleucine; 2-Amino-3-methylvaleric acid)
# All compounds will be assumed to be of a neutral ion type, unless a 1 is entered in the Cation or Anion column
Name,Formula
F6543-4809,C15H14N2O2
F6541-2947,C15H18N2O2
F2145-0469,C14H14O5
F6782-7140,C10H7BrN2O2
F6822-2782,C12H20FN5O
F6514-7818,C12H11N5OS
F1132-0413,C14H16N2O2S
F2158-0589,C17H13NO3
F6230-0021,C15H14N4O2
F5833-8387,C15H15N3O3
F6212-0153,C15H17N3O3
F6439-3452,C13H18F3N3O
F0238-0006,C14H16N2O3S
F6279-0644,C15H22N2O4
F5319-0125,C12H9Cl2N3O2
F1201-0021,C16H10FNO4
F6414-3755,C16H15NO3S
F5854-4104,C16H17NOS2
F6519-5903,C15H19N3O4
F1800-0014,C14H16N2O4S
F5876-0189,C18H18N2O3
F6608-2826,C14H21ClN4O2
F5857-0866,C17H18N2O4
F6483-0336,C17H20N2O2S
F6482-6501,C18H14N4O2
F6201-0399,C16H17ClN2O3
F6550-4576,C14H12Cl2N4O
F6571-1864,C17H22FNO4
F6372-0028,C16H15N5O3
F6199-0170,C19H26N4O
F6445-3437,C15H16N6OS
F6549-5479,C17H23N5O2
F2758-0313,C17H21N3O2S
F5087-0229,C16H16ClN3OS
F6446-1311,C16H22N4O2S
F6725-0011,C16H17ClN2O2S
F6218-0141,C17H15N5O3
F6573-1940,C17H18N6O2
F6673-4992,C19H22FN5
F6539-3201,C19H16ClNO3
F6211-0396,C17H18N4O2S
F6562-9575,C16H17N5O4
F6773-4817,C18H24N4OS
F0698-0432,C16H11ClN2OS2
F6515-2667,C15H17N5O3S
F6617-4326,C17H18F2N4O2
F6802-7667,C17H21F2N5O
F6672-2177,C18H22FNO3S
F0816-0610,C18H12ClN3OS
F6107-0022,C19H19FN4O2
F6488-1959,C17H16N4O3S
F5822-0005,C20H27N3OS
F6525-6418,C17H21N5O2S
F6563-0099,C19H23NO2S2
F6225-0396,C17H15F2N3O2S
F6670-4793,C20H24N6O
F6521-3747,C20H18N2O5
F6811-1471,C19H25N7O
F6571-2831,C18H27NO3S2
F6506-1735,C19H17NO5S
F6723-0250,C17H23F3N4O2
F6672-1596,C19H22N2O4S
F6471-6325,C19H15F3N2OS
F6482-5870,C22H23N3OS
F6680-2817,C16H12F3N5OS
F1601-0442,C19H20N6O3
F6252-1406,C19H15ClN4O3
F6515-1446,C24H21N3O2
F6441-3808,C19H19N3O4S
F6443-1583,C25H26N2O2
F6573-8526,C18H17FN4O5
F6554-0228,C20H27N3O3S
F6681-8980,C18H22BrN3O2
F6488-2796,C18H24N4O4S
F2277-0190,C18H19ClN2O4S
F6523-0045,C18H20F3N5O2
F6475-4017,C16H20ClN5O3S
F6726-4869,C21H27FN6O
F6111-0500,C22H28N2O5
F6279-0413,C17H16F3NO5S
F3406-5332,C21H19N5O2S
F2255-0114,C23H25N3O4
F2036-0396,C18H19ClN2O5S
F6526-1192,C22H22ClFN4O
F1316-0142,C23H17N3OS2
F6656-4275,C22H23N7O2
F6523-2224,C23H21FN4O3
F6252-1426,C22H15F2N3O4
F3222-3841,C21H19ClN4O4
F6469-1420,C23H16FN5OS
F5581-2150,C20H18F2N4OS2
F6441-4958,C22H23ClFNO3S
F5251-0211,C18H17F3N6O2S
F6512-7673,C18H24ClN5O4S
F6247-0683,C24H21ClN6O
F6469-0715,C22H21N7O2S
F8890-3023,C22H20ClN5O4
F3411-4951,C19H17BrFN3O3S
F2571-0470,C23H28ClN3O4S
F2334-0363,C27H31N5O4
