# All user editable compound information in the PCDL Manager compounds tab can be imported
# A minimum of formula or mass plus one identifier must be populated for compound import (recommended is formula and at least one other identifier, see examples)
# Multiple synonyms can be entered into the Synonyms column when separated by ';' (e.g. L-Isoleucine; 2-Amino-3-methylvaleric acid)
# All compounds will be assumed to be of a neutral ion type, unless a 1 is entered in the Cation or Anion column
Name,Formula
F1957-0335,C9H5BrN2O2
F6608-1223,C15H16N2O2
F6808-8424,C12H15F3N2O
F6537-3121,C13H13ClN2O2
F6512-8952,C12H10ClFN2O2
F6438-0517,C15H17N3O2
F6549-4714,C14H18N4O2
F3276-0037,C15H19NO4
F6752-2402,C14H24N4O2
F2147-0603,C10H9BrN2O3
F6574-0385,C15H18N4O2
F6523-3017,C16H20N2O3
F6597-0876,C17H26N2O2
F6502-9240,C14H19N3O2S
F6809-7518,C13H17BrN2O
F2651-0331,C14H10N4S2
F6808-8381,C10H13BrN4O2
F0643-0344,C15H14N2O3S
F6660-1217,C16H20N2O2S
F1113-0250,C14H13NO5S
F5860-2711,C16H15N5O2
F6562-6014,C16H25NOS2
F3207-0006,C18H19NO4
F5310-0043,C18H21NO2S
F6478-4368,C16H19N3O2S
F6556-7776,C15H17N3O3S
F6755-0874,C16H17Cl2N3
F3116-0058,C14H10ClNO4S
F6560-0318,C19H20N2O3
F6125-2671,C14H18N2O5S
F6524-1221,C14H17N9O
F6469-0994,C16H15N3O3S
F6561-8351,C18H22N2O4
F5656-0026,C17H20N2O3S
F6562-5878,C20H31NOS
F6355-0188,C20H17NO4
F6713-5207,C18H20N6O
F5860-3950,C15H16Cl2N4O
F5857-0481,C19H17NO5
F6803-0100,C18H20N4OS
F3222-5177,C19H23N3OS
F2558-0222,C14H11Cl2NO3S
F6809-1007,C18H17ClN2OS
F6188-0532,C19H20FNO2S
F6681-9180,C17H22N4O2S
F6454-3068,C19H29N3OS
F6502-7660,C18H15N5OS
F6359-2789,C18H18N6O2
F5836-0016,C18H16N4O2S
F6178-4081,C20H23N3O3
F6525-4442,C19H18FN3OS
F6517-4701,C19H16ClNO2S
F6474-0202,C18H22N4O4
F5954-0135,C19H16N6O2
F5302-0172,C20H18N4OS
F6573-8322,C16H14F2N4O2S
F0696-4052,C16H23N5O3S
F3358-0148,C17H16F3N3OS
F6822-2412,C20H24N4O3
F6571-0084,C20H22N2OS2
F6374-3520,C16H18ClFN2OS2
F6764-3239,C21H19N5O2
F6521-6455,C18H18FN3O3S
F6357-1323,C12H12BrNO2S3
F3375-0382,C17H22N4O4S
F6744-6568,C21H25N5O2
F6796-8650,C17H18F3N5S
F6726-0529,C19H26N8O
F2199-0384,C19H20N4O5
F6477-0423,C18H18N4O2S2
F5016-2565,C18H21N5O5
F6276-2188,C18H16ClN3O3S
F6279-0479,C18H22N4O4S
F6497-0411,C22H25N5O2
F6573-8492,C20H16FN5O3
F6789-2170,C21H26N6O2
F6524-0935,C21H21ClN4O2
F3411-4986,C19H15ClN4O2S
F6148-0193,C22H21N7O
F6378-0242,C17H14F4N2O3S
F6481-3765,C23H20N2O3S
F6559-6709,C20H21F3N4O2
F5516-0024,C16H13Cl2N5S2
F6444-1665,C20H17F4NO4
F6656-3953,C23H31N3O4
F5226-2249,C21H25ClN4O3
F2135-1707,C22H17N3O4S
F6658-5692,C20H31N5O3S
F6726-4636,C21H21FN6O3
F5016-3420,C23H26FN3O4
F3342-0392,C26H26N2O4
F0920-6201,C20H27N5O4S
F3395-0298,C22H27F3N4O2
F1248-0048,C22H17ClN2O4S
F2658-0166,C27H30N4O2
F6608-3727,C25H31N7O
F5913-0492,C20H18F3N5O2S
F3411-6029,C22H16F3N3O3S
F3382-0743,C25H27ClFN3O3
F3222-4678,C24H20F3N5O3
