# All user editable compound information in the PCDL Manager compounds tab can be imported
# A minimum of formula or mass plus one identifier must be populated for compound import (recommended is formula and at least one other identifier, see examples)
# Multiple synonyms can be entered into the Synonyms column when separated by ';' (e.g. L-Isoleucine; 2-Amino-3-methylvaleric acid)
# All compounds will be assumed to be of a neutral ion type, unless a 1 is entered in the Cation or Anion column
Name,Formula
F5857-0768,C12H14N2O2S
F1641-0188,C15H13NOS
F6573-4939,C13H13N3OS
F1929-1216,C14H18N2O3
F6543-4882,C15H14N4O
F6671-4007,C13H11FN6
F6482-3463,C13H15N5O2
F6755-3316,C15H20N2OS
F3095-0528,C15H21NO4
F3296-0427,C13H11Cl2NO2
F6057-0211,C15H19N5O
F6668-2690,C16H21N3O2
F6480-1612,C11H15ClN2O3S
F5546-0120,C17H16N4O
F6471-6012,C16H13N3OS
F6435-2532,C14H19NO4S
F5857-4995,C15H19ClFNO2
F1900-3873,C17H19NO2S
F1908-3308,C13H14FN7O
F1479-0007,C17H10N2O2S
F6558-0121,C16H21ClN2O2
F6619-2532,C18H22N4O
F6550-3166,C19H24N2O2
F6483-0362,C17H22N4O2
F5759-0150,C20H20N4
F6507-5806,C17H22N2O2S
F5863-0031,C18H16N4O2
F6724-5302,C16H14N6S
F0686-0010,C13H13BrN2OS
F6516-4096,C18H19N3O3
F6262-1190,C14H12F3N3O3
F6448-1544,C17H20N4O3
F3406-0008,C15H14N4O3S
F6438-3190,C16H21N5O3
F6753-1018,C16H19N3O3S
F6194-0375,C18H26N2O4
F6549-1290,C15H17FN4O2S
F5860-2279,C19H19N3O3
F6560-4178,C18H22N6O
F6515-0869,C18H16N2OS2
F6192-0131,C19H19NO3S
F2370-0098,C19H19FN2O3
F5600-0506,C17H21N5OS
F3386-4887,C13H16BrNO3S
F6520-5639,C16H18N4OS2
F6258-1541,C17H21N3O3S
F6057-0548,C17H24N4O2S
F6064-0373,C14H15BrN4O2
F5055-0219,C20H21N3O3
F2496-3275,C18H15N3O5
F6564-4973,C20H23FN4O
F6252-7838,C18H17FN4O3
F6550-4842,C14H13F3N4O2S
F6454-1020,C17H24F3N3O2
F6764-3255,C20H19N5O2
F6549-4123,C17H21N3O4S
F6446-0327,C17H17Cl2N3O2
F5857-2692,C21H22N2O4
F6439-5128,C18H16N4O3S
F6798-4904,C18H20FN7O
F6349-1209,C20H16F3N3O
F6681-8888,C16H16BrN5O
F1348-0001,C23H22N2O3
F6192-1471,C22H20N2O2S
F5788-0056,C23H27N3O2
F6372-0004,C19H17N5O2S
F3407-0195,C20H24N6O2
F6516-4573,C19H18N4O5
F6279-0349,C22H29N3OS
F3165-0953,C20H23N3O3S
F6802-7669,C16H20BrF2N3O
F6524-3926,C22H20N4O3
F6262-1279,C16H15BrN4O3
F6484-2052,C18H16F3N5O2
F6619-5971,C19H23F3N6
F2493-3210,C21H16F2N4O2
F6676-1053,C19H29N3O4S
F5607-0111,C19H20ClN7O
F6481-0578,C19H18ClN5OS
F1872-0708,C20H20ClN3O2S
F3398-5164,C23H21N3O2S
F6749-1004,C22H23N5O3
F2254-0474,C18H20N2O5S2
F6571-0860,C21H22N4O3S
F6510-3140,C15H13BrFN3O3S
F5016-0876,C21H25N3O4S
F6469-1109,C22H18N4O3S
F6523-0821,C22H28N8O
F6713-2010,C18H20F3N7O2
F2640-0362,C22H26N4O3S
F5485-1685,C22H27N3O4S
F2465-0108,C21H25FN4O3S
F5033-3286,C22H24F3N3O3
F6796-4000,C22H26N6O2S
F5033-7527,C24H31N3O3S
F1260-1729,C18H12BrN3O4S
F6363-0026,C23H29N9O
F1457-0049,C22H22BrN3O3
F2896-0520,C21H20Cl2FN3O2S
F5792-0416,C24H22ClN5O2S
