# All user editable compound information in the PCDL Manager compounds tab can be imported
# A minimum of formula or mass plus one identifier must be populated for compound import (recommended is formula and at least one other identifier, see examples)
# Multiple synonyms can be entered into the Synonyms column when separated by ';' (e.g. L-Isoleucine; 2-Amino-3-methylvaleric acid)
# All compounds will be assumed to be of a neutral ion type, unless a 1 is entered in the Cation or Anion column
Name,Formula
F3173-0020,C12H9F2NO3
F6446-0009,C14H15N3O2
F6782-0668,C13H12FN3O2
F6574-1401,C14H24N4O
F6752-3739,C14H24N2O3
F6192-0016,C14H12N2O4
F6512-0155,C14H14FN3O2
F3316-0057,C13H15ClN4O
F1907-9089,C12H18F3NO3
F6503-2724,C12H20N4O2S
F2480-0002,C14H13N3S2
F6556-0705,C15H15NO3S
F6573-6222,C16H15F2NO2
F6664-1142,C14H12ClFN2O2
F5033-3332,C14H20N2O3S
F6545-0896,C11H20F2N2O3S
F6125-0708,C15H16N4O3
F6680-3464,C15H18N4O3
F6793-5192,C11H13BrFNOS
F6200-1589,C18H17N3O2
F6560-8733,C21H27NO
F6553-7031,C13H13ClN2O3S
F5857-6901,C20H27NO2
F6609-3537,C19H25NO3
F6808-5947,C19H19N5
F6789-6704,C17H19F2N3O
F3348-0864,C15H14F3N5
F6571-6462,C16H18FNO3S
F2496-1025,C17H11NO4S
F6793-6958,C15H17F3N4O
F1716-0241,C14H9BrN4O
F6184-0220,C19H20FNOS
F8890-1131,C15H13N3O4S
F6089-2350,C18H24N2O2S
F2781-0093,C16H18N2O4S
F6802-7671,C16H19F2N5O
F3097-5807,C17H17Cl2NO2
F6573-9328,C18H15FN4O2
F6107-0010,C19H18FN3O2
F6443-7653,C20H24N2OS
F6252-7268,C15H11BrN4O
F0555-0105,C21H13NO4
F6441-3073,C15H21FN2O4S
F6446-1102,C18H23N3O2S
F6522-0608,C17H14ClNOS2
F3398-3649,C16H17ClN4O3
F6200-3599,C19H18F3NO2
F6516-1851,C16H14ClNO4S
F6556-6088,C17H24N2O4S
F6668-3001,C16H16F2N2O3S
F6764-1553,C19H22ClN5
F3225-0720,C18H19N3O3S
F6356-1039,C18H18BrNO2
F6791-8060,C18H25FN6O
F6567-8958,C19H21F3N4
F6680-0725,C20H20N4OS
F6606-1363,C22H27N3O2
F6443-1425,C20H21N3O2S
F6357-0781,C17H20FNO3S2
F6783-7981,C17H19FN8O
F6433-0155,C21H16N4O3
F6412-1286,C17H15BrN2O3
F5624-0354,C18H22ClN5O2
F0657-0672,C20H16ClN5O
F6529-2843,C21H22N4O3
F3398-3072,C20H17ClN4O2
F5831-9656,C20H23N5OS
F6125-0940,C17H16F3N3O4
F2880-0506,C22H28N2O4
F6390-3076,C17H26N2O4S2
F6678-9690,C23H25N5O
F2019-1165,C19H23N3O2S2
F6257-6072,C21H22N6O2
F6557-0038,C18H20N2O4S2
F6440-3583,C20H22F3N3O2
F2872-0046,C20H17N3O4S
F6240-2263,C21H24N4O4
F6507-8976,C18H26N2O4S2
F6510-2730,C19H17FN4O3S
F6178-3413,C20H23ClN4O3
F5317-0062,C23H24N4O3
F6443-5414,C19H18ClNO5S
F3222-4036,C21H19N3O6
F6496-3357,C23H29N3O2S
F3398-5246,C21H23ClN4O3
F3225-6974,C23H16ClN3O3
F6497-1165,C24H25N3O4
F6478-3639,C19H23FN4O4S
F6761-7620,C20H19N5O4S
F6436-2617,C23H22ClFN2O3
F6438-1518,C17H20F3N5O3S
F6559-2234,C21H18F4N4O2
F6525-8125,C16H22F3N5O4S
F5486-0282,C22H24N4O4S
F2711-0823,C26H22FN3O3
F6685-8606,C19H25F3N4O3S
F3406-6122,C19H17F3N6O2S
F1543-0567,C26H27N3O3S
F3167-0717,C23H23FN2O4S2
F5485-1081,C24H24ClFN4O2S
