# All user editable compound information in the PCDL Manager compounds tab can be imported
# A minimum of formula or mass plus one identifier must be populated for compound import (recommended is formula and at least one other identifier, see examples)
# Multiple synonyms can be entered into the Synonyms column when separated by ';' (e.g. L-Isoleucine; 2-Amino-3-methylvaleric acid)
# All compounds will be assumed to be of a neutral ion type, unless a 1 is entered in the Cation or Anion column
Name,Formula
F6438-2031,C12H17N3O3
F3331-0258,C14H12N2O3
F6608-1111,C11H14F2N2OS
F6676-2393,C14H21N3O2
F5490-1359,C16H17N3O
F1795-0019,C13H13N5O2
F6465-0238,C13H14N4O3
F6725-1613,C14H11N7
F6471-5253,C13H20N4OS
F5857-6159,C18H21NO2
F6608-1591,C14H17F3N2O
F6438-2133,C14H16N4O3
F6789-0633,C16H22N2OS
F6435-5101,C12H15N5O2S
F3277-0115,C18H21N3O
F6677-2623,C15H19N7
F6549-6672,C16H21N5O
F6554-0946,C16H23N5O
F5010-0121,C14H16N4O2S
F6558-0325,C17H23FN2O2
F6201-0277,C15H19NO4S
F6482-2502,C15H21NO4S
F6416-9162,C15H20ClNO4
F6414-0727,C14H21NO5S
F6561-1378,C19H15N3O2
F5857-1590,C16H17NO4S
F6789-0527,C14H16BrN3O
F3259-0498,C14H22N6O3
F6556-4993,C16H24N2OS2
F6724-5457,C13H19BrN4O
F6230-0145,C21H17N3O
F5857-8353,C14H16FNO3S2
F6438-3372,C15H18N6O3
F6414-0432,C14H15F3N2O4
F6216-0315,C17H23N3O4
F6194-1119,C17H21NO2S2
F6484-0218,C19H20N4O2
F1822-0279,C14H15BrN2OS
F6574-0079,C18H17N3O2S
F6192-0577,C19H20N2O2S
F2068-0767,C15H23N3O4S
F6469-3528,C16H22N8O
F1038-0411,C15H13BrN4O
F6521-8310,C19H20ClNO3
F6525-2383,C20H18N4O2
F6550-7495,C20H21N5O
F5834-0918,C19H15N3O2S
F6549-2873,C17H17F3N4O
F5673-0126,C17H18Cl2N2O2
F6539-2695,C17H24ClN3O3
F5256-0004,C18H17N3O3S
F5095-0187,C20H28N4O2
F6791-2748,C18H22N4O2S
F6524-5757,C18H15F3N4O
F6523-4568,C17H19ClN4OS
F5754-0286,C21H25N5O
F6436-0292,C17H23N3O4S
F6681-8924,C14H18BrN5O2
F6571-6023,C21H24N2O2S
F5460-0535,C17H15FN6OS
F6111-2099,C21H29N3O3
F6796-4298,C18H20FN5OS
F0867-0022,C16H17N5O2S2
F6472-7098,C22H24N4O2
F6556-4543,C19H17F3N2O3
F2774-3396,C22H22FN3O2
F5224-0044,C18H23NO4S2
F3398-5082,C21H23FN4O2
F3393-0053,C19H20N4O3S
F1094-0285,C19H15ClN2O3S
F6219-0088,C18H21N5O3S
F1897-0598,C16H12BrN3O2S
F6561-7047,C20H18N6OS
F5040-0674,C20H21N7O2
F6473-0151,C18H24BrN3O2
F6089-9050,C22H23FN4O2
F5854-4887,C18H24N2O4S2
F6791-7560,C21H27N5O3
F6619-7388,C16H20F3N7O2
F6656-1212,C25H27N3O2
F6753-2711,C18H21BrN4O2
F5860-2531,C20H23FN2O4S
F2094-0631,C22H24N4O4
F5854-4796,C17H15F6NO2S
F6161-0053,C25H23N3O3
F6252-5356,C19H20N4O7
F3406-7622,C18H15BrClN3O2
F6513-5309,C20H22F3N5O2
F6250-0470,C23H21FN2O5
F2758-1077,C22H25N3O4S
F3398-2072,C23H22N6OS
F1874-0950,C23H23N5O2S
F6475-2362,C21H23F3N4O3
F3167-1491,C27H25N3O3
F6279-0050,C23H27ClN4O3
F6670-6510,C25H24FN5O2
F6368-0231,C26H32N4OS
F6188-0995,C23H26N2O4S2
F3385-6176,C28H26N2O5
F2205-0225,C24H26N4O5S
