# All user editable compound information in the PCDL Manager compounds tab can be imported
# A minimum of formula or mass plus one identifier must be populated for compound import (recommended is formula and at least one other identifier, see examples)
# Multiple synonyms can be entered into the Synonyms column when separated by ';' (e.g. L-Isoleucine; 2-Amino-3-methylvaleric acid)
# All compounds will be assumed to be of a neutral ion type, unless a 1 is entered in the Cation or Anion column
Name,Formula
F2185-0175,C11H9ClFN3O
F6782-4251,C15H15NO3
F6090-0158,C13H12FN3O2
F6559-1566,C12H22F2N2O2
F6804-7513,C16H20N4
F6608-1256,C12H11F3N2O2
F3176-0002,C12H13N5O3
F6446-0534,C12H14N4O2S
F2392-1023,C13H19N3O2S
F6480-0945,C15H16N4O2
F5860-1586,C13H15Cl2NO2
F6724-4567,C14H12FN3OS
F6553-0452,C14H17N3O2S
F0412-0324,C16H10N2O2S
F6609-8253,C17H16N2O3
F6573-4691,C17H18N2OS
F6512-1417,C15H16N4O3
F6619-5727,C14H18N6S
F5022-0125,C18H28N2O2
F6194-0098,C16H18FNO4
F6681-9841,C19H23N3O
F6210-0042,C12H13BrN2O3
F6795-1627,C17H23N5O
F6796-6647,C16H21N5O2
F6514-2749,C16H22F3NO2
F6724-5606,C15H21N5OS
F6562-8598,C15H19N3O3S
F6539-3159,C19H17NO2S
F6745-9399,C13H16BrN3S
F6420-0983,C15H22N2O4S
F6452-2135,C21H29NO2
F0689-0035,C17H19N3O2S
F3077-0675,C15H13ClF3NO2
F2414-0067,C21H20N2O2
F6481-3123,C17H16F2N2OS
F6539-3179,C21H21NO3
F6436-0328,C14H15N3O3S2
F6432-0265,C16H14N6O3
F6064-0299,C17H17N5O3
F2302-0345,C20H21FN2O2
F2398-0144,C13H8ClFN2O2S2
F6221-0147,C16H14ClN5O2
F5103-0422,C18H20N2O3S
F6743-7773,C18H23N3O2S
F6521-7832,C14H12Cl2FNO2S
F6244-3531,C17H20N2O2S2
F5033-1201,C17H23N3OS2
F5529-0256,C13H12F3NO3S2
F6550-4523,C18H17FN6O
F6451-1035,C16H19ClN2O3S
F6359-3780,C19H21N3O4
F6473-4057,C18H19N3O3S
F2988-0005,C17H14ClN3O2S
F6619-6704,C21H24N6
F6471-2627,C19H26N2O3S
F3385-5449,C22H20O5
F6033-0246,C23H27NO3
F6574-0100,C20H21N3O2S
F0630-0085,C15H19N3O4S2
F6480-5482,C19H22N4O4
F6471-1403,C16H24N2O4S2
F2331-0191,C17H15BrN2OS
F6374-1361,C19H25N3OS2
F5788-2173,C18H17F2N3O2S
F2444-0050,C21H22N4O3
F6479-3362,C18H21ClN2O3S
F6756-0476,C20H23N5OS
F5644-0025,C20H18ClN3O3
F6403-1432,C24H24N4O
F6192-0985,C20H22N2O4S
F6619-6123,C18H25N7O3
F6559-1224,C19H20FN3O3S
F6178-2307,C19H26N4O3S
F2899-0092,C21H16N2O4S
F6562-0976,C21H23N5OS
F6225-0245,C18H16F3N3O2S
F5016-1368,C21H24N4O4
F0715-0442,C21H22N2O4S
F2816-0269,C20H20N2O3S2
F6517-3082,C21H26N2O2S2
F5476-0671,C21H23F3N4O
F6349-0131,C18H15Cl2N3O4
F3382-8185,C22H20ClN3O3
F6726-0576,C20H25N7OS
F1605-0999,C20H17F3N6O
F1673-7223,C21H20ClNO4S
F5855-0672,C23H22FN5O2
F3225-4863,C22H22N4O3S
F6444-1793,C23H20FNO4S
F2508-1026,C23H14F2N6O
F6469-0340,C21H17N7O2S
F3266-0545,C21H26N2O4S2
F6237-3085,C19H18F3N5O4
F5051-0723,C22H24N4O4S
F3225-2730,C24H21N5O4
F5755-0179,C22H21F3N4O3
F1739-0065,C22H19BrN4O2
F3366-5139,C26H24ClN3O3
F3307-0075,C22H22N2O6S2
F0561-0749,C22H22N4O5S2
