# All user editable compound information in the PCDL Manager compounds tab can be imported
# A minimum of formula or mass plus one identifier must be populated for compound import (recommended is formula and at least one other identifier, see examples)
# Multiple synonyms can be entered into the Synonyms column when separated by ';' (e.g. L-Isoleucine; 2-Amino-3-methylvaleric acid)
# All compounds will be assumed to be of a neutral ion type, unless a 1 is entered in the Cation or Anion column
Name,Formula
F6760-6094,C11H10FN3OS
F6561-1900,C13H21NO4
F6614-7269,C13H17N5O
F6662-5375,C13H14FN3S
F6445-7115,C11H13N3O3S
F1957-0503,C10H14BrN3O
F8889-8913,C9H11BrN2OS
F3120-0013,C16H11N3S
F6435-9039,C13H16N2O3S
F2182-0042,C16H17N3S
F1386-0288,C16H15FN2S
F6482-7042,C15H16N2O2S
F1175-0035,C16H19ClN2O
F5225-0149,C13H12ClN3OS
F5490-1300,C17H17N3O2
F6507-5287,C15H23NO3S
F1023-0143,C15H17N5O2
F1967-1608,C15H19N5O2
F6606-2157,C17H25N3O2
F2879-3683,C15H18N2O5
F6451-1641,C15H16ClNO2S
F6760-6885,C14H12F3N3O2
F6252-1272,C11H15N5O4S
F6089-5693,C16H14FN3OS
F2496-1383,C16H12FNO5
F6554-8886,C10H10BrNO4S
F6513-5467,C19H20N4O
F6403-0631,C18H18N4O2
F6389-0246,C17H16N4OS
F6515-2723,C18H23N5O
F5857-1131,C15H16F3N3O2
F6503-4407,C18H24N4O2
F6793-6839,C15H17F3N2O3
F6681-3712,C16H17BrN2O
F1018-1681,C18H23NO3S
F6512-1013,C15H14FN3O3S
F6550-6249,C17H16N6O2
F6178-7907,C17H24FN3OS
F5529-0445,C15H14FNO5S
F6475-2677,C16H15F3N2O3
F6515-3809,C20H15N5O
F3237-0161,C16H26N2O4S
F1244-0135,C20H25NO4
F5140-0162,C13H19N3O4S2
F6359-3866,C17H19ClN4O2
F6561-6571,C18H17N7O
F6556-8902,C16H15NO2S3
F6523-3762,C15H18N4O4S
F6656-3307,C20H25N5O
F5882-4088,C17H23NO5S
F6677-3925,C18H18BrN3
F6744-5938,C15H19F3N6O
F5835-0173,C19H19FN2O2S
F5832-5427,C17H17ClN4OS
F6609-1826,C16H15BrN2O3
F6381-4412,C21H21N3O3
F6524-0501,C20H16FN3O3
F5860-4082,C22H26N2O3
F6774-4227,C19H20N4O2S
F6451-0960,C16H16ClFN2O3S
F6024-0732,C23H21N3O2
F3226-2822,C21H15N3O4
F0375-0103,C16H14BrN3OS
F6559-7803,C18H24N4O3S
F6481-3152,C15H20F2N2O3S2
F6514-2538,C19H20F3N3O2
F6506-1764,C18H14F3NO3S
F6783-7727,C19H19FN6O2
F6443-9849,C17H16ClF3N4O
F6279-0539,C21H27N3O2S
F2199-0248,C18H18FN5O2S
F5628-0018,C19H25ClN6O
F5854-1815,C20H17F3N2OS
F2862-0277,C22H21N3O4
F6451-1391,C16H15F4NO4S
F2090-1816,C20H19FN6O2
F6573-4244,C17H21BrN2O4
F6808-1505,C18H22F3N5O2
F5834-3278,C21H22ClN3O3
F6448-2361,C22H19N5O3
F5777-0250,C24H25N3O3
F3398-4175,C20H14N4O4S
F5501-0191,C18H24N4O5S
F3083-0378,C19H30N4O4S
F6497-1901,C21H23N3O2S2
F6353-5874,C17H21ClN2O4S2
F6497-0552,C20H26N4O4S
F5788-4164,C20H18F3N3O4
F2562-0137,C21H17ClN4O2S
F2011-1422,C22H22ClN3O2S
F5033-3195,C21H23BrN2O3
F6276-2098,C20H20ClN3O4S
F6519-4065,C20H19F3N4O2S
F6155-0697,C21H18FN5O3S
F5486-0490,C21H22N4O5S
F6519-3801,C22H27N3O3S2
F3406-1032,C24H24N4O3S
F5040-0364,C26H28N6O2
F1016-0519,C21H20BrN5OS
F1298-0424,C24H20FN3O3S2
