# All user editable compound information in the PCDL Manager compounds tab can be imported
# A minimum of formula or mass plus one identifier must be populated for compound import (recommended is formula and at least one other identifier, see examples)
# Multiple synonyms can be entered into the Synonyms column when separated by ';' (e.g. L-Isoleucine; 2-Amino-3-methylvaleric acid)
# All compounds will be assumed to be of a neutral ion type, unless a 1 is entered in the Cation or Anion column
Name,Formula
F0017-0362,C9H7BrN2S
F1907-9523,C10H9F3N4O
F6619-2116,C14H19N3O2
F5490-1317,C12H13F2N5
F6543-8592,C15H15N3O2
F6755-3395,C16H20N2O2
F6608-1266,C15H18FN3O
F2879-1586,C14H22N4O2
F3386-4932,C13H15ClN2O3
F2491-0075,C15H12ClN3O
F6573-5031,C15H17N3OS
F6414-3559,C16H19NO2S
F6753-0847,C15H21N3O3
F6549-6498,C15H14N6O
F6395-3909,C18H20N2O2
F2414-0175,C18H22N2O2
F5860-3669,C15H20N6O
F6753-2788,C18H26N2O2
F3394-0231,C16H19NO3S
F6677-1436,C18H21N5
F6094-0584,C16H14N4O3
F5033-6865,C14H20N2O4S
F0578-0123,C15H15ClN6
F6436-3904,C15H16N4O2S
F5140-0389,C13H16F2N2O3S
F1899-2260,C14H10ClFN4S
F6713-4673,C18H19N5O
F6357-1627,C20H21NOS
F6695-9649,C18H16ClN3O
F6483-0304,C19H22N2O3
F2254-0447,C14H20N2O3S2
F6722-3281,C18H23N3OS
F6398-0234,C17H15F2N3O2
F6743-8088,C19H32N4O
F6609-1914,C20H18N2O3
F3083-0413,C19H29NO4
F6562-0191,C17H15N5OS
F2073-0611,C18H18N4O3
F5780-0517,C16H25N3O3S
F6381-3449,C14H12ClNO3S2
F0372-0671,C13H18N4O5S
F3406-7149,C16H17N5O2S
F6125-2961,C15H24N2O5S
F6514-7244,C17H23N5O3
F5857-3096,C18H18ClNO4
F6171-0173,C16H20N4O3S
F6562-0819,C19H19N5O2
F6604-6807,C14H12F3N7O
F5652-1851,C20H24N4O2
F6609-5479,C19H19ClN4O
F6539-3230,C17H13BrN2O2
F6471-0777,C21H19N5O
F6796-0716,C17H18ClN5O2
F6560-7624,C20H15N3O2S
F3225-7220,C20H13NO2S2
F3222-1615,C21H21FN4O
F6200-2089,C17H13F3N2O4
F6431-0693,C19H21N5O3
F6359-0802,C20H20ClN3O2
F3407-0731,C17H14BrN3O2
F3096-3052,C20H24N2O3S
F6363-0610,C17H16ClFN6O
F6473-0100,C20H29N3O2S
F3097-2244,C20H24ClNO4
F2202-1489,C15H14BrN3O2S
F6524-1131,C19H17FN6O2
F6713-1385,C20H29F2N3O2
F6560-2402,C22H17N5O2
F5839-0228,C19H16ClN3O4
F6443-7748,C21H26N2O3S
F6549-7472,C18H21BrN4O
F6472-8340,C23H23N3OS
F6125-2835,C15H19Cl2N3O3S
F6178-5724,C21H20N4O2S
F6253-5344,C23H27N3O3
F6713-0174,C18H22FN3O4S
F6476-1479,C19H16BrN3O2
F6438-3244,C16H26N6O4S
F5033-5879,C20H24N4O3S
F3406-2794,C24H26N4O2
F6517-1206,C20H20ClNO4S
F3382-3292,C21H21N5O2S
F2724-1591,C25H23N5O
F3225-4905,C20H20N4O2S2
F6670-4642,C25H26N4O2
F5016-2489,C21H27N3O2S2
F3023-0741,C23H20N2O4S
F6452-1392,C14H15BrClNO3S2
F6245-3841,C21H27N7O3
F6438-3641,C22H29ClN6O
F6480-6009,C22H29N3O4S
F3395-0384,C23H29F3N4O
F5596-0816,C23H27N5O4
F6529-3503,C17H20BrN3O4S
F6151-0118,C19H18BrFN6O
F6195-0989,C17H16F3N3O4S2
F3250-0240,C22H21BrN4O2
F2865-0409,C23H22FN7OS
F1885-0484,C22H19F3N4O3S
F3167-0771,C24H28N2O7S
