# All user editable compound information in the PCDL Manager compounds tab can be imported
# A minimum of formula or mass plus one identifier must be populated for compound import (recommended is formula and at least one other identifier, see examples)
# Multiple synonyms can be entered into the Synonyms column when separated by ';' (e.g. L-Isoleucine; 2-Amino-3-methylvaleric acid)
# All compounds will be assumed to be of a neutral ion type, unless a 1 is entered in the Cation or Anion column
Name,Formula
F6416-7969,C14H21NO3
F6756-1095,C11H14F2N4O
F2716-0152,C14H16N2OS
F6816-2828,C11H6Cl2N4
F0840-0058,C15H25NO3
F6571-4213,C13H21NO3S
F6617-2037,C15H18N2O3
F6542-5678,C14H16FN3O2
F5831-3365,C18H20N2O
F6796-1056,C16H21N5
F6125-2956,C13H22N2O3S
F6438-3495,C10H20N6O2S
F6200-3794,C16H22N2O3
F6791-9173,C13H16FN5S
F3368-0329,C18H33NO2
F0016-1441,C20H27NO
F6454-0218,C18H25N3O
F6253-2948,C14H11ClN4O2
F6775-2367,C15H17ClN4O
F6516-1619,C14H10ClNO3S
F2495-0021,C14H19N3O3S
F2371-0284,C14H21N3O3S
F1016-0103,C12H19N5O3S
F6211-0158,C16H17N3O4
F6445-5330,C16H19N3O2S
F6125-2022,C15H14FN3O4
F3290-0126,C15H16ClN3OS
F5033-2539,C16H26N4O3
F6782-4301,C15H18F2N4O2
F1899-2457,C16H14N4O2S
F5027-0599,C17H20F3NO2
F3375-2551,C17H15NO4S
F6748-5023,C17H22N4OS
F6445-0231,C20H16N2O3
F6524-1292,C15H23N7O2
F5382-0506,C16H18FN3O2S
F6523-4730,C16H24N4O2S
F6480-4947,C14H15ClN4O2S
F1899-0420,C18H17N3O2S
F6561-5801,C18H17FN4O2
F6555-0423,C17H19N5O3
F5822-1674,C19H26N4O2
F2816-0150,C17H16N2O2S2
F6516-4391,C17H19N3O3S
F6713-1361,C17H22N4O2S
F6452-2320,C20H26FNO3
F6478-6139,C15H16ClN5O3
F6473-4216,C19H18N4O3
F6471-3937,C16H20N2O3S2
F6658-4180,C19H20FN5O
F6007-0073,C17H17N5O2S
F5526-0119,C16H14Cl2FNO3
F6514-6764,C20H18N6O
F6475-7367,C17H20N4O3S
F6475-7516,C18H19FN2O3S
F6549-6994,C16H17BrN2O3
F6523-4253,C19H19N5O3
F6556-0636,C18H16F3NO2S
F6438-1831,C17H20N8O2
F8890-1135,C18H18N4O3S
F6507-6018,C14H17BrN2O3S
F6471-1228,C19H23N3O3S
F6200-0296,C16H25NO3S3
F6525-1854,C21H24N6O
F5772-6415,C19H18N6OS
F8890-3920,C22H25N3O3
F6564-2818,C17H20FN3O4S
F6564-1807,C21H26N4O3
F6502-0602,C20H21ClN4O2
F6764-0797,C18H19BrN4O
F5016-1452,C19H22ClN5O2
F2813-0883,C18H16ClN3OS2
F6473-6602,C20H23ClN2O4
F5596-0722,C23H25N3O3
F6525-7400,C18H20FN3O4S
F6523-4662,C22H26N4O3
F6200-2369,C19H19F3N2O4
F6506-2384,C17H13F3N2O2S2
F6443-1276,C22H26ClN3O2
F6521-7919,C16H19ClN2O4S2
F6178-2073,C19H21ClN4O2S
F6786-6468,C19H23FN4O3S
F5343-0119,C24H28N2O4
F3165-0674,C19H14FN5O5
F1677-0624,C24H31NO3S
F6497-1267,C20H24N4O4S
F6443-9914,C17H17ClF3N3O2S
F6473-4107,C24H27N3O4
F6439-1144,C22H24N4O3S
F6381-4037,C23H26FN3O2S
F0843-0011,C26H23FN2O3
F6761-7658,C21H22F3N5O2
F3406-6412,C24H28N4O2S
F5624-0147,C23H29N5O4
F6444-0612,C25H31ClN2O3
F6043-0438,C22H31N5O3S
F2378-0440,C20H20FN3O4S2
F3395-0528,C24H25F3N4O2
F2515-4665,C24H20F3N3O2S
F2076-0255,C19H26BrN5O3S
