# All user editable compound information in the PCDL Manager compounds tab can be imported
# A minimum of formula or mass plus one identifier must be populated for compound import (recommended is formula and at least one other identifier, see examples)
# Multiple synonyms can be entered into the Synonyms column when separated by ';' (e.g. L-Isoleucine; 2-Amino-3-methylvaleric acid)
# All compounds will be assumed to be of a neutral ion type, unless a 1 is entered in the Cation or Anion column
Name,Formula
F6782-4298,C11H8ClNO4
F1811-0085,C10H15N3O5
F6675-7487,C12H12ClN5
F1907-2521,C13H20N4O2
F6677-2607,C14H16N6
F6435-1871,C13H12N4OS
F5857-1163,C15H17NO2S
F3394-0487,C12H14N4O2S
F6801-7970,C16H15N3O2
F6555-6380,C15H16N4O2
F6663-9343,C12H11ClFNO2S
F6666-3599,C12H13F2NO3S
F6448-1711,C14H17N3O2S
F6512-8944,C12H11BrN2O2
F2266-0268,C17H16N2O3
F6502-5682,C15H14N4O3
F2261-0568,C16H16N2O4
F5893-0083,C16H18N2O4
F6789-4742,C16H24N4O2
F6708-8535,C18H17N3S
F5857-6198,C20H23NO2
F6244-1068,C19H25N3O
F6789-6588,C18H23N3O2
F6658-5537,C16H21N5O2
F6390-0061,C17H23N3OS
F6573-4802,C18H17N5O
F6502-9255,C15H19N3O3S
F5791-1033,C14H17N3O4S
F6494-0487,C12H9BrFN3O2
F6811-0975,C16H15FN6O
F6471-5854,C18H25N5O
F6806-6855,C17H19N3O2S
F6571-6492,C11H16F3NO3S2
F5596-0792,C16H20N4O4
F5897-0176,C18H14N4OS
F6785-6211,C17H17N7O
F6473-6064,C16H13ClFNO4
F0375-0228,C19H18N2O2S
F6474-7281,C17H17N5O3
F6512-6863,C15H24N4O3S
F6403-2762,C19H27N5O
F6258-3077,C14H15F2N3O3S
F6395-1655,C18H20N2O3S
F5675-0016,C18H20FN3O3
F3270-0369,C17H26N6O2
F6378-0347,C17H17FN2O3S
F6472-0796,C17H20FN3O2S
F6516-1169,C14H10BrNO3S
F0827-0132,C20H20N2O4
F6237-1829,C16H11FN6OS
F6685-8774,C17H20F3N3O2
F6435-7742,C16H23NO4S2
F2147-0615,C14H18BrNO5
F6727-5055,C22H24N4O
F3273-0410,C22H22N2O3
F6696-0141,C16H15F3N6O
F6713-5846,C19H23N7O
F5882-6365,C20H18FN3O3
F6679-2648,C15H20BrN3O3
F6488-2609,C19H22N4O4
F6561-8582,C19H20N2O4S
F0920-7455,C18H35N3O3S
F6113-0272,C17H21N5O3S
F5871-0133,C18H20ClN3O2S
F5010-0085,C21H22N4O3
F3294-0014,C19H16N4O3S
F6726-4255,C20H20FN5O2
F6517-4764,C21H21NO2S2
F6619-7012,C20H22F2N6
F5223-0028,C20H22N2O4S
F6442-6829,C21H26FN3O3
F5854-1812,C22H19N3O2S
F3406-3500,C19H26N4O3S
F0301-0027,C22H14F2N2OS
F6764-1547,C23H24ClN3O
F6411-0274,C21H18ClN3OS
F6792-0818,C20H24N6OS
F0463-0039,C24H18N2O4
F1174-0672,C18H16N4O5S
F6521-4635,C24H22N2O2S
F2074-0495,C21H28N2O4S
F6200-2167,C17H14Cl2F3NO3
F6436-2698,C18H23N3O4S2
F6473-8808,C22H25N3O5
F6239-0447,C20H20ClFN6O
F6436-2571,C19H20BrN3O3
F5005-0149,C21H26FN3O3S
F5776-0011,C24H23ClN2O3
F6529-3810,C19H18F3N3O3S
F2258-0413,C18H19F3N4O3S
F3320-0484,C21H22ClN3O3S
F6529-1352,C17H21F3N4O4S
F2555-0140,C23H23N3O2S2
F6374-1842,C20H28N2O5S2
F6529-0195,C22H25N3O5S
F2323-2371,C23H19FN6O3
F6442-7061,C27H32FN3O2
F0561-0150,C25H23N3O4S
F2706-0165,C21H19BrN2O4S
F0012-0522,C22H19BrN2O4S
