# All user editable compound information in the PCDL Manager compounds tab can be imported
# A minimum of formula or mass plus one identifier must be populated for compound import (recommended is formula and at least one other identifier, see examples)
# Multiple synonyms can be entered into the Synonyms column when separated by ';' (e.g. L-Isoleucine; 2-Amino-3-methylvaleric acid)
# All compounds will be assumed to be of a neutral ion type, unless a 1 is entered in the Cation or Anion column
Name,Formula
F6617-2082,C12H14ClN3O
F2158-0738,C9H9BrN2S
F6760-7154,C15H21N3O
F6608-0878,C13H17N3OS
F5125-0028,C15H13N3O2
F3318-0187,C16H14ClNO
F6360-9487,C14H14N2O2S
F2260-0013,C13H12FN3O3
F6482-3348,C14H12N6O
F6730-0024,C16H17N3O2
F6363-0207,C14H14N4O3
F6549-3429,C14H16N4OS
F6390-2728,C15H18N2O4
F6553-0054,C15H13F2NOS
F5475-0055,C19H18FNO
F5083-0017,C17H19N3O2
F6743-8960,C12H21N5O2S
F6733-2484,C17H20FN3O
F6745-8254,C13H12ClF3N2O
F6678-8019,C18H18N4O
F6286-0217,C11H14F3N3O2S
F2529-0071,C17H14FN3O2
F5854-0799,C16H15N3O2S
F6245-5887,C12H12F3N5O2
F6784-1193,C12H11F4N5O
F6522-0062,C16H11F2NO2S
F6786-5750,C16H24N4O3
F6266-0373,C16H22N2O5
F5053-0130,C15H20N2O4S
F3202-0120,C13H11ClN2O4S
F6805-5593,C17H18ClN5
F6619-7268,C16H24N8
F6806-6785,C14H17F3N4O2
F6560-3165,C15H13FN4O2S
F6514-9146,C20H19N3O2
F6564-2437,C16H15ClFN3O2
F6458-0077,C16H16N8O
F6549-2786,C20H23N3O2
F6472-0689,C16H18FNO2S2
F5856-0176,C16H16N6OS
F6573-1683,C17H19N5OS
F6524-4340,C18H22N4O3
F6619-4903,C17H22FN7
F1872-0917,C17H16FN3O2S
F3412-0008,C21H18N2O3
F6222-0584,C16H21N5O4
F6606-5048,C14H16BrN5O
F3324-0169,C19H18N4OS
F2726-0732,C15H10ClFN2OS2
F2864-0085,C19H19N3O4
F6184-0767,C17H16F3NO2S
F6753-2781,C18H23F3N2O2
F2262-0614,C19H19FN2O4
F6573-7614,C17H17ClN4O3
F6515-0624,C18H13F3N2OS
F6560-0256,C20H21N5O2
F6523-2750,C19H16FN5O2
F6561-2656,C20H34N2O4
F6507-9233,C17H24N2O5S
F5954-0137,C17H12F2N6S
F5264-0481,C21H26ClN3O
F0682-1217,C17H19N5O3S
F6788-7963,C14H18ClN3O3S2
F6246-4162,C17H24N6O2S
F6473-4410,C18H19FN2O4S
F6676-1500,C21H21N3O4
F6609-3697,C18H14F3NO5
F6476-3243,C18H21F3N4O2
F6512-6594,C16H18F2N4O3S
F6474-0372,C21H27N3O4
F5383-0132,C19H21N3O4S
F5855-0453,C23H24N4O2
F6792-4359,C16H18F4N4OS
F5788-0344,C21H21N5O3
F6443-5442,C19H17F2NO4S
F6503-5003,C21H22N4O4
F6416-9117,C18H21ClN2O4S
F6561-7572,C22H27N3O2S
F6279-0275,C21H22FN3O2S
F6188-0651,C22H27NO4S
F5782-0243,C25H29N3O2
F6476-5799,C23H19ClN2O3
F3382-6035,C22H24N4O2S
F6564-4516,C23H30N4O3
F2879-2923,C21H23N3O4S
F2699-0603,C21H18ClFN2O4
F6713-4607,C23H23FN6O
F0526-1309,C23H23N3O3S
F6245-4580,C19H22Cl2N4O3
F2236-1095,C22H22FN3O3S
F0507-2883,C21H23ClN4O2S
F3406-4759,C20H18F3N5OS
F2265-0935,C24H24N2O4S
F2068-0560,C20H23F2N3O4S
F5584-0215,C22H26N4O2S2
F2496-2263,C25H23N3O5
F5478-0080,C22H23F3N4O3
F3406-5087,C22H18F3N5O3
F3222-5792,C26H20FN5O3
F5528-0212,C24H27N5O4S
