# All user editable compound information in the PCDL Manager compounds tab can be imported
# A minimum of formula or mass plus one identifier must be populated for compound import (recommended is formula and at least one other identifier, see examples)
# Multiple synonyms can be entered into the Synonyms column when separated by ';' (e.g. L-Isoleucine; 2-Amino-3-methylvaleric acid)
# All compounds will be assumed to be of a neutral ion type, unless a 1 is entered in the Cation or Anion column
Name,Formula
F3276-0026,C14H21NO3
F6546-1150,C11H14F2N4O
F2806-0183,C14H16N2OS
F6616-3112,C10H9BrN4
F6482-2042,C15H25NO3
F6789-4503,C13H16F3N3
F5831-2212,C15H18N2O3
F6561-3575,C16H20ClNO
F6561-3046,C18H20N2O
F6672-1724,C16H21N5
F6125-2626,C13H22N2O3S
F6808-5886,C18H16N4
F2197-4633,C16H22N2O3
F6755-4973,C15H14F3N3
F6808-5411,C17H33N3O
F6808-5414,C16H31N3O2
F6708-8362,C18H25N3O
F6530-6117,C14H11ClN4O2
F6432-0177,C13H16N6OS
F6435-1478,C11H14ClNO3S2
F1757-0302,C14H19N3O3S
F8890-6579,C14H21N3O3S
F2774-1530,C20H15N3O
F5882-5681,C16H17N3O4
F6514-2512,C16H19N3O2S
F6660-2424,C15H14FN3O4
F6275-0107,C14H15ClF3NO2
F1916-5377,C16H26N4O3
F6805-3075,C18H20N4S
F2879-2238,C16H14N4O2S
F6561-2573,C17H20F3NO2
F2209-0045,C17H15NO4S
F6403-1772,C17H22N4OS
F3385-4454,C20H16N2O3
F6561-2430,C19H27NO4
F6443-6583,C16H18FN3O2S
F6381-4255,C21H21FN2O
F6550-6453,C14H15ClN4O2S
F6476-4366,C18H17N3O2S
F6604-8532,C18H17FN4O2
F6524-4803,C17H19N5O3
F6443-1508,C19H26N4O2
F6041-0069,C17H16N2O2S2
F6573-7125,C17H19N3O3S
F6245-3153,C17H22N4O2S
F6562-6096,C20H29NO2S
F6472-0614,C15H18F3NO3S
F6507-5858,C18H23ClN2O3
F6571-6323,C16H20N2O3S2
F6454-1108,C19H20FN5O
F6036-1054,C17H17N5O2S
F6539-3731,C18H16BrNO2
F6560-8290,C20H18N6O
F6573-8136,C17H20N4O3S
F5672-0088,C18H19FN2O3S
F6514-1867,C16H17BrN2O3
F6476-4409,C19H19N5O3
F6574-1263,C17H19Cl2N3O2
F2784-0676,C21H24N2O4
F6473-2485,C18H18N4O3S
F6524-0928,C16H13BrN4O2
F6559-7828,C19H23N3O3S
F3407-0668,C21H14FN3O3
F6713-5454,C21H24N6O
F6403-2924,C19H18N6OS
F6359-5373,C22H25N3O3
F6485-1620,C17H20FN3O4S
F6687-7031,C21H26N4O3
F6525-5329,C20H21ClN4O2
F6748-1280,C18H19BrN4O
F6178-0858,C19H22ClN5O2
F2093-0681,C18H16ClN3OS2
F0518-0191,C21H19ClN6
F5505-0078,C23H25N3O3
F6510-3945,C18H20FN3O4S
F6564-7814,C22H26N4O3
F5097-2523,C19H19F3N2O4
F6161-0223,C18H15BrN4O2
F6478-4214,C22H26ClN3O2
F1746-0049,C16H19ClN2O4S2
F6448-2370,C19H15F3N4O3
F6594-1078,C17H17F3N8O
F6788-4348,C22H25FN6O
F3406-4343,C21H18ClN3O4
F1677-0666,C24H31NO3S
F1899-0480,C20H24N4O4S
F6802-9531,C17H17ClF3N3O2S
F6521-9745,C24H27N3O4
F5111-0071,C22H24N4O3S
F5027-0280,C22H25N3O6
F6811-1871,C21H21F3N6O
F6523-0184,C21H22F3N5O2
F5089-1350,C24H28N4O2S
F6043-1987,C20H33N5O4S
F2686-0032,C23H30N4O3S
F2076-0310,C22H31N5O3S
F5255-0039,C20H20FN3O4S2
F8890-3383,C26H26N4O4
F5753-0215,C21H21F4N3O3S
F3398-4483,C20H23ClFN5O2S2
