# All user editable compound information in the PCDL Manager compounds tab can be imported
# A minimum of formula or mass plus one identifier must be populated for compound import (recommended is formula and at least one other identifier, see examples)
# Multiple synonyms can be entered into the Synonyms column when separated by ';' (e.g. L-Isoleucine; 2-Amino-3-methylvaleric acid)
# All compounds will be assumed to be of a neutral ion type, unless a 1 is entered in the Cation or Anion column
Name,Formula
F3394-0787,C10H10N4O2S
F5066-0036,C10H10ClN3OS
F0578-0079,C12H10ClN5
F6210-0170,C14H18N2O3
F1721-0034,C16H14N2O2
F6608-0637,C13H16ClFN2O
F6471-2580,C16H19NOS
F6210-0838,C13H16N4O3
F6561-4820,C17H17N3O
F6561-3626,C18H22N2O
F6438-0459,C16H19N3O2
F6752-7415,C16H21N3O2
F6806-7267,C16H23N3O2
F0853-0375,C18H16N2O2
F3394-0046,C14H14FNO3S
F6512-0688,C16H15N3OS
F1641-0039,C17H17NO2S
F1879-0002,C12H19N3O4S
F6549-7657,C14H17N5OS
F0840-0268,C19H31NO2
F6573-2083,C17H16N4O2
F6715-0242,C18H19FN4
F3158-0114,C19H21FN2O
F6713-7042,C16H19FN6
F6560-4086,C16H20N4O3
F6562-8223,C20H18N2O2
F6357-0566,C16H20N2O3S
F5854-4613,C16H16F2N2OS
F6818-1403,C17H21N7
F6521-7272,C18H19N3O3
F3407-0732,C17H14ClN3O2
F6508-0003,C18H20N2O4
F6515-0760,C17H12F2N2OS
F6619-3532,C17H22ClN5
F6186-1268,C14H23NO4S2
F6709-0335,C20H22N4O
F6476-5992,C15H17ClN4O3
F6416-8686,C17H23NO4S
F0696-4666,C19H22N4O2
F6549-1595,C14H14ClFN4OS
F6525-0356,C15H17F2N3O2S
F6550-6293,C17H18N4O4
F6764-4834,C20H17N5O
F6558-0331,C19H28N4O2
F6064-8571,C16H12F2N4O3
F6312-0149,C18H16F3N3O
F3225-0990,C20H20N4O2
F3371-0885,C15H12BrClN2O
F6805-9136,C18H20F3N3O
F6279-0132,C17H17F2NO3S
F6752-4002,C18H24F2N2O3
F6414-3783,C19H20N2O3S
F2173-0490,C18H15ClN2O2S
F6507-1255,C18H24F3NO3
F5496-1643,C18H23N3O3S
F6789-1170,C19H17N5OS
F6415-1413,C17H16FNO3S2
F5822-2179,C20H22N4OS
F6469-0864,C19H16N2O4S
F6548-3203,C20H23N3O4
F6573-0404,C18H18ClN5O2
F6524-0926,C15H12BrN5O2
F3407-4399,C22H19FN4O
F6752-4327,C15H19F3N4O2S
F6727-5102,C21H23N5O2
F5286-0090,C21H17NO6
F6518-5058,C21H24N4O3
F6480-4613,C20H19ClN4O2
F2279-0163,C18H29N3O4S
F3172-0070,C23H19N3O3
F5729-0150,C18H18BrN3O2
F6435-2877,C20H24N2O4S
F0382-0163,C14H6Cl2F2N2OS2
F6471-1383,C16H20F3N3O3S
F6293-0194,C22H24N4O3
F3266-0140,C17H22N4O3S2
F6436-2616,C22H25N3O4
F6200-2155,C20H22F3NO2S
F6782-7261,C20H18ClN3O2S
F6178-3308,C19H20BrN3O2
F6476-2881,C19H16F3N5O2
F3406-6582,C23H23N3O4
F3139-0962,C23H14ClFO4
F2471-0793,C22H19FN2O5
F6240-4751,C22H28N4O4
F1174-2991,C21H25N3O2S2
F6245-6981,C19H19FN4O2S2
F6845-0022,C25H28N2O4
F5013-0552,C23H22FN3O4
F2471-0696,C23H23FN2O5
F2724-1967,C24H23N5OS
F6175-0505,C20H19F3N6O2
F5005-0071,C21H26FN3O4S
F2443-0322,C23H26N4O3S
F6252-1187,C22H27N5O3S
F3395-0281,C24H27F3N4O
F6559-0961,C21H29N5O4S
F0827-0075,C28H26N2O4
F2638-0339,C27H22N4O2S
F3385-6130,C28H34N2O5
