# All user editable compound information in the PCDL Manager compounds tab can be imported
# A minimum of formula or mass plus one identifier must be populated for compound import (recommended is formula and at least one other identifier, see examples)
# Multiple synonyms can be entered into the Synonyms column when separated by ';' (e.g. L-Isoleucine; 2-Amino-3-methylvaleric acid)
# All compounds will be assumed to be of a neutral ion type, unless a 1 is entered in the Cation or Anion column
Name,Formula
F1915-2664,C12H7F4N
F6547-0208,C15H18N4
F0817-0028,C13H9NOS2
F6441-5327,C14H18N2OS
F6436-3679,C11H14N4O2S
F6471-8003,C10H14N4O3S
F6475-6276,C14H15N3O3
F6559-1727,C10H17FN4O2S
F6789-6306,C14H15F2N3O
F6660-6900,C16H18N4O
F6482-6686,C16H19N3O2
F1126-0600,C16H21N3S
F2148-0008,C16H20FN3O
F6562-6897,C14H16N2O5
F6190-1554,C14H14ClNO2S
F6064-8380,C14H11N5O3
F3374-0580,C16H11F2N3O
F6550-6587,C14H15N5OS
F6127-0103,C14H16F3NO3
F6473-0343,C15H23N5O2
F1011-0761,C18H16N2O3
F2879-5671,C16H20F2N2O2
F6443-7897,C17H20N4O2
F6549-7593,C15H18N6O2
F6491-2586,C16H20N4O3
F6259-1250,C13H17F3N4O2
F6561-8117,C16H20N2O3S
F0307-0344,C17H14N4OS
F6805-9120,C18H21N5O
F0784-0278,C12H19N7O2S
F6573-7767,C16H13N3O3S
F5788-1230,C17H17FN4O2
F0863-0646,C16H14N2O2S2
F6521-9003,C17H21N3O4
F5827-0192,C16H11N7O2
F6357-1874,C18H26N2O2S
F0176-0089,C19H16N2O2S
F6524-5520,C16H15N7O2
F6549-9294,C19H22N4O2
F1190-0193,C15H17BrO4
F6724-4817,C16H15N5O2S
F2147-0934,C15H17F3N4O2
F6436-1867,C18H21N3O2S
F6682-6439,C18H24N4O3
F5854-5935,C15H14F4N2OS
F1876-0008,C19H14FN5O
F6312-0285,C20H20N4O2
F6619-7844,C19H23N7
F6553-0911,C21H21NO4
F3088-1783,C20H16ClNO3
F6524-1878,C19H22N4O3
F3398-1725,C19H17FN2O4
F2774-0141,C17H12BrFN2O
F6752-0260,C19H25N3O2S
F6709-5125,C21H19N3O3
F6481-4311,C17H21N3O2S2
F6514-2815,C14H15BrF3NO2
F5875-0184,C21H22N2O2S
F6436-1838,C19H16N2O2S2
F6525-0614,C21H24ClN3O
F6559-1824,C16H16F3N3O4
F6442-6413,C22H32N2O3
F0560-0107,C23H19FN2O2
F6221-0158,C19H16N6OS
F3348-0574,C21H23N5O2
F6510-3308,C17H18FN3O4S
F6556-2134,C19H28N2O4S
F2040-0117,C21H16F2N2O3
F5532-0085,C21H25N3O4
F6188-0606,C21H23NO4S
F6560-1383,C16H14BrN5O2
F6359-0406,C18H23F3N2O2S
F6443-7220,C24H27N3O2
F6574-1734,C20H17N5O2S
F6670-5134,C21H21FN6O
F6241-0380,C20H18N4O3S
F6497-7753,C21H22FN5O2
F5261-0243,C18H24ClN3O3S
F6573-1669,C18H18BrN5O
F6525-1306,C17H16BrN5O2
F6677-0782,C17H20F3N3O3S
F6245-6475,C20H19N7O3
F5229-0486,C20H13BrN2O3
F5834-4841,C22H22N2O2S2
F6788-3399,C18H23F3N6O2
F6454-2291,C21H26BrN3O
F2468-0306,C20H19FN2O3S2
F2392-0848,C25H28N2O2S
F3379-0423,C22H22ClN5O2
F6529-6778,C19H24ClFN4O4
F5967-0348,C22H24ClN3O4
F6727-8278,C23H20N4O5
F6529-3785,C20H20F3N5O3
F5771-1256,C22H22N4O6
F2617-0668,C23H24FN3O5
F6559-0755,C24H24N6O3
F2493-2468,C25H25N3O5
F3394-1074,C23H26N4O2S2
F2706-0244,C21H20Cl2N2O4S
F6363-0954,C21H21F3N6O2S
