# All user editable compound information in the PCDL Manager compounds tab can be imported
# A minimum of formula or mass plus one identifier must be populated for compound import (recommended is formula and at least one other identifier, see examples)
# Multiple synonyms can be entered into the Synonyms column when separated by ';' (e.g. L-Isoleucine; 2-Amino-3-methylvaleric acid)
# All compounds will be assumed to be of a neutral ion type, unless a 1 is entered in the Cation or Anion column
Name,Formula
F3320-0888,C15H14N2O2
F6471-7249,C15H18N2O2
F6471-2864,C14H15ClN2O
F1967-0141,C10H7BrN2O2
F6619-2122,C13H23N3O3
F2491-0061,C14H9F2N3O
F2493-2329,C14H16N2O2S
F0267-4406,C17H13NO3
F6524-1829,C15H14N4O2
F6562-2305,C15H15N3O3
F6524-1856,C15H17N3O3
F6594-2170,C13H18F3N3O
F6420-0218,C14H16N2O3S
F6753-1503,C15H22N2O4
F5868-0206,C12H9Cl2N3O2
F5857-0169,C13H14FNO4S
F6414-3564,C16H15NO3S
F2879-4623,C15H14ClN3O2
F6573-7528,C15H19N3O4
F6420-0603,C14H16N2O4S
F2257-0261,C18H18N2O3
F6608-2420,C17H17FN4O
F6186-0482,C14H22N2O4S
F6739-7857,C17H20N2O2S
F5791-1016,C18H14N4O2
F6475-2621,C16H17ClN2O3
F2863-0050,C14H14N2O3S2
F1673-5834,C17H25NO3S
F6715-0227,C16H15F4N3
F3375-2908,C19H26N4O
F6525-5516,C17H14F2N4O
F6472-8804,C17H23N5O2
F6752-4145,C17H21N3O2S
F2547-0009,C13H19NO5S2
F6660-1417,C16H22N4O2S
F6359-1062,C16H17ClN2O2S
F5827-0182,C17H15N5O3
F6785-6243,C17H18N6O2
F3237-0170,C18H29NO3S
F3371-0743,C19H16ClNO3
F6525-0328,C17H18N4O2S
F6349-0206,C16H17N5O4
F5496-1724,C18H24N4OS
F3116-0086,C16H11ClN2O3S
F5834-0262,C17H15F2N3O3
F3406-9662,C17H18F2N4O2
F6495-2502,C16H23N5O4
F6441-2812,C18H22FNO3S
F2543-0913,C18H12ClN3OS
F6125-3793,C19H19FN4O2
F6471-1295,C14H20N4O3S2
F6619-4108,C17H23N7O2
F6806-6993,C17H21N5O2S
F6374-1687,C19H23NO2S2
F2308-0165,C19H13N3O5
F2359-0313,C20H24N6O
F0532-1621,C20H18N2O5
F6792-3733,C19H25N7O
F6448-2278,C18H19N5O4
F6668-2953,C15H22BrN3O3
F3406-6427,C19H24N4O4
F2505-0025,C19H22N2O4S
F3202-0537,C21H16N2O3S
F6454-2342,C19H24FN3O2S
F6675-6716,C16H12F3N5OS
F6524-5391,C19H20N6O3
F6252-1809,C17H14N6O3S
F6312-0207,C24H21N3O2
F6481-1174,C21H20FNO3S
F3083-0105,C22H27FN2O3
F6475-1507,C20H21ClN2O4
F6178-1983,C20H27N3O3S
F6557-0402,C19H21NO4S2
F6438-0376,C18H22ClFN6O
F2417-0750,C18H19ClN2O4S
F2442-0417,C18H20F3N5O2
F6438-3296,C16H20ClN5O3S
F6503-5477,C22H30N4O3
F6452-2530,C22H28N2O5
F6517-2212,C20H21NO2S3
F5281-0967,C21H19N5O2S
F6687-7042,C23H25N3O4
F6473-4444,C18H19ClN2O5S
F6039-0276,C20H21FN6OS
F3406-1428,C21H19Cl2N3O2
F6761-2860,C22H23N7O2
F2272-0440,C23H21FN4O3
F2744-0212,C22H18FN3O3S
F6529-3524,C18H17F3N4O5
F6514-4781,C17H18F3N5O3S
F6557-1999,C18H25ClN2O4S2
F2652-1580,C23H21N3O2S2
F5258-0046,C18H17F3N6O2S
F5073-0166,C21H20FN5O3S
F6245-3091,C21H24N4O5S
F6727-2400,C19H22FN7O3S
F2662-0161,C24H24ClN3O2S
F3398-2547,C20H20ClN3O4S2
F0617-0231,C26H27N3O2S2
