# All user editable compound information in the PCDL Manager compounds tab can be imported
# A minimum of formula or mass plus one identifier must be populated for compound import (recommended is formula and at least one other identifier, see examples)
# Multiple synonyms can be entered into the Synonyms column when separated by ';' (e.g. L-Isoleucine; 2-Amino-3-methylvaleric acid)
# All compounds will be assumed to be of a neutral ion type, unless a 1 is entered in the Cation or Anion column
Name,Formula
F3375-2817,C16H14N2O
F6616-7345,C12H12F3N3
F6482-3207,C12H13N5O2
F6619-2534,C14H22N4O
F6793-8411,C14H19FN2O2
F6222-0172,C13H14N6O
F5304-0031,C15H19N3O2
F6752-4585,C14H20N4O2
F6244-2656,C15H25N3O2
F0594-2822,C15H13N3OS
F3099-0624,C12H15BrO3
F5831-6645,C17H25N3O
F6262-1885,C13H14N4O2S
F6503-2405,C14H20N4O3
F6125-3168,C13H17N3O3S
F5033-2797,C13H19N3O3S
F6521-4755,C14H21NO4S
F6549-2345,C16H19N3OS
F6502-2476,C16H18FN3O2
F2616-0927,C14H15ClN4O2
F6381-4621,C19H20N2O2
F0777-2554,C14H14ClNO3S
F6507-5446,C10H16ClNO4S2
F6436-0130,C16H30N2O2S
F6244-0954,C19H28N2O2
F2167-1209,C17H22N2O4
F6725-2300,C17H16N6O
F6782-5895,C16H14N6O2
F0336-0175,C15H17ClN2O2S
F6514-7041,C17H19N5O2
F3300-0090,C17H17N3O2S
F6443-7749,C19H24N2OS
F0537-2479,C17H18N2O3S
F6673-4954,C17H25N5S
F6560-7596,C18H15N5O2
F2265-0224,C16H11Cl2NO3
F3394-1036,C16H20N2O4S
F5496-0150,C16H23N3O3S
F6503-5461,C20H26N4O
F6395-1652,C18H16N2O3S
F3382-5428,C18H16FN3O3
F6438-3298,C13H22N6O3S
F6812-1598,C19H17N7
F2496-1000,C17H15NO3S2
F1126-0398,C17H13F3N4O
F2205-0203,C19H19F2NO3
F6464-1144,C22H24N2O2
F2556-0019,C16H18N2O3S2
F6554-0052,C19H21N5O2
F6526-0265,C14H19N5O4S
F6673-4833,C20H26N4O2
F6764-3234,C20H16N6O
F6512-1833,C17H18N4OS2
F6539-2761,C20H29N3O3
F6246-2665,C14H27N5O4S
F6089-3678,C19H17N5O3
F6681-8990,C15H20BrN5O
F6573-7504,C20H22N4O3
F6445-3058,C19H17FN4OS
F6764-5003,C21H27N3O3
F6514-8843,C21H17N5O2
F6245-0255,C16H15ClF3N3O2
F6089-2219,C22H22N4O2
F6539-2547,C15H22F2N4O3S
F6747-5455,C15H15BrN4OS
F6357-0803,C19H25NO3S2
F6436-1820,C15H12BrNO2S2
F6512-7007,C15H22N6O4S
F1804-0134,C16H14ClFN2O2S2
F5476-0071,C21H24ClN3O2
F6473-8189,C20H18FNO4S
F6555-0685,C19H24N4O3S
F6514-6691,C18H16Cl2N4O2
F6473-0810,C22H21N3O2S
F6727-5088,C23H28N4O2
F6515-0639,C22H22N2O3S
F6619-7431,C19H25N9O
F6253-3599,C18H27N3O3S2
F6477-0243,C20H21N3O2S2
F6439-1280,C18H19F4N3OS
F5831-8770,C21H26ClN3OS
F2504-0112,C24H27N3O3
F5679-0084,C21H20N4OS2
F6497-1217,C22H23ClN4O2
F2323-0551,C19H16ClN5O2S
F6785-7964,C20H20F3N7
F0375-0368,C22H18N4O5
F3406-6108,C21H16ClN5OS
F3234-0443,C22H25N5O4
F6810-9444,C22H27FN6O2
F2571-0597,C23H31N3O3S
F6472-7116,C23H24N6O3
F6523-4598,C23H26FN7O
F2902-0582,C23H30N6OS
F6514-3853,C20H19BrN4O3
F5494-0200,C21H20FN3O3S2
F2982-0593,C21H21FN2O4S2
F2559-0085,C23H26ClN5O3
F1214-0217,C27H25N5O3
F1245-0302,C25H29N5O5
