# All user editable compound information in the PCDL Manager compounds tab can be imported
# A minimum of formula or mass plus one identifier must be populated for compound import (recommended is formula and at least one other identifier, see examples)
# Multiple synonyms can be entered into the Synonyms column when separated by ';' (e.g. L-Isoleucine; 2-Amino-3-methylvaleric acid)
# All compounds will be assumed to be of a neutral ion type, unless a 1 is entered in the Cation or Anion column
Name,Formula
F1915-2663,C13H13ClN2
F6672-1692,C16H18N2O
F6616-1904,C10H11BrFNO
F9995-0324,C14H15FN2O2
F6494-0202,C14H10N4O2
F6616-7262,C11H9F3N4O
F2447-0489,C14H15N3O3
F6677-2495,C13H16N4OS
F6514-7327,C12H17N5OS
F6681-3566,C16H18N4O
F5490-1290,C16H19N3O2
F6754-7663,C16H18FN3O
F6672-1706,C19H19N3
F6559-1670,C15H17FN2OS
F6554-5768,C11H12ClF2NO2S
F0777-1623,C17H15NO2S
F6574-1716,C14H13N5OS
F3020-0564,C16H16ClN3O
F6571-5836,C15H17N3O2S
F1911-5792,C16H23N3O3
F6474-3307,C18H16N2O3
F5126-0765,C14H22N4O2S
F6681-9631,C17H20N4O2
F6523-2922,C15H18N6O2
F5857-6570,C14H24N2O4S
F6619-5827,C14H18N6OS
F0412-0318,C19H16N2O3
F8890-6043,C17H11FN4O2
F3407-0010,C18H21N5O
F2158-0324,C19H19NO4
F6724-5007,C15H13N5S2
F6482-5965,C20H16N4O
F3068-0008,C16H15BrN2O
F6191-0489,C15H20F3N3O2
F6441-5654,C16H19N3OS2
F5854-0289,C21H22N2O2
F2135-1436,C19H16N2O2S
F5823-0753,C16H20FN3O2S
F5260-0287,C19H22N4O2
F6573-8283,C13H10ClFN4O2S
F6515-3522,C16H15N5O2S
F6560-5456,C18H16F2N4O
F6549-8790,C18H21N3O2S
F6803-2495,C18H24N4O3
F6524-1627,C15H14N4O4S
F6472-0825,C16H20F3NO2S
F2884-0142,C20H20N4O2
F6788-1003,C19H23N7
F6203-0142,C19H20F3NO2
F6506-1584,C16H19NO4S2
F6562-5276,C19H22N4O3
F0037-8509,C22H16N2O3
F0231-0101,C17H11BrO4
F6475-2571,C19H22FN3O3
F6365-0143,C21H19N3O3
F6571-5975,C17H21N3O2S2
F5882-7711,C15H16BrN3OS
F5857-2999,C21H22N2O2S
F5570-0924,C16H17ClN2O4S
F6786-6478,C19H20FN5O2
F5016-1815,C16H19ClFN3O4
F2147-4282,C18H32N2O6
F5033-6954,C18H22N4O3S
F6279-0188,C18H20N2O5S
F6802-8105,C19H27N3O3S
F2495-0120,C20H17N3O3S
F6368-0357,C22H25ClN4
F2447-0577,C19H18N4O3S
F6597-2730,C19H24F3N3O2
F6517-0166,C21H23NO4S
F0698-0357,C18H14ClN3OS2
F2879-3709,C23H20N2O4
F6806-4785,C20H23N9
F6523-3653,C20H17N5O2S
F5033-5160,C23H24N2O4
F6524-5756,C18H17F3N4OS
F2548-0102,C23H25NO5
F5248-1006,C19H19N5O3S
F2273-0048,C19H14ClN3O5
F6436-2677,C15H20BrN3O3S
F6036-1817,C20H16F3N3O3
F6605-0225,C18H18F3N7O
F3382-7252,C16H13BrN2O4S
F2574-0348,C19H20F2N2O4S
F5033-5454,C23H28N2O3S
F6178-0635,C20H19ClFN5O2
F5095-0649,C20H17Cl2FN4O
F6436-0094,C20H28N4O4S
F6495-3964,C21H21N5O3S
F6178-1198,C22H23ClN4O3
F6411-3517,C22H24ClN3O4
F6360-7902,C21H19F3N4O3
F3406-3457,C23H19F2N5O2
F6529-3753,C20H21F3N4O4
F6443-9675,C24H22F3N3O2
F5033-8064,C27H25FN2O3
F2660-0109,C25H25N3O5
F3222-2398,C26H22N4O2S
F2743-2242,C20H14BrF3N2O3
F5121-0737,C24H22N4O3S2
