# All user editable compound information in the PCDL Manager compounds tab can be imported
# A minimum of formula or mass plus one identifier must be populated for compound import (recommended is formula and at least one other identifier, see examples)
# Multiple synonyms can be entered into the Synonyms column when separated by ';' (e.g. L-Isoleucine; 2-Amino-3-methylvaleric acid)
# All compounds will be assumed to be of a neutral ion type, unless a 1 is entered in the Cation or Anion column
Name,Formula
F6666-0479,C13H17NO2S
F3162-0067,C13H9ClN4
F0017-1322,C12H9ClN4O
F6474-7113,C13H17N3O3
F6660-6954,C14H13N5O
F6573-6204,C13H15F2NOS
F6550-6554,C13H14N4OS
F6494-0965,C13H15N3O2S
F2370-0600,C14H17FN2O3
F5831-2709,C16H17N3O2
F2978-0053,C16H18N2OS
F6617-8402,C14H16N4OS
F6619-4504,C13H18N6S
F5118-0580,C13H15N3O3S
F6678-8796,C16H17N5O
F6512-1979,C14H23N3O2S
F6482-2262,C15H25NO3S
F6573-5338,C17H23N3O2
F6788-8139,C11H17ClN4O2S
F6556-5872,C17H23ClN2O
F6190-1583,C15H16FNO3S
F2182-0154,C17H17N3OS
F0777-0138,C14H19NO5S
F6519-7237,C16H17N3O2S
F6562-2047,C13H14F3N3O3
F2496-2931,C14H13N3O4S
F1904-0728,C17H28N4O2
F6564-5572,C16H18N8
F6559-0685,C17H16N4O3
F3202-0108,C14H15ClN2O3S
F6481-0150,C19H21NO2S
F6514-3109,C11H11ClF3NO3S
F2783-0423,C21H18N2O2
F5857-7692,C16H16N2O4S
F6464-0141,C17H23N3O2S
F6412-1874,C16H12F3N3O2
F6796-9076,C18H17FN6
F6803-0120,C19H23N5O
F6554-4187,C17H13F4NO2
F5788-3890,C17H16N4O4
F6473-4035,C18H19N3O4
F6573-4798,C23H22N2O
F6497-0708,C18H25N5O2
F6414-0589,C18H19NO4S
F6435-7252,C18H22N2O3S
F2884-0124,C21H21N3O2
F3321-0046,C19H12FN3OS
F6480-0716,C18H17F3N2O2
F6475-6723,C16H14ClFN2O2S
F5882-1800,C19H19N3O4
F6357-1801,C16H21NO4S2
F6523-3086,C19H24N4O3
F6679-0082,C19H17F3N4
F6573-8319,C17H17FN4O2S
F6668-2880,C16H19BrN4O
F6808-5366,C18H26ClN5O
F6726-4471,C16H20FN5O2S
F6488-1917,C14H14BrN3O4
F6439-1207,C17H19F3N4O2
F5832-5534,C17H20ClFN2O2S
F6411-2011,C20H25N3O4
F6014-0239,C22H19N3OS
F1788-0021,C18H17NO4S2
F2271-0228,C21H23F3N2O
F6561-6640,C15H18N6O4S
F6619-2938,C18H20F3N5O
F6261-0737,C20H19N3OS2
F6571-6696,C15H25F3N4O2S
F6353-6199,C20H20N2O4S
F6374-0241,C22H31N3OS
F1061-0136,C24H18FNO3
F6494-4799,C22H24N6O
F6514-6881,C18H19FN4O3S
F5860-0153,C20H26ClN3O3
F1374-0562,C18H14F3N3O4
F5885-0098,C18H26N4O4S
F6438-1636,C17H21ClN4O3S
F6525-3046,C24H23N5O
F6435-0826,C22H25NO4S
F6672-0230,C21H27N3O3S
F6692-5924,C16H17BrN6S
F5298-2423,C19H20ClFN4O3
F6436-3459,C21H23F3N2O3
F6442-2260,C17H18BrNO4S
F6494-1409,C23H19N5O3
F6240-7004,C20H21ClN4O2S
F3406-7992,C24H26N4O3
F6513-1068,C22H23N5O2S
F2738-2307,C21H20N4O4S
F5347-0117,C18H25N3O7S
F6245-5875,C15H17F3N8O4
F6764-4145,C20H24ClN5O2S
F3139-0387,C25H24O7
F6474-3136,C23H25N3O4S
F6557-0767,C23H26N2O5S
F6245-3515,C22H22F3N5O2
F5596-0968,C25H25FN4O3
F6125-1333,C23H22F3N5O2
F0508-3384,C19H17Cl3N4O2S
F1609-0814,C24H19ClN2O5S
