# All user editable compound information in the PCDL Manager compounds tab can be imported
# A minimum of formula or mass plus one identifier must be populated for compound import (recommended is formula and at least one other identifier, see examples)
# Multiple synonyms can be entered into the Synonyms column when separated by ';' (e.g. L-Isoleucine; 2-Amino-3-methylvaleric acid)
# All compounds will be assumed to be of a neutral ion type, unless a 1 is entered in the Cation or Anion column
Name,Formula
F1967-1582,C11H9ClN2OS
F6492-0386,C14H16N4O
F6279-0674,C14H16N2O3
F6438-7211,C13H13FN2OS
F3237-0031,C11H12N2O4S
F5490-1279,C14H17N5O
F6739-7898,C14H18N4O2
F6560-4372,C13H16FN5O
F1130-0104,C16H28N2O2
F6511-8684,C11H13BrN2O2
F1901-3055,C15H18N4O2
F6216-0242,C16H20N2O3
F6752-2282,C16H26N4O
F1913-9694,C14H19N3O2S
F2135-1303,C16H12N2O2S
F6473-2412,C11H14N4O2S2
F3237-0212,C12H13ClN2O3S
F5033-2801,C12H18N2O3S2
F6436-1954,C16H20N2O2S
F6743-9775,C11H15ClFN3O2S
F6562-5470,C16H15N5O2
F6525-2066,C16H17N5O2
F3293-0263,C15H23NO4S
F6519-5730,C15H17N5O3
F6204-2752,C18H20FNOS
F0447-0406,C20H14FNO2
F6357-1247,C16H19NO2S2
F6553-7056,C15H14ClNOS2
F6435-1755,C16H24N2O3S
F6573-9463,C17H12F2N4O
F6487-0955,C18H21N3O3
F2493-3105,C16H15N3O3S
F6482-2314,C18H22N2O4
F6549-6884,C17H20N2O3S
F6619-6037,C17H27N5O2
F6436-3143,C17H21NO4S
F6812-1392,C18H20N6O
F2962-0171,C18H14N2O3S
F6518-5643,C19H18ClN3O
F6837-2760,C18H20N4OS
F6438-3173,C16H19N7O2
F6481-4296,C14H14ClNOS3
F6221-0279,C15H13ClN6O2
F1711-0095,C18H19NO6
F0643-0029,C18H22N2O5
F6713-4735,C21H25N5
F3406-1320,C18H15N5OS
F6495-4194,C18H18N6O2
F6374-1515,C15H20N4O2S2
F6726-4329,C18H20FN7
F6554-1138,C16H19F2N3O2S
F5836-0131,C17H15N3O2S2
F6753-2166,C18H22F4N2O
F3398-5060,C18H21ClN4O2
F6752-3850,C14H20F2N4O3S
F6672-1189,C17H18Cl2N4O
F6660-5767,C21H20FN3O2
F0696-1788,C19H17N3O3S
F6786-6082,C20H24N4O3
F6479-2896,C19H19ClN4O2
F1038-0413,C17H17BrN4O
F2508-0161,C21H19N5O2
F6443-5042,C20H16F3NO3
F0555-0081,C20H12BrNO2
F6436-0604,C17H22N4O4S
F6514-6793,C21H25N5O2
F3225-1529,C19H19N5O2S
F6783-6577,C22H30N4O2
F5033-7964,C21H21FN2O4
F6709-4243,C17H17F3N2O3S
F6403-0853,C23H21N3O3
F6442-2899,C18H16ClN3O3S
F6561-5548,C20H23FN2O3S
F6573-0268,C22H25N5O2
F3342-0037,C22H20ClN3O2
F5063-0103,C20H26N8O
F3406-4523,C19H20N6O2S
F6556-2172,C17H23BrN2O2S
F5009-0337,C20H25N5O4
F6571-5970,C19H18N2O4S2
F5833-7784,C20H24N2O3S2
F6473-4303,C22H22N4O4
F6089-1506,C16H16BrN3O3S
F6444-1666,C22H18FNO6
F3406-9018,C22H31N5O3
F5615-0325,C24H24N4OS
F6523-2454,C20H14FN7OS
F0922-0883,C25H31N3O3
F6529-3885,C20H23F3N4O3
F2758-0763,C25H25N5O2
F3394-0884,C23H30N2O4S
F2508-0419,C27H23N5O
F6619-6053,C23H28N6O3
F6252-1419,C21H17ClN4O3S
F2018-1437,C16H15BrClN3OS2
F0805-0170,C19H15BrN2O2S2
F2430-0602,C22H19N5O4S
F3411-6160,C24H18ClN5O3
F0554-0875,C25H27F2N3O2S
F6609-7067,C28H25N3O5
