# All user editable compound information in the PCDL Manager compounds tab can be imported
# A minimum of formula or mass plus one identifier must be populated for compound import (recommended is formula and at least one other identifier, see examples)
# Multiple synonyms can be entered into the Synonyms column when separated by ';' (e.g. L-Isoleucine; 2-Amino-3-methylvaleric acid)
# All compounds will be assumed to be of a neutral ion type, unless a 1 is entered in the Cation or Anion column
Name,Formula
F2616-0562,C12H15FN2O3
F2147-8946,C13H22O5
F6436-1928,C12H14N4OS
F5831-7617,C12H11ClN2OS
F6677-0501,C17H23N3
F5857-5316,C15H15NO2S
F6553-0624,C14H16N2O2S
F2070-1138,C12H11F2N5O
F2302-0640,C17H15FN2O
F6562-1982,C15H15N3O3
F1423-1010,C17H18FNO2
F6436-3299,C15H19N3O3
F6543-1131,C14H16N2O3S
F6806-8524,C14H22N4O3
F2199-0406,C12H6F3N3O3
F2199-0600,C17H14ClNO2
F6482-1825,C13H16FNO4S
F6252-3892,C15H11F2N3O2
F6619-3583,C13H19N7S
F1899-2321,C15H12N6S
F3329-0171,C16H15FN6
F6658-2250,C14H16N8O
F6489-0317,C16H18N4O3
F6681-3603,C19H16N4O
F6807-7309,C15H18N4O2S
F6489-1052,C14H16N4O3S
F6481-0577,C15H15ClN2O2S
F3366-5157,C19H21N3O2
F6560-7721,C18H16FN3O2
F0232-0057,C21H30N2O
F6721-9304,C16H17ClN6
F6811-1970,C17H23N5O2
F6807-7007,C17H21N3O2S
F3098-0011,C17H16ClNO4
F5857-9674,C17H22N2O5
F2394-0859,C16H14F2N2O2S
F5230-1120,C14H19N5O3S
F6515-2670,C14H22N6O2S
F6672-0235,C20H25N3O2
F2553-0241,C17H15N3O3S
F2666-0086,C19H16F2N2O2
F6284-0444,C21H17N3O2
F6753-3319,C18H24N4OS
F6561-1358,C17H12Cl2N2O2
F6445-6590,C20H17N3OS
F6438-2992,C16H20N4O5
F6244-3179,C21H23N3O2
F6296-1320,C18H17N5O3
F6668-2860,C13H16BrN5O2
F6795-0053,C19H22N4OS
F5854-0638,C19H17FN2O2S
F6658-5861,C19H24FN5O
F6676-2468,C19H22FN3OS
F6681-9482,C18H20ClN3O3
F3308-2432,C18H19Cl2N3O
F6523-0938,C18H28N4O4
F6415-0191,C17H22N2O5S
F6619-7508,C21H29N5O
F6443-5692,C23H19N3O2
F5086-1273,C17H17N5OS2
F6475-2882,C19H24N4O4
F2505-0033,C19H22N2O4S
F6796-9112,C18H15F3N4S
F6521-9506,C21H22F3NO2
F1142-6655,C20H14FN3O2S
F6469-2046,C24H20N4O
F6556-0181,C17H23BrN2O3
F3325-0112,C21H22FN3O3
F6548-3010,C20H20ClN3O3
F5759-0547,C24H26N4O
F6525-6703,C18H20N4O4S
F3406-6372,C22H23N5O2
F2215-1020,C17H15F2N5O2S
F5939-0252,C23H24N2O2S
F5833-4557,C18H19FN2O3S2
F6761-2922,C20H21N5O4
F6560-1080,C18H23NO5S2
F6474-0200,C24H34N2O3
F5241-0035,C21H28N4O4
F6476-4538,C19H18ClN3O3S
F6480-0385,C20H18F3N3O3
F6796-4023,C21H25N7S
F6436-1287,C18H16F2N2O5S
F6439-2276,C21H24N4O3S
F2570-0176,C21H21NO4S2
F2031-0897,C23H24FN7
F6656-2395,C23H24N4O2S
F0695-0178,C22H21N3O2S2
F2269-0520,C23H17F3N2O3
F2883-0309,C21H20FN3O4S
F3406-1548,C20H21ClN4O3S
F6411-0500,C19H22ClN5O3S
F5825-0192,C22H22N4O2S2
F2392-1571,C23H21F2N3O2S
F5266-0368,C22H25ClN4O4
F3411-8632,C23H21N5O5
F6250-0131,C24H24ClN3O4
F5941-0139,C20H15F4N5O2S
F1805-0258,C21H27N5O6S
