# All user editable compound information in the PCDL Manager compounds tab can be imported
# A minimum of formula or mass plus one identifier must be populated for compound import (recommended is formula and at least one other identifier, see examples)
# Multiple synonyms can be entered into the Synonyms column when separated by ';' (e.g. L-Isoleucine; 2-Amino-3-methylvaleric acid)
# All compounds will be assumed to be of a neutral ion type, unless a 1 is entered in the Cation or Anion column
Name,Formula
F6435-5720,C12H15FN2OS
F2792-0089,C11H14N8
F5871-1863,C13H14N2O2S
F6608-2379,C14H20FN3O
F6754-9517,C16H19N3O
F0910-1392,C14H11NO3S
F6554-2092,C13H12N2O3S
F6356-0132,C14H14FNO2S
F6560-5425,C15H14N4O2
F6518-4335,C16H15NO4
F6752-7844,C15H17N3O3
F5857-0398,C16H19NO4
F6725-2738,C13H13ClN4O2
F6752-7891,C14H19FN4O2
F6454-2814,C16H28N2OS
F5105-0136,C13H14FNO2S2
F5083-0243,C15H12ClN3O2
F1566-1032,C14H13N3O3S
F6512-1842,C14H19N5OS
F6357-1966,C15H17ClN2OS
F6802-8066,C14H19FN4OS
F6482-2423,C15H18F2N2O3
F6773-2867,C16H18N4OS
F6200-3918,C17H20N2O2S
F6563-0038,C16H18N2O3S
F6495-1867,C15H14ClFN4O
F1582-0054,C18H31N3O2
F6363-0668,C16H17N7O
F6420-0133,C19H19NO2S
F6795-3511,C16H22N8
F6550-7680,C17H16N2O5
F6184-0500,C20H27NOS
F2711-1023,C17H18FN3O3
F6356-0335,C14H14F3NO3S
F5072-5984,C19H18N4O2
F2794-0048,C15H16N2O3S2
F5012-0245,C17H20FNO3S
F6372-3040,C17H18N6O2
F6811-1949,C17H21N7O
F6413-0552,C18H15NO4S
F6439-2298,C17H18N4O2S
F6525-2160,C17H15F2N5O
F6438-1756,C18H21FN4O2
F6539-2665,C20H31N3O2
F3222-2167,C17H18ClN3O3
F6752-4362,C15H20N6O2S
F6773-4247,C18H19N7O
F5284-0030,C16H21N3O4S
F6194-1151,C15H16BrNO2S
F6713-6606,C15H17F3N6O
F6443-9842,C15H15F3N4OS
F6436-0573,C15H27N5O3S
F6036-0290,C20H17N5O2
F6797-3060,C15H16FN7OS
F6571-5889,C18H18FNO2S2
F6752-4553,C18H28N4O2S
F2117-0045,C19H18N4O2S
F6178-0823,C20H25N5O2
F6812-1522,C17H19N7OS
F5672-0113,C18H17N3O2S2
F6514-6684,C21H20N6O
F1094-0316,C19H22N2O4S
F6515-0659,C21H16N2OS2
F6787-1096,C17H23N5O3S
F2070-1190,C16H12ClF2N5O2
F6474-3666,C22H24N2O2S
F6753-3464,C17H23BrN2OS
F6525-8019,C17H20F3N5O2
F3406-9161,C20H17F2N3OS
F6479-6190,C20H26N4O4
F6240-7585,C20H16N6OS
F2272-0171,C23H23N3O3
F6789-7451,C17H18ClN5O2S
F3406-7487,C21H20N4O4
F1300-0135,C18H13F3N2O3S
F6529-0300,C18H25N3O5S
F6573-7872,C20H16FN3O3S
F5033-5435,C23H30N2O2S
F6562-4125,C24H24N4O2
F6680-3336,C18H18BrN3O3
F5882-5297,C19H23N3O3S2
F6113-0421,C22H25N5OS
F6261-3961,C21H15ClN2O3S
F3270-1059,C20H21ClN6O2
F1439-0031,C20H15ClFN3O2S
F6043-0257,C23H23N5O3
F5855-0738,C22H20F4N2O2
F3040-3247,C18H16F3N5O2S
F2382-0623,C21H16F2N4O2S
F2083-0289,C21H20ClN3O3S
F6359-4996,C20H21BrN2O4
F6557-1926,C21H22ClNO5S
F6261-4037,C22H19ClN4O2S
F6559-2278,C18H18F3N5O3S
F5503-0065,C21H24N4O3S2
F0305-0015,C25H22ClN3O3
F0816-0756,C21H13F6N3O2
F5323-0440,C25H28N4O3S
F2244-0412,C23H17ClFN7O2
F5228-2871,C26H24FN5O4
