# All user editable compound information in the PCDL Manager compounds tab can be imported
# A minimum of formula or mass plus one identifier must be populated for compound import (recommended is formula and at least one other identifier, see examples)
# Multiple synonyms can be entered into the Synonyms column when separated by ';' (e.g. L-Isoleucine; 2-Amino-3-methylvaleric acid)
# All compounds will be assumed to be of a neutral ion type, unless a 1 is entered in the Cation or Anion column
Name,Formula
F5831-7948,C13H20N2OS
F3222-5456,C13H11N3OS
F6616-8106,C14H20N4O
F1791-2181,C17H16N2O
F3257-0263,C16H16N2O2
F6543-5604,C11H10F2N2O2S
F1016-0267,C13H13N3O2S
F0415-0059,C14H14O2S2
F6790-0269,C13H13F2N3O2
F6808-5800,C15H16N4S
F6734-0056,C16H22N4O
F6755-0252,C18H28N2O
F6355-0127,C15H17NO3S
F6804-4821,C17H19N5
F6244-1553,C14H17FN2O2S
F6678-8739,C16H15ClN4
F3243-0220,C17H17ClN2O
F5854-3816,C17H19ClN2O
F6245-0003,C14H20N6O2
F3406-6571,C14H17N3O3S
F6492-0500,C17H19N5O
F6560-4208,C17H21N5O
F6808-5835,C21H19N3
F6680-3107,C17H21N3O3
F6252-9132,C15H19N5O3
F6562-8340,C19H17N3O2
F6516-4201,C18H15N3O3
F6515-3986,C18H14ClN3O
F3068-0054,C20H24N2O2
F6525-6488,C17H18N4OS
F6451-1682,C20H25NO3
F6420-0770,C15H23NO3S2
F5606-0120,C19H30N4O
F6502-1214,C18H16N6O
F1174-2179,C19H14N2O2S
F2382-0294,C17H22ClN3O2
F6724-4324,C14H12ClN3OS2
F6448-2473,C14H18N4O4S
F6722-6149,C18H18ClN5
F6448-1061,C18H20N4O3
F6057-0006,C18H23N5O2
F6522-0748,C18H17NO2S2
F0568-0986,C17H17FN4OS
F6414-2103,C19H23NO3S
F2740-0559,C21H22N4O
F3371-0034,C16H16N2O5S
F6448-0151,C17H20ClN3O3
F6658-5785,C19H22N6O
F6725-1158,C19H20N4OS
F5772-1475,C17H11ClN4OS
F6482-6113,C21H17N5O
F5857-3472,C17H15F4NO3
F1358-0167,C12H10BrNO3S2
F1684-0426,C20H20N6O
F6562-3698,C19H18N6O2
F6519-6185,C17H15F3N4O2
F6747-6408,C20H23N5O2
F6192-1208,C21H21NO3S
F6473-7914,C16H16ClNO5S
F3407-4707,C19H22N4O2S
F3382-3211,C21H16N4OS
F6454-1026,C18H26F3N3O2
F6218-0214,C18H16F3N5O
F6445-5039,C20H15N3O3S
F6250-0132,C22H22N2O4
F6414-3787,C18H15F3N2O2S
F3407-1458,C24H19N3O2
F6237-3008,C16H10F5N5O
F6480-3333,C20H24N4O4
F3250-0009,C22H18N4OS
F6811-2467,C21H21N7O
F6442-2290,C18H19N3O5S
F6574-0106,C22H22N4O3
F5324-0040,C17H17ClN4OS2
F6727-3664,C18H19N9S
F6608-2426,C17H19BrFN3O2
F6057-0680,C18H25FN4O3S
F6523-3827,C20H19ClN4O3
F6480-4250,C18H17BrN4O2
F2997-0865,C20H22N2O5S
F6559-2160,C19H19F3N6O
F5857-2945,C25H30N2O3
F0821-0237,C22H19NO5S
F2018-1176,C22H25N3O3S
F0601-0018,C20H19FN4O3S
F2408-1376,C15H13ClFN3O2S3
F5772-8598,C23H21N3O5
F6608-2461,C19H17F3N4O4
F6064-2564,C20H16ClN5O2S
F6514-2305,C20H21BrN4O2
F2099-0211,C20H18ClN3O4S
F3238-0153,C17H24Cl2N4O3S
F3228-0177,C24H20ClNO5
F3406-3781,C25H17FN4O3
F3382-1873,C25H21N3O3S
F3406-8518,C20H22N4O6S
F6252-3297,C24H24FN5O3
F3222-5408,C25H24N4O5
F0922-0786,C27H24ClN3O3
F0818-0053,C27H23N3O4S
