# All user editable compound information in the PCDL Manager compounds tab can be imported
# A minimum of formula or mass plus one identifier must be populated for compound import (recommended is formula and at least one other identifier, see examples)
# Multiple synonyms can be entered into the Synonyms column when separated by ';' (e.g. L-Isoleucine; 2-Amino-3-methylvaleric acid)
# All compounds will be assumed to be of a neutral ion type, unless a 1 is entered in the Cation or Anion column
Name,Formula
F2167-7061,C9H7BrN2O2
F6246-1546,C10H9F3N4O
F2185-0022,C14H19N3O2
F3225-5880,C16H15N3O
F2616-0976,C15H15N3O2
F6782-0591,C16H20N2O2
F1126-0641,C15H21N3S
F6725-0325,C14H22N4O2
F6512-0430,C11H14N4O3S
F6724-5633,C15H12ClN3O
F6446-0026,C15H17N3OS
F5103-0014,C16H19NO2S
F6753-1245,C15H21N3O3
F6660-5369,C15H14N6O
F6472-8307,C18H20N2O2
F6556-2030,C15H26N2O2S
F6733-1068,C17H21FN4
F6672-0311,C17H26N4O
F1755-0035,C16H19NO3S
F6679-0255,C18H21N5
F6515-1342,C16H14N4O3
F6521-5652,C14H20N2O4S
F6212-0329,C12H18N4O4S
F3328-0014,C15H16N4O2S
F6186-0380,C13H16F2N2O3S
F6675-8033,C12H13BrN6
F6554-0821,C18H19N5O
F6672-0037,C15H16F3N5
F0660-0197,C18H16ClN3O
F6471-2608,C19H22N2O3
F0019-0846,C18H16O6
F6806-8080,C18H23N3OS
F6573-6975,C17H15F2N3O2
F6553-7329,C10H11ClF3NO2S2
F6404-4696,C20H18N2O3
F6678-9652,C20H25N5
F6561-3002,C18H21Cl2NO
F2758-0710,C18H18N4O3
F2167-1173,C16H25N3O3S
F2816-0307,C15H13Cl2NO2S
F2496-3048,C18H15FN2O4
F6439-7122,C16H17N5O2S
F6194-0172,C15H24N2O5S
F6560-4852,C17H23N5O3
F6416-9036,C18H18ClNO4
F6471-9048,C16H20N4O3S
F6573-1725,C19H19N5O2
F6743-6243,C16H21N3O2S2
F5596-0217,C20H24N4O2
F6439-5548,C19H19ClN4O
F3237-0232,C14H17BrN2O2S
F6363-0636,C21H19N5O
F6726-1853,C17H18ClN5O2
F0792-0001,C20H15N3O2S
F6562-9679,C16H14ClN3O3S
F6609-6763,C21H21FN4O
F3244-0237,C20H15FN2O2S
F6479-4066,C19H21N5O3
F6764-1471,C20H20ClN3O2
F3074-0033,C17H14BrN3O2
F5470-0290,C20H24N2O3S
F6760-0357,C17H16ClFN6O
F6178-7818,C20H29N3O2S
F3098-4418,C20H24ClNO4
F3406-7048,C15H11Cl2N5OS
F6524-4895,C19H17FN6O2
F6802-7704,C20H29F2N3O2
F6734-0246,C17H20F3N5S
F6481-2906,C15H17F2N5OS2
F1094-0232,C21H26N2O3S
F5939-3308,C19H20N2O3S2
F6440-3578,C20H24FN3O2S
F6471-1345,C15H19Cl2N3O3S
F5679-0083,C21H20N4O2S
F3257-0331,C23H27N3O3
F5854-3025,C18H25N3O3S2
F6524-2755,C19H16BrN3O2
F6000-0005,C24H22N4O2
F3382-6275,C20H24N4O3S
F6727-5814,C24H26N4O2
F6190-2293,C20H20ClNO4S
F5855-0787,C21H21N5O2S
F6166-0173,C25H23N5O
F6512-7005,C17H21FN4O3S2
F5579-0598,C25H26N4O2
F0612-0120,C21H27N3O2S2
F3398-1276,C23H20N2O4S
F2537-0670,C16H11BrClN3O2S
F6482-2161,C25H31NO5
F6617-5575,C27H28N2O3
F5023-0057,C22H29N3O4S
F3408-0013,C25H30N4O3
F2658-0056,C28H27N3O2
F6668-2903,C17H20BrN3O4S
F2391-0766,C22H18ClFN2O3S
F3167-1519,C23H18BrN3O2
F3385-3594,C24H18ClFN2O4
F2068-0638,C22H29N3O4S2
F3407-4355,C24H20N4O5S
F3398-2064,C25H24N6O3S
