# All user editable compound information in the PCDL Manager compounds tab can be imported
# A minimum of formula or mass plus one identifier must be populated for compound import (recommended is formula and at least one other identifier, see examples)
# Multiple synonyms can be entered into the Synonyms column when separated by ';' (e.g. L-Isoleucine; 2-Amino-3-methylvaleric acid)
# All compounds will be assumed to be of a neutral ion type, unless a 1 is entered in the Cation or Anion column
Name,Formula
F6356-0544,C15H14N2O2
F2784-0018,C15H18N2O2
F6608-1253,C13H14N2O2S
F6806-7259,C14H23N3O2
F6672-1680,C15H19N5
F3020-0531,C14H12ClN3O
F6617-2044,C14H13FN2O3
F0848-0199,C16H13N3S
F6739-7727,C15H14N4O2
F5869-0015,C15H15N3O3
F6514-2148,C15H17N3O3
F6677-1494,C14H19N5S
F6793-6879,C12H15F3N2OS
F5852-0707,C15H22N2O4
F2153-0009,C13H9Cl2NO3
F6524-2724,C9H12F3N3O3S
F6554-8423,C14H14F3NOS
F2545-0177,C13H15F2NO3S
F6215-0310,C15H19N3O4
F2496-3179,C17H12N2O4
F6475-0153,C18H18N2O3
F6491-0844,C15H16N6O2
F6521-3833,C17H18N2O4
F6414-1454,C17H20N2O2S
F6031-2311,C13H22N2O3S2
F6416-9133,C16H17ClN2O3
F6709-3669,C15H12Cl2N2O2
F6201-0185,C20H21NO3
F6494-0992,C16H15N5O3
F5614-0117,C19H26N4O
F6515-2419,C15H16N6OS
F6656-3220,C17H23N5O2
F1872-0015,C17H21N3O2S
F6516-4230,C16H13ClFN3O2
F6743-9831,C16H22N4O2S
F5831-9923,C16H17ClN2O2S
F6523-3626,C17H15N5O3
F6680-3398,C17H18N6O2
F6609-3584,C21H25NO3
F6443-9490,C15H14F3N3OS
F2495-1745,C17H18N4O2S
F6813-8123,C17H18FN5S
F6549-7645,C18H21FN4O2
F6516-1708,C15H11BrN2O3
F6472-7397,C15H17N5O3S
F3166-0561,C20H17FN4O
F6190-1183,C22H23NO3
F6481-2497,C21H21NO2S
F6672-0848,C13H16BrN5S
F5546-0057,C22H18N4O
F2342-0218,C17H16N4O3S
F5831-6930,C20H27N3OS
F6524-1759,C17H21N5O2S
F6753-2065,C16H19ClF3N3O
F2517-1077,C17H12F3N3O3
F6811-1409,C20H24N6O
F6473-6588,C18H17F3N2O3
F6783-6137,C19H25N7O
F6561-0985,C16H18F3N5O2
F6520-1228,C20H18FNOS2
F6111-0708,C17H28N2O5S
F5139-0416,C19H22N2O4S
F6438-1894,C14H15F3N4O3S
F6284-0527,C22H23N3OS
F5854-2786,C18H18FNO3S2
F6524-5408,C19H20N6O3
F2816-0148,C20H18N2O2S2
F2359-0524,C19H22ClN7
F6482-6411,C19H19N3O4S
F6812-1423,C21H22N8
F3375-1208,C21H16N4O4
F6353-6569,C20H27N3O3S
F6443-4343,C19H18FNO5S
F6471-8869,C18H24N4O4S
F6523-3122,C18H19ClN2O4S
F6458-0292,C19H21N7OS
F6523-2724,C19H16ClN5O3
F6674-6556,C19H26N8O2
F6178-2188,C21H28N4O2S
F6783-0003,C16H16F3N3O2S2
F6514-6736,C21H19N5O2S
F2774-3381,C23H25N3O4
F6805-7834,C17H13F3N4O3S
F6471-6169,C22H24N2O4S
F2223-0140,C20H18ClN3O3S
F5860-2838,C25H27N3OS
F6512-1825,C21H28N2O3S2
F6479-3063,C19H22ClN3O4S
F6658-2271,C17H17F3N6O2S
F3407-2881,C20H19N3O6S
F3406-4805,C20H18ClFN4O2S
F5775-0142,C20H22ClN3O4S
F6734-1327,C22H23BrN4O
F6252-1637,C22H15F4N5O
F5448-0340,C22H22F2N4O2S
F6252-5796,C24H22ClN5O2
F3165-0318,C20H24ClN3O5S
F3382-0720,C26H32N4O4
F3382-3280,C24H20FN5O5
F3411-8607,C27H28FN5O3
