# All user editable compound information in the PCDL Manager compounds tab can be imported
# A minimum of formula or mass plus one identifier must be populated for compound import (recommended is formula and at least one other identifier, see examples)
# Multiple synonyms can be entered into the Synonyms column when separated by ';' (e.g. L-Isoleucine; 2-Amino-3-methylvaleric acid)
# All compounds will be assumed to be of a neutral ion type, unless a 1 is entered in the Cation or Anion column
Name,Formula
F5490-1216,C15H15N3O
F6708-9456,C14H19N5
F6525-2054,C12H15N5O2
F3159-0015,C15H11N3O2
F6436-0942,C11H15N3O3S
F6156-0227,C14H16N4O2
F5883-0534,C14H17N3O3
F6554-6043,C13H18N4O3
F6755-2719,C18H23N3
F6616-7259,C9H8BrN3OS
F6524-1857,C14H13N3O4
F6724-2513,C15H16ClN3O
F3000-0090,C18H17N3O
F6494-0908,C16H14N4O2
F6788-8085,C13H20N4O2S
F6475-5764,C16H18N4O2
F6483-0268,C16H20N4O2
F1929-0458,C17H22N2O3
F6554-2316,C14H15N3O3S
F6266-0175,C20H21NO2
F6573-2085,C16H14N4OS
F6696-0158,C16H16N4OS
F6031-0460,C14H19ClN2O2S
F0016-0311,C16H13FN2O2S
F6809-5680,C14H15BrN4
F6244-0691,C17H25N3O3
F3407-0730,C19H19N3O2
F2740-0390,C18H17N3O3
F6482-7574,C17H15N3O2S
F6799-8573,C14H17F3N6
F5582-0127,C17H13FN2O4
F6755-1738,C16H19N5O3
F6471-3690,C16H17N3O3S
F6734-2628,C19H20N6
F6562-9441,C17H14N6O2
F6559-1361,C19H21N5O
F6445-0102,C18H15N3O2S
F5229-0035,C19H18N2O4
F6564-2350,C19H21N3O3
F2197-4601,C19H24N4O2
F6502-7695,C13H18N4O3S2
F6415-0220,C16H16F3NO4
F5871-4223,C14H21FN4O3S
F6440-2723,C17H23N5OS
F6502-6040,C14H13N5O4S
F5831-2628,C17H20N2O4S
F6476-7233,C20H19N3O3
F6445-6593,C20H17NO3S
F6151-0020,C18H20N6O2
F5860-2869,C18H18N4O2S
F6178-4097,C20H25N3O3
F6680-3289,C17H19N5O4
F2602-0149,C19H19Cl2N3
F6520-0641,C18H16FNO2S2
F6713-1329,C19H30N4O3
F6245-4052,C17H24N4O3S
F6516-0510,C17H13F3N2O2S
F6359-2146,C20H21N3O4
F6561-8709,C19H19N3O3S
F6524-1748,C20H26N4O3
F5561-0038,C17H20N6O2S
F5854-2883,C19H19ClN2O2S
F1909-1863,C18H25N5O2S
F3230-0140,C19H21ClFN3O2
F6676-2659,C22H26N4O2
F6783-5996,C18H17ClN8
F5860-4079,C20H23N5O3
F6485-1364,C20H18FN3O4
F3375-2923,C17H16BrN5O
F6523-0975,C20H23ClN4O2
F6369-0085,C19H17ClN2O3S
F6539-2319,C16H27N3O4S2
F6795-3642,C21H26N8
F6439-1382,C15H19F3N4O3S
F5591-0803,C21H23N5O3
F6424-0049,C24H17N3O3
F6796-7149,C20H28N8O
F6529-1187,C18H21F3N4O3
F6476-3335,C17H19F3N4O4
F6559-0504,C20H26N4O3S
F6559-1244,C17H16BrN3O2S
F6412-2308,C22H18FN3O4
F6312-0071,C21H23N5O2S
F6734-1369,C18H17BrN6O
F6349-0405,C23H22N6O2
F3407-2359,C21H18F3N3O3
F0913-4208,C19H17FN2O4S2
F6594-1029,C22H23FN6O2
F3411-3111,C23H27N3O3S
F3230-0288,C19H29ClN4O3S
F5033-3284,C22H26ClN3O4
F2548-0133,C25H26N2O5
F6496-3586,C24H27N3O3S
F5033-7794,C20H29FN4O4S
F6503-5348,C24H33N3O3S
F6438-3648,C21H30N6O3S
F2048-0190,C25H22FNO4S
F2202-0277,C19H15BrClN3O2S
F3366-5564,C27H26ClN3O3
F1264-5783,C26H25N5O5
