# All user editable compound information in the PCDL Manager compounds tab can be imported
# A minimum of formula or mass plus one identifier must be populated for compound import (recommended is formula and at least one other identifier, see examples)
# Multiple synonyms can be entered into the Synonyms column when separated by ';' (e.g. L-Isoleucine; 2-Amino-3-methylvaleric acid)
# All compounds will be assumed to be of a neutral ion type, unless a 1 is entered in the Cation or Anion column
Name,Formula
F0876-0016,C11H13N3S2
F6676-9805,C14H17N5
F6796-0887,C13H17N5O
F6724-3167,C13H14FN3S
F2182-0024,C11H13N3O3S
F6520-0753,C11H13NO3S2
F1905-0248,C9H10N2O2S3
F5787-1254,C13H12FN3OS
F6415-0347,C13H16N2O3S
F3274-0013,C16H17N3S
F6573-6576,C13H16F2N2OS
F6554-2065,C15H16N2O2S
F6550-3234,C16H19ClN2O
F5787-1252,C13H12ClN3OS
F5938-0012,C17H17N3O2
F5831-9347,C15H23NO3S
F6495-2555,C15H17N5O2
F6525-5765,C15H19N5O2
F6604-7702,C17H25N3O2
F6404-4372,C15H18N2O5
F6521-3144,C15H16ClNO2S
F6284-0212,C14H12F3N3O2
F6754-7233,C14H14F3N3S
F6230-0232,C16H14FN3OS
F6506-0033,C16H15NO4S
F3398-0791,C13H10BrN3S
F6723-2106,C19H20N4O
F5479-0264,C18H18N4O2
F6525-0561,C17H16N4OS
F6573-1404,C18H23N5O
F6793-6853,C15H16F3N3O2
F6258-2959,C18H24N4O2
F6549-9253,C15H17F3N2O3
F6755-5344,C16H17BrN2O
F1773-0215,C18H23NO3S
F6573-7630,C15H14FN3O3S
F6524-4753,C17H16N6O2
F6143-0249,C17H19N7O
F6473-6395,C15H14FNO5S
F5526-0697,C16H15F3N2O3
F2070-1697,C17H16FN5O2
F6756-0182,C17H22N6S
F6808-5913,C21H21N5
F6521-4209,C18H16FNO3S
F6619-2517,C17H19ClN4O2
F6559-2417,C18H17N7O
F6349-0236,C15H12ClN3O3S
F6660-0532,C15H18N4O4S
F6199-0551,C20H25N5O
F6571-2785,C17H23NO5S
F6808-5884,C18H18BrN3
F6222-0691,C17H20N6O3
F6414-4041,C19H19FN2O2S
F6685-9071,C17H17ClN4OS
F6276-0117,C17H12ClFN2O2S
F5882-5051,C21H21N3O3
F6756-2705,C20H16FN3O3
F5001-3043,C22H26N2O3
F6478-3257,C19H20N4O2S
F5883-0767,C17H14N4O2S2
F2024-1765,C20H22FN3O3
F6155-0759,C16H18F3N3O2S
F6439-5137,C16H14BrN3OS
F6549-4285,C18H24N4O3S
F6240-7539,C18H14N6O2S
F6212-0411,C19H20F3N3O2
F6521-4321,C18H14F3NO3S
F3406-9853,C19H19FN6O2
F6495-2227,C17H16ClF3N4O
F5033-5414,C21H27N3O2S
F6442-1544,C17H25NO5S2
F6443-5577,C24H24N2O3
F1773-0467,C16H23ClN2O5S
F6000-0047,C22H21N3O4
F5529-0272,C16H15F4NO4S
F2902-0994,C20H19FN6O2
F1757-0012,C17H21BrN2O4
F6233-0429,C20H23N5O4
F5792-0435,C19H21N5O3S
F3407-0161,C22H19N5O3
F5782-0139,C24H25N3O3
F2669-0156,C19H19ClN2O4S
F5499-0142,C18H24N4O5S
F6574-0850,C19H30N4O4S
F6571-0419,C21H23N3O2S2
F6726-1862,C19H17ClN4O3S
F6656-1063,C20H26N4O4S
F2372-0365,C20H18F3N3O4
F2660-0045,C22H21BrN2O2
F5461-0349,C22H22ClN3O2S
F6436-1531,C21H23BrN2O3
F3406-6555,C20H20ClN3O4S
F6548-4515,C20H19F3N4O2S
F6523-2289,C21H18FN5O3S
F6448-2227,C21H22N4O5S
F6178-2523,C22H27N3O3S2
F5557-0026,C24H24N4O3S
F3398-4370,C28H29FN4O
F2047-0104,C21H18F3NO4S2
F3382-7540,C23H20ClN5O3S
