# All user editable compound information in the PCDL Manager compounds tab can be imported
# A minimum of formula or mass plus one identifier must be populated for compound import (recommended is formula and at least one other identifier, see examples)
# Multiple synonyms can be entered into the Synonyms column when separated by ';' (e.g. L-Isoleucine; 2-Amino-3-methylvaleric acid)
# All compounds will be assumed to be of a neutral ion type, unless a 1 is entered in the Cation or Anion column
Name,Formula
F6200-0533,C13H16FNO3
F6064-0318,C15H19N3O
F3375-3107,C13H15N3O3
F6436-3371,C13H15NO3S
F1899-2246,C13H11N5S
F6515-1396,C15H16N2O3
F6614-1361,C12H16F3N3O
F6754-5225,C15H16F2N2O
F6796-1636,C16H19N5
F5490-1365,C16H20N4O
F2740-0187,C15H11F2N3O
F6562-8235,C16H13F2NO2
F6562-7756,C16H21NO2S
F6436-3676,C14H18N2O3S
F6573-7471,C16H16N4O2
F6550-6583,C16H18N4O2
F6210-0818,C17H20N2O3
F6677-0854,C16H19FN4O
F1907-0024,C15H15NO4S
F6764-3256,C17H17N5O
F0176-0079,C17H14N2O2S
F2487-0329,C17H16N2O2S
F3088-2133,C16H14N2O3S
F2496-2934,C15H12N2O4S
F3139-0617,C15H8BrFO2
F6660-1146,C20H21N3O
F6482-2104,C17H23NO3S
F6444-2181,C16H21NO4S
F6755-0901,C15H17Cl2N3O
F6752-8495,C16H20F2N2O3
F2479-0060,C17H16N2OS2
F6791-9320,C15H19N7S
F6791-9276,C15H17N5S2
F6523-1517,C17H21FN4O2
F6743-5987,C12H22N4O3S2
F6764-4692,C19H21N5O
F6507-8476,C17H17ClFNO3
F6192-0349,C19H18N2O4
F6559-3724,C15H19F2N5O2
F6438-1618,C19H24N4O2
F6549-1073,C14H13F3N4OS
F9995-2535,C17H17N3O3S
F6502-6760,C17H20N4O2S
F6100-0267,C17H20FN5O2
F6554-0106,C16H18BrN3O
F0448-0023,C20H16N2O4
F6562-5317,C20H19N3O3
F3398-1083,C19H14FN3OS
F6788-3435,C16H19F3N6
F3139-1050,C20H18O6
F6726-5061,C19H22FN5O
F6567-7423,C18H20ClN5O
F6225-1098,C18H18ClN3OS
F6734-1352,C15H16BrN5O
F6452-0411,C20H27FN2O3
F2416-1021,C20H20N4O3
F3329-0267,C17H11ClN6S
F1899-2430,C19H21N5OS
F6480-3595,C17H15F4N3O2
F6549-7443,C20H26N4OS
F3371-0832,C19H20N2O6
F2659-0070,C18H18N2O3S2
F0696-4685,C21H21N5O2
F2861-0260,C18H23N3O2S2
F1174-3061,C22H26N4S
F5852-0324,C21H20N2O3S
F5042-0485,C20H23N5O3
F6286-0466,C18H17F4N3O2
F6517-3762,C19H16BrNO3
F6619-6717,C19H20ClFN6
F5570-1020,C18H16N2O4S2
F6561-5459,C19H23N3O4S
F6687-7004,C23H26N4O2
F6239-0253,C19H16N6O2S
F6491-0936,C21H23N5O3
F5260-0088,C19H23Cl2N3O2
F6562-4123,C22H28N4O3
F8890-7572,C22H18N6O2
F6482-7546,C24H20N2O2S
F6495-4196,C23H22N4O3
F3386-1382,C14H13BrClNO4S
F3406-8072,C21H18ClN5O2
F6571-0160,C19H27N3O3S2
F6411-5728,C18H12ClF3N2O4
F6474-3303,C24H22N4O3
F6441-6642,C21H23NO6S
F3398-3598,C18H17BrN2O3S
F6246-1428,C23H26N4O2S
F6619-2940,C19H22F3N5O3
F6507-1730,C20H29ClN2O4S
F6656-2132,C21H25N3O5S
F6497-8007,C20H21F3N6O2
F6247-1066,C23H24ClN5O2
F6240-0674,C22H25FN6OS
F3407-0203,C24H25N7O2
F5554-0026,C25H26N4O4
F2774-0796,C21H17ClF3N3O3
F3398-5901,C23H19FN6O4
F0347-2403,C22H17F4N5OS
F2736-3463,C24H26ClN3O4S
