# All user editable compound information in the PCDL Manager compounds tab can be imported
# A minimum of formula or mass plus one identifier must be populated for compound import (recommended is formula and at least one other identifier, see examples)
# Multiple synonyms can be entered into the Synonyms column when separated by ';' (e.g. L-Isoleucine; 2-Amino-3-methylvaleric acid)
# All compounds will be assumed to be of a neutral ion type, unless a 1 is entered in the Cation or Anion column
Name,Formula
F6201-0046,C11H13N3O2S
F5823-0605,C16H21N3
F6507-8802,C13H25NO2S
F6793-6024,C11H13F4N3
F0308-0032,C16H13NO3
F6662-1501,C8H12F3N3O2S
F1605-0872,C13H11ClN4O
F6539-3309,C14H15NO3S
F6359-1266,C14H17ClN2O2
F6472-0522,C14H21NO3S
F6744-9711,C13H14N6S
F2726-0309,C15H16N2O2S
F6440-4167,C14H18N4OS
F6478-5948,C13H12ClN3O3
F6752-2792,C14H21N3O2S
F6210-0854,C17H19N3O2
F6036-1436,C15H17N5O2
F6503-2572,C15H19N5O2
F2257-0259,C15H10ClFN2O2
F0921-0704,C19H18N2O2
F6760-1832,C15H11N5OS
F6549-3410,C13H12F3N5O
F6807-7273,C16H15N3O2S
F2553-0204,C17H17NO3S
F0598-0471,C15H15N3O3S
F0777-1699,C15H10ClNO5
F6482-2411,C17H24N2O4
F6400-1459,C15H22N4O2S
F3374-0118,C18H16N2O4
F6672-2115,C21H27NO2
F6496-2775,C17H17N3O4
F5607-0030,C17H24N6O
F6526-0288,C17H19ClN4O
F6754-9018,C16H16N2O2S2
F6443-8402,C20H19N3O2
F6184-0136,C17H18FNOS2
F6349-1385,C19H17FN4O
F2593-0164,C20H23N3O2
F6194-1126,C16H18ClNO3S
F6738-2349,C18H17ClN4O
F6057-0024,C17H19N5OS
F6480-2901,C18H22N4O3
F5729-0937,C19H25N3O3
F6525-7522,C17H16ClN3O3
F5581-1384,C17H19FN4OS
F6561-5280,C19H25NO3S
F6435-3495,C16H15NO4S2
F6438-0469,C16H19ClN4O3
F3260-0128,C17H29N5O3
F6561-7631,C18H19N5OS
F3277-0298,C18H17N3OS2
F5950-0294,C19H24N4OS
F6685-9015,C17H19ClN6O
F6560-7498,C21H16N2O2S
F6752-2219,C15H20Cl2N2O2S
F6727-5849,C20H21N5O2
F6514-2870,C19H18F3NO3
F6713-1442,C20H26N6O
F5855-0636,C20H20N2O5
F2504-0557,C16H19ClN2O4S
F6764-1679,C22H21N5O
F6442-1680,C17H24ClNO4S
F6677-3772,C13H13BrF3N5
F6403-2528,C20H20N6O2
F6492-0321,C18H20Cl2N4O
F3407-2349,C21H21N3O4
F6064-1875,C17H14F3N3O2S
F6526-1279,C19H22N6OS
F6495-5552,C17H16N6O3S
F6806-6335,C19H26F3N3O2
F3253-0039,C20H19F2N3OS
F2880-3623,C21H28N2O3S
F5833-4222,C19H22N2O3S2
F6204-0957,C24H25NO2S
F2711-1449,C18H14F3N3O2S
F6240-4849,C19H21F3N4O2
F6089-6817,C19H19Cl2FN2O2
F2638-0193,C25H23N3O2
F6786-6393,C19H21N5O3S
F5254-0227,C21H24FN3O2S
F1469-0167,C23H25N5O2
F6178-3691,C19H20Cl2N4O2
F6184-1079,C20H28N2O3S2
F6523-0652,C23H30N4OS
F6261-0883,C20H23N5OS2
F6513-5508,C19H21BrN4O2
F6559-6483,C19H21F3N8
F6390-3097,C21H27NO4S2
F0685-0319,C22H20N2O3S2
F2459-0051,C21H16F3N5O2
F6195-6132,C20H22N4O3S2
F5834-4950,C21H18F3N3O2S
F5565-0048,C21H20N6O3S
F5653-0257,C19H20F3N5O2S
F3406-4107,C23H18N6O4
F6786-6457,C21H24FN5O3S
F5012-0027,C22H28N2O6S
F3165-1098,C21H20ClN5O3S
F2233-0971,C24H21ClFN3O4
F2865-1146,C23H21ClFN7O2
