# All user editable compound information in the PCDL Manager compounds tab can be imported
# A minimum of formula or mass plus one identifier must be populated for compound import (recommended is formula and at least one other identifier, see examples)
# Multiple synonyms can be entered into the Synonyms column when separated by ';' (e.g. L-Isoleucine; 2-Amino-3-methylvaleric acid)
# All compounds will be assumed to be of a neutral ion type, unless a 1 is entered in the Cation or Anion column
Name,Formula
F6807-5782,C16H17N3
F1913-9874,C12H17ClN2O2
F6667-0029,C13H10F2N4
F6673-4940,C13H21N5O
F5860-4505,C11H20F3N3O
F6487-0764,C16H17NO3
F1767-0139,C15H18N2OS
F6793-6830,C10H14F3N5O
F5954-0012,C15H16N6
F6789-0555,C17H21N3O
F6483-0188,C16H18N2O3
F6200-1449,C16H17FN2O2
F6514-7253,C15H19FN4O
F3284-7447,C18H15NO3
F6507-5272,C16H25NO4
F5087-0254,C18H23N3O
F6064-2370,C16H21N5O
F2551-0012,C15H11ClN2OS
F2053-0080,C16H17FN2OS
F8890-0739,C17H26N2O3
F6524-2763,C17H15N3O3
F5323-0353,C17H17N3O3
F6793-6876,C13H14F3N5O
F6806-8315,C14H16F3N3O2
F6203-0070,C18H20ClNO2
F6571-2428,C13H21NO4S2
F6356-0957,C16H16ClNO2S
F6730-0323,C19H22N4O
F6482-3975,C16H16N6O2
F6094-0583,C16H14N4O2S
F6244-3472,C18H21N3OS
F6469-3001,C16H15N3OS2
F6515-2735,C17H19FN4O2
F6403-3099,C14H16N6O2S
F3257-0104,C21H23N3O
F5791-0826,C14H17N5O3S
F0015-0660,C19H20N4O2
F3088-0570,C15H9F3N2O2S
F5079-0075,C18H17N3O2S
F6811-1158,C14H15F3N6O
F6441-0113,C17H24FNO3S
F6454-2818,C17H30N2O3S
F6261-3973,C16H13ClN4OS
F5493-0643,C17H19N3O3S
F6802-7368,C17H19FN4O3
F6539-2670,C18H25N3O4
F6519-5944,C16H16FN3O3S
F3375-0411,C19H18N4O3
F6515-4349,C19H16N2O3S
F6512-1599,C20H23N3OS
F6192-0714,C20H18FNO2S
F6203-0640,C14H16BrNO3S
F3406-5617,C18H22N4O2S
F6523-3627,C20H16N4O3
F6565-4926,C18H20Cl2N4
F3368-0908,C22H37NO3
F6441-5425,C22H23NO2S
F6481-2802,C17H21NO2S3
F3222-1089,C20H21FN4O2
F6524-1084,C18H15FN4O4
F3395-0210,C22H33N3O2
F6472-3228,C22H19N3O3
F6064-0705,C17H12F3N5O2
F6464-0831,C22H24N4O2
F6472-8946,C16H21F3N2O3S
F6495-5970,C19H21N7O2
F5461-2010,C20H19N3O3S
F6475-5007,C22H26N2O4
F5788-1286,C16H21FN4O4S
F2784-0521,C19H19BrN2O2
F6200-2405,C17H20F3N3O4
F6415-1330,C18H16BrNO2S
F2227-0069,C21H18N4O4
F6734-1511,C22H22FN5O
F5854-3182,C19H18F3N3OS
F6523-3028,C23H26N2O4
F5788-2571,C20H20N4O3S
F5788-3270,C23H31N3O3
F6240-0343,C23H21N5O2
F0866-0361,C17H11BrN2O3S
F6441-7598,C17H22ClFN2O4S
F6514-2262,C24H23ClN2O2
F6521-2050,C24H28N2O2S
F6037-0831,C18H16F3N3O3S
F5753-0066,C22H27N3O3S
F2724-2307,C22H20N6OS
F1773-0302,C16H22BrNO5S
F5461-0388,C24H27N3O2S
F6529-6879,C19H25ClN4O5
F5096-0567,C22H23ClFN5O
F5095-0512,C22H21F3N4O2
F6529-2118,C24H23N3O5
F6279-0496,C20H28N4O5S
F3259-0173,C21H25N7O4
F5866-0275,C23H22N8O2
F2561-0016,C26H27N3O4
F6442-1043,C18H18F3NO5S2
F3398-1808,C24H22N6O2S
F2068-0622,C18H22BrN3O5S
F3411-1083,C25H30N4O4S
