# All user editable compound information in the PCDL Manager compounds tab can be imported
# A minimum of formula or mass plus one identifier must be populated for compound import (recommended is formula and at least one other identifier, see examples)
# Multiple synonyms can be entered into the Synonyms column when separated by ';' (e.g. L-Isoleucine; 2-Amino-3-methylvaleric acid)
# All compounds will be assumed to be of a neutral ion type, unless a 1 is entered in the Cation or Anion column
Name,Formula
F6660-1454,C11H12N2O3S
F6608-0825,C13H18F2N2O
F6525-5591,C13H16N4O2
F3244-0159,C16H12N2O2
F6725-2759,C11H13ClN4O2
F6806-6694,C14H17N5O
F6662-6608,C15H19FN4
F6479-2596,C14H19N3O3
F6666-7353,C12H9ClFN3O2
F6482-7127,C15H12N2O2S
F6487-0842,C15H18N4O2
F6507-9164,C13H24N2O3S
F6230-0265,C13H10ClN3OS
F6549-6512,C16H15N5O
F6216-0221,C14H14ClFN2O2
F6573-8779,C16H14N2O2S
F3139-0658,C16H13ClN2O2
F6573-7986,C14H14N4O2S
F6805-3131,C18H16N4O
F6562-5252,C14H14ClN3O3
F6561-6903,C15H15N7O
F3225-5883,C18H18FN3O
F6523-3036,C17H19N3O3
F5652-1709,C17H18FN3O2
F6702-2197,C17H20ClN3O
F3406-7261,C16H18ClN3O2
F6476-6038,C15H16ClN3O3
F6186-0288,C12H18ClNO3S2
F6724-1335,C18H20N4O2
F0806-0809,C21H14N2O2
F6549-3930,C18H21N3O3
F5827-0190,C15H12FN5O3
F6619-2909,C15H21F3N4O
F6560-7541,C19H16N4O2
F6515-0578,C15H11ClN2OS2
F6515-1838,C19H17N3O3
F6619-6306,C17H20N8
F6445-0198,C19H15ClN2O2
F6495-2205,C17H17N5OS
F6753-3376,C15H24N4OS2
F6411-1044,C19H23N3O3
F6472-0779,C14H18BrNO2S
F2640-0086,C17H16N2O4S
F0656-0834,C16H16FN5O3
F6682-6528,C19H18N6O
F1468-0139,C18H29N5O2
F6525-6690,C17H14F3N3O2
F3225-6813,C21H22N2O3
F6284-0720,C19H17ClN4O
F6734-1466,C21H24FN3O
F6520-1654,C20H21NO3S
F5854-1114,C18H16ClN3OS
F0016-0648,C20H26N2O2S
F6502-0935,C18H16N8O
F0526-0284,C18H22N2O4S
F3394-1209,C17H17FN2O4S
F6513-3748,C18H19N7O2
F5839-0260,C19H17N3O3S
F6481-0421,C22H28N2OS
F6723-0991,C19H19FN4OS
F5656-0146,C19H17ClN2O2S
F5033-3623,C19H23N3O5
F2814-0552,C19H21NO5S
F6571-6566,C15H14F3NO3S2
F6515-4379,C22H22N2O2S
F6539-2735,C23H29N3O2
F6510-2229,C16H20FN5O3S
F6556-8949,C16H14FNO3S3
F6524-6235,C18H25FN2O4S
F2879-4634,C19H16ClFN4O2
F5461-1085,C20H25N3O3S
F6656-1047,C18H20BrN3O2
F6427-0118,C20H18N6O3
F6240-2539,C21H25N7O
F2392-0322,C19H24ClN3O2S
F0816-0220,C15H10BrNO3S2
F6676-0538,C18H19F3N4O3
F1301-0090,C20H18N2O3S2
F2704-0054,C19H25N7O3
F2468-0317,C20H19FN2O2S2
F5792-0417,C22H20N4O2S
F6539-2928,C19H26N4O4S
F5857-3646,C16H15ClF3NO4S
F6764-4013,C21H21N3O4S
F6261-1648,C20H19BrN2OS
F6353-6244,C22H28N2O4S
F6178-2473,C20H22FN3O2S2
F6521-8190,C16H14ClF3N2O4S
F5017-1118,C21H29FN2O4S
F1288-0027,C23H29N3O5
F6244-2807,C25H26N4O3
F6548-0987,C25H27N3O4
F5250-1032,C24H32N6O2
F0818-0005,C22H20N2O4S2
F6372-1923,C21H15Cl2N3O4
F2515-1562,C22H14N4O3S2
F6252-1504,C23H20ClN5O3
F2574-0147,C22H25N3O6S
F3385-5545,C24H16ClF3N2O3
F2902-0575,C23H29N7O3S
