# All user editable compound information in the PCDL Manager compounds tab can be imported
# A minimum of formula or mass plus one identifier must be populated for compound import (recommended is formula and at least one other identifier, see examples)
# Multiple synonyms can be entered into the Synonyms column when separated by ';' (e.g. L-Isoleucine; 2-Amino-3-methylvaleric acid)
# All compounds will be assumed to be of a neutral ion type, unless a 1 is entered in the Cation or Anion column
Name,Formula
F6666-8743,C11H8ClFN2O2
F1190-0470,C15H14O4
F5263-0579,C16H20FNO
F1616-0111,C16H15N3O
F6743-9931,C12H19N3O2S
F6439-3843,C15H20N4O
F6677-0979,C14H18FN5
F1907-9455,C16H23FN2O
F6441-5685,C13H18N2OS2
F6668-0753,C12H10F3N3O2
F6200-1989,C14H16F3NO2
F6571-5845,C16H19NO2S
F6555-0420,C14H21N5O2
F6539-4045,C18H18N2O2
F6194-1442,C15H24N2O2S
F6683-1844,C17H22N4O
F6723-2221,C18H24N2O2
F9995-0309,C13H10BrN3O
F2529-0101,C18H15N3O2
F2964-0239,C13H13BrN2S
F6574-0325,C16H14N4O3
F6725-1660,C15H16N6S
F6200-0875,C14H16F2N2O4
F6573-7606,C15H16N4O2S
F6479-3249,C15H15ClN4O2
F6724-4694,C14H13ClN4OS
F6244-1075,C17H24ClN3O
F6514-6456,C17H17N5O2
F6430-0248,C16H15N5OS
F6279-0555,C16H26N2O3S
F6521-7278,C18H17ClN2O2
F5854-1097,C18H23N3OS
F6257-5161,C16H18ClN5O
F6522-0576,C16H12ClNOS2
F6514-1941,C17H19FN2O4
F3395-0154,C22H29N3
F6412-1905,C16H14F3N3O2
F6252-6164,C18H18N4O3
F3407-0013,C18H21N5O2
F5854-4256,C15H16ClNO2S2
F6436-3648,C18H18N2O3S
F6524-2427,C16H17N5O2S
F6573-4185,C17H20N4O4
F9995-2687,C22H23N3O
F6516-0235,C16H17N3O4S
F6480-6236,C16H20N4O3S
F6258-1223,C19H19N5O2
F6247-0421,C18H16F3NO3
F6730-2853,C20H24N4O2
F6761-3047,C16H17F3N4O2
F2962-0091,C18H10F2N2O2S
F6507-5355,C17H27NO5S
F6525-4333,C19H16F3N3O
F6343-0351,C17H19N3O2S2
F1252-1095,C16H11F2N3O3S
F3350-1004,C22H24N2O3
F5017-1495,C16H19ClN4O2S
F6515-0916,C21H25N3OS
F6438-2180,C18H19N5O2S
F6764-0744,C16H14BrN5O
F6250-0594,C17H25FN2O4S
F6573-4373,C16H17F3N2O5
F6792-2567,C19H29N5OS
F6478-1130,C18H23N3O4S
F6247-0280,C17H15BrFNO3
F6571-2538,C18H24N2O5S
F2075-0021,C22H31N5O
F6791-2769,C19H21N5O2S
F1872-0866,C19H16FN3O3S
F6473-9097,C21H26N2O3S
F6261-2100,C19H20N2O3S2
F6750-6415,C18H18F3N7
F6215-0053,C17H18BrN3O3
F5097-0169,C20H19F3N2O3
F6526-1353,C22H27N5O2
F6792-2499,C18H20F3N5S
F6414-0681,C18H17Cl2NO5
F6612-0037,C21H26N4O2S
F5857-4113,C21H24N2O6
F6670-6123,C23H26N6O
F5529-0270,C17H18F3NO5S
F0745-0143,C22H21N3O5
F5016-0366,C23H27N3O4
F0537-0799,C21H20N2O5S
F5594-0211,C22H30N4O2S
F6452-2442,C20H26F3NO3S
F5324-0042,C20H19F3N4OS
F6672-0607,C18H19BrClN3O2
F2556-0071,C17H12Cl2N2O3S2
F6562-0684,C26H28N4O2
F6660-0571,C24H25N5O3
F1835-0033,C17H11Cl2N5OS2
F6363-0711,C27H27N5O
F6247-0749,C21H14Cl2FN5O
F2347-0033,C21H15F3N4O2S
F1879-0042,C17H19F2N3O5S2
F5831-0548,C21H28N2O3S3
F2334-0131,C25H26FN5O3
F2540-0340,C26H24N2O5S
F6548-1216,C27H25FN4O4
