# All user editable compound information in the PCDL Manager compounds tab can be imported
# A minimum of formula or mass plus one identifier must be populated for compound import (recommended is formula and at least one other identifier, see examples)
# Multiple synonyms can be entered into the Synonyms column when separated by ';' (e.g. L-Isoleucine; 2-Amino-3-methylvaleric acid)
# All compounds will be assumed to be of a neutral ion type, unless a 1 is entered in the Cation or Anion column
Name,Formula
F6666-3884,C11H9ClFN3O
F1061-0056,C15H15NO3
F5319-0106,C13H12FN3O2
F6541-7640,C15H21FN2O
F6672-1737,C16H20N4
F6210-0138,C12H11F3N2O2
F5857-7929,C15H17NO2S
F6448-0536,C12H14N4O2S
F6616-1866,C15H20ClNO2
F6494-1814,C15H16N4O2
F1548-0018,C14H10ClN3O2
F6435-1910,C14H12FN3OS
F6678-8502,C14H17N3O2S
F2135-1596,C14H9F3N2S
F0771-1094,C17H16N2O3
F6472-7516,C17H18N2OS
F6791-9293,C14H16N6S
F6561-2672,C13H22N2O4S
F5033-0234,C18H28N2O2
F6554-1798,C19H17NO3
F6709-0031,C19H23N3O
F6031-1255,C16H29N3O3
F6676-2678,C17H23N5O
F6564-3107,C16H21N5O2
F6672-1968,C19H21F2NO
F3316-0037,C17H22ClN3O
F3328-0129,C15H19N3O3S
F6554-8168,C19H17NO2S
F6064-0315,C13H13BrFN3O
F0610-0036,C15H22N2O4S
F6619-4540,C17H25N7
F6244-1548,C17H19N3O2S
F1711-0092,C15H13ClF3NO2
F6562-8482,C21H20N2O2
F5686-0441,C15H18N4OS2
F6539-3178,C21H21NO3
F6436-3896,C14H15N3O3S2
F6221-0329,C16H14N6O3
F6523-3641,C17H17N5O3
F6436-1139,C20H21FN2O2
F3202-0238,C12H11BrN2O3S
F6237-2069,C16H14ClN5O2
F6473-8523,C18H20N2O3S
F6448-0166,C18H23N3O2S
F6574-0211,C14H10BrN3O3
F6481-4349,C17H20N2O2S2
F6573-4514,C16H19N3O6
F0685-0146,C14H13N3O2S3
F3394-1283,C18H17FN6O
F6521-8235,C16H19ClN2O3S
F6485-0305,C19H21N3O4
F6261-4661,C18H19N3O3S
F2743-0560,C17H14ClN3O2S
F6178-7041,C20H28N2O4
F6559-7827,C19H26N2O3S
F6475-1505,C17H21ClN4O3
F6803-0185,C19H23N7O
F5834-3163,C20H21N3O2S
F6807-6950,C15H19N3O4S2
F6196-0300,C19H22N4O4
F5857-2022,C16H24N2O4S2
F6709-4392,C13H10BrF3N4O
F6743-7373,C19H25N3OS2
F2537-1430,C21H16FN3OS
F5599-0119,C21H22N4O3
F6805-9067,C18H21ClN2O3S
F6573-1645,C20H23N5OS
F6523-3387,C20H18ClN3O3
F6244-2827,C24H24N4O
F5854-0766,C20H22N2O4S
F6619-7403,C18H25N7O3
F6518-4849,C19H20FN3O3S
F5625-0198,C19H26N4O3S
F5561-0033,C16H17ClN6O2S
F6523-0630,C21H23N5OS
F6678-8581,C18H16F3N3O2S
F6793-7287,C19H23F3N4O2
F2516-0183,C21H22N2O4S
F6560-0854,C20H20N2O3S2
F1424-0090,C20H22N2O7
F3407-0357,C21H23F3N4O
F3193-0008,C19H12F3NO4S
F3320-0275,C22H20ClN3O3
F6792-0847,C20H25N7OS
F5854-0483,C22H23FN2O3S
F6469-0128,C20H14F3N3O2S
F6497-0170,C23H22FN5O2
F6548-4192,C22H22N4O3S
F6274-0148,C18H23N3O5S2
F6436-1578,C25H20N2O3S
F5570-0407,C20H21N3O6S
F5788-2066,C21H21ClF2N4O2
F2790-0363,C19H24ClN5O3S
F6529-0242,C22H24N4O4S
F2583-0077,C24H21N5O4
F0916-6860,C22H21F3N4O3
F3406-2197,C21H15ClN6O2S
F1787-0070,C26H23NO7
F0921-2338,C22H22N2O6S2
F2052-0017,C23H22N2O6S2
