# All user editable compound information in the PCDL Manager compounds tab can be imported
# A minimum of formula or mass plus one identifier must be populated for compound import (recommended is formula and at least one other identifier, see examples)
# Multiple synonyms can be entered into the Synonyms column when separated by ';' (e.g. L-Isoleucine; 2-Amino-3-methylvaleric acid)
# All compounds will be assumed to be of a neutral ion type, unless a 1 is entered in the Cation or Anion column
Name,Formula
F2503-0114,C9H10N4O3S
F6616-2181,C12H13F3N2O
F1757-0098,C16H23NO2
F6541-5803,C13H19N3OS
F6514-7661,C14H15N5O
F6789-0414,C15H20N4O
F6478-0860,C15H21N3O2
F6804-5781,C10H10BrN5
F6662-2154,C14H13F3N2O
F6451-3500,C11H15N3O4S
F3229-0003,C16H17NO4
F6512-1217,C15H16FN3O2
F6550-1502,C18H26FNO
F2370-1236,C15H19FN2O3
F6549-2871,C17H20N4O
F6680-9308,C17H22N4O
F6549-3201,C17H24N4O
F6125-2888,C10H13N3O4S2
F6448-1360,C15H19N3O2S
F5104-0064,C14H13ClN2O2S
F6495-2035,C13H18N4O3S
F6293-0058,C16H16N4O3
F5835-0539,C17H18N2O2S
F5860-0205,C14H15F3N2O3
F6550-6069,C15H15FN4OS
F2373-0427,C15H13FN2O3S
F6561-3566,C21H23NO2
F6561-6489,C17H17N5O2
F6807-7344,C15H14F3N3O2
F6550-4453,C18H22N4O2
F1874-1012,C16H16N4O2S
F3375-0336,C19H23NO4
F1696-0137,C18H21NO3S
F5854-5663,C14H11ClF3NOS
F6481-3500,C17H22N2O3S
F1899-2415,C14H10Cl2N4S
F6481-3148,C16H17F2N3OS
F2773-0666,C18H18N4O3
F6724-4696,C18H21N5O2
F6446-1095,C14H16ClN3OS2
F6560-7811,C18H18N2O3S
F6751-4836,C18H15F2N3O2
F3411-0182,C22H20N2O2
F6438-3562,C16H23N7O2
F6506-0571,C16H17N3O4S
F6374-5574,C18H21FN2O2S
F2444-0394,C19H19N5O2
F6412-2445,C17H21NO5S
F6810-2256,C19H24N6O
F3406-8224,C18H18N4O4
F5860-2180,C13H16ClF3N2O2S
F6448-0523,C19H23N3O4
F6802-8088,C16H20F3N3OS
F5788-1117,C18H17ClFN3O2
F6471-2288,C17H15Cl2N3O2
F6472-8245,C22H24N2O3
F2493-1737,C20H15FN2O4
F6416-8618,C22H25NO4
F6474-8168,C17H18F3N3O3
F0646-8579,C17H13N3O3S2
F6677-0324,C22H20N4O2
F6680-3239,C18H19ClN4O3
F6089-8141,C21H30FN3O2
F6490-1130,C18H23N3O4S
F6507-8452,C17H18BrNO4
F6445-3194,C19H20N6OS
F6681-8807,C14H15BrN4O2S
F6245-7366,C19H21N5O2S
F2342-0166,C19H19N3O2S2
F6549-5423,C23H22N4O2
F6482-8221,C21H16N4O2S
F6446-1154,C20H27N3OS2
F2542-1571,C17H15Cl2N5O2
F6472-4091,C22H20N2O5
F6605-3343,C21H27N7O
F3283-0281,C20H21N5O2S
F6553-7159,C18H20ClNO3S2
F6253-6247,C22H26N2O5
F6785-7036,C21H22F2N4O2
F3354-0185,C23H34N2O4
F6178-2587,C19H20ClN3O3S
F5381-0015,C19H25N3O5S
F3395-0457,C20H26F3N5O
F0657-0281,C21H15F3N4O2
F6472-8161,C27H30N2O2
F6548-4551,C23H23N5OS
F2440-0055,C22H20N4O3S
F6034-0075,C19H22BrNO3S
F5939-3522,C18H16ClFN2O3S2
F6672-1150,C16H17BrClN3O2S
F6497-1175,C23H25N7O2
F6372-2828,C20H14BrN5O2
F3291-0083,C23H31N7O2
F3222-1839,C19H21Cl2N3O3S
F2443-0260,C21H21ClN4O3S
F2252-0231,C23H17N3O5S
F3345-0221,C26H20N4O4
F2744-2077,C21H16BrF3N2O2
F3406-4729,C26H25FN4O2S
F3406-4059,C24H32N4O5S
