# All user editable compound information in the PCDL Manager compounds tab can be imported
# A minimum of formula or mass plus one identifier must be populated for compound import (recommended is formula and at least one other identifier, see examples)
# Multiple synonyms can be entered into the Synonyms column when separated by ';' (e.g. L-Isoleucine; 2-Amino-3-methylvaleric acid)
# All compounds will be assumed to be of a neutral ion type, unless a 1 is entered in the Cation or Anion column
Name,Formula
F6617-2064,C12H12F2N2O2
F6401-0034,C15H18N2S
F0196-0714,C17H10O3
F3257-0131,C17H19N3
F6244-0006,C16H19N3O
F6663-1270,C12H13ClFNOS
F6554-8165,C13H12N2OS2
F6554-5336,C12H10F5NO
F6525-6801,C15H14N4O2
F1913-4838,C14H14F3NO2
F6200-0599,C15H17N3O3
F6356-0622,C16H19NO4
F6660-2401,C14H16N2OS2
F2740-0636,C17H18N4O
F2173-0639,C19H24N2O
F1061-0218,C16H10ClNO3
F6553-7196,C13H16ClNO3S
F6724-3324,C12H12F3N3OS
F6244-1493,C16H20ClN3O
F5791-1339,C16H12N4OS
F6246-0849,C17H15FN4O
F5097-0763,C18H17FN2O2
F6312-0424,C16H18N4OS
F6445-0309,C20H16N2O2
F0463-0086,C16H18N2O3S
F6378-0132,C15H16N2O4S
F5626-0041,C16H27N5O2
F6445-7323,C15H21N3O5
F3088-0043,C19H16FNO3
F6492-0810,C17H22N6O
F6752-3288,C13H20N4O2S2
F6196-0461,C18H23N3O3
F6469-1659,C20H17N3O2
F2495-0112,C15H15N3O2S2
F6524-0957,C19H18N4O2
F6514-7217,C14H17BrN4O
F6436-3297,C20H19NO2S
F6564-8408,C17H18N6O2
F6619-6845,C17H21N7O
F6507-6197,C15H17Cl2N3O2
F0651-0209,C19H19ClN2O2
F6481-3466,C19H21NO3S
F6805-3132,C21H20N4O
F6677-1058,C23H27N3
F6791-9290,C13H16F3N5OS
F6471-5602,C17H21ClN4O2
F6475-0067,C17H23N3O5
F5854-0820,C19H17N3O4
F2556-0203,C14H12BrNO3S
F2862-0428,C20H22N2O2S
F1190-0488,C19H16O7
F6491-2364,C18H23N5O3
F5791-1705,C20H17N5O2
F6564-8496,C17H19N3O4S
F5109-0023,C16H17N3O3S2
F6682-6317,C21H24N4O2
F6312-0034,C19H18N4O2S
F6783-6740,C20H25N5O2
F6042-0665,C17H19N7OS
F6764-0800,C17H18BrN5
F3379-0398,C21H20N6O
F6089-9149,C17H21F3N2O2S
F6481-0848,C15H21ClN2O3S2
F6514-6520,C17H23N5O3S
F6681-8887,C15H18BrN5O2
F5001-0749,C22H21FN2O3
F2541-0255,C16H18N2O5S2
F6495-5858,C18H21N7OS
F5836-0031,C20H14F3N3O2
F5095-0260,C21H27ClN4O
F6487-1129,C19H20N2O5S
F3386-3052,C23H23N3O3
F2756-1254,C18H18FN3O2S2
F6473-4302,C21H20N4O4
F6748-5123,C16H19BrN4OS
F6594-1254,C19H18FN7O2
F6559-5848,C18H15N5O4S
F5855-0086,C26H26N2O2
F5033-2442,C24H24N4O2
F5644-0012,C19H15Cl2N3O3
F3349-0064,C19H20FN3O4S
F6617-5533,C22H22FN5O2
F0550-0199,C17H16Cl2N4O2S
F3407-4749,C21H21FN4O2S
F5284-0035,C14H11F6N3O3S
F5090-1096,C23H23N5O3
F6240-2396,C20H19F3N4O3
F6418-0181,C23H21NO3S2
F3411-2948,C21H19ClN4O2S
F6471-3633,C20H19N3O4S2
F2189-0067,C20H21BrN2O2S
F2634-0069,C20H22ClN3O2S2
F6548-1931,C22H16ClFN4O3
F6372-2982,C21H14F3N5O3
F6471-8185,C21H21FN4O4S
F1407-0223,C21H25N3O4S2
F1812-0090,C19H21Cl2N5O2S
F6609-7048,C25H25FN4O2S
F2967-0740,C22H24ClN3O3S2
F1362-0170,C27H27N3O4S
