# All user editable compound information in the PCDL Manager compounds tab can be imported
# A minimum of formula or mass plus one identifier must be populated for compound import (recommended is formula and at least one other identifier, see examples)
# Multiple synonyms can be entered into the Synonyms column when separated by ';' (e.g. L-Isoleucine; 2-Amino-3-methylvaleric acid)
# All compounds will be assumed to be of a neutral ion type, unless a 1 is entered in the Cation or Anion column
Name,Formula
F6210-1052,C12H14N2O2S
F6221-0054,C12H9N5O2
F6760-2102,C13H13N3OS
F6089-9819,C11H22N2O3S
F6616-6567,C15H14N4O
F6472-0821,C12H18N2O3S
F6796-9479,C13H15N5O2
F6708-8506,C17H16N4
F6672-0044,C16H17N5
F2167-9488,C12H14BrNO2
F6755-2654,C17H20FN3
F5883-0119,C16H21N3O2
F1906-0094,C8H13F3N2O4S
F6681-3565,C17H16N4O
F6809-7888,C11H8F3N7
F6754-9284,C14H14F3N3O
F6445-6081,C16H17N3OS
F5012-0205,C14H20FNO3S
F6125-2657,C12H21N3O4S
F2553-0073,C14H14N2O2S2
F6403-2808,C14H20N4O2S
F5806-0226,C18H22N4O
F6549-8490,C19H24N2O2
F6656-3284,C17H22N4O2
F6805-3109,C17H21FN4O
F6808-6088,C17H22N2O2S
F6478-3790,C15H17FN4O3
F6755-2030,C15H13F3N4O
F6451-3300,C13H13BrN2O3
F6489-0380,C18H19N3O3
F6261-2193,C17H14FN3OS
F6806-8296,C17H20N4O3
F6186-1366,C14H19ClN2O3S
F6573-2909,C16H21N5O3
F2454-0578,C16H19N3O3S
F6567-4238,C19H22N6
F6446-1340,C15H20N4OS2
F6561-1450,C19H19N3O3
F6658-5638,C18H22N6O
F6482-7173,C18H16N2OS2
F6516-0665,C19H19NO3S
F6200-3061,C19H19FN2O3
F6257-4546,C17H21N5OS
F5267-0451,C14H13ClFNO2S2
F6561-1238,C18H13F3N2O2
F5882-2383,C17H21N3O3S
F6783-6527,C17H24N4O2S
F6803-2443,C14H15BrN4O2
F3334-0726,C20H21N3O3
F6457-0444,C15H19N3O5S
F6725-1182,C20H26N4S
F6553-1213,C20H21ClN2O2
F3273-0028,C18H15ClN2O4
F5860-0280,C19H25N3O4
F6549-4800,C19H24ClN3O2
F6553-8811,C17H21N3O4S
F6524-6023,C15H16ClN5O2S
F6443-4284,C21H22N2O4
F2290-0394,C18H16N4O3S
F6795-5740,C18H23N7S
F6284-0512,C22H17N3O3
F3386-4013,C16H20ClNO3S2
F5857-2399,C23H22N2O3
F6178-6567,C19H21FN2O3S
F3351-0316,C23H27N3O2
F6764-1555,C18H22ClN3O2S
F6178-8444,C20H24N6O2
F6524-6642,C19H18N4O5
F2791-0160,C21H26FN5O
F6225-0917,C20H23N3O3S
F6181-0220,C20H18FNO2S2
F2382-0499,C22H20N4O3
F6806-6224,C13H19BrN4O3S
F6245-0086,C18H16F3N5O2
F3270-1249,C21H24N6O2
F6286-0723,C18H17F3N4O3
F6564-5500,C21H25N5O3
F6456-2108,C19H20ClN7O
F5476-0085,C20H22BrN3O
F2635-1090,C20H20ClN3O2S
F6529-3978,C17H20F3N3O5
F6549-7631,C22H23N5O3
F6571-4055,C18H20N2O5S2
F6530-0563,C21H22N4O3S
F3222-0587,C17H13ClFNO4S2
F5871-0752,C21H25N3O4S
F5834-2273,C19H16F6N2O2
F6656-2813,C25H32N4O2
F6469-2071,C25H21N5O2
F2811-0057,C23H26N2O6
F6496-3170,C22H27N3O4S
F1161-0029,C25H24N2O5
F5033-7511,C22H24F3N3O3
F5669-1427,C22H26N6O2S
F5826-0140,C26H27N5O2
F3382-4580,C19H13BrFN3O2S
F6523-0777,C26H33N5O2
F2984-0077,C24H22ClNO4S
F2756-1815,C20H22ClN3O4S2
F3407-1961,C25H22FN3O4S
