# All user editable compound information in the PCDL Manager compounds tab can be imported
# A minimum of formula or mass plus one identifier must be populated for compound import (recommended is formula and at least one other identifier, see examples)
# Multiple synonyms can be entered into the Synonyms column when separated by ';' (e.g. L-Isoleucine; 2-Amino-3-methylvaleric acid)
# All compounds will be assumed to be of a neutral ion type, unless a 1 is entered in the Cation or Anion column
Name,Formula
F6556-2999,C12H15FN2O3
F6556-6017,C12H22N2O2S
F6438-1327,C12H14N4OS
F6471-3516,C11H10N2O2S2
F6672-1682,C17H23N3
F8887-2891,C12H13F2NO4
F6190-0111,C14H16N2O2S
F6356-0249,C14H17NO3S
F6257-5284,C12H18N4O2S
F6360-9170,C15H15N3O3
F6799-8812,C12H21N3O3S
F5871-1975,C15H19N3O3
F1800-0015,C14H16N2O3S
F6553-8777,C14H22N4O3
F3394-0049,C13H12ClNO3S
F6441-4285,C13H17NO3S2
F0779-0485,C16H15NO3S
F6716-4424,C13H10F5N3
F0447-0443,C20H19NO2
F1899-2479,C15H12N6S
F6796-9103,C16H15FN6
F6678-8839,C17H20N4S
F6436-1458,C16H18N4O3
F6257-1901,C14H16N6O3
F6564-1675,C15H18N4O2S
F6439-8260,C14H16N4O3S
F2716-0943,C15H15ClN2O2S
F6677-1629,C17H20F3N3
F5114-0021,C21H15N3O
F6671-3102,C18H26N6
F6252-6170,C16H16N4O4
F6660-0810,C17H23N5O2
F6556-0731,C17H21N3O2S
F5772-9415,C16H13F2N3OS
F6203-0472,C18H20F2N2O2
F6516-1787,C16H11F3N2O3
F6233-0320,C14H19N5O3S
F6658-4679,C17H18N6O2
F6411-0921,C20H25N3O2
F3358-0032,C17H15N3O3S
F6574-0700,C17H18N4O2S
F2758-0114,C21H17N3O2
F5495-0106,C18H24N4OS
F6515-1841,C17H12Cl2N2O2
F6356-1097,C19H19ClFNO2
F6064-0485,C16H20N4O5
F6660-0658,C21H23N3O2
F6559-0011,C18H17N5O3
F3283-0267,C14H13Cl2N5O2
F6744-6547,C19H22N4OS
F5860-4555,C19H17FN2O2S
F3097-5060,C21H27NO4
F5882-0517,C16H20F3N3O3
F6252-1348,C19H15N5O3
F0521-0488,C19H14ClN5O
F6753-1979,C19H26F2N4O
F6573-8531,C18H15FN6O2
F6594-2873,C21H29N5O
F2752-0448,C23H19N3O2
F6261-1971,C19H18ClN3OS
F3406-9788,C19H24N4O4
F6561-5444,C19H22N2O4S
F6523-0449,C13H15F3N6O2S
F6603-1820,C19H19N7O2
F6356-1066,C19H19Cl2NO3
F6489-2276,C16H24N6O3S
F2744-0698,C21H16ClFN2O2
F6036-1723,C24H21N3O2
F6286-0472,C16H18F3N5OS
F6166-0059,C24H26N4O
F6293-0190,C18H20N4O4S
F6525-7250,C22H23N5O2
F6506-0801,C19H21NO4S2
F5857-2926,C23H21FN2O3
F2135-1481,C21H18N2O2S2
F6713-7341,C21H22FN5S
F6548-3582,C21H20ClN3OS
F2704-0036,C21H30N6O2
F6523-1769,C21H28N4O4
F6496-0233,C19H18ClN3O3S
F6680-2718,C20H18F3N3O3
F5261-0246,C20H29N3O4S
F2536-1829,C21H15FN2O4S
F6559-2192,C19H23F3N4OS
F6413-2783,C21H21NO4S2
F5033-3794,C25H27N3O3
F0372-0066,C23H24N4O2S
F6525-7155,C19H19F2N3O4S
F6481-2496,C23H23ClN2O2S
F2342-0102,C24H19N3O3S
F5584-0176,C20H21ClN4O3S
F6497-0352,C20H22FN3O3S2
F2971-0225,C22H19FN4O3S
F6481-0861,C23H24ClN3O2S
F6798-4320,C18H23F3N6O2S
F6441-5242,C23H29NO4S2
F3142-0065,C20H27N3O5S2
F2619-2013,C23H19N3O4S2
F3398-1340,C25H27N5OS2
