# All user editable compound information in the PCDL Manager compounds tab can be imported
# A minimum of formula or mass plus one identifier must be populated for compound import (recommended is formula and at least one other identifier, see examples)
# Multiple synonyms can be entered into the Synonyms column when separated by ';' (e.g. L-Isoleucine; 2-Amino-3-methylvaleric acid)
# All compounds will be assumed to be of a neutral ion type, unless a 1 is entered in the Cation or Anion column
Name,Formula
F6617-4709,C15H14N2O2
F6541-6007,C15H18N2O2
F6554-4381,C12H11FN4O2
F6300-0158,C10H7BrN2O2
F6507-5396,C13H23N3O3
F6724-5199,C11H16ClN3OS
F1685-0077,C14H16N2O2S
F1477-0059,C17H13NO3
F6560-5174,C15H14N4O2
F6002-0029,C15H15N3O3
F6262-1608,C15H17N3O3
F6610-3307,C13H18F3N3O
F6190-1548,C14H16N2O3S
F0719-0072,C15H22N2O4
F6494-0560,C12H9Cl2N3O2
F1641-0023,C16H13NO3S
F5658-0228,C16H15NO3S
F6186-0136,C13H18FNO2S2
F6525-6898,C15H19N3O4
F6556-2826,C14H16N2O4S
F2783-0464,C18H18N2O3
F6550-6308,C17H17FN4O
F5954-0095,C18H14N6
F6487-1004,C17H20N2O2S
F2434-1131,C18H14N4O2
F5317-0596,C16H17ClN2O3
F6502-8897,C13H15BrN4O
F6807-7100,C18H18FN5
F5033-3529,C15H20ClN3O3
F6754-7713,C19H26N4O
F6439-4281,C17H14F2N4O
F6554-0862,C17H23N5O2
F6502-7294,C17H21N3O2S
F6481-0945,C16H16ClN3OS
F6525-6158,C16H22N4O2S
F6553-7374,C16H17ClN2O2S
F6064-0716,C17H15N5O3
F6549-3330,C17H18N6O2
F3318-0540,C18H29NO3S
F6443-4135,C19H16ClNO3
F6359-1898,C17H18N4O2S
F6680-3253,C16H17N5O4
F6709-0396,C18H24N4OS
F0646-1825,C15H8ClFN4OS
F0916-2744,C20H14FN3O2
F6478-0995,C17H18F2N4O2
F6676-2706,C17H21F2N5O
F6557-1410,C18H22FNO3S
F0589-0318,C18H12ClN3OS
F6484-2011,C19H19FN4O2
F6262-3583,C17H16N4O3S
F6454-2656,C20H27N3OS
F6660-0058,C17H21N5O2S
F6374-5486,C19H23NO2S2
F6525-6760,C17H15F2N3O2S
F6658-5836,C20H24N6O
F6560-7638,C20H18N2O5
F6796-7424,C19H25N7O
F6245-6520,C18H19N5O4
F2724-1193,C19H15ClFN3O2
F6819-0156,C17H23F3N4O2
F6481-3754,C19H22N2O4S
F5854-0941,C19H15F3N2OS
F6529-3780,C16H22F3N3O4
F3406-3976,C16H12F3N5OS
F6612-0061,C19H20N6O3
F3382-5882,C19H15ClN4O3
F6445-0311,C24H21N3O2
F6442-0803,C19H19N3O4S
F6249-1084,C22H27FN2O3
F6416-8635,C20H21ClN2O4
F5597-0148,C20H27N3O3S
F6749-0888,C18H22BrN3O2
F5628-0013,C18H22ClFN6O
F2371-0064,C18H19ClN2O4S
F6676-4754,C18H20F3N5O2
F6438-3289,C16H20ClN5O3S
F6805-3721,C22H30N4O3
F6687-6901,C22H28N2O5
F6523-2496,C18H12F3N5OS
F6564-7979,C21H19N5O2S
F6656-2033,C23H25N3O4
F2036-0462,C18H19ClN2O5S
F6237-3036,C17H19F3N6O3
F6573-8347,C19H15ClFN5O3
F5591-0387,C22H23N7O2
F3406-1316,C23H21FN4O3
F6516-4072,C19H16F3N3O5
F2752-0173,C24H18N4O2S
F6481-0838,C22H21ClFN3OS
F6036-2239,C19H20N4O4S2
F2840-0236,C23H21N3O2S2
F6236-0055,C18H17F3N6O2S
F0463-0002,C23H23NO6S
F6288-0582,C21H24N4O5S
F6513-4752,C22H21N7O2S
F2775-1970,C25H19N5O2S
F0782-0008,C20H20BrNO5S
F0556-0201,C26H24FN3O3S
