# All user editable compound information in the PCDL Manager compounds tab can be imported
# A minimum of formula or mass plus one identifier must be populated for compound import (recommended is formula and at least one other identifier, see examples)
# Multiple synonyms can be entered into the Synonyms column when separated by ';' (e.g. L-Isoleucine; 2-Amino-3-methylvaleric acid)
# All compounds will be assumed to be of a neutral ion type, unless a 1 is entered in the Cation or Anion column
Name,Formula
F2145-0292,C10H11N3O3S
F6090-0067,C14H15N3O2
F6554-4444,C13H12FN3O2
F6190-0952,C15H24N2O2
F6541-5925,C16H20N4
F6573-6555,C12H14F2N2OS
F5479-0068,C14H14FN3O2
F6475-2852,C11H13F3N2O3
F6789-4484,C13H19N3O2S
F6446-0903,C12H20N4O2S
F6477-5297,C14H13N3S2
F3098-1382,C15H15NO3S
F6240-4726,C14H17N3O2S
F0698-0164,C13H14N2O2S2
F6435-0626,C14H20N2O3S
F3320-0779,C17H18N2OS
F6549-3195,C15H16N4O3
F6440-3122,C15H18N4O3
F3084-0013,C19H32N2O
F6675-8580,C14H15F2N5O
F6573-6253,C18H25F2NO
F2080-0067,C12H10ClFN4OS
F6619-5382,C16H23N7
F1605-0875,C16H21N5O2
F6507-3721,C18H23NO4
F6808-6094,C20H18FN3
F6672-1867,C17H20FNO2S
F6194-0136,C16H18FNO3S
F6553-7059,C15H13ClFNO2S
F6795-5762,C16H18N6S
F1358-0778,C13H10Cl2N2O2S
F6787-0885,C14H20FN3O3S
F6512-0457,C13H12F3N3O2S
F0907-0036,C18H21FN2O3
F6556-1868,C14H17F3N2O2S
F6796-9052,C19H18FN5
F6514-3115,C13H14F3NO4S
F6525-2119,C13H18N6O3S
F6524-2002,C14H21N5O3S
F6573-6578,C17H22F2N2O3
F6791-9634,C13H15BrN2O2S
F6680-3343,C16H14ClN5O2
F6525-2246,C16H14F2N6O
F5831-8554,C18H23N3O2S
F6539-3714,C16H14BrNO3
F6357-1895,C17H20N2O2S2
F6524-4798,C17H15N7O2
F6237-4005,C13H14BrN5O2
F5791-1065,C17H24N2O4S
F3371-0215,C19H15FN2O2S
F1839-0060,C19H21N3O4
F5832-5084,C18H19N3O3S
F0326-1026,C17H14ClN3O2S
F6678-9697,C21H24N6
F5857-2187,C19H26N2O3S
F6617-6631,C20H20N4OS
F1757-0353,C22H27N3O2
F6497-0692,C20H21N3O2S
F6573-8503,C15H11F4N5O2
F3406-9683,C19H22N4O4
F6482-5632,C19H15F3N4O
F6193-0195,C17H15BrN2O3
F6658-2226,C19H17N7O2
F6471-1324,C15H18F3N3O3S
F5871-3200,C21H22N4O3
F6514-2807,C15H19F3N2O4S
F6473-1304,C20H23N5OS
F6573-7197,C18H17N5O3S
F5033-2428,C21H28N4OS
F2751-0408,C17H23FN2O5S
F2724-0749,C23H25N5O
F6481-3638,C21H24ClNO2S
F6810-9510,C19H21F3N6
F6125-2112,C18H17FN2O5S
F6564-4204,C21H23N5OS
F2342-0219,C20H17N3O4S
F6246-3527,C21H24N4O4
F5382-0549,C19H19FN6OS
F5679-0086,C22H16N4O2S
F6454-0452,C20H23ClN4O3
F3407-4831,C23H24N4O3
F3411-0910,C18H18ClN3O2S2
F6359-0693,C19H18F3N3O4
F5889-0082,C26H25N3O2
F6178-5879,C21H23ClN4O3
F6442-0865,C19H19N3O4S2
F6761-7640,C22H24F3N3O2
F3225-2477,C22H22N4O3S
F3382-5230,C18H18F3N5O2S
F6571-5811,C22H24N2O3S2
F6503-5161,C21H26BrN3O2
F5528-1332,C21H18F4N4O2
F6561-5716,C21H27NO5S2
F5594-0255,C22H24N4O4S
F6411-0510,C21H25N5O4S
F3407-4975,C22H21F3N4O3
F3411-3217,C21H18ClF3N4O2
F6295-0944,C25H24ClN5O2
F3411-7199,C23H23ClN2O5S
F6089-6374,C24H27BrN2O4
