# All user editable compound information in the PCDL Manager compounds tab can be imported
# A minimum of formula or mass plus one identifier must be populated for compound import (recommended is formula and at least one other identifier, see examples)
# Multiple synonyms can be entered into the Synonyms column when separated by ';' (e.g. L-Isoleucine; 2-Amino-3-methylvaleric acid)
# All compounds will be assumed to be of a neutral ion type, unless a 1 is entered in the Cation or Anion column
Name,Formula
F6668-2795,C12H18N4O2
F0913-0787,C13H13N5O
F6356-0555,C15H17NO3
F6660-4620,C13H13NO3S
F6752-3670,C15H26N2O2
F6573-9276,C15H18N4O
F1903-9903,C14H19N5O
F6608-0575,C9H9BrFNOS
F6514-3028,C10H11F3N2O2S
F6515-1085,C15H13N3O3
F3374-0792,C14H11ClN4O
F0866-0350,C14H12N2O3S
F3375-3041,C18H14N2O2
F6172-0226,C16H24N2O3
F6743-9756,C12H17N5O2S
F6363-0531,C15H15N5O2
F6523-4150,C16H17N3O3
F6789-0379,C14H18F3N3O
F6812-6537,C15H18FN5O
F2964-0041,C15H18N2O3S
F6713-7097,C17H20N6
F3394-1095,C16H13N3O2S
F6521-7768,C14H16ClNO3S
F6574-1807,C15H13N3OS2
F6548-0758,C16H12ClNO4
F1911-5802,C15H22N6O2
F6244-0041,C20H20N2O2
F1423-3881,C19H18N2O3
F3367-0105,C18H13FN2O3
F6795-3196,C16H19N7O
F6755-7399,C14H21N3O2S2
F6454-0572,C17H23F3N2O
F6524-1083,C16H15FN4O3
F6808-5263,C16H25N7O
F6685-3781,C15H19N5O2S
F6562-1767,C15H14ClN3O2S
F6670-6825,C18H16N4O3
F6524-4888,C18H19N5O2
F0850-5762,C14H13NO5S2
F6818-0593,C17H16N4O2S
F3374-0606,C18H19N3O2S
F6562-4076,C18H22N4OS
F6658-5624,C17H21N5O3
F3222-3634,C17H13ClFN3O2
F6518-4531,C18H16F2N2O3
F5860-0184,C18H22ClN3O2
F6560-4756,C21H24N4O
F6436-1887,C15H18N4O2S2
F2599-0109,C16H25N5O2S
F6478-0922,C19H19N3O2S
F6419-0039,C16H15Cl2NO2S
F6448-0236,C18H20N4O4
F6245-1890,C15H14F4N4O2
F6805-3160,C16H14BrFN4
F6564-5171,C21H23N5O
F6374-3635,C18H25N3OS2
F6481-0810,C17H20ClN3O2S
F6791-7980,C19H22N6O2
F6523-0301,C15H15F3N6O2
F3237-0228,C14H15BrN2O3S
F5788-2146,C20H19F2N3O2
F5600-0432,C15H15ClF3N5O
F6445-3179,C21H22N6O
F2199-0444,C21H20N4O3
F6797-3197,C16H15FN4O2S2
F5850-0171,C21H21N3O2S
F6562-1276,C15H16BrN3O2S
F6403-3121,C20H22N4O2S
F3166-0104,C16H17FN2O4S2
F6507-2049,C17H27N3O5S
F1358-0701,C22H17N3O2S
F5042-0500,C21H20N6O2
F3382-7244,C19H19ClN2O3S
F0556-0216,C23H21NO5
F6562-8854,C17H13Cl2N3O2S
F5095-0633,C21H19FN4O3
F5092-0020,C17H14Cl2N2OS2
F6670-5581,C20H23N5O2S
F6529-1366,C13H20F3N5O4S
F6240-1072,C19H20FN5O2S
F6525-2379,C22H21N5O3
F0161-0323,C17H12BrFN2O2S
F6670-4606,C21H20N4O3S
F5599-0828,C20H22N6O4
F6378-0341,C20H19N3O3S2
F2294-0065,C22H29N3O3S
F6178-2096,C20H23FN4O3S
F6188-0793,C20H23NO5S2
F3395-0206,C25H33N3O3
F6412-2453,C19H16F3NO5S
F6353-3315,C16H19BrN2O3S2
F6523-0611,C24H28N6O2
F3328-0135,C20H15F3N2O4S
F6477-0594,C18H18FN3O3S3
F3406-9610,C20H16ClFN6O3
F2506-1430,C23H19N5O3S
F6523-0601,C18H20F4N4O3S
F2662-0084,C23H24N2O4S2
F2756-1888,C23H24N4O3S2
F3398-2723,C24H22F2N6OS
