# All user editable compound information in the PCDL Manager compounds tab can be imported
# A minimum of formula or mass plus one identifier must be populated for compound import (recommended is formula and at least one other identifier, see examples)
# Multiple synonyms can be entered into the Synonyms column when separated by ';' (e.g. L-Isoleucine; 2-Amino-3-methylvaleric acid)
# All compounds will be assumed to be of a neutral ion type, unless a 1 is entered in the Cation or Anion column
Name,Formula
F0777-1464,C15H12N2S
F5937-0160,C16H20N2O
F6015-0156,C15H17FN2O
F6201-0462,C13H16N2O2S
F2769-0421,C12H16N2O3S
F6201-0081,C17H21NO2
F6672-1561,C16H22N2O2
F6471-1817,C16H20FNO2
F5857-1536,C13H15NO2S2
F1773-0413,C12H13FN2O3S
F6738-2360,C15H18N4O2
F6125-2002,C15H20N4O2
F8890-1029,C15H11ClFNO2
F6502-9153,C15H17F2N3O
F6515-0549,C15H12N4OS
F3374-0711,C16H14N2O2S
F2726-0714,C16H13FN2OS
F6108-0214,C13H19ClN2O2S
F6733-2282,C15H17FN4O2
F6514-2734,C13H13F4NO3
F3018-0172,C19H19NO3
F6702-2088,C15H17N7O
F6487-0606,C17H19N3O3
F6502-2478,C17H21N3OS
F6562-4434,C15H19N5OS
F6774-4134,C14H17N5O2S
F6445-6218,C18H15N3OS
F6471-3860,C14H14ClN3O2S
F6803-0101,C18H20N4O2
F6089-6059,C18H15FN2O3
F6490-0302,C18H21N3O3
F6231-0972,C15H15N5O2S
F6524-1684,C17H22N4O3
F6782-7524,C18H21ClN2O2
F2880-3428,C12H15ClN2O3S2
F6390-3083,C16H21N3O3S
F6806-8392,C21H24N2O2
F6724-4855,C17H14N4O2S
F6472-7057,C17H17N5OS
F0643-0106,C19H20N2O4
F6473-6548,C19H23N3O3
F6416-8123,C15H15Cl2NO4
F6296-1279,C17H14ClFN4O
F6549-2677,C18H20ClN3O2
F6677-0816,C18H23ClN4O
F6445-0535,C16H10ClFN2O2S
F6525-6766,C19H15N3O4
F6676-1016,C21H22N2O3
F5828-0285,C17H16N6OS
F6795-1734,C18H23N7O
F1018-1601,C20H21NO3S
F1897-0114,C18H13F2N3OS
F1757-0108,C22H22N4O
F6360-9448,C22H20N2O3
F2751-0112,C18H22N2O4S
F0738-0062,C19H15F3O4
F6796-9055,C20H20FN5O
F6412-2092,C20H17NO6
F6785-6743,C19H24N6O2
F6363-0764,C18H19ClN6O
F6481-1190,C19H17FN2OS2
F6673-4781,C19H24ClN5O
F0676-0062,C20H17N5OS
F3412-0017,C15H16BrN5O2
F5017-0950,C19H26N2O2S2
F6560-4951,C19H33N5O3
F6675-6884,C18H18F3N3O3
F3368-0196,C16H18BrNO3S
F6523-3683,C23H20N4O2
F6435-9136,C16H22N2O5S2
F2392-1545,C20H25N3O3S
F6261-4104,C19H17ClFN3OS
F3398-5766,C19H23ClN4O3
F6656-3467,C24H29N3O2
F5833-5435,C19H18F3N3O3
F6679-2637,C16H15BrClN3O2
F6478-4521,C17H24N4O5S
F6748-0564,C18H19BrN6
F6529-2950,C22H29N3O4
F2543-0838,C19H19ClN4O2S
F6529-3718,C16H19F3N4O5
F6357-0497,C24H26N2O2S
F6156-0377,C19H17Cl2NO5
F5526-0438,C20H20F3NO5
F6510-3455,C16H16ClFN4O4S
F6439-0912,C24H24N4O3
F6791-8066,C19H22ClN5O2S
F3407-4988,C17H19BrN4O4
F3395-0487,C21H27F3N4S
F2075-0750,C22H29N5O4
F2009-0084,C24H26N6O2
F3398-5810,C24H27N5O3
F3268-0057,C22H16BrNO4
F5126-0371,C21H17FN4O4S
F6458-0231,C18H18BrN7O2
F6436-1437,C21H16F2N2O5S
F6481-3110,C20H21F2N5O3S
F5281-1563,C25H25N5O2S
F6548-3964,C26H21FN4O2S
F0874-0095,C21H23BrF2N2O4
