# All user editable compound information in the PCDL Manager compounds tab can be imported
# A minimum of formula or mass plus one identifier must be populated for compound import (recommended is formula and at least one other identifier, see examples)
# Multiple synonyms can be entered into the Synonyms column when separated by ';' (e.g. L-Isoleucine; 2-Amino-3-methylvaleric acid)
# All compounds will be assumed to be of a neutral ion type, unless a 1 is entered in the Cation or Anion column
Name,Formula
F2189-0325,C12H18N2O2S
F6513-2362,C14H18N4O
F6610-2265,C12H14N4OS
F6804-7482,C12H15BrN2
F3250-0639,C11H8Cl2N2O2
F5831-9868,C12H19NO2S2
F6512-9029,C14H16N2O2S
F6495-9575,C16H13N3O2
F1386-0290,C17H18N2S
F6395-1956,C12H19N3O3S
F6550-2958,C17H21NOS
F5668-4884,C15H19N3O3
F6512-0564,C16H12N4O2
F3278-0079,C16H23FN2O2
F6672-0533,C12H16BrN3O
F1142-4854,C15H13N3O2S
F6733-1048,C13H11F4N3O
F5126-0486,C15H14FN3OS
F6512-1461,C14H19N5O3
F6416-9163,C15H17ClN2O3
F6563-0444,C15H22N2O3S
F2616-0662,C18H20N2O3
F6564-3164,C16H18N4O3
F6438-2303,C16H17FN4O2
F6549-1040,C15H18N4O2S
F2795-0522,C16H14F2N2O3
F6809-1038,C16H16Cl2N2O
F6680-3495,C19H21N3O2
F6512-0762,C18H19N3OS
F6724-2378,C12H14BrN3OS
F6436-1265,C18H17FN2O3
F6619-4016,C16H23N7O
F6240-4804,C17H21N3O2S
F6517-0062,C17H13F2NO4
F6530-0496,C17H22N2O5
F1995-0179,C15H16N2O5S
F3411-1153,C19H16FN3O2
F6782-5061,C19H19FN4O
F6464-0002,C20H25N3O2
F6476-0370,C17H15N3O3S
F6571-6010,C19H19FN2OS
F6515-1817,C21H17N3O2
F2370-0927,C19H24N2O4
F6400-0189,C13H19BrN2O2S
F6403-0924,C20H17N3OS
F1916-8973,C16H20F4N2O2
F6037-0543,C21H23N3O2
F6574-0334,C18H17N5O3
F6560-3144,C14H10F3N5OS
F6564-5412,C19H22N4OS
F6522-1012,C19H20N2OS2
F6713-4744,C19H27N5S
F5313-0669,C19H17N7O
F5470-0221,C20H21ClFNO2
F6279-0237,C18H18FNO4S
F6619-7599,C19H24N8
F6713-5062,C18H18N6OS
F3145-2510,C14H13BrN2O3S
F6178-3517,C20H23N3O2S
F6443-5038,C20H18ClNO4
F3368-0248,C24H24N2O2
F6445-3021,C19H20ClFN4O
F0694-0063,C20H16N4O2S
F5234-0187,C16H23N7O2S
F6515-4456,C20H17N3OS2
F6512-1639,C21H24N4OS
F6525-6018,C19H18N4OS2
F1115-0107,C21H25N3O2S
F6471-9281,C18H19N5O3S
F3200-0092,C20H29F3N2O2
F2976-0723,C23H20N2O2S
F3406-8207,C22H23N5O2
F6515-1387,C21H17N3O3S
F6597-2603,C18H19F3N6O
F6510-1185,C17H19ClN4O3S
F6512-5540,C17H25N5O4S
F6680-2745,C18H18F3N3O2S
F6413-2637,C19H14BrNO2S
F6442-6837,C23H29FN2O3
F6677-3504,C19H22BrN3O2
F8890-2817,C22H19N3O5
F6564-2542,C22H25N5O3
F5460-0524,C20H15FN4O3S
F1923-0757,C21H24N4O3S
F6506-1811,C22H22ClNO3S
F3411-6636,C24H27N5O2
F6473-1119,C25H25FN2OS
F2881-1306,C21H18FN5O2S
F5228-0756,C22H20ClFN4O2
F5854-1859,C21H23N3O3S2
F6658-2425,C19H21ClN6O2S
F3407-5154,C22H21N5OS2
F6559-0947,C21H19FN6O2S
F5491-0078,C22H23N3O5S
F5912-0241,C25H24N4O2S
F0554-0094,C25H25N3O3S
F6245-5069,C23H27N5O3S
F2652-1544,C24H23N3O3S2
F3222-5303,C25H27N5O3S
