# All user editable compound information in the PCDL Manager compounds tab can be imported
# A minimum of formula or mass plus one identifier must be populated for compound import (recommended is formula and at least one other identifier, see examples)
# Multiple synonyms can be entered into the Synonyms column when separated by ';' (e.g. L-Isoleucine; 2-Amino-3-methylvaleric acid)
# All compounds will be assumed to be of a neutral ion type, unless a 1 is entered in the Cation or Anion column
Name,Formula
F2203-0106,C13H10N4O2
F6666-4085,C15H15FN2O
F6471-3513,C11H10N4O2S
F6561-4804,C15H23NOS
F6452-0014,C14H20FNO3
F3371-0865,C9H8ClN3O3S
F1874-0603,C12H9ClN4S
F6475-2766,C12H13N3O3S
F6614-2843,C13H13F3N4
F2146-0325,C15H15N3OS
F6475-2631,C15H17N3O3
F2135-1725,C15H19N3OS
F1385-0103,C17H12N2OS
F6808-5953,C17H18N4O
F1583-0055,C15H24N2O4
F6363-0371,C11H10ClN3O3S
F6415-0234,C12H15NO4S2
F1512-0083,C12H17NO4S2
F6725-2682,C17H15N5O
F5831-2570,C14H16N2O2S2
F6680-3356,C15H14N6O2
F6526-0386,C13H20N4O3S
F5481-2416,C16H18N4OS
F6752-7908,C13H15F3N4O2
F6482-2352,C16H18N2O3S
F6549-1287,C14H16N4OS2
F6820-4937,C19H23N5
F6617-2773,C19H18FN3O
F6725-1710,C15H15N7S
F6515-2729,C18H22N4O2
F6752-3453,C15H21ClN2O2S
F5822-0657,C18H23N3O3
F6482-6521,C20H17N3O2
F6747-6038,C15H13Cl2N5
F6764-3264,C19H18N4O2
F6743-9945,C13H18Cl2N2O2S
F6559-1404,C15H16F5NO2
F5310-0148,C20H22N2OS
F0006-0381,C20H22FN3O
F6660-1188,C16H11F4NO3
F6723-0194,C15H17F3N4S
F6802-6333,C16H23Cl2N3O
F6495-2826,C16H20N6O3
F6474-8573,C19H27N3O3
F6414-2118,C18H21NO2S2
F5095-0212,C17H21ClN4O2
F6753-1975,C18H21F2N3O2
F6560-7714,C19H17N3O4
F5823-0773,C21H28N4O
F0582-0152,C20H22N2O2S
F3350-0581,C18H16N2O4S
F6658-5681,C18H23N5O3
F5832-4217,C15H25N3O3S2
F6508-1245,C17H19N3O4S
F6199-0054,C15H18BrN5O
F6678-8608,C21H24N4O2
F6571-0606,C19H18N4O2S
F6479-4412,C21H25N3O3
F6803-0167,C19H20ClN5O
F6520-1134,C19H17NO3S2
F6475-5407,C18H23F3N2O3
F5875-0185,C22H18N2O4
F6359-3641,C16H17BrN4O2
F6561-6415,C17H23N5O3S
F6064-1729,C17H12F3N3O2S
F6564-3757,C17H24N4O4S
F3406-8940,C17H13F3N2O3S
F6445-3487,C20H22ClN5O
F6573-8391,C18H16FN5O2S
F6502-6097,C22H22N6O
F6454-2862,C17H25ClN2O2S2
F6523-0096,C16H22F3N5O3
F5505-0123,C18H15F2N3O3S
F6495-2112,C20H20N6OS
F6475-3222,C17H16BrFN2O3
F6360-8000,C19H20F3N3O3
F6573-2036,C16H14F3N5O2S
F5624-0307,C21H26N4O4
F6571-3189,C22H28N2O3S
F2691-0218,C17H15BrFN5O
F2410-0585,C22H16FN3O4
F6495-5323,C20H21N7O3
F2667-0116,C18H16Cl2N2O3S
F6764-4113,C21H21ClN4O3
F2881-0327,C19H15BrFN3O2
F5596-0805,C21H27N3O4S
F5042-0491,C21H20N6O2S
F1673-5183,C20H22ClNO5S
F8890-3961,C19H15FN6O3S
F5245-0399,C20H16FN3O3S2
F6476-1629,C19H17BrN2O3S
F6390-3572,C18H20F3NO4S2
F6257-3456,C20H19BrN6O
F2898-5747,C19H18F3N3O4S
F2515-4214,C24H20N4O3S
F2635-1605,C24H21N3O4S
F0561-0815,C19H14Cl2FN3O3S
F1882-0381,C24H24N4O4S
F2629-0158,C20H20BrN3O4S
F1895-0167,C23H22F3N5O2S
