# All user editable compound information in the PCDL Manager compounds tab can be imported
# A minimum of formula or mass plus one identifier must be populated for compound import (recommended is formula and at least one other identifier, see examples)
# Multiple synonyms can be entered into the Synonyms column when separated by ';' (e.g. L-Isoleucine; 2-Amino-3-methylvaleric acid)
# All compounds will be assumed to be of a neutral ion type, unless a 1 is entered in the Cation or Anion column
Name,Formula
F6541-1458,C15H15N3O
F2491-0017,C15H19N3O
F6525-1268,C12H15N5O2
F6507-9024,C10H19NO3S2
F6554-9133,C11H15N3O3S
F6482-3395,C14H16N4O2
F6445-7141,C14H17N3O3
F6752-4176,C13H18N4O3
F6708-8343,C19H23NO
F6244-1365,C18H24N2O
F5283-0006,C14H13N3O4
F5857-9107,C15H15NO5
F5791-1284,C18H17N3O
F6517-2018,C14H18N2O3S
F6743-9715,C13H20N4O2S
F6725-2741,C16H18N4O2
F2147-3232,C17H20N2O3
F5857-6724,C17H22N2O3
F1016-0429,C14H15N3O3S
F6482-2356,C15H21N3O4
F2106-0074,C18H14O5
F6809-1165,C18H17ClN2O
F6756-2521,C15H14N4O2S
F1721-0084,C16H13ClN2O3
F1043-0579,C15H11ClN2O2S
F6559-7677,C19H21N5
F5860-1671,C19H19N3O2
F6696-0123,C16H16F3N3O
F6482-6875,C17H15N3O2S
F6573-4771,C19H22N2OS
F6113-0137,C16H13FN4OS
F6390-3034,C19H23NO2S
F6249-0269,C16H17N3O3S
F6442-5816,C18H24N2O4
F6559-6860,C15H13F3N6
F6658-6162,C19H21N5O
F6360-9156,C18H15N3O2S
F6516-0919,C19H18N2O4
F6469-2575,C15H17N9O
F6454-2126,C19H24N4O2
F5773-1926,C16H14N4O3S
F6571-2774,C16H22ClNO3S
F6479-6128,C17H20N4O2S
F6523-1731,C17H23N5OS
F6573-6310,C16H17Cl2F2NO
F5795-0349,C17H20N2O4S
F5938-0260,C20H19N3O3
F6448-0991,C15H17N3O5S
F6748-3368,C18H20N6O2
F6756-2688,C18H18N4O2S
F1903-9737,C20H25N3O3
F5882-1034,C20H23NO3S
F3328-0016,C17H17N3O4S
F5004-0134,C16H15N3O3S2
F6178-7057,C20H30N2O4
F6491-0957,C20H20N4O3
F6481-1004,C17H19ClN2OS2
F3222-5215,C20H21N3O4
F6725-0034,C19H19N3O3S
F6670-6694,C19H23FN6O
F6568-0124,C19H21ClN4O2
F3321-0069,C20H14N4O2S
F5882-6958,C18H22FN5O3
F6523-4002,C20H16FN5O2
F5614-0133,C22H26N4O2
F6374-3500,C18H24N2O3S2
F6448-1051,C20H23N5O3
F6286-0154,C18H20F3N3OS
F6436-1453,C18H16BrN3O2
F6727-8256,C21H18N6O2
F6679-2788,C16H17BrN6O
F6496-2166,C19H23N3O4S
F6513-1902,C22H26N6O
F6482-7020,C21H17FN4OS
F6523-4439,C21H23N5O3
F6523-0144,C14H20F3N5O3S
F5669-0174,C21H28N6O2
F5792-0436,C19H22N6O2S
F5012-0117,C17H24N2O7S
F6112-0284,C22H27ClN2O3
F6520-1732,C18H16BrNO3S
F6571-0497,C20H20F3N3OS
F6497-1068,C23H24ClN3O2
F6359-4039,C19H17BrN4O2
F6411-1177,C21H26N4O3S
F6411-4986,C19H20FN5O3S
F6520-0450,C19H17ClN2O3S2
F2147-1819,C24H26N2O5
F5833-7309,C23H24FN3O4
F6512-5850,C20H24N6O3S
F6481-2553,C23H29NO3S2
F1899-0691,C24H26N4O2S
F6512-7156,C19H27N5O5S
F5598-0081,C23H25FN4O4
F6089-8342,C27H29N3O3
F2505-0038,C27H30N2O2S
F0676-0291,C22H18FN5O3S
F3406-3054,C26H30N4O2S
F6557-1575,C23H26FN3O5S
F2814-1894,C24H29N3O4S2
