# All user editable compound information in the PCDL Manager compounds tab can be imported
# A minimum of formula or mass plus one identifier must be populated for compound import (recommended is formula and at least one other identifier, see examples)
# Multiple synonyms can be entered into the Synonyms column when separated by ';' (e.g. L-Isoleucine; 2-Amino-3-methylvaleric acid)
# All compounds will be assumed to be of a neutral ion type, unless a 1 is entered in the Cation or Anion column
Name,Formula
F1216-0277,C15H14N2O2
F6420-0949,C12H22N2O2S
F6549-3151,C12H14N4OS
F2157-1452,C10H11BrN4
F6672-2291,C17H23N3
F6660-3874,C10H15N3O4S
F5854-2019,C14H16N2O2S
F6436-3654,C14H17NO3S
F6752-2003,C12H18N4O2S
F6525-0506,C15H15N3O3
F6808-9124,C12H21N3O3S
F5490-1332,C15H19N3O3
F6204-2705,C14H16N2O3S
F6448-1431,C14H22N4O3
F6724-2650,C11H12BrN3O2
F6556-0740,C13H17NO3S2
F6521-3626,C16H15NO3S
F6471-5482,C13H13N5O2S
F6539-3118,C20H19NO2
F6438-1862,C14H14ClFN4O
F6554-4519,C15H19FN2O4
F6747-5831,C17H20N4S
F6559-7754,C14H17F3N4O
F6604-0828,C12H15F3N6O
F6574-1957,C15H18N4O2S
F2080-0047,C14H16N4O3S
F6518-2558,C15H15ClN2O2S
F6438-3416,C14H21N5O4
F6577-1129,C13H19N5O3S
F6714-4631,C17H30N2O4
F6573-2838,C14H15F3N4O2
F6549-7515,C17H23N5O2
F5772-8755,C17H21N3O2S
F6064-4986,C16H13F2N3OS
F5033-0803,C18H20F2N2O2
F6609-8828,C16H11F3N2O3
F2879-0588,C16H20ClN3O3
F6680-3392,C17H18N6O2
F6604-1913,C16H21N9
F6064-8354,C17H15N3O3S
F6439-5646,C17H18N4O2S
F6752-2884,C13H21N5O4S
F5095-0888,C18H24N4OS
F2537-0034,C16H14N2OS3
F6416-9130,C19H19ClFNO2
F6523-1528,C17H21FN4OS
F5260-0160,C21H23N3O2
F6573-1801,C18H17N5O3
F5791-0667,C15H10F3N3O2S
F5614-0433,C19H22N4OS
F1787-0407,C19H17FN2O2S
F3368-0133,C21H27NO4
F6656-3775,C19H19F2N3O2
F3411-1867,C19H15N5O3
F6609-1775,C18H18ClNO5
F6752-6252,C19H26F2N4O
F6816-3761,C16H14F4N6
F2660-0005,C22H29N3O2
F6240-6628,C23H19N3O2
F6225-1071,C19H18ClN3OS
F6475-4867,C19H24N4O4
F5099-0422,C19H22N2O4S
F6435-2617,C18H20N2O3S2
F6427-0206,C19H19N7O2
F1374-0100,C20H14ClN3O3
F6512-7107,C16H24N6O3S
F5775-0137,C21H16ClFN2O2
F6560-7759,C24H21N3O2
F3040-4679,C16H18F3N5OS
F2475-1063,C19H26N6O3
F6252-4122,C18H20N4O4S
F6178-7616,C17H31N3O3S2
F6415-1081,C19H21NO4S2
F6713-6268,C19H20N8S
F5832-8531,C21H15FN2O3S
F6438-3282,C18H20F3N5O2
F6524-5938,C19H16FN5O2S
F6559-1192,C22H30N4O3
F6245-5138,C21H28N4O4
F3382-4539,C19H18ClN3O3S
F6245-3138,C18H23N5O2S2
F6670-6574,C21H22FN7O
F6041-0139,C19H14F4N2O2S
F6089-4430,C24H20N4O3
F6734-1341,C20H22BrN3O2
F6089-9495,C25H27N3O3
F5855-0828,C23H24N4O2S
F5531-0320,C22H18FN3O3S
F6619-7830,C20H23BrN6
F6529-7014,C18H24ClN3O5S
F3407-2463,C20H21ClN4O3S
F6294-0647,C20H22FN3O3S2
F6277-0367,C20H18F4N4OS
F6481-0802,C23H24ClN3O2S
F1016-0689,C23H28N2O3S2
F3222-5423,C24H22FN5OS
F3406-4208,C23H24ClN5OS
F0737-0116,C23H19N3O4S2
F3398-5621,C25H24FN5O2S
