# All user editable compound information in the PCDL Manager compounds tab can be imported
# A minimum of formula or mass plus one identifier must be populated for compound import (recommended is formula and at least one other identifier, see examples)
# Multiple synonyms can be entered into the Synonyms column when separated by ';' (e.g. L-Isoleucine; 2-Amino-3-methylvaleric acid)
# All compounds will be assumed to be of a neutral ion type, unless a 1 is entered in the Cation or Anion column
Name,Formula
F1443-5413,C17H17NO
F6808-9951,C11H11F3N4
F1967-1114,C13H12N2O4
F6752-3680,C14H21N3O2
F6438-6856,C13H18FN3O2
F6573-4965,C15H14FN3O
F6514-7787,C13H14N4O3
F6452-0015,C15H16FNO3
F6807-4767,C15H18F2N2O
F6200-1538,C18H21NO2
F1105-0063,C16H18N2O3
F6490-0577,C14H16N4O3
F6514-7227,C13H18N6O2
F6448-0725,C14H13F2N3O2
F6808-6003,C18H21N3O
F5526-0322,C19H23NO2
F6752-3549,C16H21N5O
F6561-3574,C19H27NO2
F6559-2016,C14H16N4O2S
F3250-0479,C19H22N4
F6512-1191,C15H14F3N3O
F6805-3182,C16H17N5S
F5017-1895,C13H19N3O4S
F6724-4135,C15H17N5OS
F0779-0338,C19H15N3O2
F6451-0604,C16H17NO4S
F1113-0111,C15H15NO3S2
F6549-4896,C19H22N4O
F5791-1998,C16H16N6O2
F6435-9084,C14H18N2O3S2
F6312-0175,C18H18FN3O2
F1374-0103,C16H12ClN3O3
F6559-1184,C20H18N4O
F2394-0839,C17H17FN2O2S
F6724-2742,C18H19N7
F6521-4185,C17H21NO2S2
F6564-7918,C19H20N4O2
F6745-0545,C13H15BrN4S
F1308-0035,C18H17N3O2S
F0375-0275,C19H20N2O2S
F6619-7266,C16H19N7S
F6390-2803,C20H26N2O3
F6725-2688,C14H13BrN6
F5686-0112,C17H19N3O3S
F2752-0252,C20H18N4O2
F6604-7619,C20H21N5O
F5079-0198,C19H15N3O2S
F6573-1116,C17H17F3N4O
F6558-0420,C16H21BrN2O2
F6564-5786,C15H23N5O3S
F3183-0042,C18H17N3O3S
F3375-2569,C14H8BrN5S
F6799-8663,C18H22N4O2S
F6439-3968,C18H15F3N4O
F6680-2779,C17H13F3N4O2
F6608-3802,C18H29N5OS
F2487-0167,C17H23N3O4S
F3386-4028,C17H18ClNO4S
F6438-2480,C16H19F3N6O
F6441-3734,C16H22N2O4S2
F6756-0422,C20H29N5O2
F6286-0132,C20H18F3N3O
F6064-8630,C17H17N3O5S
F6606-1768,C22H24N4O2
F2783-0265,C19H17F3N2O3
F6570-2387,C22H22FN3O2
F0317-0273,C21H14F3N3O
F6445-2959,C21H26N4OS
F6485-0495,C19H20N4O3S
F2393-0413,C16H19ClN2O3S2
F5832-5479,C17H26ClN3O3S
F6549-5174,C13H16BrN3O2S2
F6523-0883,C19H23ClN4OS
F6436-1742,C22H24F3NO2
F6441-3827,C19H23NO4S2
F6683-1712,C22H23FN4O2
F6562-9385,C23H16N4O3
F5033-5430,C23H31N3OS
F6438-2150,C18H21N7O4
F5871-1082,C22H31N3O2S
F6178-4987,C18H21BrN4O2
F6556-2320,C20H26N2O3S2
F6709-0286,C22H24N4O4
F5857-2525,C19H16F3NO4S
F1218-1335,C25H23N3O3
F2471-0513,C22H19F3N2O3
F6481-1847,C19H18BrNO3S
F6523-3004,C22H23N5O4
F1166-0136,C23H24N2O4S
F6514-2656,C22H25N3O4S
F6726-4467,C20H23FN6O2S
F6497-0377,C20H24FN5O3S
F6523-0892,C21H26F2N4O2S
F6089-6770,C24H26FN3O4
F6658-2438,C21H26N6O3S
F6513-2005,C25H27N5OS
F3227-0839,C27H32N2O4
F1882-0682,C25H22N4O3S
F2382-0406,C27H26N4O4
F5033-7568,C25H27ClN4O4
