# All user editable compound information in the PCDL Manager compounds tab can be imported
# A minimum of formula or mass plus one identifier must be populated for compound import (recommended is formula and at least one other identifier, see examples)
# Multiple synonyms can be entered into the Synonyms column when separated by ';' (e.g. L-Isoleucine; 2-Amino-3-methylvaleric acid)
# All compounds will be assumed to be of a neutral ion type, unless a 1 is entered in the Cation or Anion column
Name,Formula
F1907-0012,C10H15F2NO4
F3116-0064,C14H9ClN2O
F0722-1800,C13H9BrO
F5964-0110,C14H17NO4
F6473-2272,C14H13N5O
F6755-4408,C14H13N3OS
F6439-7316,C13H14N4OS
F2382-0074,C13H15N3O2S
F2147-0584,C17H16N2O2
F6482-6095,C16H17N3O2
F6512-1317,C11H18N4O3S
F6496-1317,C14H16N4OS
F6678-8727,C16H14N6
F6809-1211,C13H15ClF3NO
F6696-0160,C16H17N5O
F6483-0243,C17H19N3O2
F5964-0182,C18H21NO3
F6561-2950,C18H23NO3
F0612-0366,C15H16N2OS2
F6681-3640,C18H18N4O
F1855-0059,C18H15NO2S
F6230-0166,C17H17N3OS
F6190-1132,C15H14F3NO3
F6522-1263,C16H17N3O2S
F6480-1391,C16H16ClN3O2
F6471-2650,C16H18BrNO
F1142-3226,C20H24N4
F6712-3645,C16H20F2N4O
F6793-6859,C15H15F3N4O
F6560-4811,C12H15BrN4O2
F6435-7256,C14H21N3O4S
F6416-6595,C12H12BrNO3S
F6249-0370,C16H18N4O4
F2493-0425,C17H11F3N2O2
F6089-9743,C17H23N3O2S
F6752-3595,C16H18ClN3OS
F6760-4797,C20H20N2O3
F6178-7393,C17H27N3O2S
F6677-2956,C15H18ClN3O2S
F6476-3146,C15H15F3N4O2
F6751-6181,C19H17F2N3O
F6549-2353,C18H22N4O3
F6808-5310,C18H25N5O2
F6539-3205,C19H14F3NO2
F5671-0088,C18H19FN2O4
F8890-2252,C21H21N3O2
F6481-4242,C17H19NOS3
F6438-0306,C16H19FN4O2S
F2392-0091,C15H17BrN2OS
F6448-2261,C19H19N3O4
F6539-3416,C19H17NO4S
F6521-8484,C20H24N2O4
F6387-0305,C19H22N2O3S
F6515-0188,C20H16N4OS
F6515-1516,C17H15FN2O4S
F5016-1804,C18H25N3O5
F5615-0046,C19H19N5OS
F2536-0199,C15H14BrNO3S
F0619-0033,C22H21FO4
F6443-5748,C20H16ClFN2O2
F6454-0919,C18H24F3N3O2
F6445-6746,C22H19N3OS
F2774-1223,C17H18BrN3O2
F2235-0030,C18H24N4O5
F6436-2688,C18H22N2O3S2
F6812-1559,C19H21N7S
F6681-9105,C17H20ClN3O3S
F6484-1835,C20H22N4O4
F6454-0826,C15H20F4N2O3S
F6656-3076,C20H27N5O3
F6573-6832,C19H21N3O4S
F6497-7746,C20H25FN4O3
F6482-7060,C21H18N4O2S
F6230-0262,C21H21N5O3
F2774-5595,C19H15N5O3S
F6252-3962,C21H22N4O4
F5834-4832,C21H20N2O2S2
F6414-0213,C23H27NO5
F6363-0538,C20H22ClN5O2
F1767-0302,C24H23N3O3
F6199-0503,C13H17BrN4O2S2
F2493-0826,C20H17F3N2O4
F3411-3207,C22H24N4O2S
F6415-1105,C16H14BrNO3S2
F5882-5320,C21H23N3O4S
F2223-0081,C19H20N4O3S2
F5111-0073,C24H26N4O3
F5864-0153,C25H19N5O2
F6279-0078,C22H18F2N4OS
F6245-3033,C22H25N3O2S2
F6512-6082,C18H21F3N4O3S
F5773-3488,C19H23N5O3S2
F1018-1713,C21H28N2O4S2
F6727-3668,C19H21N9O2S
F2471-1920,C23H23FN2O6
F5558-0073,C23H23N7OS
F2051-0567,C26H28N2O3S
F6548-0723,C25H20FN5O3
F3382-5709,C28H27N3O4
F1876-0338,C20H15BrN6O4
