# All user editable compound information in the PCDL Manager compounds tab can be imported
# A minimum of formula or mass plus one identifier must be populated for compound import (recommended is formula and at least one other identifier, see examples)
# Multiple synonyms can be entered into the Synonyms column when separated by ';' (e.g. L-Isoleucine; 2-Amino-3-methylvaleric acid)
# All compounds will be assumed to be of a neutral ion type, unless a 1 is entered in the Cation or Anion column
Name,Formula
F1916-5439,C12H20N4O
F5490-1254,C15H18N4
F6547-1150,C9H11BrFN3
F6356-0469,C14H15FN2O2
F0372-0552,C11H14N4O2S
F6822-7004,C11H9F3N4O
F5319-0119,C14H15N3O3
F6471-5823,C13H16N4OS
F5957-0068,C14H15F2N3O
F6808-6021,C16H18N4O
F6178-3984,C16H19N3O2
F6733-1802,C16H18FN3O
F6678-8313,C19H19N3
F6451-3514,C14H16N2O5
F6496-0796,C13H11Cl2N3O
F6481-0511,C14H19NO2S2
F6240-7221,C14H13N5OS
F6809-6028,C16H16ClN3O
F6799-8770,C12H21N3O2S2
F6550-0203,C21H23NO
F3371-0760,C18H16N2O3
F6809-6874,C19H19FN2O
F6240-4983,C17H20N4O2
F6549-7511,C15H18N6O2
F5624-0201,C16H20N4O3
F6526-0281,C16H16F2N4O
F6451-1426,C16H17FN2O4
F5126-0083,C17H14N4OS
F6673-4873,C18H21N5O
F6487-0219,C19H19NO4
F3394-0721,C16H13N3O3S
F6525-7761,C17H17FN4O2
F1899-0112,C17H12ClFN2S
F6089-0535,C15H20F3N3O2
F0698-0005,C16H19N3OS2
F5834-5552,C18H23FN2O3
F6436-3878,C19H16N2O2S
F6677-0400,C14H14F3N7
F5788-4888,C19H22N4O2
F2684-0115,C15H14Cl2N2OS
F5599-0931,C16H15N5O2S
F6560-4281,C15H17F3N4O2
F6359-3350,C18H21N3O2S
F6474-0343,C18H24N4O3
F6221-0354,C15H12ClFN6O
F5791-1891,C19H14FN5O
F5912-0182,C20H20N4O2
F6791-6717,C19H23N7
F5857-4269,C19H20F3NO2
F6445-1467,C16H17ClFN3OS
F2877-0012,C19H22N4O3
F0649-0213,C19H17FN2O4
F6435-9276,C13H15BrN2O3S
F6658-6209,C19H22FN3O3
F6249-0347,C21H19N3O3
F2202-2359,C17H21N3O2S2
F6516-0694,C17H13Cl2NO4
F5940-0532,C21H22N2O2S
F6360-9464,C16H14F2N2O4S
F6178-8040,C19H20FN5O2
F6523-3913,C19H15F2N3O3
F6805-5322,C19H28N6O2
F6514-8660,C18H22N4O3S
F6482-1803,C18H20N2O5S
F6436-2172,C24H24FNO2
F0598-0449,C20H17N3O3S
F6559-3866,C19H28N2O4S
F3225-0781,C19H18N4O3S
F2024-0708,C21H25N3O4
F6188-0607,C21H23NO4S
F3234-0967,C16H14BrN5O2
F6783-4900,C16H20N8O2S
F5228-2472,C24H27N3O2
F6276-1647,C20H17N5O2S
F6190-2371,C23H24N2O4
F6556-7610,C22H19ClN2O3
F6573-9649,C24H21N5O
F6438-3450,C16H20FN5O4S
F6274-0421,C19H14FN3O4S
F6502-7864,C16H14F3N3O2S2
F6497-2027,C20H19F2N3O2S
F6796-3520,C18H18F3N7O
F0725-0462,C20H13BrN2OS
F1821-0604,C19H20F2N2O4S
F6250-0193,C23H28N2O3S
F6604-9342,C20H16F3N5O2
F5939-2352,C20H16F2N2O4S
F5087-0339,C20H28N4O4S
F5383-0161,C20H20F3N3O4
F3222-1599,C22H23ClN4O3
F5016-1902,C22H24ClN3O4
F5772-3505,C21H22F2N4O2S
F6169-0992,C20H20F3N5O3
F5088-3066,C23H23FN4O2S
F6474-3333,C26H23N3O4
F6523-0155,C22H23F3N6O
F6435-3485,C25H25N3O5
F5382-0546,C23H23FN4O3S
F0580-0082,C20H14ClF3N4O2S
F2258-0798,C22H21F3N4O3S
