# All user editable compound information in the PCDL Manager compounds tab can be imported
# A minimum of formula or mass plus one identifier must be populated for compound import (recommended is formula and at least one other identifier, see examples)
# Multiple synonyms can be entered into the Synonyms column when separated by ';' (e.g. L-Isoleucine; 2-Amino-3-methylvaleric acid)
# All compounds will be assumed to be of a neutral ion type, unless a 1 is entered in the Cation or Anion column
Name,Formula
F6546-1095,C12H16N2O2S
F6542-4466,C15H20N4
F1021-0244,C15H20N2O2
F3055-0924,C15H12N4O
F6512-0549,C14H12N4O2
F6755-5879,C16H21N3O
F6543-1597,C15H22N4O
F5526-0496,C16H23NO3
F6571-3895,C13H15NO4S
F6201-0244,C12H16N2O4S
F6713-5361,C14H18N6O
F6521-6658,C15H20N4O2
F6554-4309,C15H14FNO2S
F6562-7603,C16H23NO2S
F6791-9518,C13H16N2O4S
F5679-0047,C15H14N4OS
F6677-3206,C14H13ClN6
F6677-0429,C15H15FN4S
F6573-6403,C17H18F2N2O
F6506-1857,C15H17NO4S
F6525-4424,C18H19N3O2
F6186-0155,C16H25NO3S
F6353-6022,C14H23N3O3S
F6200-1607,C18H21NO4
F1827-0050,C16H19N3O4
F3411-8149,C20H17NO3
F6222-0556,C14H16ClN5O2
F6724-4672,C13H14ClN5OS
F6752-4702,C15H24N4O2S
F3053-0132,C18H18N2O2S
F6562-4056,C17H21N5O2
F6471-2082,C17H16FN3OS
F6787-8259,C17H22N4O3
F3406-8052,C16H20N4O2S
F5854-0709,C15H14N2O3S2
F6724-1775,C16H21N3O3S
F6606-1434,C20H24N4O
F1105-0088,C18H14N2O5
F6764-4587,C19H15F2N3O
F6726-4337,C17H17FN6O
F6806-7016,C16H27N3O3S
F6507-8112,C12H16F3NO3S2
F6754-6331,C18H17ClN2O3
F6753-1037,C15H18F3N3O3
F6178-6497,C17H22N4O4
F0816-0233,C17H11F3N2OS
F6440-4118,C16H19N3O4S
F6526-1182,C20H22N4O2
F6747-9481,C15H21ClN6S
F1757-0181,C21H27N3O2
F2783-0987,C19H18FN3O3
F6522-1181,C19H19NO2S2
F5855-0495,C20H26N2O4
F3072-0072,C19H24N2O3S
F6523-3025,C20H18N4O3
F6573-8668,C16H17FN4O3S
F6448-1677,C21H23N3O3
F6564-7852,C18H17N5O2S
F6523-1133,C20H28N6O
F3118-0033,C20H22N2O3S
F6192-0398,C19H17ClN2O4
F6519-5394,C18H23N5O4
F6571-0482,C19H19F2N3OS
F6414-3759,C19H17ClFNO2S
F6809-6776,C21H19FN4O2
F6549-1115,C15H17BrN4OS
F2077-0413,C20H20ClN5O
F5857-1298,C15H11F6NO2S
F1625-0083,C20H24N4O2S
F5033-6987,C17H23ClN2O4S
F6609-6578,C22H21N5O2
F6036-2526,C18H19N3O3S2
F6245-6289,C19H18N8O2
F6562-0109,C15H13BrN4O2S
F6222-0392,C21H20ClN5O
F3077-0865,C17H15Cl2N3O2S
F6523-0193,C17H19F3N6O2
F6764-1498,C20H19ClN4OS
F6608-3748,C23H33N3O3
F5505-0100,C18H18N4O5S
F0841-0020,C20H24N2O5S
F6125-2197,C24H26N2O4
F6525-6231,C18H20ClN3O2S2
F3407-0845,C22H22FN3O2S
F2014-0084,C19H18N4O3S2
F5313-0884,C23H24N6O2
F2637-0347,C23H21N3O3S
F6125-0901,C19H20Cl2N4O3
F5754-0570,C21H27F3N4O2
F6529-1037,C14H13Cl2F3N4O2S
F6608-3723,C25H30N6O
F6477-0435,C17H15BrN4OS2
F6497-1265,C19H20ClN3O3S2
F6481-3063,C20H22F2N2O3S2
F6247-0711,C21H13F4N5O2
F5793-0101,C21H22N2O5S2
F6503-9087,C21H19F4N5O2
F3382-2868,C20H17BrN2O4S
F2272-0097,C24H23F3N4O3
F3398-4743,C25H23F3N4O3
