# All user editable compound information in the PCDL Manager compounds tab can be imported
# A minimum of formula or mass plus one identifier must be populated for compound import (recommended is formula and at least one other identifier, see examples)
# Multiple synonyms can be entered into the Synonyms column when separated by ';' (e.g. L-Isoleucine; 2-Amino-3-methylvaleric acid)
# All compounds will be assumed to be of a neutral ion type, unless a 1 is entered in the Cation or Anion column
Name,Formula
F6787-8261,C9H10N4OS2
F1902-0118,C13H14N4S
F6540-0644,C13H19N5O
F6210-0728,C13H16FN3O2
F6743-9091,C12H19N3O2S
F6678-9308,C15H20N4O
F6210-0732,C15H21N3O2
F1766-0008,C16H26N2O2
F6549-6784,C10H14N6O2S
F6610-7193,C15H12FN3S
F6559-1538,C14H19F2NOS
F5981-0166,C13H15N5O3
F6556-6159,C16H22FN3O
F2862-0029,C18H18N2O2
F6186-1071,C15H24N2O2S
F6567-8818,C17H22N4O
F6752-3495,C17H24N4O
F6561-5077,C12H14ClNO2S2
F5761-0341,C15H16FN3O3
F6804-8554,C11H12BrF3N2
F6445-0236,C16H14N4O3
F5959-0256,C14H15F3N4O
F0630-0062,C17H18N2O2S
F6677-2425,C15H16N4O2S
F3243-0538,C17H16ClFN2O
F6245-5888,C11H11F3N4O2S
F6814-3222,C17H21F2N3O
F6240-2231,C17H17N5O2
F6549-3420,C16H15N5OS
F1800-0126,C16H26N2O3S
F6451-2683,C18H17ClN2O2
F6549-2737,C18H23N3OS
F6729-7055,C16H18ClN5O
F6724-4365,C14H12BrN3O2
F6194-0374,C17H19FN2O4
F0774-0026,C13H9BrN2O2S
F6809-1212,C18H18ClF2NO
F6562-9612,C18H18N4O3
F6448-1257,C18H21N5O2
F5283-0005,C14H13Cl2N3O3
F6414-3603,C18H18N2O3S
F2776-0062,C16H17N5O2S
F6550-5128,C17H20N4O4
F6104-0277,C19H24FN3O2
F6471-3808,C16H17N3O4S
F0601-0002,C16H20N4O3S
F6604-8328,C19H19N5O2
F6192-0151,C20H17NO5
F6573-1332,C20H24N4O2
F6525-6986,C18H18N4O4
F0415-0058,C18H16N2S3
F6539-2699,C17H22F3N3O2
F6751-5030,C19H16F3N3O
F0015-0853,C21H16ClN3O
F6508-0617,C18H15ClFNO2S
F6244-2877,C22H24N2O3
F6753-2811,C17H23BrN2O2
F5563-0094,C18H21N7O2
F6233-0193,C18H19N5O2S
F6573-0181,C16H14BrN5O
F6400-0405,C17H28N2O3S2
F6680-2850,C17H13F3N6O
F6556-3448,C20H29N3O4
F6178-6202,C18H23N3O4S
F6390-2984,C17H18BrNO2S
F6524-6200,C18H24N2O5S
F6619-3911,C22H31N5O
F6245-3500,C19H21N5O2S
F3167-0871,C19H16FN3O3S
F6796-9239,C19H23FN6S
F6481-4257,C16H24N2O3S3
F6783-5196,C18H18F3N7
F6469-0200,C19H13N5OS2
F6521-9737,C20H19F3N2O3
F6178-8099,C22H27N5O2
F6372-0157,C22H22ClN3O2
F2246-0062,C17H17ClFN3OS2
F2724-2384,C21H26N4O2S
F6570-2757,C22H20N6O2
F5788-4728,C21H30N4O4
F1065-0280,C22H16ClN3O3
F3398-2849,C22H21N3O5
F2024-0259,C23H27N3O4
F6521-3973,C21H20N2O5S
F1923-1280,C23H30N2O5
F6514-3925,C23H20FN5O2
F2416-0841,C24H21ClN2O3
F3222-0382,C19H15F2NO4S2
F3406-3550,C19H15BrN4OS
F3398-5640,C23H32N4O4
F6411-1528,C21H26FN5O4
F5939-1670,C18H15BrFN3O2S
F3385-4434,C25H31N3O4
F5570-0447,C18H14F3N3O5S
F2300-0766,C22H21ClN2O4S
F6469-0268,C22H14FN5O3S
F0473-0322,C24H24N2O5S
F1808-0126,C26H29N3O5
F6548-4734,C25H24N4O4S
F0539-2139,C24H32N4O3S2
