# All user editable compound information in the PCDL Manager compounds tab can be imported
# A minimum of formula or mass plus one identifier must be populated for compound import (recommended is formula and at least one other identifier, see examples)
# Multiple synonyms can be entered into the Synonyms column when separated by ';' (e.g. L-Isoleucine; 2-Amino-3-methylvaleric acid)
# All compounds will be assumed to be of a neutral ion type, unless a 1 is entered in the Cation or Anion column
Name,Formula
F2189-0086,C11H12BrNO
F6559-1621,C11H16FN3OS
F1906-0092,C7H14F3N3O2S
F6525-0263,C13H20N4O2
F5325-0108,C14H16N6
F5860-2313,C13H12N4OS
F5857-6842,C15H17NO2S
F5831-2216,C14H15ClN2O2
F6739-7733,C16H15N3O2
F6564-3365,C15H16N4O2
F3386-2604,C10H10ClN3O3S
F5141-0153,C10H15N3O3S2
F5772-8874,C14H17N3O2S
F6667-1140,C12H8BrFN2O
F6724-3452,C17H16N2O3
F6372-0201,C15H14N4O3
F6416-7467,C16H16N2O4
F6473-7724,C16H18N2O4
F6752-7861,C16H24N4O2
F6559-1495,C15H15F2N3O2
F5860-1595,C20H23NO2
F6681-9380,C19H25N3O
F6558-0376,C18H23N3O2
F6502-6427,C16H21N5O2
F6722-3283,C17H23N3OS
F0821-0261,C17H21NO5
F6436-3308,C15H19N3O3S
F1872-0915,C14H17N3O4S
F5857-8036,C13H12BrNO2S
F6516-1016,C18H18N2O4
F6808-5226,C18H25N5O
F6481-2335,C17H19N3O2S
F2493-3142,C15H13N3O2S2
F6031-2377,C16H20N4O4
F6037-0206,C18H14N4OS
F6495-4314,C17H17N7O
F2543-0109,C15H10F3N3OS
F6436-3283,C19H18N2O2S
F6252-5769,C17H17N5O3
F6619-7724,C16H17FN8
F6788-1239,C19H27N5O
F5659-1691,C17H14FN3O2S
F6171-0127,C18H20N2O3S
F6564-8190,C18H20FN3O3
F6178-7525,C20H30N2OS
F5190-0566,C17H17FN2O3S
F6482-5850,C20H19N3OS
F6516-0728,C14H10BrNO3S
F5876-0089,C20H20N2O4
F6442-0044,C15H15FN2O5S
F6793-6816,C17H20F3N3O2
F6573-1627,C17H16FN5OS
F6481-4602,C12H16F3NO2S3
F6679-0262,C22H24N4O
F5882-5617,C22H22N2O3
F6680-8649,C18H21FN2O3S
F6689-3302,C19H23N7O
F6725-1172,C18H20F3N3S
F6381-3396,C19H15NO5S
F6523-0986,C19H22N4O4
F6522-0515,C19H20N2O4S
F6279-0593,C21H31N3O3
F6791-7528,C17H21N5O3S
F2696-0567,C18H20ClN3O2S
F2227-0920,C21H22N4O3
F6443-8186,C19H16N4O3S
F6727-8302,C20H20FN5O2
F2508-0048,C19H12F3N5O
F6562-6003,C22H28N2O2S
F2669-0129,C20H22N2O4S
F6570-2761,C24H25N3O2
F6445-6868,C22H19N3O2S
F6559-1296,C19H26N4O3S
F5259-0073,C20H16N4OS2
F6786-6507,C21H20FN5O2
F5330-0084,C21H18ClN3OS
F6619-6078,C20H24N6OS
F6363-0799,C19H19ClN6O2
F6510-2878,C16H15F3N4O3S
F3406-6948,C19H22N4O4S
F0917-2359,C21H28N2O4S
F6559-0549,C18H15Cl2N3O2S
F6507-1711,C18H23N3O4S2
F5033-3272,C22H25N3O5
F6549-2590,C20H22N4O4S
F6237-3090,C16H9F6N5O2
F5615-0334,C24H25N3O2S
F3407-2975,C22H19FN4O4
F6510-1468,C19H18F3N3O3S
F5686-0022,C18H19F3N4O3S
F0653-0054,C20H16F3N5OS
F6469-1422,C23H19FN4O2S
F3406-1780,C20H19ClF3N5O
F3406-4365,C23H22ClFN4O2
F2060-0116,C22H25N3O5S
F3226-0984,C25H22N2O6
F6454-2535,C25H31N5O3
F3398-3487,C21H24FN5O2S2
F0920-2153,C20H12BrClN2O3S
F0508-5037,C21H16BrFN4O2S
