# All user editable compound information in the PCDL Manager compounds tab can be imported
# A minimum of formula or mass plus one identifier must be populated for compound import (recommended is formula and at least one other identifier, see examples)
# Multiple synonyms can be entered into the Synonyms column when separated by ';' (e.g. L-Isoleucine; 2-Amino-3-methylvaleric acid)
# All compounds will be assumed to be of a neutral ion type, unless a 1 is entered in the Cation or Anion column
Name,Formula
F0465-0011,C12H14N2O4
F6521-9522,C12H17NO3S
F6660-4498,C13H13N3O3
F6210-0078,C15H22N2O2
F5599-0238,C12H18N4O3
F6788-7863,C11H18N4O2S
F0708-0483,C16H19NO3
F6561-2645,C15H20N2O3
F6473-3862,C14H21N3O3
F6617-3592,C14H9N3O4
F6677-0971,C16H23N5
F6523-1649,C15H21N5O
F6573-8247,C13H11FN4O3
F5857-6353,C15H20N2O4
F3229-0147,C16H13N3O3
F6359-1780,C16H15N3O3
F3114-0057,C17H17NO4
F3099-7536,C16H19N3OS
F6488-1032,C14H17N5O3
F5685-0115,C13H14N4O3S
F6806-8307,C14H20N4O4
F6110-2275,C17H34N4O
F6675-8177,C17H24N6
F6439-7224,C16H22N6O
F6617-6599,C17H24N4O2
F6791-4875,C16H22N4OS
F2827-0106,C15H20N4O2S
F5857-0736,C16H16F2N2O3
F6480-1051,C14H16N2O3S2
F6448-1549,C17H19N5O2
F6516-0638,C18H17NO3S
F6562-5464,C17H20N4O3
F6518-4520,C17H18N2O3S
F6524-5434,C15H21N7O2
F6573-6445,C16H16F5NO
F6514-3113,C9H9ClF3NO3S2
F6573-9011,C19H16N2O4
F6474-3821,C19H19N3O3
F5854-3877,C21H26N2O2
F6760-4662,C14H12N8OS
F6524-4805,C16H15N5O4
F0894-0180,C19H22N2O2S
F6436-3957,C18H21N3O4
F6554-0488,C13H16ClN3O2S2
F6563-0435,C17H18N2O4S
F5597-0206,C17H21N3O3S
F6773-4180,C19H20N6O
F1799-0236,C16H19BrN2O2
F5005-0010,C17H25N3O3S
F6680-3381,C15H14F3N5O2
F6523-0644,C20H26N4O2
F2879-3983,C17H19F3N2O3
F6726-1871,C14H19ClN4O3S
F6178-4106,C23H25N3O
F6808-5371,C18H24ClN5O
F5267-0453,C19H22FNO3S
F6549-7722,C16H17Cl2N5O
F6812-1717,C19H22N6S
F6374-3557,C17H21FN2O2S2
F6708-9864,C19H23N5O3
F3284-8591,C19H21N3O3S
F5004-0035,C17H15N3O5S
F6443-8092,C20H26N2O3S
F6523-3340,C18H21ClN4O3
F6619-6164,C19H31N5O3
F5040-0252,C20H18ClN5O
F3053-0524,C23H28N2O3
F6515-0146,C21H22N2O3S
F0909-0372,C25H37NO2
F6514-6711,C22H19N5O2
F6359-3167,C16H16F3N3O3S
F6125-2119,C19H21FN4O4
F6480-0618,C18H19BrN2O3
F6036-1437,C17H21N5O4S
F6529-6353,C19H28N4O5
F2269-0275,C25H18N2O3
F6606-1787,C23H26FN3O2
F6571-0923,C21H23N3O3S
F5832-9268,C20H18FN3O3S
F6523-1157,C19H20ClN5OS
F6656-1218,C21H23ClFN3O2
F6562-0676,C24H27N3OS
F6372-0167,C21H17ClN4O3
F6279-0579,C20H21F3N2O4
F5042-0531,C18H16BrN5O2
F6726-4649,C20H22FN5O4
F6441-7933,C17H26N2O6S2
F6418-0180,C20H20ClNO3S2
F5596-0428,C23H25N3O5
F5009-0227,C21H26N6O4
F5607-0103,C23H23N7O2
F2758-0930,C21H28N4O4S
F3406-9811,C22H25N7O3
F5528-1376,C27H26N4O2
F6510-3556,C16H15FN4O6S2
F6671-3457,C17H19BrF3N5O
F6512-7286,C16H21ClN4O5S2
F3394-0219,C24H25NO6S
F5535-0025,C24H25N3O5S
F3222-3094,C25H26ClN5O3
