# All user editable compound information in the PCDL Manager compounds tab can be imported
# A minimum of formula or mass plus one identifier must be populated for compound import (recommended is formula and at least one other identifier, see examples)
# Multiple synonyms can be entered into the Synonyms column when separated by ';' (e.g. L-Isoleucine; 2-Amino-3-methylvaleric acid)
# All compounds will be assumed to be of a neutral ion type, unless a 1 is entered in the Cation or Anion column
Name,Formula
F6089-9813,C13H20N2O3
F3257-0112,C14H12ClN3
F3208-0006,C16H24N2O
F0804-0412,C16H16N4
F3083-0388,C13H20N2O2S
F6660-3508,C14H12N2O2S
F5263-0597,C15H14FNOS
F5831-9895,C13H14N2OS2
F6609-8215,C17H15NO3
F6782-7513,C16H16N2O3
F6752-2321,C16H22N4O
F6608-0573,C11H13BrFNO2
F6522-0226,C15H17NO3S
F1911-8436,C15H23N3O3
F5657-0052,C18H16O4
F6473-6886,C13H18N2O4S
F5860-3519,C15H16N4OS
F6773-2811,C15H18N4OS
F6813-7790,C16H21FN4O
F3111-1488,C16H18FNO2S
F6502-5936,C17H19N5O
F6492-0309,C17H21N5O
F6564-5302,C15H19N7O
F6485-0217,C17H21N3O3
F6573-4818,C20H19N3O
F0840-0216,C18H22ClNO2
F5835-0303,C18H15N3O3
F3215-0159,C16H13N5OS
F5017-0003,C17H28N2O2S
F6724-3040,C17H18N4OS
F6752-6367,C15H23F2N5O
F6673-9248,C15H16ClN7
F5857-8491,C13H14ClNO3S2
F6744-5946,C17H21ClN4O
F6481-4053,C16H18N2O2S2
F6752-2046,C15H21N5O2S
F6808-9756,C14H16BrN3S
F5837-0062,C19H15FN2O3
F6507-5532,C15H21N3O4S
F0679-0677,C18H20N4O3
F6619-7443,C17H23N7O
F5228-1681,C17H14ClN3O3
F6507-5616,C15H21ClN2O5
F6443-5239,C19H23NO3S
F6514-7056,C18H26N4OS
F0305-0020,C21H16O3S
F6381-0154,C17H20ClN3O3
F6788-1795,C18H22N8
F0918-7025,C19H20N4OS
F6415-0889,C18H14N2O2S2
F6734-0775,C20H22ClN3O
F6774-4144,C17H16ClN5O2
F1358-0127,C14H11Cl2NO4S
F6783-8165,C17H21FN6O2
F6756-2626,C19H18N6O2
F6416-8840,C18H21ClN2O4
F6448-1046,C20H23N5O2
F6523-0580,C16H16F3N5O2
F6525-4583,C18H16BrN3O
F6178-6544,C20H22N2O5
F6524-2329,C18H17FN4O2S
F6812-1903,C21H23N7
F6204-0940,C20H25NO2S2
F2889-0325,C19H20ClNO3S
F6472-0608,C19H26N2O4S
F2095-0383,C20H16N2O4S
F5822-2213,C21H23N3O2S
F6519-7328,C18H17N5OS2
F6475-2490,C20H24N4O4
F6497-0237,C19H19FN4O2S
F6245-5977,C17H24F3N5O2
F3124-1057,C18H17ClFN5O2
F6561-0681,C22H22N4O3
F3406-8963,C18H17ClN2O4S
F6515-0310,C22H23N3O2S
F6734-1285,C19H18BrN5
F2621-0285,C22H24N2O5
F6036-0379,C20H19ClN4O3
F5832-2620,C17H21ClN2O3S2
F2232-0024,C20H17F3N4O2
F6619-7505,C18H24N6O3S
F3395-0227,C24H30N4O2
F6529-0460,C19H21ClFN3O2S
F6560-0857,C22H25N3O3S
F6529-4175,C14H21F3N4O5S
F5823-1006,C15H20BrN3O2S2
F5097-1431,C20H25N3O5S
F5581-0188,C22H22N4OS2
F3382-1976,C21H16FN3O4S
F3007-0174,C21H20N2O4S2
F2255-1114,C21H19Cl2N3O3
F6523-0126,C17H18F4N4O3S
F6252-1641,C22H17ClFN5O2
F2019-1328,C22H21FN4O3S
F2604-0454,C21H26BrN5O
F6089-1853,C23H19FN6OS
F6523-2094,C25H27N3O5
F3371-0821,C27H28N2O5
F0885-0069,C23H27N3O6S
F0920-6015,C26H23N5O5
