# All user editable compound information in the PCDL Manager compounds tab can be imported
# A minimum of formula or mass plus one identifier must be populated for compound import (recommended is formula and at least one other identifier, see examples)
# Multiple synonyms can be entered into the Synonyms column when separated by ';' (e.g. L-Isoleucine; 2-Amino-3-methylvaleric acid)
# All compounds will be assumed to be of a neutral ion type, unless a 1 is entered in the Cation or Anion column
Name,Formula
F6616-3206,C14H14N4O
F6512-0873,C14H18N4O
F6125-1274,C13H14N2O4
F6667-1831,C12H11FN2O2S
F6215-0265,C11H11ClN2O2S
F6730-0952,C14H15N3OS
F3244-0162,C16H12N4O
F6561-8391,C13H14FN3O3
F6791-6561,C14H14N6O
F6609-0185,C17H19NOS
F6489-0844,C14H17N5O2
F8890-1013,C15H19N3O3
F6507-5743,C15H17ClN2O2
F6713-4529,C18H22N4
F5303-4985,C12H15N3O2S2
F0636-0067,C15H13N3O2S
F6773-2800,C15H15N3O2S
F6171-0017,C16H17NO3S
F2740-0567,C19H19N3O
F6799-8656,C13H16N4O3S
F5095-0123,C17H18N4O2
F6476-0358,C18H20N2O3
F6488-1483,C16H18N4O3
F6752-3618,C16H20N4OS
F6476-5526,C17H16F2N2O2
F6799-8547,C14H11F3N6
F6514-3050,C13H14ClF3N2O2
F6561-4848,C19H21N3O2
F6754-7709,C18H19N3OS
F2395-0264,C14H14ClNO2S2
F2370-0872,C18H20N2O2S
F6597-0864,C19H27N3O2
F6571-2307,C16H20F3NO3
F6218-0039,C15H10F3N5O
F6494-4773,C18H18N6O
F6494-0166,C15H14ClFN4O2
F6482-7969,C19H16FN3O2
F6708-8612,C18H21F3N2O
F6240-4812,C20H25N3O2
F6441-4330,C16H20ClNO3S
F2487-0204,C18H18N2O5
F6125-2010,C18H18FN3O3
F5791-2693,C19H24N2O4
F2806-0127,C16H14N2O3S2
F2879-3817,C17H18FN3O2S
F6573-8869,C21H20N2O3
F6400-1548,C18H27N3O2S
F6573-2676,C17H22ClN3O3
F0594-0601,C15H16ClN3O3S
F6360-9161,C20H22N2O4
F6560-5825,C18H17ClN4O2
F6668-2946,C20H27N3O3
F6760-4635,C19H17N7O
F5033-8093,C18H20FN3O2S
F2984-0551,C18H21NO3S2
F6263-0111,C23H28N2O2
F6761-7454,C17H17F3N4O2
F6550-4845,C13H13BrN4O2S
F6573-7310,C20H23N3O2S
F6037-0349,C18H17N3O4S
F5033-0900,C21H28N2O2S
F5230-1613,C21H18N4O3
F6764-4759,C20H16N4O2S
F6734-2479,C21H23N5S
F6793-7434,C14H16F3N3O4S
F6178-4375,C21H24N4OS
F5095-0229,C17H20Cl2N4O2
F2271-0322,C21H25N3O2S
F6416-9293,C17H24ClN3O3S
F6513-2000,C21H30N4O3
F3266-0460,C20H21FN2O3S
F6764-1782,C22H23N5O2
F2701-1260,C21H17N3O3S
F2482-0241,C20H20N6O3
F2506-0925,C20H15FN4O2S
F2874-0112,C25H21N3O2
F2368-2236,C20H19N3O4S
F1773-0311,C16H18BrNO4S
F5782-0008,C22H32N4O3
F6253-3618,C20H21NO4S2
F6529-0467,C19H23N3O5S
F6617-4393,C22H25N5O3
F3382-6577,C19H17F3N2O3S
F6619-5183,C18H20F4N6O
F2267-0023,C20H21N3O3S2
F6678-9466,C26H31N3O2
F5604-0029,C24H25ClN4O
F2638-0221,C23H16F3N3O2
F6514-2300,C21H22ClF3N2O2
F5028-0163,C20H22F3NO4S
F5854-2856,C21H24N2O4S2
F6510-3780,C23H21N3O4S
F6475-6862,C20H21F3N4O2S
F6529-2752,C22H23N3O5S
F0556-0682,C26H24N2O5
F2574-0260,C22H26FN3O4S
F6245-5351,C21H26F3N5O3
F5753-0226,C22H22F3N3O3S
F3398-4572,C26H28FN5OS
