# All user editable compound information in the PCDL Manager compounds tab can be imported
# A minimum of formula or mass plus one identifier must be populated for compound import (recommended is formula and at least one other identifier, see examples)
# Multiple synonyms can be entered into the Synonyms column when separated by ';' (e.g. L-Isoleucine; 2-Amino-3-methylvaleric acid)
# All compounds will be assumed to be of a neutral ion type, unless a 1 is entered in the Cation or Anion column
Name,Formula
F6665-7973,C11H7ClFN3O
F6548-0663,C15H17N3O
F2184-0189,C14H17N3O2
F6724-1894,C13H14ClN3O
F1512-0049,C12H13NO2S2
F2173-1155,C17H22N2O
F6244-1031,C16H23N3O
F6184-0411,C14H15NOS2
F8890-1292,C16H12N2O3
F6514-6428,C14H13N5O2
F3320-0882,C16H15ClN2O
F6725-1661,C12H12N6OS
F3223-0004,C17H14N4O
F0909-0063,C11H8BrN3S
F0030-0072,C17H17N3O2
F6471-5304,C14H15N7O
F6604-7779,C13H21N3O3S
F6610-2910,C16H19N3O3
F6395-4021,C18H25NO3
F6549-6704,C14H18N4O2S
F3097-6033,C15H13Cl2NO2
F6238-0175,C15H13N5OS
F6720-2460,C15H14F3NOS
F5856-0201,C14H13N5O2S
F6773-2812,C15H15N3OS2
F5033-2535,C17H26N4O2
F6681-9699,C19H20N4O
F6555-0584,C18H18N4O2
F5659-1694,C17H13FN4O2
F6443-1493,C19H23N3O2
F6261-1884,C16H17N5OS
F5823-0421,C18H24N4O2
F6739-8270,C16H18N4O2S
F2414-0045,C16H13ClN2O2S
F6562-8204,C21H19NO3
F6609-3693,C17H15ClFNO3
F0575-0009,C20H20N2OS
F5832-5615,C17H24ClN3O2
F6518-2272,C16H15ClFNO2S
F6424-0616,C17H16N4O2S
F6560-1392,C15H15N7O3
F6355-0194,C19H22N2O4
F6436-0910,C19H25N3OS
F6218-0125,C16H13ClFN5O
F6480-6738,C17H19ClN4O2
F6514-2539,C18H19F2N3O2
F6724-4424,C14H12BrN3OS
F6244-0913,C17H23BrN2O
F3386-2883,C21H25N3O2
F6734-1442,C16H15F4N5
F6574-0707,C15H15ClFN3O2S
F6687-7029,C20H24N2O2S
F6556-0291,C16H23ClN2O3S
F6414-4044,C18H17ClN2O2S
F6549-3615,C10H11BrN4O2S2
F3277-0025,C21H21N3O3
F6445-3496,C16H14F3N5O2
F6456-0695,C18H22N8O
F6359-4286,C19H20N4O2S
F6252-4695,C15H10ClF3N4O2
F2334-0064,C18H21N5O4
F6525-6454,C19H20ClN3OS
F6795-3630,C22H26N6
F6559-7812,C18H24N4O3S
F6557-2033,C18H19ClN2O3S
F1316-0152,C20H21N5OS
F6495-9328,C19H16BrN3O
F6241-0200,C21H22N2O5
F2493-1956,C20H17ClN2O4
F5831-8407,C21H24FN3O3
F6451-2830,C20H19ClFN3O2
F6559-2603,C20H20N8O
F6571-0203,C20H20ClFN2OS
F6178-3562,C20H20F3N3O2
F6412-1379,C19H17Cl2NO4
F3358-0048,C21H22N4O2S
F5092-0183,C18H15F3N2OS2
F5033-7099,C18H27N3O5S
F5646-0012,C20H21N3O4S
F6441-0182,C19H28ClNO4S
F6374-1434,C21H29N3OS2
F6753-1191,C17H19BrN4O3
F5686-0913,C22H21FN4OS
F3270-2146,C21H23FN6O2
F6286-0877,C19H19F4N3OS
F2750-0076,C17H12F4N2O4S
F6529-2132,C23H22N4O4
F6480-4649,C23H20ClN3O3
F2744-0188,C20H13ClF4N2O2
F6482-7650,C21H21N3O3S2
F2898-5130,C21H19ClN2O4S
F2609-1612,C20H20ClN3O2S2
F5499-0002,C19H21FN4O3S2
F6557-1290,C21H23ClFNO4S
F5089-1329,C22H23ClN4O2S
F2964-2330,C25H23N3O3S
F6374-1692,C22H28N2O4S2
F2595-0061,C24H28N2O7
F0528-0933,C25H32N4O3S
F2019-1586,C21H21Cl2N3O4S
