# All user editable compound information in the PCDL Manager compounds tab can be imported
# A minimum of formula or mass plus one identifier must be populated for compound import (recommended is formula and at least one other identifier, see examples)
# Multiple synonyms can be entered into the Synonyms column when separated by ';' (e.g. L-Isoleucine; 2-Amino-3-methylvaleric acid)
# All compounds will be assumed to be of a neutral ion type, unless a 1 is entered in the Cation or Anion column
Name,Formula
F1909-1771,C13H20N4
F5754-0128,C15H18N4
F2158-2019,C8H9N3O3S2
F6438-6463,C14H15FN2O2
F6755-3365,C13H15ClN2O2
F5490-1238,C11H9F3N4O
F3229-0146,C14H15N3O3
F6549-3979,C13H16N4OS
F6773-3052,C12H17N5OS
F6222-0104,C16H18N4O
F5937-0036,C16H19N3O2
F6797-2909,C16H18FN3O
F6672-1709,C19H19N3
F5937-0212,C15H17FN2OS
F6284-0144,C13H11Cl2N3O
F5831-2030,C14H16FNO3S
F6218-0137,C14H13N5OS
F6789-0626,C16H16ClN3O
F2135-1676,C15H17N3O2S
F5773-4539,C16H23N3O3
F3367-0012,C18H16N2O3
F6753-3446,C14H22N4O2S
F5860-1666,C17H20N4O2
F6550-4625,C15H18N6O2
F6619-6315,C15H20N6S
F2135-1609,C14H18N6OS
F5857-0290,C16H17FN2O4
F5526-0757,C16H16ClFN2O2
F6199-0017,C18H21N5O
F6435-3308,C19H19NO4
F3375-2773,C18H14ClNO3
F9995-0144,C20H16N4O
F1915-2657,C16H15BrN2O
F5860-1957,C15H20F3N3O2
F2004-0017,C16H19N3OS2
F6793-6285,C18H23FN2O3
F6520-0582,C19H16N2O2S
F6549-5651,C16H20FN3O2S
F5882-3032,C19H22N4O2
F2684-0100,C15H14Cl2N2OS
F5949-0098,C16H15N5O2S
F6439-1532,C15H17F3N4O2
F6668-2934,C18H21N3O2S
F6803-0217,C18H24N4O3
F6530-6171,C15H14N4O4S
F6416-7537,C18H18FNO5
F5652-1135,C20H20N4O2
F6795-3532,C19H23N7
F6275-0165,C19H20F3NO2
F0453-0500,C16H17ClFN3OS
F5832-5083,C19H22N4O3
F6454-0755,C17H19F3N2OS
F6782-7220,C14H12Cl2N2O3S
F6608-2270,C19H22FN3O3
F6840-1728,C21H19N3O3
F6574-0612,C17H21N3O2S2
F5496-0460,C15H16BrN3OS
F5854-0658,C21H22N2O2S
F6274-0393,C19H13FN2O3S
F6609-5968,C19H20FN5O2
F6524-6685,C17H17N5O3S
F6619-7486,C19H28N6O2
F6502-9304,C18H22N4O3S
F6436-1328,C18H20N2O5S
F5261-0238,C19H27N3O3S
F1897-0438,C20H17N3O3S
F6441-3424,C19H28N2O4S
F2501-0686,C19H18N4O3S
F6258-1204,C21H25N3O4
F6374-1618,C21H23NO4S
F6619-5602,C14H13BrF3N5
F1094-0107,C23H20N2O4
F6512-2827,C24H27N3O2
F6764-3362,C20H17N5O2S
F5870-0423,C23H24N2O4
F6502-5341,C18H17F3N4OS
F6521-3782,C23H25NO5
F6466-0268,C19H19N5O3S
F0748-0269,C18H14FN5OS2
F6619-5730,C15H15BrF3N5
F1224-0037,C21H26BrNO2
F5123-0224,C18H18F3N7O
F6559-2354,C13H12BrF3N4OS
F3131-0001,C19H20F2N2O4S
F5033-5453,C23H28N2O3S
F3375-3059,C20H16F3N5O2
F5095-0798,C20H17Cl2FN4O
F3406-0350,C20H28N4O4S
F5265-0389,C20H26ClN3O3S
F6497-0559,C22H23ClN4O3
F5016-1701,C22H24ClN3O4
F6570-2725,C24H21FN4OS
F6252-6539,C20H20F3N5O3
F6565-2790,C20H21F3N4O4
F3394-0834,C24H25F2N3OS
F0556-0527,C27H25FN2O3
F8890-1972,C25H25N3O5
F3411-2990,C26H22N4O2S
F2267-0531,C18H18ClF3N2O3S2
F3411-5995,C25H22N2O6S
