# All user editable compound information in the PCDL Manager compounds tab can be imported
# A minimum of formula or mass plus one identifier must be populated for compound import (recommended is formula and at least one other identifier, see examples)
# Multiple synonyms can be entered into the Synonyms column when separated by ';' (e.g. L-Isoleucine; 2-Amino-3-methylvaleric acid)
# All compounds will be assumed to be of a neutral ion type, unless a 1 is entered in the Cation or Anion column
Name,Formula
F6617-2081,C12H11ClFN3
F6550-2911,C17H21NO
F6541-0218,C16H21NO2
F0239-0407,C14H17NO2S
F6662-1406,C14H12F3NO
F6512-0638,C14H10ClN3O
F0646-4103,C14H11FN2OS
F6507-7764,C14H15NO3S
F6125-2666,C13H16N2O3S
F6816-2740,C15H14FN5
F2145-0392,C12H18N2O4S
F5857-6515,C15H16N2O2S
F6745-0548,C14H18N4OS
F6522-0742,C14H15NO2S2
F6452-0236,C14H18FN3O3
F6573-4925,C17H19N3O2
F6436-3106,C15H17N5O2
F6806-8299,C15H19N5O2
F1804-0019,C11H13ClN2O2S2
F6672-1352,C14H19ClN6
F6554-9004,C14H15NO5S
F6416-6551,C18H17NO2S
F5382-0022,C16H15N3O2S
F2496-2576,C17H14FNO4
F6089-3653,C15H15N3O3S
F0347-2348,C15H14BrNO2
F5033-3041,C17H24N2O4
F6802-8068,C15H22N4O2S
F6753-5002,C14H20N4OS2
F6619-3986,C17H23N7
F6349-0191,C17H17N3O4
F2444-0196,C18H24N4O2
F6760-4674,C18H14N6O
F2493-1234,C16H13FN2O3S
F2348-0228,C20H19N3O2
F6516-0647,C17H12F3NO3
F6525-1888,C14H20N6O2S
F6783-6359,C19H20FN5
F3386-1297,C16H18ClNO3S
F6525-2611,C18H17ClN4O
F6445-6107,C19H20ClN3O
F6612-0015,C18H22N4O3
F6743-7967,C17H24F3N3O
F6523-3352,C17H16ClN3O3
F2271-0045,C19H20ClFN2O
F6619-7435,C15H21N7OS
F6738-2218,C16H13Cl2N3O2
F6608-2537,C15H13F3N6O
F6619-5358,C19H25N7
F1878-0817,C18H19N5OS
F0594-0244,C18H14FN3O2S
F6658-5849,C19H21FN4O2
F6764-3290,C21H18N4S
F6200-2448,C16H13F5N2O2
F0020-1041,C17H15ClN2O3S
F6806-7029,C18H25N3O3S
F6497-0359,C17H20FN3O3S
F6709-5531,C21H26N4O2
F6481-1158,C21H21FN2OS
F6439-5682,C15H13F3N4O2S
F6000-0008,C20H25N3O2S
F6471-3608,C18H19N3O4S
F3083-0130,C13H18BrN3O3S
F6064-0865,C20H20N6O2
F6414-0984,C18H19ClN2O5
F2516-0388,C21H21N3O4
F6523-2368,C18H15N5OS2
F6561-6987,C19H22N6OS
F6475-1518,C19H17ClN4O3
F6729-7553,C20H24FN5O2
F5644-0029,C20H16F3N3O2
F6726-4297,C22H21FN6
F3225-6744,C22H18N2O3S
F6619-7958,C20H21N7S
F6225-1038,C18H17ClFN3O2S
F6175-0749,C20H22N6OS
F5014-0327,C20H14ClFN4O2
F6785-6182,C20H23N5O4
F6502-0164,C19H21N5O3S
F6495-4060,C19H23N5O3S
F6471-0829,C23H25N5O2
F6562-0931,C21H18N4OS2
F6529-0704,C18H19F3N6O2
F1403-0005,C25H30O5
F6529-1217,C17H18F3N5O4
F6557-1456,C18H16F4N2O3S
F6619-4330,C19H26N6O3S
F6430-0847,C20H19N7O2S
F6253-5614,C19H21ClN2O5S
F5229-0065,C21H21N3O5S
F6468-0009,C23H18N4O3S
F5337-0398,C19H20ClN5O3S
F6523-0008,C19H19F3N6OS
F6727-2357,C20H18FN7O2S
F6764-5143,C20H24F2N2O5S
F2506-0695,C24H23N5O2S
F6523-0033,C21H20F4N6O
F6609-2770,C22H17ClFN3O3S
F2244-0440,C24H16ClN7O2
F5653-0069,C22H22F3N3O4S
