# All user editable compound information in the PCDL Manager compounds tab can be imported
# A minimum of formula or mass plus one identifier must be populated for compound import (recommended is formula and at least one other identifier, see examples)
# Multiple synonyms can be entered into the Synonyms column when separated by ';' (e.g. L-Isoleucine; 2-Amino-3-methylvaleric acid)
# All compounds will be assumed to be of a neutral ion type, unless a 1 is entered in the Cation or Anion column
Name,Formula
F3395-1955,C7H15N3O
F5971-0062,C12H18N2O4
F6384-0836,C16H22N2O
F1967-1312,C12H14N4O3
F5854-4640,C12H14N2O3S
F1967-1707,C15H11FN2S
F6662-9573,C15H16ClN3
F6512-1432,C13H16N4OS
F1155-0420,C15H15F2NO2
F6186-0082,C14H22N2O2S
F6561-4954,C17H19NO3
F6359-3055,C14H17N5O2
F6560-4130,C14H19N5O2
F6440-3393,C13H16N4O2S
F5871-1984,C11H10BrN3O2
F6559-1470,C13H13F2N3OS
F0774-0009,C13H17NO5S
F6554-8705,C12H19N3O2S2
F6681-3494,C15H17N3O2S
F6796-1022,C18H19N5
F5479-0036,C14H14F2N4O2
F6108-0142,C16H23ClN2O2
F6125-3018,C15H24N2O3S
F6481-2594,C18H22N2OS
F5857-9279,C17H20N2O4
F5791-1337,C17H14N6O
F6573-5236,C17H15F3N2O
F6436-3237,C15H18N2O2S2
F6507-1153,C17H25NO5
F6432-0445,C15H15N7O2
F9995-4281,C13H9ClF3N5
F6559-7783,C13H15F3N6O
F6244-0332,C12H15BrN2O2S
F6773-4760,C16H21N5OS
F6515-0196,C19H15N3OS
F6564-2903,C16H22N4O4
F6465-0151,C16H17ClN2O4
F6570-2289,C19H19N3OS
F6806-5959,C17H26N2O3S
F3084-0117,C22H29NO2
F6574-1827,C16H15N5O2S
F5791-1711,C16H18N6OS
F6481-0379,C18H21N3O2S
F6436-0264,C18H24N4O3
F6774-4089,C13H13F3N4O2S
F2758-0189,C17H13N7O2
F6571-0223,C18H24N2O3S
F6788-2920,C20H23N5O
F0686-0194,C20H21N3OS
F6517-0214,C19H15NO4S
F6597-2618,C17H21F3N4O
F5791-3439,C18H17FN4OS
F5252-0193,C18H27N7O
F5652-0063,C22H21N3O2
F6783-7959,C17H17F2N5O2
F2449-0140,C17H18FN3O3S
F1161-0061,C15H12ClN3O2S2
F6512-6993,C16H22N4O4S
F2737-0645,C19H13ClN2O2S
F6573-9675,C22H19N5O
F6192-1146,C20H21NO2S2
F6057-0216,C20H28N4OS
F6806-6983,C18H22N4O3S
F2496-1731,C21H16N2O5
F6473-9228,C22H23N3O3
F6287-0511,C18H16F3N3OS
F2862-0284,C22H24N2O4
F6443-9531,C17H17F3N4OS
F3358-0303,C20H25N5OS
F5570-0776,C16H23N3O6S
F6481-4540,C16H18ClNO2S3
F6518-5745,C22H20N4OS
F6670-6041,C21H23N7O
F6796-8710,C18H16F3N5S
F6439-0857,C22H24N4OS
F6481-3639,C18H22N2O4S2
F6519-7421,C22H25N3O2S
F6660-0491,C21H20ClN3O3
F6441-2761,C18H16ClF2NO3S
F6574-1669,C18H16BrN3OS
F6523-3829,C18H18ClN5O4
F6525-4981,C18H23N5O4S
F6442-6646,C21H33N3O5
F2040-0103,C22H19ClN2O4
F5298-2349,C21H24N4O5
F6480-3394,C18H20F3N3O3S
F6442-2834,C20H16ClFN2O3S
F6036-1870,C23H24N4O4
F6247-0690,C22H16F3N5O
F5854-1856,C26H22N2O2S
F3216-1326,C21H23N3O5S
F6549-8905,C21H24N2O6S
F3394-1188,C24H22FN3O2S
F5017-2798,C21H27FN2O3S2
F2756-1767,C23H27N3O2S2
F6166-0461,C25H24N4O4
F5281-0439,C24H25N5O2S
F3222-5656,C23H22N2O4S2
F3398-1850,C23H24FN7O3
F2671-0117,C25H22N2O4S2
