# All user editable compound information in the PCDL Manager compounds tab can be imported
# A minimum of formula or mass plus one identifier must be populated for compound import (recommended is formula and at least one other identifier, see examples)
# Multiple synonyms can be entered into the Synonyms column when separated by ';' (e.g. L-Isoleucine; 2-Amino-3-methylvaleric acid)
# All compounds will be assumed to be of a neutral ion type, unless a 1 is entered in the Cation or Anion column
Name,Formula
F1727-0225,C15H14N4
F3305-0586,C14H13N3O2
F6666-7697,C14H14FN3O
F6543-0342,C8H8BrF2N3
F6190-1445,C14H22N2O3
F2413-0171,C16H18N2O2
F6755-3686,C15H19N3O2
F6356-1266,C16H24N2O2
F5002-0615,C11H9BrN2O2
F6435-1626,C10H21NO4S2
F3358-0351,C13H10N4O2S
F6808-7045,C14H13BrN2
F6549-6324,C14H15ClN4O
F6556-0030,C16H21FN2O2
F6471-2701,C18H17NOS
F6793-8345,C15H20FNO2S
F6724-3106,C15H17N5S
F6517-3835,C17H19NO4
F5957-0124,C16H21N3OS
F6516-1617,C18H14N2O3
F6560-4249,C18H20N4O
F6435-2097,C13H11F2N3O2S
F2135-1592,C14H10F3NO2S
F2496-1997,C13H11Cl2NO4
F0147-0020,C15H12BrNO2
F6793-6889,C14H21F3N4O
F6789-0946,C19H17FN4
F6440-3412,C15H16F2N4O2
F1702-0123,C14H16N2O5S
F6752-3267,C14H23N5O2S
F3407-5043,C17H17N3O2S
F6573-1312,C16H20N6O2
F2539-0444,C17H18N2O3S
F5823-0869,C18H25N3O3
F6523-3181,C15H16FN5O3
F6524-1955,C14H14BrN3O2
F6550-5185,C16H15F3N4O
F6257-1881,C18H19N5O2
F6525-0186,C13H14BrN3OS
F3385-4481,C19H16O6
F1872-0931,C18H19N3O2S
F5788-0981,C18H19FN4O2
F5096-0036,C17H21N5O3
F6471-3692,C16H15N3O2S2
F5788-2977,C16H18N4O3S
F1038-0480,C19H17N5O2
F6656-2179,C21H24N4O
F5889-0172,C18H14N4O2S
F6448-1339,C19H21N5O2
F5860-4418,C19H19N3O2S
F6481-3645,C14H14BrNO3S
F6791-7968,C17H20N6OS
F5791-0466,C18H18N2O4S
F1813-0162,C16H13BrN2OS
F6514-2352,C22H23N3O2
F6786-7720,C16H21N5O3S
F6561-5491,C15H18F3NO4S
F2780-0755,C17H26N4O3S
F0575-0016,C20H20N2O3S
F6671-3021,C20H27N5O2
F6312-0165,C20H22ClN3O2
F6089-9671,C15H20ClN3O4S
F6783-8399,C19H23FN4O3
F2072-0210,C20H17FN6O
F6521-8245,C15H14ClF3N2O2S
F5857-2717,C23H22ClNO2
F6481-0353,C16H16BrNOS2
F6094-0610,C20H19FN4O3
F6810-4124,C19H17BrN2O2
F6446-1242,C19H23N5O2S
F2024-2114,C19H18ClN3O4
F6442-6830,C21H25FN2O2S
F6480-4470,C17H19BrN4O2
F6441-4483,C19H22FN3O3S
F5098-0147,C25H32N2O2
F6245-5718,C17H17F3N6O2
F5090-0405,C22H29N5O2
F6253-1663,C20H20FN5O3
F6524-4954,C17H17N7O3S
F6481-4420,C20H23N3O2S2
F6444-1922,C20H22FN3O5
F6713-1848,C22H27N7O
F5017-0867,C19H24N2O4S2
F6561-6994,C21H23ClN6O
F3398-1300,C20H16ClN3O5
F5624-0947,C20H25N5O5
F6523-0039,C19H17F3N6O2
F2515-1344,C22H16FN3O3S
F6496-4010,C23H26FN5O2
F2964-1400,C20H18BrN3OS
F6175-0154,C24H27N7O
F3398-1046,C24H25FN6O
F2898-4747,C18H17BrN2O4S
F6472-8271,C26H34N2O4
F6469-1163,C23H14F4N2OS
F3222-4266,C19H19F4N3O3S
F6658-2428,C19H21ClN6O3S
F5528-0714,C27H29N5O2
F8890-7290,C18H21BrN4O4S
F3398-0430,C23H20N4O6S
