# All user editable compound information in the PCDL Manager compounds tab can be imported
# A minimum of formula or mass plus one identifier must be populated for compound import (recommended is formula and at least one other identifier, see examples)
# Multiple synonyms can be entered into the Synonyms column when separated by ';' (e.g. L-Isoleucine; 2-Amino-3-methylvaleric acid)
# All compounds will be assumed to be of a neutral ion type, unless a 1 is entered in the Cation or Anion column
Name,Formula
F6544-1257,C12H17ClN4
F5083-0052,C13H8FN3O2
F6257-4274,C14H20N4O
F6356-0566,C13H16N2O4
F6541-3626,C16H16N2O2
F1917-5676,C13H25N3O3
F5526-0045,C15H14ClNO2
F6190-0118,C17H27NO2
F6416-8008,C14H13F2NO3
F6089-5597,C16H16N2OS
F6725-0295,C16H22N4O
F5857-5645,C17H24N2O2
F6554-4670,C13H13F4NO2
F5461-1123,C15H23N3OS
F6416-8412,C14H14F2N2O3
F6725-2298,C15H14N4OS
F6512-2046,C13H20N2O2S2
F6724-5662,C18H14N4O
F6660-0309,C20H20N2O
F6524-2017,C14H17N3O3S
F6031-1841,C15H23N3O2S
F6496-0942,C18H21N3O2
F6497-0716,C16H19N5O2
F6573-2907,C17H21N3O3
F5857-5371,C21H19NO2
F6822-2923,C14H17F4N3O
F5972-0086,C13H20FNO5S
F6194-1089,C16H18ClNO2S
F6813-8089,C19H21FN4
F6514-7660,C17H15FN4O2
F6549-5014,C19H22FN3O
F2982-0191,C18H19NO3S
F6549-6878,C19H26N2O3
F6476-7254,C18H18F2N2O2
F6442-1006,C12H18N2O5S2
F6495-3965,C18H17N5O2
F6561-3804,C19H32N2O3
F1143-1487,C18H15FN4S
F3023-0649,C18H17N3O4
F6725-1152,C17H20N6S
F6257-2600,C18H23N5O2
F6436-3133,C15H15F2NO4S
F2024-2217,C17H17ClN4O2
F6257-6196,C17H20ClN5O
F6488-2538,C16H22N6O3
F1358-0879,C17H17ClN2O2S
F6414-3616,C18H23NO2S2
F6727-5735,C19H22N6O
F6810-0500,C14H20N6O3S
F3293-0200,C14H15BrN2O2S
F6806-6247,C16H22FN3O3S
F5773-3948,C18H19N3OS2
F6619-5321,C18H26N6O2
F6503-4581,C18H24N4O2S
F6481-2632,C22H22N2OS
F2496-2324,C17H20N2O5S
F6401-0007,C18H27N3O3S
F2711-1134,C19H17N3O5
F6681-8881,C13H16BrN5OS
F6178-5854,C19H22N4O2S
F6506-2222,C19H20N2O2S2
F5308-0318,C20H27N3O2S
F6184-0192,C23H21NO2S
F6519-7319,C18H17ClFN3OS
F5027-0665,C20H21F3N2O2
F6523-3905,C19H13FN4O2S
F6438-2325,C17H18F3N5O2
F6506-0344,C17H15F2NO5S
F6472-2603,C21H25ClN4O
F8890-6084,C19H19ClN4O3
F6497-1323,C19H25N5O2S
F6439-5158,C19H20ClN3O2S
F6438-3645,C18H23FN6OS
F6520-0952,C18H14ClFN2O3S
F6606-4449,C18H21F2N5OS
F6805-5581,C16H19BrClN5
F6723-0996,C21H24N4O2S
F5098-0094,C24H18N2O2S
F3294-0039,C17H12ClF3N2O4
F6478-3476,C19H19FN4O3S
F6514-3837,C22H20N4O4
F3406-9846,C22H26N6O2
F6734-1246,C20H20BrN5
F5857-2855,C23H25NO4S
F2265-0417,C24H18N2O3S
F6764-1765,C24H28N6O
F2880-2768,C21H23ClFN3O3
F6609-5254,C20H23ClN2O4S
F6734-1203,C17H17BrFN3O2S
F2267-0616,C18H21ClN2O4S2
F3406-7625,C19H18BrN3O4
F6246-2672,C16H23ClN4O4S2
F2982-0553,C22H19N3O3S2
F2391-0828,C23H21FN2O4S
F6411-2901,C21H22ClN5O2S
F5330-0379,C21H23ClN4O3S
F5791-2100,C23H23N5O5
F3411-3401,C22H22ClFN4O4
F3407-1014,C22H24BrN3O2S
F6609-0522,C23H20FN3O4S2
