# All user editable compound information in the PCDL Manager compounds tab can be imported
# A minimum of formula or mass plus one identifier must be populated for compound import (recommended is formula and at least one other identifier, see examples)
# Multiple synonyms can be entered into the Synonyms column when separated by ';' (e.g. L-Isoleucine; 2-Amino-3-methylvaleric acid)
# All compounds will be assumed to be of a neutral ion type, unless a 1 is entered in the Cation or Anion column
Name,Formula
F0914-7227,C14H21NO3
F8886-8266,C16H16O3
F2135-1750,C14H16N2OS
F6619-9025,C11H9BrN2O
F6708-8586,C17H21N3
F6190-0727,C13H21NO3S
F6516-2025,C15H18N2O3
F6791-9574,C14H16FN3O2
F3386-2916,C18H20N2O
F6610-1754,C16H21N5
F6253-6734,C16H18N2O3
F0696-4051,C13H16N6O2
F6356-0380,C16H22N2O3
F6791-9245,C13H16FN5S
F6556-5743,C16H29N3O2
F6558-0109,C15H27N3O3
F1839-0071,C18H25N3O
F6212-0196,C14H11ClN4O2
F6775-2371,C15H17ClN4O
F6760-0055,C12H7Cl2N5O
F6503-4107,C14H19N3O3S
F6111-1644,C16H22ClNO3
F5882-0546,C12H19N5O3S
F6241-0278,C16H17N3O4
F5596-0747,C16H19N3O2S
F6752-5245,C13H16F3N3OS
F5493-0064,C15H16ClN3OS
F6554-0402,C16H26N4O3
F9994-0366,C18H17FN4O
F1899-2299,C16H14N4O2S
F6571-6161,C17H20F3NO2
F2135-0681,C17H15NO4S
F6561-5952,C17H22N4OS
F0817-0548,C20H16N2O3
F6752-5406,C18H27N3OS
F5493-0355,C16H18FN3O2S
F6743-6306,C16H24N4O2S
F5857-7197,C16H16Cl2N2O2
F1142-3547,C18H17N3O2S
F6525-5178,C18H17FN4O2
F6524-2554,C17H19N5O3
F5095-0093,C19H26N4O2
F1043-0617,C17H16N2O2S2
F6496-2176,C17H19N3O3S
F6523-1978,C17H22N4O2S
F6561-2992,C23H25NO2
F6480-4907,C15H16ClN5O3
F6560-5234,C19H18N4O3
F6524-5865,C14H11F3N6O2
F6812-6624,C19H20FN5O
F5072-4243,C17H17N5O2S
F2199-0393,C17H9ClFN3O3
F6573-0291,C20H18N6O
F6658-4745,C17H20N4O3S
F6609-3978,C18H19FN2O3S
F3366-5762,C17H14Cl2N2O3
F3162-0031,C19H19N5O3
F2579-0021,C18H14ClN5O2
F6619-7568,C17H20N8O2
F6223-0124,C18H18N4O3S
F1706-0150,C17H13BrN2O3
F6359-2777,C19H23N3O3S
F6680-3078,C18H18ClN3O4
F6363-0774,C21H24N6O
F6502-6521,C19H18N6OS
F6676-1404,C22H25N3O3
F6564-2804,C17H20FN3O4S
F5860-0308,C21H26N4O3
F5614-0152,C20H21ClN4O2
F2014-0366,C17H17F3N2OS2
F2604-0521,C19H22ClN5O2
F6442-2537,C15H16FNO6S2
F5857-4105,C20H23ClN2O4
F6515-1916,C23H25N3O3
F1897-1266,C21H19N3O3S
F5788-0625,C22H26N4O3
F2879-8048,C19H19F3N2O4
F6515-1036,C17H13F3N2O2S2
F6491-0390,C20H22FN5O3
F6454-2801,C16H23BrN2OS2
F6760-9504,C19H21ClN4O2S
F6178-6409,C19H23FN4O3S
F6200-3180,C24H28N2O4
F6363-0726,C17H16F3N5O2S
F6570-2653,C23H23N7O
F1873-2299,C20H24N4O4S
F0676-1162,C21H14FN5S2
F5855-0564,C24H27N3O4
F6502-6700,C22H24N4O3S
F6670-6520,C23H26FN3O2S
F6658-4215,C21H26N4O4S
F6435-7128,C23H28FNO4S
F3406-8002,C24H25FN4O3
F2697-0049,C23H29N5O4
F2672-0406,C23H27FN4O4
F6783-6742,C22H31N5O3S
F6411-2799,C23H19N3O3S2
F2506-1007,C25H26N6OS
F3167-0474,C20H20F3N3O3S2
F2202-0734,C21H17F4N3O4S
